# File generated by ImageToStl.com - Free Image and 3D model conversion tools

mtllib garrafa.mtl

o obj1
v 0.15418123 0.21965596 -0.02759573
v 0.15649983 0.21986046 6.5E-05
v 0.15689138 0.19785596 -0.01629959
v 0.15809652 0.19814834 -0.00021183
v 0.15531141 0.21965441 0.0170097
v 0.15682848 0.19846255 0.01767821
v 0.15312295 0.17439555 0.01842302
v 0.15551238 0.19724928 -0.02805386
v 0.15026973 0.1988584 -0.04778955
v 0.15379076 0.17075247 -0.00231412
v 0.15043046 0.17158476 -0.03047286
v 0.15119718 0.23644215 0.00108677
v 0.15042455 0.23464593 -0.01937057
v 0.15085684 0.2315672 0.02572232
v 0.15366791 0.21720321 0.03092321
v 0.15524331 0.19855222 0.02964313
v 0.15101007 0.17360108 0.03040559
v 0.14516918 0.23043939 -0.0488679
v 0.14870687 0.21944569 -0.04794493
v 0.14582832 0.24496585 -0.02707006
v 0.14815041 0.18343113 -0.04737241
v 0.14941886 -0.30182755 -0.01766306
v 0.14995989 -0.34040606 -0.01510301
v 0.14750886 -0.31020436 -0.0314239
v 0.1479225 -0.34918985 -0.02616568
v 0.14696786 0.14298153 -0.03091415
v 0.14934081 0.14327195 -0.01764425
v 0.14688267 0.09846762 -0.03065014
v 0.14915811 0.03023459 -0.01730696
v 0.14937344 0.00078036 -0.01695733
v 0.14698242 0.00142355 -0.03163626
v 0.14678185 0.02966059 -0.03164474
v 0.14930367 -0.05122413 -0.01729816
v 0.14722063 -0.04261974 -0.03019596
v 0.14941843 -0.07486273 -0.01589406
v 0.14694788 -0.08104998 -0.03035311
v 0.15034962 0.16512908 -0.01677226
v 0.14850879 0.16485466 -0.02838716
v 0.14875638 0.14718716 -0.01517017
v 0.14750747 -0.09501944 -0.0175126
v 0.14882445 -0.36422074 -0.01478383
v 0.14934689 -0.09002136 -0.001993
v 0.15007842 0.14924859 0.00072701
v 0.15101962 0.14254221 0.00062003
v 0.1501707 0.09867606 0.00063698
v 0.14917424 0.09018713 -0.01754698
v 0.15054204 0.05069423 0.0008437
v 0.14832634 -0.28025225 -0.01626888
v 0.14904007 -0.28174838 0.00066836
v 0.15000033 -0.29465055 0.00023179
v 0.15082552 -0.33187774 -0.00138936
v 0.15090014 0.00819383 3.319E-05
v 0.15070857 -0.04796271 8.224E-05
v 0.15027207 -0.07428074 0.00030859
v 0.1501127 -0.360443 -0.0003888
v 0.15174443 0.16475736 0.0014253
v 0.14747974 -0.27690309 -0.00076181
v 0.14813432 -0.38496172 0.0001798
v 0.14814301 0.09696203 0.02294219
v 0.14935772 0.0411872 0.01760584
v 0.1481854 -0.09022842 0.01835007
v 0.14663742 -0.10136622 0.01397905
v 0.14827988 -0.28833538 0.01798523
v 0.14846531 0.14742593 0.01828606
v 0.14969884 0.14293256 0.01628624
v 0.14974615 0.01339487 0.01646791
v 0.14952767 -0.02726907 0.01625976
v 0.14963494 -0.06726092 0.01553162
v 0.14963453 -0.3335737 0.01526659
v 0.14819841 -0.37228787 0.01746219
v 0.14910661 0.16465113 0.02674631
v 0.14600252 -0.08700456 0.03303074
v 0.14714323 -0.33412018 0.03046416
v 0.1473182 0.14270616 0.03048915
v 0.14724781 0.05714377 0.03063484
v 0.14709391 0.03120819 0.03304582
v 0.14717853 -0.01827533 0.03265423
v 0.14720924 -0.06081784 0.03012072
v 0.14682847 -0.36271134 0.02816778
v 0.14880712 0.21830156 0.04858004
v 0.14659192 0.17582597 0.04834945
v 0.14582787 0.22922523 0.04806572
v 0.15004437 0.19758353 0.04817432
v 0.1437372 0.19925971 0.06528696
v 0.14212854 0.22156173 -0.06510684
v 0.1438811 0.1994925 -0.06529342
v 0.14207363 0.18495801 -0.06443824
v 0.14291584 0.17142598 -0.05588811
v 0.14346161 0.16467629 -0.04694103
v 0.14253059 -0.29805067 -0.04819873
v 0.14260687 -0.32877064 -0.04890906
v 0.14160381 -0.34882864 -0.04879665
v 0.14568001 -0.36684471 -0.03125584
v 0.14627855 0.14761961 -0.03151332
v 0.14207241 0.14193302 -0.04848626
v 0.14169535 0.10327503 -0.04930128
v 0.14200492 0.07812411 -0.04954484
v 0.14238754 0.04536461 -0.0478553
v 0.14288306 -0.043866 -0.04679213
v 0.14665928 -0.28951749 -0.03210894
v 0.14241841 -0.06739629 -0.04753979
v 0.14637813 -0.27878422 -0.02716244
v 0.14228722 -0.26034898 -0.04188565
v 0.14640021 -0.26518229 -0.0200175
v 0.14499424 -0.09025972 -0.03594171
v 0.14131448 -0.11138599 -0.03252751
v 0.14472178 -0.24536298 -0.01799485
v 0.14635624 -0.39046392 -0.01358742
v 0.14205661 -0.39595321 -0.02998509
v 0.13890611 -0.12751919 -0.01608631
v 0.14353034 -0.40935469 -0.01267061
v 0.14635964 -0.10456191 -0.00220116
v 0.14272983 0.25672129 -0.00029179
v 0.14274867 -0.21718015 -0.01486153
v 0.14685963 -0.26023459 0.00149106
v 0.14283594 -0.21703844 -0.00155182
v 0.14330859 -0.42424423 0.00385989
v 0.14536674 -0.25386414 0.01563323
v 0.14498201 -0.4079206 0.01523377
v 0.14240526 -0.43112868 0.01435888
v 0.14572451 -0.28326151 0.02190897
v 0.14177257 0.25453413 0.02412195
v 0.14169414 -0.21960697 0.01556619
v 0.14362311 -0.26087829 0.03224326
v 0.14619949 0.1480545 0.03225259
v 0.14286478 -0.10669336 0.02895504
v 0.14565766 -0.29448411 0.03287772
v 0.14425212 -0.38580596 0.03150614
v 0.14060587 0.2453465 0.04511186
v 0.14324245 0.16426887 0.04833144
v 0.14260852 0.0993942 0.04708447
v 0.14143836 -0.30423027 0.04922415
v 0.14214841 -0.35390869 0.04639025
v 0.14272961 0.14196718 0.04699386
v 0.14378868 0.0148872 0.04490695
v 0.14278452 -0.03730268 0.04755765
v 0.14273572 -0.07425193 0.04635617
v 0.14271329 -0.33171576 0.04656182
v 0.14246772 0.05462851 0.04824543
v 0.14196452 0.2211311 0.06535852
v 0.14137487 0.17453562 0.06169046
v 0.14028071 -0.03592328 -0.05412054
v 0.13919263 -0.09041988 -0.05519928
v 0.14017273 -0.10174997 -0.04594389
v 0.13898148 0.25062856 -0.04373765
v 0.14188327 0.14726768 -0.04706074
v 0.14180292 -0.28985548 -0.04811852
v 0.13919626 -0.38005447 -0.04686399
v 0.13767734 -0.21546251 -0.04478094
v 0.14109199 -0.21616375 -0.0303958
v 0.14254761 -0.25094226 -0.03420655
v 0.13785401 0.26303321 -0.02397467
v 0.13731474 -0.42362148 -0.02475077
v 0.1391691 -0.12789659 -0.00158702
v 0.13967179 -0.20724998 0.00597268
v 0.13778532 -0.45203072 0.00326734
v 0.13844734 -0.12720385 0.0127847
v 0.13775419 -0.45361698 0.01575498
v 0.13748485 -0.21018457 0.02887408
v 0.13959973 -0.22020043 0.02833425
v 0.13913821 -0.4357225 0.02875028
v 0.13379076 0.27037567 0.02603395
v 0.14089121 -0.25022054 0.03934373
v 0.14247096 -0.29079458 0.03831536
v 0.14026822 -0.2624374 0.0477226
v 0.1402467 -0.37874851 0.04670265
v 0.13894691 -0.1057705 0.04514251
v 0.1402223 -0.25831667 0.04459702
v 0.138805 -0.2989856 0.05082925
v 0.14198756 0.14804527 0.04710549
v 0.1359589 -0.30464968 0.05944133
v 0.13797003 -0.08944337 0.05740105
v 0.13610974 0.24117337 0.06222118
v 0.13516337 0.14873661 0.06333406
v 0.13653246 0.09976847 0.06243167
v 0.1376313 0.06634483 0.06103559
v 0.14056292 0.02776513 0.05472959
v 0.13810515 0.00977838 0.06033542
v 0.13799201 -0.05183199 0.05974776
v 0.13711458 -0.25988403 0.05421625
v 0.13465548 0.22128896 -0.07895664
v 0.13595474 0.19963601 -0.07983809
v 0.13416779 0.18353045 -0.07866099
v 0.13263418 0.17093498 -0.07657068
v 0.13621038 0.16412055 -0.06479844
v 0.13454178 0.24689248 -0.060794
v 0.13555774 0.14332663 -0.06423316
v 0.13548741 0.14814149 -0.06317376
v 0.13569522 0.09808667 -0.06373022
v 0.13643111 0.05218602 -0.06236525
v 0.13602552 -0.00154132 -0.0639519
v 0.13614374 -0.0445989 -0.0635507
v 0.135427 -0.06450586 -0.06418391
v 0.13484974 -0.07774379 -0.06596696
v 0.13477743 -0.26105151 -0.06278384
v 0.13433455 -0.28807253 -0.06660232
v 0.13547204 -0.32130519 -0.06600303
v 0.13620514 -0.35044751 -0.06142169
v 0.13427128 -0.37542403 -0.05954509
v 0.13224624 -0.10858791 -0.06210926
v 0.13848999 -0.2522127 -0.04954341
v 0.13457063 -0.30759698 -0.066504
v 0.13477479 -0.11638079 -0.04969797
v 0.13741027 -0.22488467 -0.0471533
v 0.13778752 -0.23891653 -0.04895204
v 0.13394524 -0.19506744 -0.03681925
v 0.13483158 -0.40389672 -0.04576499
v 0.13689987 -0.12868673 -0.02673989
v 0.1388016 -0.16390234 -0.02471967
v 0.14073639 -0.16338065 -0.01384513
v 0.13556582 -0.17752643 -0.03402567
v 0.13648009 -0.1946134 -0.01926014
v 0.13810676 -0.155292 -0.02387911
v 0.13691899 -0.44218981 -0.01234807
v 0.1372377 -0.15263285 -0.00245928
v 0.14100325 -0.16359074 -0.0016209
v 0.13783929 -0.1955926 0.00322423
v 0.13655382 -0.14476413 -0.01172446
v 0.13732997 -0.14291924 0.01266445
v 0.13765939 -0.15969642 0.01465605
v 0.13916904 -0.16567992 0.01581056
v 0.13742878 -0.18341324 0.02075945
v 0.13705614 -0.12924023 0.01940731
v 0.13757651 -0.197392 0.01687316
v 0.13539992 -0.4533655 0.02818943
v 0.13412772 -0.12826532 0.03416412
v 0.13377841 -0.21473767 0.04578834
v 0.13476703 -0.43298554 0.0419561
v 0.13679622 -0.23346873 0.04710725
v 0.14247096 -0.29079458 0.03831536
v 0.1359589 -0.30464968 0.05944133
v 0.138805 -0.2989856 0.05082925
v 0.13515766 -0.26891428 0.06148322
v 0.1377552 0.16328111 0.06125345
v 0.13679405 0.14109775 0.06187324
v 0.13258637 -0.1028567 0.0640193
v 0.13458557 -0.32205817 0.06610736
v 0.13344343 -0.35168988 0.06661394
v 0.13379519 -0.37769511 0.06077667
v 0.13102049 0.17129843 0.07878937
v 0.13542333 0.22074983 0.07797671
v 0.13461733 0.18205754 0.07755111
v 0.13652559 0.19890647 0.0788779
v 0.12436005 0.25100347 -0.07608756
v 0.12760116 0.01275175 -0.07937481
v 0.12758568 0.04412797 -0.07866649
v 0.12773837 -0.09182674 -0.07802224
v 0.1306044 -0.33263916 -0.07415031
v 0.12681557 -0.35655847 -0.07763008
v 0.13216291 -0.25270098 -0.0645805
v 0.13176052 -0.23276058 -0.06226612
v 0.13148335 -0.21558031 -0.0613239
v 0.13377452 -0.23302579 -0.05436544
v 0.12884986 -0.39527521 -0.06296743
v 0.12786722 0.27048296 -0.04697223
v 0.13262373 -0.17144483 -0.04296945
v 0.13089079 -0.18185906 -0.05203788
v 0.13334095 -0.20460001 -0.04976903
v 0.13032158 -0.12884058 -0.04944994
v 0.13337481 -0.14562811 -0.04526256
v 0.13599579 -0.14908305 -0.03480293
v 0.13516653 -0.16294612 -0.03547869
v 0.13299823 -0.4241505 -0.03540517
v 0.13316695 -0.13691385 -0.03441262
v 0.12707578 0.28510651 -0.02271724
v 0.13514496 -0.14080253 -0.02481975
v 0.13261503 -0.44697401 -0.01961602
v 0.12644376 0.28998873 -0.00031598
v 0.12966688 -0.46407679 -0.01115667
v 0.13045622 -0.47041082 0.00233573
v 0.1363062 -0.15613791 0.01831164
v 0.12647349 0.2863172 0.02297463
v 0.12933068 -0.47377148 0.01444938
v 0.13074832 -0.46582696 0.02846483
v 0.13493665 -0.14702344 0.03324716
v 0.13266668 -0.16208306 0.03561082
v 0.13571151 -0.19730845 0.03196918
v 0.13415281 -0.17045598 0.03608827
v 0.12726291 0.27091917 0.04788458
v 0.13056655 -0.44930398 0.0424888
v 0.13043809 -0.14696573 0.04946439
v 0.13106656 -0.19304182 0.04766735
v 0.1314376 -0.43808737 0.0464194
v 0.12976713 -0.12720487 0.04810093
v 0.13248846 -0.23881726 0.06029489
v 0.12950969 -0.22058286 0.05962079
v 0.12855655 -0.40682209 0.06177364
v 0.12968153 0.09389494 0.07524936
v 0.12823477 -0.32362959 0.07528363
v 0.12892215 0.16259953 0.07696792
v 0.12774587 0.14495723 0.07774544
v 0.12791297 0.12306459 0.07820792
v 0.1298133 0.06628709 0.07600183
v 0.12932144 0.026859 0.07736612
v 0.13024952 -0.00339978 0.07531015
v 0.12991692 -0.03140692 0.07608681
v 0.12940419 -0.06977212 0.075638
v 0.12760776 -0.09328566 0.07694259
v 0.12840408 -0.29112247 0.07634772
v 0.12926419 -0.33305806 0.07568033
v 0.12928182 0.23935156 0.07633429
v 0.12672801 0.2004883 0.09359068
v 0.12477927 0.21978176 -0.09433283
v 0.12615126 0.19927968 -0.09432104
v 0.1223629 0.17328605 -0.09252586
v 0.12851185 0.16367891 -0.07830492
v 0.12651408 0.14716846 -0.07970273
v 0.12722436 0.11235716 -0.07864088
v 0.12803601 -0.03728925 -0.07801791
v 0.12785141 -0.0642267 -0.07783926
v 0.12595864 -0.0791292 -0.08153044
v 0.12724198 -0.25935751 -0.07666647
v 0.12551935 -0.29743332 -0.08268987
v 0.12543115 -0.10387301 -0.07718054
v 0.12602311 -0.21788751 -0.07176265
v 0.12501031 -0.37909672 -0.07539531
v 0.12418444 -0.41303608 -0.06146959
v 0.11707101 0.27991912 -0.06035748
v 0.128139 -0.14012943 -0.05819144
v 0.1275131 -0.1467486 -0.06018335
v 0.12461082 -0.17812251 -0.06523594
v 0.12177121 -0.16804938 -0.06283929
v 0.12887205 -0.13302357 -0.05052483
v 0.1295072 -0.16653967 -0.04804331
v 0.12839144 -0.19645002 -0.0560453
v 0.12776247 -0.20329818 -0.06386423
v 0.1275645 -0.4333185 -0.03739012
v 0.128694 -0.44893041 -0.02498278
v 0.12682149 -0.16603447 0.0509909
v 0.1249136 -0.46225119 0.0428695
v 0.12922956 -0.17582799 0.05168162
v 0.12644456 -0.14051238 0.05885743
v 0.12379698 -0.19503278 0.06510863
v 0.12573352 -0.24533637 0.07593219
v 0.12349896 -0.23036711 0.0748855
v 0.12453587 -0.37455377 0.07730269
v 0.12511446 -0.10638133 0.07655843
v 0.1258035 -0.26264575 0.07894136
v 0.12572086 0.22088061 0.09284619
v 0.12395573 0.17559302 0.09119846
v 0.12047409 0.23463282 -0.09273484
v 0.1199842 -0.33307257 -0.08984393
v 0.1231712 -0.2500391 -0.08037787
v 0.12007234 -0.14475003 -0.07384972
v 0.12247396 -0.12959976 -0.06500842
v 0.11546858 0.29214466 -0.04831079
v 0.12168115 -0.42671013 -0.05070671
v 0.11996356 0.29282293 -0.03424115
v 0.12169009 -0.46417469 -0.02253093
v 0.12966688 -0.46407679 -0.01115667
v 0.13045622 -0.47041082 0.00233573
v 0.12349003 -0.47450048 -0.01121009
v 0.12355118 -0.4812111 0.00219146
v 0.12933068 -0.47377148 0.01444938
v 0.12397064 -0.47699797 0.02830055
v 0.11893255 -0.4734605 0.03937286
v 0.12493871 -0.44377986 0.05302971
v 0.12285312 -0.12626156 0.06373513
v 0.11908526 -0.16649659 0.06639172
v 0.1173843 0.27801603 0.06152195
v 0.12254915 -0.14952755 0.06636463
v 0.12149104 -0.39700216 0.07526727
v 0.1227072 -0.11476086 0.07525327
v 0.12414448 -0.08050875 0.08342838
v 0.12281173 -0.33701724 0.08356456
v 0.1238081 -0.34778377 0.08311614
v 0.11847551 0.09236397 0.09079833
v 0.11965735 0.0506469 0.09102675
v 0.12022842 -0.02590337 0.09042548
v 0.11738846 -0.06258583 0.09278782
v 0.11823854 -0.28473222 0.09181958
v 0.1184579 -0.31316432 0.09179276
v 0.11128986 0.19931076 -0.11140227
v 0.11806629 0.16511668 -0.09345254
v 0.11562058 0.1500228 -0.09440825
v 0.11692019 0.12627038 -0.09286114
v 0.11632686 -0.06233049 -0.09334328
v 0.11658956 -0.25269207 -0.09126409
v 0.11443144 -0.27240708 -0.09646033
v 0.1162937 -0.35916233 -0.09135253
v 0.11771337 -0.1060921 -0.08743531
v 0.11957423 -0.22215529 -0.08295062
v 0.11525228 -0.12645926 -0.07966372
v 0.12061886 -0.20241502 -0.07814588
v 0.1175338 -0.40406144 -0.07825346
v 0.12030878 -0.19614635 -0.07349723
v 0.11565839 -0.17112215 -0.07494701
v 0.12168115 -0.42671013 -0.05070671
v 0.1275645 -0.4333185 -0.03739012
v 0.12231879 -0.43850687 -0.03731574
v 0.11122116 0.31585836 -0.01461063
v 0.11832472 -0.48289815 -0.00831277
v 0.12355118 -0.4812111 0.00219146
v 0.11801224 -0.48801178 0.0150023
v 0.11835109 0.28808731 0.04712432
v 0.11798242 -0.46052012 0.04879199
v 0.11822788 -0.44020671 0.06028861
v 0.11930987 -0.17589451 0.07215247
v 0.11778571 -0.12827528 0.07248218
v 0.11781061 -0.41589528 0.07195522
v 0.11905939 -0.140195 0.07277688
v 0.1152444 0.26550713 0.07737914
v 0.11699086 -0.21623656 0.08335777
v 0.11576838 -0.23293291 0.0875387
v 0.12115516 0.2389279 0.08950877
v 0.11686517 0.14849003 0.09194635
v 0.11637169 -0.10533064 0.08951629
v 0.11728755 -0.2543675 0.09037165
v 0.11478326 -0.36734015 0.09170344
v 0.11813737 0.16418207 0.09276834
v 0.11518054 0.14275612 0.09524336
v 0.11792413 0.06253144 0.09261434
v 0.11615501 0.01366334 0.09525547
v 0.11693781 -0.09073559 0.09199071
v 0.11735773 -0.34835133 0.09077352
v 0.11098205 0.18290135 0.10858068
v 0.11054603 0.19943143 0.11209066
v 0.11007627 0.21986212 -0.11129852
v 0.11047067 0.18320236 -0.10874261
v 0.11633964 -0.3029367 -0.09515731
v 0.1162187 0.05374514 -0.09378009
v 0.11430209 0.01198823 -0.09671789
v 0.11521978 -0.03203904 -0.0949863
v 0.11316649 -0.08073303 -0.09810212
v 0.11580142 -0.09414604 -0.093729
v 0.10856281 0.2536009 -0.09596065
v 0.11487579 -0.23914437 -0.09124334
v 0.11835879 -0.38416758 -0.08349211
v 0.11295264 -0.20223053 -0.09004116
v 0.11485007 -0.21582064 -0.08797486
v 0.11191279 -0.19419062 -0.0864576
v 0.11445003 -0.13125871 -0.07919664
v 0.11509757 -0.18000099 -0.08090977
v 0.11251052 -0.42008361 -0.07652048
v 0.11557231 -0.41885665 -0.07115963
v 0.11284196 -0.16434079 -0.07845585
v 0.10890639 0.31538796 -0.02905655
v 0.11426105 0.31254536 -0.00104437
v 0.1125644 0.31262013 0.01810922
v 0.11801224 -0.48801178 0.0150023
v 0.11222973 -0.4920584 0.00114517
v 0.10875962 0.31466821 0.02993632
v 0.11046357 -0.48677039 0.03244478
v 0.11690041 -0.48477399 0.02840442
v 0.11597548 -0.15143593 0.07706639
v 0.11074165 -0.17098942 0.08353591
v 0.11505439 -0.2026881 0.08175697
v 0.10806904 -0.12021417 0.09411507
v 0.10831816 0.17163005 0.10791629
v 0.10706198 0.2321931 -0.10922706
v 0.10586703 -0.31695873 -0.10687622
v 0.11055885 -0.3477146 -0.09961659
v 0.10900991 -0.10502555 -0.09853266
v 0.10894233 -0.26218879 -0.10150497
v 0.10879188 -0.22314996 -0.09684789
v 0.10886658 -0.24446568 -0.09854428
v 0.10652658 -0.38324752 -0.0979906
v 0.10916339 -0.40619808 -0.0892212
v 0.10477864 0.28643394 -0.07445836
v 0.10945765 -0.14783736 -0.08852711
v 0.09903698 -0.42446736 -0.09519833
v 0.12169009 -0.46417469 -0.02253093
v 0.11254837 -0.48246604 -0.01630446
v 0.11126666 -0.47120634 -0.02417337
v 0.11798242 -0.46052012 0.04879199
v 0.11143066 -0.47812915 0.0396089
v 0.11893255 -0.4734605 0.03937286
v 0.10988156 -0.45392457 0.05416609
v 0.11021695 -0.44500393 0.06024863
v 0.11822788 -0.44020671 0.06028861
v 0.11043505 -0.43435055 0.06781316
v 0.10874368 -0.41633457 0.08023526
v 0.10874368 -0.41633457 0.08023526
v 0.10829841 -0.16375864 0.08374113
v 0.10634393 -0.13220066 0.08853091
v 0.10787688 -0.14367384 0.08872081
v 0.10535337 -0.17612273 0.09276867
v 0.10897353 -0.40006107 0.08909002
v 0.10450383 0.26851451 0.09000181
v 0.10960236 -0.37939838 0.09506666
v 0.10862625 -0.21670078 0.09470447
v 0.11031628 -0.24585043 0.097188
v 0.10612242 0.24393675 0.10428229
v 0.10752547 0.14861499 0.10261035
v 0.1062073 -0.07853828 0.10506594
v 0.10528822 -0.0970089 0.10411028
v 0.10952254 -0.27032027 0.10125014
v 0.10789685 0.12831612 0.10334669
v 0.10573679 0.09779596 0.1049314
v 0.10746708 0.0586159 0.10433704
v 0.10884448 0.03799512 0.1035712
v 0.10842918 -0.01092111 0.10421655
v 0.10736732 -0.03389182 0.10520323
v 0.10657853 -0.05993092 0.10490297
v 0.1098946 -0.29725784 0.10195735
v 0.10712294 -0.32334569 0.10502504
v 0.11051671 0.2219279 0.11013453
v 0.10813361 0.17074572 -0.10762547
v 0.10546762 0.164873 -0.10727981
v 0.10001826 0.12895024 -0.11042814
v 0.10261327 0.10245369 -0.1084575
v 0.10936406 0.06469902 -0.1015357
v 0.10302172 0.00981386 -0.10859247
v 0.10296261 -0.07429326 -0.10844214
v 0.1056523 -0.06332063 -0.10495755
v 0.10175708 -0.24267186 -0.10580457
v 0.10458975 -0.20028512 -0.09880349
v 0.10380261 -0.13547555 -0.09213832
v 0.09852136 -0.43439555 -0.09016777
v 0.09916712 0.32017475 -0.0462262
v 0.0988477 0.33992639 -0.00099857
v 0.10768672 -0.46505484 0.04677687
v 0.10374792 -0.48043311 0.03888962
v 0.10532244 0.29861701 0.06139962
v 0.10768355 -0.15219869 0.08812404
v 0.10194941 -0.20352003 0.09810222
v 0.10598055 -0.11553129 0.09851525
v 0.10509234 -0.23484367 0.10053783
v 0.10538828 -0.34229124 0.10571762
v 0.10636663 0.16463098 0.10620299
v 0.096018 0.14481431 0.114269
v 0.10396508 -0.02247321 -0.10701674
v 0.10100473 -0.27879524 -0.11064897
v 0.09863015 -0.20241065 -0.10517333
v 0.09672281 -0.21615955 -0.10733361
v 0.09852659 -0.19121256 -0.10087878
v 0.10310041 -0.1277393 -0.09532531
v 0.09755314 -0.15009393 -0.10161892
v 0.10118154 -0.16255872 -0.09396939
v 0.10005659 -0.43820208 -0.0789025
v 0.10806725 -0.42707539 -0.07123197
v 0.09668098 0.33504963 -0.03007115
v 0.0994419 0.33535004 0.01888145
v 0.09881925 -0.48874655 0.03344155
v 0.11046357 -0.48677039 0.03244478
v 0.09835208 0.3225027 0.04516445
v 0.10221875 -0.44300202 0.06042341
v 0.10197159 -0.43031183 0.07318395
v 0.0944838 -0.43317521 0.07103078
v 0.10129194 -0.42461476 0.07926035
v 0.10197159 -0.43031183 0.07318395
v 0.09898712 -0.13562232 0.09686403
v 0.09404563 -0.39123008 0.10807373
v 0.09866302 -0.37043369 0.10817664
v 0.0956605 0.03917652 0.11553543
v 0.10178337 -0.27405316 0.10914222
v 0.094748 0.17522942 0.12105285
v 0.09547507 0.22130576 0.12360182
v 0.09753013 0.06295162 -0.11297696
v 0.09145631 -0.03513551 -0.11835489
v 0.10360945 -0.09128866 -0.10729548
v 0.09956013 -0.25086114 -0.10947788
v 0.09578738 -0.1025133 -0.11212446
v 0.091699 -0.22572511 -0.11286687
v 0.09736082 -0.36074275 -0.11128652
v 0.09091495 -0.41843355 -0.1070082
v 0.09283344 -0.14015123 -0.10289963
v 0.09840216 -0.17786799 -0.09965354
v 0.09592861 0.28197739 -0.08875423
v 0.10212624 -0.42585164 -0.05781508
v 0.09232084 -0.43158922 -0.05828952
v 0.10852934 -0.4258953 -0.06494531
v 0.09495264 0.34367132 -0.01646134
v 0.09473835 0.33801618 0.02960973
v 0.10167357 -0.46971175 0.04285189
v 0.09207156 -0.45100707 0.04668775
v 0.09014173 -0.41531891 0.09991045
v 0.095485 -0.41906759 0.09056506
v 0.0971626 -0.16164753 0.09764477
v 0.09188293 -0.40391377 0.10544899
v 0.09580737 -0.14827412 0.10161626
v 0.09921608 -0.18193823 0.10003489
v 0.09108867 0.26891509 0.10358977
v 0.09760672 -0.21645336 0.10573431
v 0.09411073 0.14852914 0.11512727
v 0.09582201 -0.23746881 0.10972701
v 0.09119113 0.24095252 0.11958826
v 0.09452466 0.16396151 0.11639903
v 0.0938317 0.10565005 0.11602073
v 0.0953985 0.05927808 0.11523519
v 0.0948197 -0.00426229 0.11621986
v 0.09432462 -0.05595273 0.11601003
v 0.09076884 -0.0708858 0.11895884
v 0.09425244 -0.29453856 0.11649213
v 0.09456469 0.19955534 0.12572685
v 0.09528329 0.17079088 -0.1188743
v 0.08954023 0.16502693 -0.12081928
v 0.09430014 0.01305847 -0.11648948
v 0.09824905 -0.0615126 -0.11207729
v 0.09394819 -0.2984792 -0.11751296
v 0.10806725 -0.42707539 -0.07123197
v 0.09436806 -0.44041359 -0.06991084
v 0.10005659 -0.43820208 -0.0789025
v 0.087811 0.32681003 -0.05920618
v 0.09024151 -0.48263645 0.03555952
v 0.09021446 -0.4568595 0.04262133
v 0.08908633 0.3255907 0.05834084
v 0.0931906 0.30055022 0.07724376
v 0.08947596 -0.13714738 0.10620777
v 0.09296493 -0.09366208 0.11607066
v 0.09404643 -0.11400854 0.11071872
v 0.092898 -0.26787552 0.11611796
v 0.09145914 -0.33260912 0.11848778
v 0.0896374 0.23621722 -0.12243819
v 0.09265626 0.22075225 -0.12603612
v 0.08996721 -0.23896773 -0.11504661
v 0.08605285 -0.24871865 -0.11974213
v 0.08977504 -0.26791987 -0.1191529
v 0.08774601 0.26965767 -0.10543569
v 0.09187929 0.24974042 -0.11422317
v 0.0868075 -0.12206291 -0.11220516
v 0.08833794 -0.13371648 -0.10768008
v 0.08986159 -0.16184151 -0.10508791
v 0.08726069 -0.45524296 -0.09115803
v 0.09177523 -0.45065629 -0.07983492
v 0.08002155 -0.46168447 0.03766756
v 0.08926073 -0.44223949 0.05380445
v 0.08232071 0.29950714 0.08952688
v 0.08864056 -0.1704852 0.10792591
v 0.08901069 -0.18309835 0.10919767
v 0.09181724 -0.36052048 0.11586125
v 0.08074273 -0.02450298 0.12656671
v 0.09975648 0.15204197 -0.11078644
v 0.08614596 0.11680079 -0.12183461
v 0.08162331 0.07626175 -0.12523349
v 0.08576301 -0.19070666 -0.11090114
v 0.09177523 -0.45065629 -0.07983492
v 0.0811611 -0.43951878 -0.05771186
v 0.08564766 0.35133445 -0.03075366
v 0.07754824 0.3692582 -0.01663456
v 0.086183 0.35975432 -0.00026417
v 0.08318643 0.3615157 0.01590424
v 0.09380595 -0.49544156 0.02523482
v 0.08619799 -0.48922387 0.03064896
v 0.08199956 -0.49409738 0.02346407
v 0.07698643 0.32650325 0.07319491
v 0.08576016 -0.15047057 0.10976146
v 0.08244675 -0.16050357 0.11034364
v 0.08321951 -0.20444053 0.11401038
v 0.08020511 -0.10814972 0.12281968
v 0.08132802 -0.21597311 0.11809877
v 0.08080861 0.1641335 0.12649731
v 0.07956002 0.14932302 0.12571687
v 0.07999388 0.14224926 0.12641728
v 0.08355305 0.08984936 0.12383918
v 0.07941154 0.05661919 0.12697315
v 0.07813828 -0.08788697 0.12735531
v 0.08033045 -0.25739643 0.12373912
v 0.08424383 -0.28191674 0.1231657
v 0.08032578 -0.30023876 0.12645486
v 0.08444107 -0.35161653 0.12256301
v 0.08059604 0.17160892 0.12975641
v 0.08173605 0.19851641 0.13452099
v 0.08557114 0.02586933 -0.12340889
v 0.08396968 -0.45152494 -0.10103279
v 0.07475975 -0.44846213 -0.1130908
v 0.07922909 0.29781029 -0.09322409
v 0.08767351 0.30228564 -0.08142689
v 0.08259579 -0.46530145 -0.08017484
v 0.0873419 -0.44921157 -0.06995297
v 0.08259579 -0.46530145 -0.08017484
v 0.09380595 -0.49544156 0.02523482
v 0.08119011 -0.49755535 0.01261762
v 0.09515301 -0.49903056 0.01286322
v 0.07689563 0.36331168 0.03140672
v 0.07567993 -0.47703505 0.03295129
v 0.08028702 -0.4472132 0.04577339
v 0.07907312 0.34783211 0.0489539
v 0.09019557 -0.42803383 0.08441383
v 0.08030179 -0.43131188 0.09482682
v 0.08113512 0.28875598 0.09852586
v 0.08045118 -0.42538646 0.10166577
v 0.07865783 0.2561796 0.12071321
v 0.0791868 -0.13637955 0.11521959
v 0.08363975 -0.24138096 0.11932517
v 0.0751439 -0.41157639 0.11846396
v 0.07846779 -0.38041934 0.12355279
v 0.07924882 0.02993236 0.12760004
v 0.07985982 0.00246628 0.12703268
v 0.07904192 -0.06224222 0.12703502
v 0.07824856 -0.33184233 0.12756419
v 0.07936134 0.22091289 0.13417616
v 0.07436379 0.16443512 -0.13078514
v 0.08420864 0.15012547 -0.12320589
v 0.07552637 0.25651392 -0.12191895
v 0.07437156 -0.46786332 -0.10197745
v 0.07863986 -0.46972582 -0.09089505
v 0.07740182 -0.4676424 -0.07233228
v 0.09034552 -0.43721756 0.06251762
v 0.07991455 -0.43779227 0.06085692
v 0.07791808 -0.44140708 0.05191962
v 0.0833712 -0.43388784 0.0830787
v 0.07281636 -0.15024856 0.11886545
v 0.07444099 -0.1776657 0.11893757
v 0.07723391 0.23615587 0.1303663
v 0.07234172 0.03195198 -0.13161001
v 0.06654681 0.05519686 -0.13440165
v 0.07125486 -0.23500347 -0.12637003
v 0.08377282 -0.4027175 -0.11683605
v 0.07177527 -0.42585236 -0.1222775
v 0.07775508 -0.13953565 -0.11445007
v 0.07032394 -0.14254564 -0.1189426
v 0.08217271 -0.15287296 -0.11385679
v 0.07572948 -0.4751811 -0.07975689
v 0.07832064 -0.45817935 -0.06683216
v 0.06697262 -0.47587755 -0.06572897
v 0.08192104 -0.43318662 -0.04795616
v 0.07430735 -0.43811983 -0.04993887
v 0.07946127 0.41903198 -0.0188824
v 0.08184166 0.4184272 0.00022762
v 0.0797997 0.41565567 -0.01525328
v 0.08065725 0.41512623 0.00298538
v 0.07272178 0.37843585 -0.00090965
v 0.07603931 0.42382944 -0.01232073
v 0.07883746 0.49003658 0.00070871
v 0.07361192 0.4974516 0.00078362
v 0.07776237 0.49002057 0.00422481
v 0.07883746 0.49003658 0.00070871
v 0.07776237 0.49002057 0.00422481
v 0.07885014 0.4655953 -0.00035226
v 0.08184166 0.4184272 0.00022762
v 0.07804119 0.42384908 -0.00142056
v 0.07651627 0.42301461 0.01434165
v 0.0796891 0.41552049 0.01716705
v 0.08065725 0.41512623 0.00298538
v 0.07932053 0.41867846 0.0204951
v 0.06389549 -0.47492093 0.03066993
v 0.06421736 -0.453444 0.03829531
v 0.07521842 -0.43978602 0.09255765
v 0.06938842 -0.21417953 0.12449051
v 0.0659619 0.10711019 0.13415298
v 0.06913285 -0.09780606 0.13108979
v 0.08033045 -0.25739643 0.12373912
v 0.0653343 -0.26029041 0.13177995
v 0.08032578 -0.30023876 0.12645486
v 0.07219692 -0.3546949 0.13048208
v 0.06545222 0.18394117 0.14126264
v 0.07445644 -0.02451549 -0.13048215
v 0.08060457 -0.04158301 -0.12646952
v 0.07924683 -0.06684384 -0.12682955
v 0.07939927 -0.16253242 -0.11315551
v 0.07111458 -0.15298349 -0.12079769
v 0.06840795 -0.46712896 -0.10945479
v 0.0710425 -0.47992355 -0.09071981
v 0.07572948 -0.4751811 -0.07975689
v 0.06652394 -0.47918531 -0.06754781
v 0.0672069 0.33846089 -0.07218569
v 0.0675339 -0.45054969 -0.0540865
v 0.07090279 0.36243653 -0.04429486
v 0.06929941 0.37291583 -0.03187855
v 0.07540005 0.41942576 -0.03211921
v 0.07487676 0.41557103 -0.03320349
v 0.07533388 0.48179194 -0.02327683
v 0.07510253 0.49149844 -0.02039108
v 0.0755714 0.4630155 -0.02406423
v 0.07564811 0.45100567 -0.01968541
v 0.07885014 0.4655953 -0.00035226
v 0.07510253 0.49149844 -0.02039108
v 0.07021524 0.49796134 -0.02143958
v 0.07883746 0.49003658 0.00070871
v 0.07795227 0.44204602 0.00020676
v 0.07548163 0.44207388 -0.01638957
v 0.07944214 0.43548325 -0.00065004
v 0.07573339 0.4364588 -0.02363245
v 0.07491014 0.42436635 -0.02043613
v 0.07804119 0.42384908 -0.00142056
v 0.07944214 0.43548325 -0.00065004
v 0.07587244 0.42630646 0.0181166
v 0.07557698 0.45322824 0.0209157
v 0.07795227 0.44204602 0.00020676
v 0.0758863 0.49144727 0.01520541
v 0.0758863 0.49144727 0.01520541
v 0.07455724 0.4418565 0.02215818
v 0.07499602 0.43633655 0.02626258
v 0.07573844 0.4193404 0.03174464
v 0.07258955 0.42389452 0.02946359
v 0.07540976 0.41584134 0.03337373
v 0.06923527 0.37983671 0.01725938
v 0.07573844 0.4193404 0.03174464
v 0.07540976 0.41584134 0.03337373
v 0.07932053 0.41867846 0.0204951
v 0.06859749 0.3665632 0.04275502
v 0.06332017 0.36349308 0.05328827
v 0.0857629 -0.43420643 0.0719538
v 0.07257054 -0.43945614 0.06260793
v 0.06335033 0.31797671 0.0913559
v 0.07052125 -0.43339187 0.11080139
v 0.0673201 -0.16002977 0.11970894
v 0.06855202 -0.13163599 0.12273531
v 0.06567813 -0.20252769 0.12398802
v 0.06508768 -0.4091278 0.12676598
v 0.06938842 -0.21417953 0.12449051
v 0.06324986 -0.23613535 0.12983842
v 0.06539698 -0.38661319 0.13086416
v 0.06527967 0.16445222 0.13549486
v 0.0641422 0.14278212 0.13529731
v 0.06493372 0.056022 0.13504733
v 0.06381012 0.03120802 0.13608898
v 0.06420054 0.00434901 0.13569506
v 0.06459411 -0.03687562 0.13551785
v 0.06418874 -0.07190991 0.13528077
v 0.06637266 -0.28886011 0.13303794
v 0.06627179 -0.32673669 0.13430706
v 0.07723391 0.23615587 0.1303663
v 0.06452595 0.23855506 0.13642812
v 0.07936134 0.22091289 0.13417616
v 0.06438438 0.1723686 0.1390326
v 0.06453626 0.22053581 0.14201373
v 0.0652376 0.19953892 0.14345652
v 0.0652376 0.19953892 0.14345652
v 0.06772922 -0.4848817 -0.08010933
v 0.06772922 -0.4848817 -0.08010933
v 0.06158895 -0.44324192 -0.04497078
v 0.07051837 0.4192135 -0.04126416
v 0.07155713 0.42348227 -0.03121002
v 0.07139283 0.49121383 -0.03100594
v 0.07200512 0.45226517 -0.03109474
v 0.07297729 0.44235417 -0.02705061
v 0.07156527 0.43573058 -0.03397056
v 0.07139283 0.49121383 -0.03100594
v 0.06668697 0.49997234 -0.02346808
v 0.06835833 0.50004935 0.01004126
v 0.06894903 0.49844131 0.02450036
v 0.07236222 0.49119431 0.02922795
v 0.07236222 0.49119431 0.02922795
v 0.07421569 0.46635038 0.02696559
v 0.07557698 0.45322824 0.0209157
v 0.07421569 0.46635038 0.02696559
v 0.07455724 0.4418565 0.02215818
v 0.0698676 0.44215509 0.03334501
v 0.07499602 0.43633655 0.02626258
v 0.0699027 -0.48800334 0.02423864
v 0.07236222 0.49119431 0.02922795
v 0.06660278 0.46114233 0.04114254
v 0.06493077 0.43524161 0.04467903
v 0.07258955 0.42389452 0.02946359
v 0.06729048 0.42227775 0.04059917
v 0.06962584 0.41931784 0.04271188
v 0.07051261 0.41541451 0.04164757
v 0.07521842 -0.43978602 0.09255765
v 0.06478297 -0.45545703 0.09476259
v 0.06689522 -0.45094332 0.08689065
v 0.07345798 -0.44321904 0.08421653
v 0.08113512 0.28875598 0.09852586
v 0.06335033 0.31797671 0.0913559
v 0.06413289 0.29266343 0.10792031
v 0.06330343 -0.45120299 0.10634812
v 0.07865783 0.2561796 0.12071321
v 0.06534664 0.26284686 0.12468405
v 0.06124545 -0.14617307 0.12591615
v 0.06355893 -0.42463595 0.12346999
v 0.06171308 -0.10748889 0.13252677
v 0.06329953 0.14969745 0.13483673
v 0.0594748 -0.30839413 0.13652879
v 0.07824856 -0.33184233 0.12756419
v 0.06627179 -0.32673669 0.13430706
v 0.05863327 0.28739995 -0.11361145
v 0.07012109 0.29279339 -0.10391816
v 0.06334579 -0.48709768 -0.09287662
v 0.06219553 -0.4382782 -0.03981087
v 0.06056787 0.4966405 -0.04334487
v 0.06387354 0.48980838 -0.04433855
v 0.06380177 0.47280195 -0.0458103
v 0.06514812 0.4497436 -0.04248348
v 0.06551814 0.44165328 -0.04049223
v 0.06534015 0.4236846 -0.04203122
v 0.06056787 0.4966405 -0.04334487
v 0.0595964 0.38842216 -0.02538532
v 0.06295465 0.38808185 -0.01479251
v 0.06524433 0.38765669 -0.00011446
v 0.0613061 0.38765964 0.02271718
v 0.06208541 0.49993372 0.03238892
v 0.06253048 0.49211115 0.04550773
v 0.06569599 0.48595244 0.04187052
v 0.06367529 0.42625737 0.0452031
v 0.06253048 0.49211115 0.04550773
v 0.06112246 0.44131482 0.04722941
v 0.05842952 0.36185953 0.0601738
v 0.07165606 -0.44114903 0.07184956
v 0.06347135 -0.44821393 0.07459474
v 0.06478297 -0.45545703 0.09476259
v 0.07281636 -0.15024856 0.11886545
v 0.06124545 -0.14617307 0.12591615
v 0.0673201 -0.16002977 0.11970894
v 0.07444099 -0.1776657 0.11893757
v 0.06197371 -0.17978585 0.1255374
v 0.06567813 -0.20252769 0.12398802
v 0.06418874 -0.07190991 0.13528077
v 0.05565278 -0.08985762 0.13841714
v 0.07813828 -0.08788697 0.12735531
v 0.06913285 -0.09780606 0.13108979
v 0.06249496 -0.35053319 0.13578172
v 0.07219692 -0.3546949 0.13048208
v 0.06539698 -0.38661319 0.13086416
v 0.06786162 -0.37530306 -0.13199267
v 0.06175643 -0.42404386 -0.12879476
v 0.05485359 -0.39650294 -0.1359392
v 0.05288027 0.28074858 -0.11999157
v 0.05876329 -0.48187074 -0.10631543
v 0.05632406 -0.49086335 -0.07017613
v 0.05922491 -0.49194479 -0.07900614
v 0.06188784 0.41901353 -0.05312284
v 0.06923319 0.41573894 -0.04281323
v 0.06148808 0.43551528 -0.0500546
v 0.05351377 0.38853386 -0.03643424
v 0.06509271 0.41320235 -0.02017807
v 0.06431265 0.41261756 -0.01471573
v 0.06221096 0.41071799 -0.02114035
v 0.06221096 0.41071799 -0.02114035
v 0.06431265 0.41261756 -0.01471573
v 0.06075928 0.39273268 -0.02115212
v 0.06541323 0.40876585 5.686E-05
v 0.06438222 0.39407235 -0.00038114
v 0.05656716 0.4998374 -0.04150897
v 0.06242012 0.39335757 0.01424157
v 0.06510439 0.41237742 0.01008424
v 0.06268633 0.41038278 0.01925519
v 0.06445945 0.41368884 0.02476585
v 0.05290763 -0.47155058 0.02762614
v 0.05661017 0.38854486 0.03193786
v 0.05128329 -0.4565587 0.03510902
v 0.05608993 0.49921289 0.04538518
v 0.05406886 -0.44606566 0.04335162
v 0.04815636 -0.45047373 0.03832771
v 0.05956981 0.46160555 0.051134
v 0.06208685 0.41871673 0.05370469
v 0.06465693 0.41535282 0.05036106
v 0.04801883 0.3599987 0.07041308
v 0.04801883 0.3599987 0.07041308
v 0.04503237 0.35618988 0.07557105
v 0.05535428 -0.45760363 0.0741484
v 0.05999085 -0.4598442 0.08480176
v 0.05251148 -0.451765 0.11920162
v 0.05262712 -0.16203009 0.12715326
v 0.04901885 -0.20875844 0.13273518
v 0.06171308 -0.10748889 0.13252677
v 0.0554171 -0.12971433 0.12849884
v 0.06855202 -0.13163599 0.12273531
v 0.05109988 -0.24911772 0.13580038
v 0.06420054 0.00434901 0.13569506
v 0.05070235 -0.04576626 0.14130948
v 0.06459411 -0.03687562 0.13551785
v 0.05199513 -0.47959429 -0.11258086
v 0.04757746 0.31667963 -0.1009246
v 0.05573493 0.33671939 -0.08294608
v 0.05127164 0.36087203 -0.06731372
v 0.06527568 0.35361347 -0.06063515
v 0.05029522 -0.48004639 -0.05439725
v 0.0520119 0.4192265 -0.06270073
v 0.05953084 0.42286953 -0.05069294
v 0.05483387 -0.45077696 -0.0449876
v 0.0578573 0.41537341 -0.05762698
v 0.04978522 0.38258314 -0.04765387
v 0.05695065 0.49121952 -0.05217434
v 0.06009779 0.46151781 -0.05094794
v 0.05820115 0.44246441 -0.05023595
v 0.06045404 0.42654735 -0.04882051
v 0.0585883 0.4100593 -0.03078342
v 0.05935869 0.41024712 0.02989881
v 0.0588851 0.39360791 0.02669013
v 0.06141868 0.41328046 0.03113248
v 0.0592409 0.41159844 0.03342477
v 0.05013539 0.38877547 0.04088331
v 0.05976433 0.48505932 0.05056652
v 0.05553835 0.42249423 0.0556156
v 0.05819369 0.43551987 0.05348685
v 0.05444868 0.41955948 0.06102928
v 0.05683769 0.41594967 0.05996282
v 0.04294379 0.38895041 0.04851352
v 0.05239481 -0.47714606 0.09372637
v 0.04792863 0.31443036 0.10268305
v 0.05239481 -0.47714606 0.09372637
v 0.05354048 -0.46808973 0.10398602
v 0.04932608 0.2812933 0.12170114
v 0.04704661 -0.14307319 0.13186656
v 0.04729302 -0.17557077 0.13130385
v 0.04786705 -0.19988716 0.13124688
v 0.04907069 -0.42828205 0.13062388
v 0.05017644 0.2538693 0.13527977
v 0.04995981 -0.40146235 0.13571145
v 0.06508768 -0.4091278 0.12676598
v 0.04907069 -0.42828205 0.13062388
v 0.04727322 -0.09395939 0.14131081
v 0.05056808 -0.26452294 0.13756301
v 0.05114222 -0.38409787 0.13769637
v 0.06438438 0.1723686 0.1390326
v 0.04789741 0.1641288 0.14270274
v 0.06527967 0.16445222 0.13549486
v 0.04921987 0.1272476 0.14156304
v 0.0485726 0.10313061 0.14156771
v 0.0659619 0.10711019 0.13415298
v 0.0641422 0.14278212 0.13529731
v 0.04961491 0.05682707 0.14149116
v 0.06493372 0.056022 0.13504733
v 0.06381012 0.03120802 0.13608898
v 0.0482798 0.01757625 0.14237662
v 0.04886273 -0.33052936 0.14124838
v 0.04958533 0.22182605 0.14732216
v 0.06545222 0.18394117 0.14126264
v 0.0494799 0.18079877 0.14700474
v 0.04770517 0.19987714 0.15006369
v 0.0570668 -0.15302846 -0.12778436
v 0.06327816 -0.16241737 -0.12281049
v 0.0493695 -0.16167416 -0.12925027
v 0.04747885 -0.4892824 -0.05901742
v 0.04443899 -0.4934985 -0.06219174
v 0.04722137 0.42380014 -0.06127274
v 0.04664314 0.49762344 -0.05690517
v 0.05193253 0.45106134 -0.05744451
v 0.04664314 0.49762344 -0.05690517
v 0.05093129 -0.44172689 -0.03703031
v 0.05366408 0.39271051 -0.0349231
v 0.05450647 0.40864155 0.0373882
v 0.05323029 0.4652915 0.05771523
v 0.0500822 0.44152075 0.0592542
v 0.05042497 0.42600346 0.05965717
v 0.05608993 0.49921289 0.04538518
v 0.04736238 0.48986867 0.06331126
v 0.04837246 0.43568775 0.0632776
v 0.05023495 -0.45270956 0.06068968
v 0.04361293 -0.45609298 0.12380925
v 0.04482809 -0.44339982 0.128203
v 0.04577376 -0.11600918 0.13598934
v 0.04192458 -0.12751234 0.13321948
v 0.04917239 0.237423 0.14237642
v 0.06329953 0.14969745 0.13483673
v 0.047527 0.14851272 0.14167908
v 0.04881364 -0.30612263 0.14047927
v 0.04873725 -0.3583999 0.14077505
v 0.04686851 0.18201829 -0.14817777
v 0.06210256 0.18203247 -0.14261323
v 0.06041583 0.17032324 -0.14076938
v 0.0570668 -0.15302846 -0.12778436
v 0.05198568 -0.14018399 -0.12800212
v 0.05924135 -0.14339609 -0.12506513
v 0.04126804 0.34435552 -0.08631805
v 0.04303259 0.36223435 -0.07202395
v 0.0481659 0.48992765 -0.06145402
v 0.05245467 0.4348217 -0.05905791
v 0.04732793 0.44214833 -0.06124108
v 0.04212225 0.38845107 -0.04901263
v 0.03381884 -0.46642637 -0.03766571
v 0.03784694 -0.45194444 -0.0346848
v 0.0509655 0.41277 -0.04249106
v 0.04627148 0.40853974 0.04715086
v 0.02650868 0.50003695 0.06688207
v 0.04810993 0.45239097 0.0628883
v 0.05026159 0.41549528 0.06565441
v 0.04517353 -0.48300466 0.08186869
v 0.04678645 -0.47967458 0.10208769
v 0.04699394 -0.46746022 0.11056904
v 0.03308063 -0.29016033 0.14336485
v 0.05863327 0.28739995 -0.11361145
v 0.03220589 0.30531749 -0.11412898
v 0.04757746 0.31667963 -0.1009246
v 0.04797371 0.47018746 -0.06301825
v 0.04735784 0.45124203 -0.06258452
v 0.0509655 0.41277 -0.04249106
v 0.03788521 0.4130345 -0.05935008
v 0.0578573 0.41537341 -0.05762698
v 0.04677406 0.41231436 -0.04688762
v 0.04486391 0.39632207 -0.04613861
v 0.05290763 -0.47155058 0.02762614
v 0.04187538 -0.46567219 0.02173651
v 0.0512738 -0.47583613 0.02241068
v 0.0411468 -0.45183355 0.03255812
v 0.05507124 0.41304189 0.04055131
v 0.04637932 0.41333058 0.05084845
v 0.03967972 0.41276431 0.05601927
v 0.04244941 0.49838617 0.05996698
v 0.04207382 0.42242381 0.06653158
v 0.03817467 0.3840012 0.05714966
v 0.04297085 0.45652744 0.065699
v 0.03838312 0.41913918 0.07348873
v 0.04115273 -0.472258 0.06546463
v 0.03290543 0.34245211 0.09117586
v 0.04404244 -0.48760459 0.0933317
v 0.03388786 -0.25828996 0.14109133
v 0.03305044 0.17579599 0.15054277
v 0.04137487 -0.34761429 -0.14417663
v 0.05510977 -0.37235287 -0.13822913
v 0.04127625 -0.39273897 -0.14073668
v 0.04598572 0.43473256 -0.0647047
v 0.03180506 0.44245717 -0.07037777
v 0.03502225 0.41880035 -0.07402412
v 0.04016108 0.42353317 -0.06620884
v 0.04096969 0.49035212 -0.06589937
v 0.0385284 0.49994317 -0.05840778
v 0.03733069 -0.47797793 -0.04558426
v 0.0411468 -0.45183355 0.03255812
v 0.03312451 -0.44868565 0.02455289
v 0.03801088 0.40681067 0.05410384
v 0.04244941 0.49838617 0.05996698
v 0.03592579 0.49090382 0.06945239
v 0.04736238 0.48986867 0.06331126
v 0.03592579 0.49090382 0.06945239
v 0.04271678 0.49007902 0.06534482
v 0.04271678 0.49007902 0.06534482
v 0.0400633 0.44143441 0.06592009
v 0.03374251 0.42547491 0.0708254
v 0.03261936 0.31109929 0.11050953
v 0.03849468 -0.47505912 0.11559404
v 0.03348679 0.28256705 0.12593153
v 0.0327413 0.25764957 0.13855986
v 0.02883654 -0.16041516 0.13494983
v 0.03555859 -0.16798657 0.13430333
v 0.02944872 -0.21037008 0.1385483
v 0.03413526 -0.41906473 0.13723694
v 0.03293723 -0.10592055 0.14253074
v 0.033415 0.14810917 0.14593843
v 0.03407048 -0.07072504 0.1460124
v 0.03322287 -0.30201012 0.14451233
v 0.0333176 -0.33633462 0.14535089
v 0.03473813 -0.35929331 0.1443999
v 0.03193704 -0.38361171 0.14307342
v 0.03355554 0.23765218 0.14658135
v 0.03305533 -0.03451741 0.14665096
v 0.03291109 0.22176798 0.15197311
v 0.04377513 -0.27680558 -0.14244632
v 0.04981811 -0.3154842 -0.1421701
v 0.032712 -0.30382219 -0.14651294
v 0.02345241 0.49995026 -0.06729922
v 0.02646652 -0.48885766 -0.04900886
v 0.0384165 0.4102895 -0.05432308
v 0.03619991 0.39337462 -0.05295504
v 0.02385062 -0.44561911 -0.02237049
v 0.02885394 0.49712136 0.06914307
v 0.02885394 0.49712136 0.06914307
v 0.03817467 0.3840012 0.05714966
v 0.02806223 0.38262644 0.06434489
v 0.03434779 0.43545979 0.07157645
v 0.03834617 0.41561586 0.07313506
v 0.031038 0.36442447 0.07687894
v 0.03911354 -0.48734668 0.10332714
v 0.03104736 -0.14578418 0.1360167
v 0.03133356 -0.19924369 0.13581286
v 0.02987918 0.16488883 0.14780162
v 0.03307186 0.10078724 0.14607029
v 0.03210516 0.05609751 0.14661239
v 0.03093204 0.03081276 0.14736003
v 0.03173082 0.19944671 0.15432282
v 0.03181722 0.25289634 -0.14090736
v 0.05160021 0.23087156 -0.14411926
v 0.03150883 0.23528022 -0.14810006
v 0.03145377 -0.19297437 -0.13551117
v 0.04629463 -0.24165563 -0.13828972
v 0.03352883 -0.26000491 -0.14353094
v 0.04897947 -0.20113306 -0.13200761
v 0.04178835 0.41558254 -0.06971727
v 0.03114171 0.41528931 -0.07442045
v 0.02553739 0.49672666 -0.0706154
v 0.02553739 0.49672666 -0.0706154
v 0.00183777 0.49992281 -0.00938501
v 0.0445328 -0.4466784 0.04686576
v 0.03479809 -0.44964418 0.04371012
v 0.03247798 -0.44508645 0.03938757
v 0.03801088 0.40681067 0.05410384
v 0.02922733 0.38912863 0.05824226
v 0.04294379 0.38895041 0.04851352
v 0.03967972 0.41276431 0.05601927
v 0.03183423 0.41006294 0.05897116
v 0.0403727 -0.45657808 0.05271712
v 0.02986502 -0.47227061 0.0531107
v 0.03677969 -0.48241425 0.06889909
v 0.02796289 0.44079936 0.07244839
v 0.0296428 0.42207876 0.07359021
v 0.02643975 0.49040455 0.07442691
v 0.03911354 -0.48734668 0.10332714
v 0.02893213 -0.4925884 0.10506976
v 0.03233531 -0.49550593 0.09213172
v 0.03050705 -0.47188789 0.12281212
v 0.04482809 -0.44339982 0.128203
v 0.03111238 -0.45981067 0.12814796
v 0.04361293 -0.45609298 0.12380925
v 0.03050705 -0.47188789 0.12281212
v 0.03180775 -0.443959 0.13269237
v 0.02035683 -0.12797453 0.13790371
v 0.02792937 -0.08930029 0.14666879
v 0.03348273 0.36548343 -0.07459824
v 0.04126804 0.34435552 -0.08631805
v 0.0257459 0.35153288 -0.08837176
v 0.02833863 -0.49378595 -0.05604758
v 0.0252871 -0.49766186 -0.06700967
v 0.03374887 -0.49815831 -0.06665694
v 0.02365465 -0.47269323 -0.03456052
v 0.02592041 -0.4817977 0.05789895
v 0.02543396 0.46098295 0.07504831
v 0.03067455 -0.48395413 0.11409129
v 0.0195099 0.30918044 0.11467255
v 0.03067455 -0.48395413 0.11409129
v 0.02005011 0.00128255 -0.14934756
v 0.03986742 0.04141528 -0.14499487
v 0.03215458 -0.00183301 -0.14721957
v 0.01701237 -0.26500452 -0.14623478
v 0.0183856 -0.2165671 -0.14055085
v 0.01935823 0.30998895 -0.11414004
v 0.02978357 0.3355155 -0.09719045
v 0.02012639 0.41908079 -0.0790997
v 0.02775362 0.42334726 -0.07229187
v 0.03348273 0.36548343 -0.07459824
v 0.02398811 0.38831517 -0.05967597
v 0.03266884 0.38871494 -0.05535148
v 0.01985936 -0.45944697 -0.02497071
v 0.03044963 -0.44231513 0.03354622
v 0.03247798 -0.44508645 0.03938757
v 0.01941137 -0.44134569 0.02911789
v 0.02242129 0.40985239 0.06284889
v 0.02416896 0.43589923 0.07573415
v 0.02537732 0.41894418 0.07893044
v 0.02118081 0.41538775 0.07940119
v 0.01722959 0.36472601 0.08121702
v 0.01781624 0.34408548 0.09456666
v 0.01864935 -0.47255775 0.12573831
v 0.01929247 -0.48326355 0.11903634
v 0.01717481 -0.45499545 0.13241197
v 0.0208254 -0.1666812 0.13784136
v 0.01920758 -0.43314621 0.13723709
v 0.02032048 -0.12345991 0.13902104
v 0.02036362 -0.24146727 0.14255111
v 0.01864225 0.25400475 0.14275001
v 0.01682404 -0.09989699 0.14683974
v 0.0143987 -0.26244348 0.14429946
v 0.015793 -0.28871503 0.14642255
v 0.01722594 -0.4096458 0.14134368
v 0.01700764 0.16225281 0.1494104
v 0.0185022 0.14426263 0.14896116
v 0.01879739 0.09322882 0.1484879
v 0.01694436 0.05343974 0.14910211
v 0.01747284 -0.07765795 0.14896394
v 0.01906004 -0.31395796 0.14739579
v 0.01686479 -0.34002236 0.14778757
v 0.01782451 -0.37355217 0.14629455
v 0.01945813 0.22197692 0.15443961
v 0.01767676 0.1754598 0.1532957
v 0.01687239 -0.00983785 0.14951737
v 0.01845711 -0.0354302 0.14927204
v 0.0361359 0.16545285 -0.14723527
v 0.03676308 0.15522939 -0.14580002
v 0.01699886 0.14914104 -0.14920689
v 0.02003259 0.37179491 -0.07513595
v 0.02398811 0.38831517 -0.05967597
v 0.01833698 -0.46402726 -0.0272444
v -0.0528425 0.49988008 0.04582037
v 0.01941137 -0.44134569 0.02911789
v 0.01739741 -0.45274538 0.03476293
v 0.01632834 0.38937408 0.06272428
v 0.01480998 0.3835395 0.06819738
v 0.01510437 0.49748051 0.07267006
v 0.01510437 0.49748051 0.07267006
v 0.01784177 0.44034061 0.07534823
v 0.0194902 0.4272472 0.07612591
v 0.01777614 0.42248932 0.07642852
v 0.02475142 0.48663399 0.07490909
v 0.01745879 0.29216829 0.12410794
v 0.01698032 -0.14733711 0.13824505
v 0.01742466 -0.19875525 0.13802721
v 0.018776 0.23710708 0.14955397
v 0.01765048 0.19848716 0.15663224
v 0.02564364 0.41364193 -0.06512541
v 0.01407641 0.41305688 -0.06584199
v 0.02829091 0.4140456 -0.07010534
v -0.01721159 0.50002575 -0.06874124
v 0.01614628 -0.48255986 -0.04253341
v 0.01506066 -0.44323283 -0.01798666
v 0.02788752 -0.44046566 -0.02093622
v 0.01614847 -0.43810141 -0.01518903
v 0.00884932 0.43492535 0.07872575
v 0.00932777 0.41859511 0.08221478
v 0.01564915 -0.48886943 0.11421221
v 0.01419 -0.49453402 0.10712773
v 0.02619508 0.49046206 -0.07410675
v 0.00166601 0.49819112 -0.07374738
v 0.00166601 0.49819112 -0.07374738
v 0.01360539 -0.47582737 -0.03742808
v 0.01257311 -0.45832372 -0.02443745
v 0.00902271 -0.44649607 -0.01861519
v 0.01320458 0.40693858 0.06435531
v 0.00194719 -0.15931527 0.13864593
v 0.00138842 -0.16519512 0.13975514
v 0.00299212 -0.21627928 0.14192636
v 0.00338604 -0.24098675 0.14398767
v -0.00048792 0.23553576 0.15176797
v 0.00984453 -0.143317 -0.13701566
v 0.02098722 -0.15468197 -0.13813952
v 0.00039255 -0.15726405 -0.13998447
v 0.01360539 -0.47582737 -0.03742808
v 0.00976131 -0.48078701 -0.04680664
v 0.01614628 -0.48255986 -0.04253341
v 0.01257311 -0.45832372 -0.02443745
v 0.00350314 -0.4573622 -0.02823254
v 0.00044709 -0.44087562 -0.01462703
v 0.00060396 0.38927686 0.06452524
v 8.346E-05 0.49054646 0.07886638
v -0.0003968 0.3805266 0.07208009
v 0.0006289 0.36086512 0.0855644
v 0.00025006 0.33757013 0.1002764
v 0.00058161 0.31190035 0.11465871
v 0.00422864 -0.47877511 0.12149864
v 0.00261631 -0.46443561 0.1288799
v 0.00054084 0.26337087 0.13942181
v 0.00209135 -0.12719868 0.13893853
v 0.00146864 -0.1985717 0.13880534
v 0.00178891 -0.42622721 0.13885176
v 0.00208371 -0.10239576 0.1470055
v 2.644E-05 -0.28938654 0.14763321
v 0.00180608 -0.31157267 0.14859305
v 0.00048369 -0.39717939 0.14401565
v 8.908E-05 0.16481285 0.15111643
v 0.00031768 0.15069208 0.14975594
v 0.00100608 0.10207102 0.14984182
v 0.00210138 0.05494851 0.15008374
v 0.00102742 0.01080637 0.15072748
v -0.00013055 -0.01988492 0.15024899
v 0.00085938 -0.04514514 0.15045108
v 0.00059019 -0.08675524 0.1493686
v 0.00048847 -0.34228104 0.14870548
v 0.02012639 0.41908079 -0.0790997
v -0.00177886 0.42007715 -0.08103923
v 0.01583412 0.42305788 -0.07560284
v 0.00300821 -0.45000935 -0.02162456
v 0.00300821 -0.45000935 -0.02162456
v -0.00203938 -0.43673208 -0.01002308
v 0.01512527 0.4137553 0.06821287
v 0.00241124 0.4130255 0.06894835
v -0.00035855 0.49882221 0.07300504
v -0.00076438 0.46012753 0.07932039
v -7.933E-05 0.44813597 0.07879025
v 0.00063896 0.4404988 0.07785316
v -0.0016772 0.42647567 0.07833971
v 0.00102976 0.42212006 0.07892298
v 0.00121299 0.41551086 0.08238771
v -0.0037643 0.41878447 0.08300383
v 0.00422864 -0.47877511 0.12149864
v 0.00413852 -0.4881379 0.11354565
v 0.00072301 0.28919291 0.12665443
v -0.00043966 -0.14846903 0.13909119
v 0.00104954 -0.36958516 0.14729743
v 0.00027165 0.14185765 0.15044911
v -0.00075647 0.22100236 0.15621477
v -0.0008333 0.17312014 0.15415874
v 0.000802 0.19928014 0.1580907
v 0.0002804 0.30921361 -0.11641317
v 0.0118737 0.3415997 -0.09728561
v 0.02078753 0.4360927 -0.07643452
v 0.01951535 0.42768604 -0.07554804
v -0.00034026 0.4265461 -0.07846674
v -0.00029075 0.42250136 -0.07835177
v -0.02123899 0.50002789 0.06791036
v -0.00145195 0.40637827 0.06580882
v 0.00048059 0.41109011 0.06778432
v -0.00035855 0.49882221 0.07300504
v -0.00306587 0.43541688 0.07962923
v 0.0022417 -0.44423538 0.13511015
v -0.00077326 -0.26589864 0.14526561
v 0.00060109 0.46772599 -0.07919324
v 0.02334105 0.45157775 -0.07496159
v -0.00073793 0.44304895 -0.07802523
v -0.00525554 -0.48316309 0.11417055
v -0.00511685 -0.48944625 0.10596026
v -0.00483511 -0.47383308 0.12189522
v -0.00525554 -0.48316309 0.11417055
v -0.01182962 -0.12754561 0.13835143
v -0.01482705 0.42323223 -0.07604872
v -0.01070621 0.39283377 0.06315042
v -0.01280627 0.38816723 0.06364793
v -0.01767343 0.42217731 0.07665034
v -0.0157365 0.35403731 0.08843052
v -0.01213345 -0.45943126 0.12676995
v -0.01983549 0.27146277 0.13398445
v -0.01107203 -0.44145402 0.13350335
v -0.01427421 -0.19811849 0.13813798
v -0.01216381 -0.4203864 0.13859189
v -0.01563773 -0.38843003 0.14399369
v -0.01550567 -0.2689313 0.14487982
v -0.01561447 -0.28765598 0.14700285
v -0.015373 0.0536807 0.14917491
v -0.01662424 0.012358 0.14933255
v -0.01633712 -0.07406592 0.14907098
v -0.01460236 -0.09218428 0.14822744
v -0.01616805 -0.3257978 0.14808322
v -0.02165522 0.19925894 0.15649134
v -0.00971367 0.41011006 0.06553587
v -0.02471914 0.49058759 0.07495035
v -0.0225541 0.44842505 0.07534228
v -0.01471139 0.44063962 0.07583904
v -0.01841681 0.3259491 0.10526859
v -0.01953202 0.29914284 0.11986452
v -0.01961331 0.24370393 0.14714822
v -0.01679185 -0.16756018 0.13858221
v -0.02304127 -0.20961733 0.13940607
v -0.01554368 -0.23766963 0.14300704
v -0.0163405 -0.10427727 0.14560942
v -0.017483 0.22239038 0.15489323
v -0.02527842 0.16423617 0.14892001
v -0.0182181 0.14350693 0.14888735
v -0.01831719 0.10320739 0.14859499
v -0.01577828 -0.02240755 0.14915051
v -0.01739747 -0.0476081 0.14906012
v -0.01383008 0.17351617 0.15341315
v -0.01922663 0.41902941 -0.07929834
v -0.01801997 0.49685863 -0.07249714
v -0.01953612 0.37718371 0.07138176
v -0.02344177 0.49627495 0.07182386
v -0.02329482 0.43465647 0.0762931
v -0.02079433 0.42414302 0.07535718
v -0.01419559 -0.47521353 0.1145413
v -0.01653127 -0.47840559 0.10716172
v -0.02012566 -0.14618984 0.13760616
v -0.01793511 -0.16090584 0.13660967
v -0.02180825 -0.12699884 0.13727742
v -0.01734573 -0.3564283 0.14711507
v -0.01931021 0.15392748 0.14850555
v -0.0146391 -0.15648763 -0.13933176
v -0.02662515 -0.14289463 -0.13537055
v -0.00598487 -0.14402165 -0.13712278
v -0.00084862 -0.4323169 0.00021499
v -0.00843553 -0.43330082 0.00187084
v -0.02018102 -0.43356812 -0.00412659
v -0.00964037 -0.43647584 0.01389329
v -0.01847363 -0.44667837 0.0129784
v -0.01429999 -0.43687344 0.00536484
v -0.01448863 -0.44169995 0.01772983
v -0.01490458 -0.43754008 0.02894785
v -0.02308725 0.41038591 0.06228119
v -0.02344177 0.49627495 0.07182386
v -0.02565066 0.46160364 0.0750556
v -0.02568728 0.44039571 0.07346711
v -0.02896192 0.4196018 0.07789985
v -0.02274817 0.41531524 0.07928705
v -0.02079347 -0.43427354 0.13258263
v -0.01880305 0.37618476 -0.07244006
v -0.02926392 0.3874158 -0.05849916
v -0.01383568 0.38773042 -0.06349245
v -0.03116053 0.49998513 -0.0631147
v -0.01652837 -0.44193202 -0.03501027
v -0.0193008 -0.44066072 -0.02081819
v -0.01852858 -0.44232339 -0.02899105
v -0.01987082 -0.4513717 0.01775197
v -0.02526654 0.38918215 0.05908974
v -0.03106138 0.38496685 0.06056394
v -0.02406064 -0.46089476 0.11698717
v -0.01653127 -0.47840559 0.10716172
v -0.01419559 -0.47521353 0.1145413
v -0.0279575 -0.43503001 0.1287403
v -0.01905883 -0.46081299 0.12195477
v -0.02990637 -0.16210312 0.13397779
v -0.02958119 -0.41734761 0.13562262
v -0.02900309 -0.18237738 0.13626613
v -0.03356181 -0.24442516 0.14099145
v -0.03214534 -0.39156303 0.14084287
v -0.03048426 0.1457883 0.14681861
v -0.03272547 -0.09732962 0.14456493
v -0.02994757 -0.31741995 0.14604312
v -0.03029418 -0.08242502 0.14656553
v -0.02915657 0.22053933 0.15362944
v -0.01852853 0.49076623 -0.07592497
v -0.03176647 0.49598527 -0.06802907
v -0.01801997 0.49685863 -0.07249714
v -0.03198574 0.41898093 -0.07544605
v -0.02627014 0.42222443 -0.07422356
v -0.03176647 0.49598527 -0.06802907
v -0.01856353 -0.44622317 -0.04938603
v -0.02253268 -0.44949675 -0.04061721
v -0.02696061 -0.46142578 0.02748458
v -0.01890172 -0.44086683 0.02870791
v -0.02899895 0.40512305 0.05871016
v -0.03207696 0.33884311 0.09366643
v -0.03615003 -0.19776011 0.13455522
v -0.03177952 -0.27542195 0.14315809
v -0.03069394 -0.34175298 0.14581253
v -0.03218148 -0.36514658 0.14416127
v -0.03462808 0.23616311 0.14727756
v -0.03179746 0.17472991 0.15098964
v -0.03134797 0.10254548 0.14659189
v -0.03078139 0.01124799 0.14715618
v -0.03123322 -0.02675783 0.146841
v -0.0290422 0.19836296 0.15526268
v -0.02285501 -0.44925579 -0.06077514
v -0.02825199 -0.45591515 -0.06396876
v -0.02918961 -0.45828962 -0.03068516
v -0.02365972 -0.44152063 -0.0173383
v -0.01247909 -0.43668026 -0.01460338
v -0.0401898 -0.43953973 -0.01023989
v -0.02365972 -0.44152063 -0.0173383
v -0.03008295 -0.46542504 0.01842516
v -0.03422747 -0.45504066 0.04589669
v -0.0300652 -0.44571647 0.04711207
v -0.02413094 -0.44123054 0.04092846
v -0.04176649 0.4997631 0.05827491
v -0.03487702 0.38872615 0.05429785
v -0.03603844 0.41239792 0.05886818
v -0.03558224 0.44086364 0.06874909
v -0.03595981 0.4356949 0.07072933
v -0.0308664 0.4232246 0.07203809
v -0.03635274 0.35900044 0.07798941
v -0.03189894 0.3007178 0.11624487
v -0.03145136 0.26012284 0.13741969
v -0.03760234 -0.43713328 0.12080839
v -0.03112935 -0.44858047 0.11880961
v -0.03867411 -0.14387794 0.13365312
v -0.03676435 -0.11282475 0.13928342
v -0.04207183 0.15249793 0.14370826
v -0.03057332 0.04927688 0.1469304
v -0.03130285 -0.28677121 0.14463924
v -0.02594292 -0.44928423 -0.0763381
v -0.03251769 -0.45621949 -0.08070842
v -0.02959309 -0.44619977 -0.08992394
v -0.03208406 -0.46606836 -0.04511357
v -0.01847363 -0.44667837 0.0129784
v -0.03008295 -0.46542504 0.01842516
v -0.03872906 -0.47189879 0.01465156
v -0.06352533 0.49997646 0.0300533
v -0.03487005 -0.47426665 0.02945815
v -0.03185649 -0.44121993 0.05439803
v -0.03824716 0.40198141 0.0530057
v -0.0437235 0.49083915 0.06448127
v -0.03635869 0.41593865 0.07476121
v -0.03750462 -0.44653293 0.10923533
v -0.02729865 -0.46311593 0.10732342
v -0.0389672 -0.12711892 0.1334815
v -0.04164191 -0.16288379 0.13053781
v -0.04479153 -0.17175068 0.13140205
v -0.04545886 -0.41708609 0.12967907
v -0.04329841 0.41951934 -0.0689437
v -0.04025254 0.42347747 -0.06699499
v -0.0412756 -0.48256189 -0.06134074
v -0.03582029 -0.46759149 -0.03332407
v -0.0403783 -0.48100522 -0.04810137
v -0.04256346 -0.45824769 -0.02246942
v -0.03941 -0.4685972 -0.03073896
v -0.02981847 -0.45352045 -0.02434028
v -0.04136512 -0.44544905 -0.01494465
v -0.03935711 0.41064382 0.05449075
v -0.0436579 0.38830373 0.04849362
v -0.02810407 -0.43904173 0.05510715
v -0.03974894 -0.43874213 0.07228827
v -0.04033571 0.42367995 0.06687734
v -0.04392291 0.36451465 0.06932322
v -0.04546247 0.25850418 0.13403019
v -0.0457928 -0.20783699 0.13346894
v -0.04820858 -0.23167531 0.13570072
v -0.04549836 -0.40555048 0.13381693
v -0.04516112 -0.28130981 0.14046665
v -0.04943449 0.1642317 0.14254594
v -0.04628747 -0.29335785 0.14144522
v -0.04731525 -0.33543324 0.14201337
v -0.04544386 -0.36309877 0.14117663
v -0.03511171 0.21962386 -0.15210013
v -0.04853321 0.23625994 -0.14285888
v -0.03227314 0.24813379 -0.14297998
v -0.0387532 -0.44297078 -0.10769559
v -0.04261521 -0.45474049 -0.10008725
v -0.04460333 -0.47986996 -0.0774244
v -0.0411965 0.36126599 -0.07452542
v -0.03910409 0.38795865 -0.05188219
v -0.0440469 0.49997178 -0.05497791
v -0.0652565 0.49999285 -0.02472722
v -0.04130373 -0.48217472 0.03070435
v -0.04444214 -0.47576344 0.04911225
v -0.04809177 0.38863391 0.04364899
v -0.04089918 -0.45235601 0.0570854
v -0.0437235 0.49083915 0.06448127
v -0.04794801 0.45542866 0.06290819
v -0.03558224 0.44086364 0.06874909
v -0.04550524 0.43622538 0.06486037
v -0.03595981 0.4356949 0.07072933
v -0.04543596 0.41953641 0.06841797
v -0.04523841 0.31922117 0.10052358
v -0.04829405 0.29210076 0.11526127
v -0.05074485 -0.39193892 0.1351907
v -0.04899039 0.14193439 0.14189124
v -0.04923576 0.10356033 0.14160928
v -0.05021775 0.0577812 0.14150798
v -0.0469476 0.00693116 0.14261711
v -0.04922943 -0.03883027 0.14186954
v -0.04719233 -0.07977002 0.14210182
v -0.04897887 0.22105967 0.14825414
v -0.04773241 0.19984871 0.1505771
v -0.04997199 -0.48185128 -0.08475341
v -0.03731701 0.43525377 -0.07001635
v -0.04994249 0.43523398 -0.06192589
v -0.03347284 0.44267359 -0.07000098
v -0.05341486 0.36692804 -0.06061715
v -0.04754938 0.49033508 -0.06198801
v -0.04586766 0.4966929 -0.05842557
v -0.04586766 0.4966929 -0.05842557
v -0.04891104 -0.48346651 -0.03804817
v -0.03941 -0.4685972 -0.03073896
v -0.04803124 -0.47465873 -0.03070945
v -0.05765671 -0.44299114 -0.01051535
v -0.04912161 -0.48645324 0.04489927
v -0.04853877 0.40703255 0.04494704
v -0.04837038 0.46851015 0.06307077
v -0.04679314 0.44210321 0.06202794
v -0.04679314 0.44210321 0.06202794
v -0.05030077 0.42719755 0.06023774
v -0.04781123 0.42346916 0.06184618
v -0.04804286 -0.44312975 0.07528193
v -0.05091884 -0.44904912 0.07310241
v -0.04729317 -0.42328352 0.12496927
v -0.05581526 -0.14740869 0.12779853
v -0.05108011 -0.09929977 0.13879037
v -0.04810853 0.17930356 0.14754452
v -0.04261521 -0.45474049 -0.10008725
v -0.05662084 -0.4625814 -0.10707935
v -0.04322042 -0.44146034 -0.11423945
v -0.05354842 -0.49266243 -0.07254163
v -0.05047073 -0.49270082 -0.06192039
v -0.05137027 -0.49213964 -0.04965637
v -0.04733307 -0.4849427 0.02292036
v -0.05570589 -0.48659742 0.01684377
v -0.05089489 -0.49101123 0.03356063
v -0.04733307 -0.4849427 0.02292036
v -0.05264177 -0.47443202 0.06187437
v -0.0501253 0.49070165 0.05927899
v -0.05535829 0.41859099 0.06136256
v -0.04730078 0.41574669 0.06774083
v -0.05715566 0.32197356 0.09252347
v -0.0580139 -0.16362806 0.12419482
v -0.05542863 -0.12773702 0.12753229
v -0.05795239 -0.1972671 0.12704451
v -0.05815215 -0.11225074 0.13217694
v -0.05540967 -0.25264898 0.1355091
v -0.05564222 0.242798 0.13777971
v -0.05640418 0.17036825 0.14226823
v -0.04997199 -0.48185128 -0.08475341
v -0.0559534 -0.47845989 -0.09515642
v -0.05558304 -0.48744798 -0.08486262
v -0.05723869 0.3500576 -0.07201985
v -0.05639779 0.41898602 -0.05886849
v -0.0485707 0.42357841 -0.06113294
v -0.04659572 0.38688728 -0.0469978
v -0.06116861 -0.44983506 -0.01664645
v -0.04567218 0.41094482 0.04915302
v -0.05309194 0.41205713 0.04355374
v -0.05624957 0.49876446 0.04475496
v -0.05792991 0.45037362 0.05214521
v -0.05638646 0.43605199 0.05527056
v -0.04550524 0.43622538 0.06486037
v -0.05638646 0.43605199 0.05527056
v -0.05818383 0.36299774 0.05927279
v -0.05597137 -0.4675079 0.06871609
v -0.06398177 0.26026335 0.12527475
v -0.05778749 -0.17203759 0.12603337
v -0.06864404 -0.4189395 0.11672684
v -0.06179865 -0.23708878 0.13133618
v -0.06341836 -0.28015766 0.13436534
v -0.05738597 -0.37273741 0.135618
v -0.06357649 0.22079818 0.14296032
v -0.0574769 0.0059183 0.13891917
v -0.06329808 0.19844012 0.14483489
v -0.05730177 -0.45010191 -0.11474088
v -0.0598067 0.49699244 -0.04325607
v -0.05931282 0.49958867 -0.03830453
v -0.06245222 -0.48603973 -0.03506737
v -0.04891104 -0.48346651 -0.03804817
v -0.062404 -0.47589037 -0.02859073
v -0.04035103 -0.43849218 -0.00635836
v -0.04419741 -0.44153973 -0.00218755
v -0.0600173 -0.44511384 -0.00535324
v -0.05569226 -0.49247992 0.04525135
v -0.06417977 0.36983699 0.04540758
v -0.05552987 0.49171382 0.05329039
v -0.05998158 0.46967384 0.05086333
v -0.05604402 -0.48698002 0.05526331
v -0.05552987 0.49171382 0.05329039
v -0.05888193 0.42710975 0.05157136
v -0.05522285 0.42331499 0.05493287
v -0.05531178 0.34933081 0.07346556
v -0.06625332 -0.20737864 0.12558447
v -0.06388047 -0.40568653 0.12544779
v -0.0607168 0.16211444 0.13742991
v -0.0664314 0.14488654 0.13438183
v -0.06182855 0.1014901 0.13640434
v -0.05938033 -0.07834315 0.13746251
v -0.06523471 -0.30912057 0.13504019
v -0.06519379 -0.34562412 0.13466823
v -0.06134542 0.18367223 0.14338309
v -0.06395817 0.41921216 -0.05037884
v -0.0614997 0.42387679 -0.04819791
v -0.06313503 0.37244788 -0.04356608
v -0.04659572 0.38688728 -0.0469978
v -0.06313503 0.37244788 -0.04356608
v -0.05805452 0.3873986 -0.03034304
v -0.06153718 -0.49244657 -0.04192927
v -0.05458715 0.41041371 0.03820794
v -0.06118428 0.41183412 0.03006499
v -0.05859281 0.40629241 0.02999967
v -0.06342139 0.41886422 0.05183617
v -0.06413617 -0.48707959 0.06366909
v -0.06448855 -0.47453326 0.07344799
v -0.06266671 -0.45050883 0.08574719
v -0.04935407 -0.43830886 0.08347843
v -0.06018781 -0.43573263 0.09991413
v -0.06167816 0.05170859 0.13673608
v -0.06513979 -0.03940379 0.1351679
v -0.06528471 -0.09558649 0.13342293
v -0.06074996 0.38881204 0.02128008
v -0.06237319 0.38802874 0.01798985
v -0.05782824 0.38791147 0.03076986
v -0.05847024 0.44143283 0.05010445
v -0.06694209 0.44165406 0.03802552
v -0.06574757 0.43506625 0.04390622
v -0.06574757 0.43506625 0.04390622
v -0.06646623 0.33870602 0.07266203
v -0.07449319 0.3127768 0.08594755
v -0.07235358 -0.16228554 0.11711375
v -0.07174627 -0.17093636 0.11864471
v -0.07003703 0.23948601 0.13237129
v -0.06873848 -0.38319823 0.12836093
v -0.07250731 0.15130468 0.13069034
v -0.06985743 -0.36373457 0.13072516
v -0.0704722 0.17336465 0.13683431
v -0.06641541 0.49005389 -0.04051039
v -0.07130885 0.49579215 -0.02406795
v -0.07017606 0.37170702 -0.03284083
v -0.07154127 0.37704813 -0.01682282
v -0.06351437 0.38845539 -0.00991051
v -0.07280677 -0.44516185 -0.01387573
v -0.06970461 0.49986529 -0.00053783
v -0.06856418 0.4991757 0.0197544
v -0.07309221 0.37464166 0.01872852
v -0.07208738 0.36998311 0.03132654
v -0.07174161 0.49064678 0.03026969
v -0.06659054 0.45314571 0.04059718
v -0.07120693 0.44129422 0.03066934
v -0.06694209 0.44165406 0.03802552
v -0.06417977 0.36983699 0.04540758
v -0.06763773 0.42223805 0.04014725
v -0.07230489 0.41921982 0.03919612
v -0.0722112 0.34332567 0.06282277
v -0.07135072 -0.45245779 0.09018476
v -0.06641792 -0.43829498 0.10009332
v -0.06144097 -0.42290649 0.11667304
v -0.06640746 -0.43139791 0.10747693
v -0.07229505 -0.1295775 0.11859634
v -0.0718876 -0.14619203 0.11972083
v -0.07256667 -0.1881095 0.11907993
v -0.07755575 -0.20102909 0.11816587
v -0.0739833 -0.11118534 0.12466353
v -0.07508974 -0.273424 0.12843166
v -0.0734604 0.16366389 0.13100858
v -0.07022397 0.09402352 0.13202353
v -0.07501742 0.01533123 0.13001765
v -0.07182052 -0.06821403 0.13121009
v -0.07546828 -0.09334455 0.12839085
v -0.07582653 0.19808428 0.13854152
v -0.06721488 -0.1426926 -0.12346126
v -0.0799252 -0.13111168 -0.11551808
v -0.06153188 -0.13092591 -0.1254233
v -0.07754703 0.35117802 -0.04783333
v -0.07044394 0.41899306 -0.04114979
v -0.07470563 0.41894224 -0.03388783
v -0.07111185 0.42276672 -0.03375068
v -0.07639016 -0.4850792 -0.0358757
v -0.07696725 -0.45411605 -0.01987847
v -0.07307002 0.49754599 -0.00032568
v -0.0748418 0.37560841 0.00021408
v -0.06472068 0.38812557 0.00285216
v -0.07120693 0.44129422 0.03066934
v -0.0727156 0.43426129 0.03228184
v -0.07886615 0.34946004 0.04733321
v -0.0722112 0.34332567 0.06282277
v -0.07733972 -0.48353967 0.07325949
v -0.07859728 -0.47177473 0.08191623
v -0.07700191 0.28538901 0.10282014
v -0.06641792 -0.43829498 0.10009332
v -0.07550418 -0.43914798 0.10141441
v -0.07135072 -0.45245779 0.09018476
v -0.06615946 0.28735504 0.10890674
v -0.07975158 -0.4270432 0.10773624
v -0.08341343 0.25829279 0.11421726
v -0.07757296 -0.23750313 0.12345086
v -0.08089997 0.22001195 0.13361371
v -0.08086772 -0.47495809 -0.03089725
v -0.07909255 0.41888747 -0.02191129
v -0.07567536 0.42271408 -0.02016137
v -0.07857155 0.48990777 -0.00028593
v -0.07503478 0.49100155 0.02072802
v -0.07567988 0.42251521 0.01811956
v -0.07806207 0.41900775 0.02511466
v -0.07224796 0.4228591 0.03019656
v -0.07230489 0.41921982 0.03919612
v -0.07224796 0.4228591 0.03019656
v -0.08796626 0.32092935 0.06474056
v -0.07895666 -0.49184543 0.0647053
v -0.07925172 -0.45244822 0.09306537
v -0.07859728 -0.47177473 0.08191623
v -0.08215354 -0.43757543 0.10124718
v -0.08720299 -0.13057815 0.1089104
v -0.08509828 -0.40401593 0.11329703
v -0.08186783 -0.37609667 0.12146053
v -0.07946756 0.13897268 0.12678191
v -0.08070726 -0.03847019 0.12631717
v -0.08189473 -0.31704897 0.12601675
v -0.08471483 -0.35048369 0.12297916
v -0.06845719 0.35030234 -0.06060242
v -0.08677922 0.32720685 -0.05981423
v -0.08611628 -0.4454641 -0.01738659
v -0.08213571 0.41864109 0.00044616
v -0.07882208 0.42198771 -8.81E-06
v -0.07889364 0.4711352 8.639E-05
v -0.07868115 0.45382482 -0.00085702
v -0.07512476 0.45314816 0.02253887
v -0.07882208 0.42198771 -8.81E-06
v -0.08213571 0.41864109 0.00044616
v -0.08796626 0.32092935 0.06474056
v -0.08382674 -0.16053234 0.10957096
v -0.08612527 -0.14707263 0.11013028
v -0.08647703 -0.18501857 0.10923705
v -0.08506376 -0.20940998 0.11542438
v -0.08910137 0.2370529 0.12110587
v -0.08975387 -0.10576879 0.11573508
v -0.08825496 0.16372783 0.12122151
v -0.08958247 0.15091813 0.11944712
v -0.0826797 0.0904724 0.12438451
v -0.08350338 -0.0860778 0.12378699
v -0.09126284 0.1703231 0.12186868
v -0.08406871 0.18166466 0.13019741
v -0.08849542 -0.48673248 -0.04288999
v -0.07499631 -0.49191883 -0.04193382
v -0.09039048 0.3440221 0.03131221
v -0.09128264 -0.47462842 0.07899446
v -0.07733972 -0.48353967 0.07325949
v -0.09123283 -0.46281174 0.08636114
v -0.09185492 -0.16786543 0.10408244
v -0.09578386 -0.44063783 0.09467193
v -0.08903417 -0.25479874 0.11803553
v -0.08462195 0.01834752 0.12375145
v -0.0888584 -0.06260195 0.11991894
v -0.09062639 -0.29764292 0.11957993
v -0.09529227 0.19830565 0.1254891
v -0.09121095 -0.47628641 -0.03633223
v -0.09576615 -0.45096353 -0.02491338
v -0.09081353 -0.4875505 0.06758728
v -0.08678294 0.282399 0.09678455
v -0.09758356 -0.158737 0.09817573
v -0.09564461 -0.20888047 0.10691693
v -0.0914368 0.08053778 0.11818454
v -0.09609561 -0.04139059 0.11481461
v -0.09239541 -0.33028275 0.11812964
v -0.09606002 -0.44241127 -0.01970177
v -0.08728707 -0.44347519 -0.01431523
v -0.0977181 -0.41733459 0.10080804
v -0.10059907 -0.37606007 0.10682213
v -0.09976127 -0.07834298 0.11117648
v -0.09568994 -0.09293028 0.11366966
v -0.09244665 0.22019492 0.12549603
v -0.10153805 0.18613046 0.11792358
v -0.09850699 -0.47672555 -0.04195601
v -0.09759906 0.29065162 0.07972127
v -0.10589065 0.26230413 0.09142523
v -0.09974111 -0.13263673 0.09859212
v -0.09848019 -0.14736009 0.09929786
v -0.09897711 -0.184799 0.09825516
v -0.10161678 -0.2763668 0.10939465
v -0.10306277 -0.34813809 0.10823606
v -0.09398718 0.03344832 0.11649879
v -0.10627472 0.2335058 -0.10911408
v -0.1040495 0.24863032 -0.10326847
v -0.08992372 0.25990722 -0.1098981
v -0.10569008 -0.47752038 -0.05173944
v -0.09679005 -0.48654148 -0.051334
v -0.10694415 -0.46275479 -0.03924501
v -0.10829942 0.29106492 0.06409469
v -0.09759906 0.29065162 0.07972127
v -0.09081353 -0.4875505 0.06758728
v -0.10192767 -0.47598353 0.07188252
v -0.09618244 -0.49199629 0.05850144
v -0.10186399 -0.4592551 0.08280465
v -0.10204267 -0.20885402 0.10092094
v -0.10439802 -0.40985608 0.09676665
v -0.10485084 0.16278097 0.10714258
v -0.10466228 0.14719567 0.10642944
v -0.1058255 -0.10091852 0.10294536
v -0.10177689 -0.25121439 0.10706726
v -0.10328522 -0.06271886 0.10791533
v -0.10662065 -0.31552896 0.10639854
v -0.10844278 0.21976072 0.11180162
v -0.09679005 -0.48654148 -0.051334
v -0.10569008 -0.47752038 -0.05173944
v -0.09835505 -0.48844531 -0.06465874
v -0.10592609 -0.439273 -0.02315092
v -0.11379382 -0.4412533 -0.03177467
v -0.10762522 -0.13362971 0.09024007
v -0.10911035 -0.20930786 0.09335547
v -0.11016682 0.17245203 0.10632088
v -0.10576717 0.06927826 0.10612848
v -0.10666215 -0.02622632 0.10552093
v -0.10544265 0.24097332 0.1049339
v -0.11072494 -0.4649893 0.07122088
v -0.10634034 -0.43803048 0.08764035
v -0.11246801 -0.44996151 0.07729884
v -0.11103347 -0.1070666 0.09558795
v -0.11313012 -0.06309517 0.09779026
v -0.11335643 0.19830063 0.10889772
v -0.11639915 -0.382824 0.0896163
v -0.11403834 0.12129836 0.09657235
v -0.11530158 -0.03745659 0.09616762
v -0.11433855 -0.09118915 0.09522709
v -0.11500488 -0.25739592 0.09391464
v -0.11087719 -0.26933286 0.09962044
v -0.11773255 -0.33615884 0.09390695
v -0.1172447 -0.35743925 0.09241592
v -0.11263666 0.21923888 -0.1087839
v -0.12249693 0.23308291 -0.09078023
v -0.10322791 0.2832503 -0.07929492
v -0.12218665 0.24988107 -0.08012017
v -0.11188749 0.28122368 -0.06756974
v -0.11485031 -0.43582666 -0.0270069
v -0.10965061 0.31342202 0.03062697
v -0.11916809 0.28688139 0.04708447
v -0.10242335 0.31655496 0.04404977
v -0.11376593 -0.47553131 0.05729788
v -0.11193818 -0.48492429 0.04398372
v -0.10458298 -0.48737398 0.0563761
v -0.11793494 0.27481169 0.06389953
v -0.11631136 0.26390693 0.07665154
v -0.11902513 -0.15813154 0.06997932
v -0.10982663 -0.16524793 0.08456827
v -0.10509077 -0.15797259 0.0899693
v -0.10788121 -0.18645692 0.08819442
v -0.1140409 -0.18488948 0.07914136
v -0.11715988 -0.2103512 0.08289204
v -0.11797362 0.16429546 0.09302398
v -0.11856013 0.15009874 0.09104262
v -0.11870646 0.08856708 0.09119292
v -0.11848559 0.05450685 0.09234014
v -0.10589065 0.26230413 0.09142523
v -0.11993431 0.23962374 0.08945885
v -0.11993431 0.23962374 0.08945885
v -0.1230766 0.22177806 0.09519519
v -0.12296086 0.17391032 0.09200862
v -0.11913361 -0.30284655 0.09241337
v -0.11263666 0.21923888 -0.1087839
v -0.12709655 0.21961728 -0.09132831
v -0.12249693 0.23308291 -0.09078023
v -0.12950754 -0.42679626 -0.03368266
v -0.12199496 -0.44057441 -0.03958392
v -0.12333206 -0.18686132 0.06323656
v -0.12577517 -0.20782249 0.06699695
v -0.1272063 -0.0627927 0.07903925
v -0.12580915 -0.08818369 0.08086646
v -0.11313012 -0.06309517 0.09779026
v -0.12632303 0.19940446 0.09435765
v -0.12043279 -0.46003267 0.05917323
v -0.13040644 -0.44178337 0.04559607
v -0.1257327 -0.45907229 0.04531083
v -0.12491761 -0.12608926 0.06528075
v -0.12588154 -0.14256564 0.0621446
v -0.11882143 -0.12816213 0.07652955
v -0.1283434 0.16365829 0.07831343
v -0.127782 0.14856033 0.07762415
v -0.11856013 0.15009874 0.09104262
v -0.1172447 -0.35743925 0.09241592
v -0.12823258 -0.34412631 0.07875828
v -0.12646808 -0.38048476 0.07632186
v -0.12925187 0.23701543 -0.07797196
v -0.13045254 -0.18865199 0.04581248
v -0.13449657 -0.2101565 0.04674934
v -0.12798184 -0.42603621 0.06028185
v -0.13750279 -0.39948994 0.04652417
v -0.13455229 -0.09847263 0.06255109
v -0.13570918 -0.11515272 0.04838635
v -0.12787423 0.01763657 0.07965113
v -0.13550541 0.0353086 0.06569134
v -0.13558361 -0.00705036 0.06475744
v -0.13782386 -0.30412745 0.06142061
v -0.13659385 -0.34117898 0.06324457
v -0.12982866 -0.3193903 0.07758478
v -0.1372152 -0.18996373 -0.01756033
v -0.14067672 -0.21502846 -0.0185567
v -0.14269108 -0.21869859 0.00022383
v -0.13940634 -0.16558176 0.01637138
v -0.14094128 -0.17010586 -0.00077854
v -0.13920744 -0.17881234 0.01503484
v -0.14149141 -0.03723585 -0.04876819
v -0.14644755 -0.00974411 -0.03348964
v -0.14122669 -0.00203247 -0.05035812
v -0.14289512 -0.24490891 0.03240784
v -0.14665711 -0.277982 0.02927676
v -0.14075424 -0.25653899 0.04555847
v -0.14654446 -0.02234577 0.03483612
v -0.14624618 -0.07912741 0.03223957
v -0.14152725 -0.06108262 0.04963183
v -0.14592971 -0.28366056 -0.03288757
v -0.14909388 -0.30548993 -0.01689829
v -0.14726956 -0.26992452 -0.01851553
v -0.14789394 0.16447435 0.03037317
v -0.14983539 0.16454998 0.01954657
v -0.14915833 0.14837652 0.01762524
v -0.14698592 0.14737748 0.03137371
v -0.14936149 0.10178256 0.01692941
v -0.14716111 0.10882048 0.03124796
v -0.15495074 0.19854788 -0.02980424
v -0.15832953 0.1985707 0.00029646
v -0.15644057 0.21992275 -0.00010618
v 0.12443746 -0.45089629 -0.02764806
v 0.12443746 -0.45089629 -0.02764806
v 0.12349003 -0.47450048 -0.01121009
v 0.12028807 -0.45296419 -0.02835357
v 0.12169009 -0.46417469 -0.02253093
v 0.11511992 -0.42412877 -0.06185605
v 0.11511992 -0.42412877 -0.06185605
v 0.11552641 -0.42930007 -0.05015684
v 0.11511728 -0.43721801 -0.03952626
v 0.11334515 -0.44932294 -0.03074005
v 0.11209199 -0.42591664 -0.05726826
v 0.11126666 -0.47120634 -0.02417337
v 0.10754739 -0.48244312 -0.018791
v 0.10637785 -0.49199283 -0.0078796
v 0.10996711 -0.49394962 0.01582629
v 0.10996711 -0.49394962 0.01582629
v 0.09775437 -0.3349629 -0.11372761
v 0.11511992 -0.42412877 -0.06185605
v 0.11209199 -0.42591664 -0.05726826
v 0.10385785 -0.42759228 -0.04810209
v 0.1022688 -0.43746895 -0.03719787
v 0.10529548 -0.47331014 -0.02396535
v 0.10272614 -0.49735227 0.01410776
v 0.09388109 0.18486074 -0.1238064
v 0.10303447 -0.43071541 -0.06799269
v 0.10212624 -0.42585164 -0.05781508
v 0.10754739 -0.48244312 -0.018791
v 0.09831277 -0.48958105 -0.01461958
v 0.09978235 -0.4976005 0.00088231
v 0.10272614 -0.49735227 0.01410776
v 0.10308988 -0.49279848 0.02775535
v 0.10308988 -0.49279848 0.02775535
v 0.09138353 0.20009682 -0.12842496
v 0.09195089 -0.08337443 -0.11795237
v 0.09282777 -0.43151423 -0.04370844
v 0.09282757 -0.43921876 -0.03561281
v 0.09555531 -0.44849652 -0.02999214
v 0.08717941 -0.45775047 -0.02549348
v 0.0958294 -0.47400355 -0.0229102
v 0.09692618 -0.48360255 -0.01907438
v 0.09831277 -0.48958105 -0.01461958
v 0.09748632 -0.49389696 -0.00903821
v 0.09515301 -0.49903056 0.01286322
v 0.08453832 -0.43216535 -0.04516269
v 0.09380595 -0.49544156 0.02523482
v 0.10308988 -0.49279848 0.02775535
v 0.09325483 -0.43016541 0.07626599
v 0.10129194 -0.42461476 0.07926035
v 0.09019557 -0.42803383 0.08441383
v 0.095485 -0.41906759 0.09056506
v 0.08453832 -0.43216535 -0.04516269
v 0.08522 -0.48162365 -0.01805165
v 0.09748632 -0.49389696 -0.00903821
v 0.08250558 -0.49318814 -0.00825939
v 0.09057705 -0.49840647 0.0013031
v 0.08074862 0.17118956 -0.12977657
v 0.08174121 -0.0911413 -0.12482214
v 0.08267447 -0.10208773 -0.12218262
v 0.0863659 -0.31979835 -0.12326761
v 0.0788414 -0.37089425 -0.12568884
v 0.07877274 -0.20151751 -0.11893032
v 0.07667726 -0.43742722 -0.03628678
v 0.07743428 -0.44450408 -0.02966494
v 0.07938936 -0.45226198 -0.02570583
v 0.08250558 -0.49318814 -0.00825939
v 0.09057705 -0.49840647 0.0013031
v 0.07952423 0.22040902 -0.13442497
v 0.0777203 0.18207835 -0.13419266
v 0.07057161 0.23124172 -0.13601084
v 0.07294261 -0.10124696 -0.12857004
v 0.08002597 -0.27626935 -0.12656821
v 0.07915667 -0.34899357 -0.12724295
v 0.07637152 -0.21087331 -0.12075461
v 0.06343708 -0.46160153 -0.0183721
v 0.08250558 -0.49318814 -0.00825939
v 0.08134197 -0.49711525 0.00149606
v 0.08199956 -0.49409738 0.02346407
v 0.0857629 -0.43420643 0.0719538
v 0.07174565 0.19837636 -0.14045081
v 0.0727109 0.14803454 -0.13067333
v 0.07457647 -0.31084099 -0.13099022
v 0.0857629 -0.43420643 0.0719538
v 0.0833712 -0.43388784 0.0830787
v 0.08046162 -0.43663186 0.07731476
v 0.06717604 -0.25186092 -0.13127464
v 0.07079013 -0.12341473 -0.12198125
v 0.07467686 -0.19052368 -0.11804023
v 0.06398284 -0.44188216 -0.02927904
v 0.06917961 -0.48283654 -0.01157728
v 0.06730745 -0.4922958 0.00089
v 0.07060347 -0.49403602 0.01290073
v 0.07257054 -0.43945614 0.06260793
v 0.06397366 0.21973784 -0.14286445
v 0.06480955 0.11205451 -0.1348225
v 0.06196661 -0.09309629 -0.1356627
v 0.06497039 -0.07303823 -0.13487402
v 0.06437807 -0.27747762 -0.13519116
v 0.0672529 -0.34559792 -0.13448057
v 0.06345734 0.24830352 -0.13233085
v 0.06877495 -0.43656909 -0.03929653
v 0.06877495 -0.43656909 -0.03929653
v 0.07130757 0.41410366 -0.02647283
v 0.07487676 0.41557103 -0.03320349
v 0.0797997 0.41565567 -0.01525328
v 0.06829344 0.41312805 -0.00503076
v 0.06604702 -0.48676825 -0.00685316
v 0.08065725 0.41512623 0.00298538
v 0.0796891 0.41552049 0.01716705
v 0.07032236 0.41403621 0.01008826
v 0.07540976 0.41584134 0.03337373
v 0.07290891 0.41408584 0.02821226
v 0.05941949 -0.4428198 0.0489528
v 0.06210256 0.18203247 -0.14261323
v 0.06041583 0.17032324 -0.14076938
v 0.06446373 -0.31845483 -0.13638164
v 0.06327816 -0.16241737 -0.12281049
v 0.06270009 -0.19333094 -0.12486157
v 0.06730745 -0.4922958 0.00089
v 0.06510439 0.41237742 0.01008424
v 0.0699027 -0.48800334 0.02423864
v 0.07051261 0.41541451 0.04164757
v 0.05946504 -0.44200984 0.05477411
v 0.06397366 0.21973784 -0.14286445
v 0.07174565 0.19837636 -0.14045081
v 0.0579614 0.1966837 -0.14668627
v 0.05946764 0.1655186 -0.1390512
v 0.05882603 0.15476674 -0.13776432
v 0.05866144 0.14348613 -0.13804364
v 0.06204449 -0.00155899 -0.13710198
v 0.05610218 -0.10321172 -0.13604848
v 0.05518781 -0.12474307 -0.12901169
v 0.05755888 -0.22280341 -0.13133109
v 0.0643344 -0.43364754 -0.12532724
v 0.05655698 -0.45041156 -0.12524261
v 0.06054305 -0.46556309 -0.11662738
v 0.06923319 0.41573894 -0.04281323
v 0.05904489 0.41253826 -0.0339339
v 0.05662776 -0.43912277 -0.03197862
v 0.05715527 -0.44891074 -0.0223363
v 0.06541323 0.40876585 5.686E-05
v 0.06829344 0.41312805 -0.00503076
v 0.06445945 0.41368884 0.02476585
v 0.05869757 -0.48714802 0.01415304
v 0.06141868 0.41328046 0.03113248
v 0.05946504 -0.44200984 0.05477411
v 0.06345734 0.24830352 -0.13233085
v 0.07057161 0.23124172 -0.13601084
v 0.06437807 -0.27747762 -0.13519116
v 0.06446373 -0.31845483 -0.13638164
v 0.05251929 -0.28297442 -0.14002742
v 0.05301324 -0.34408382 -0.14061353
v 0.0672529 -0.34559792 -0.13448057
v 0.0517574 0.09852902 -0.14096504
v 0.06480955 0.11205451 -0.1348225
v 0.06654681 0.05519686 -0.13440165
v 0.05647311 -0.25811914 -0.13677639
v 0.06717604 -0.25186092 -0.13127464
v 0.06786162 -0.37530306 -0.13199267
v 0.05485359 -0.39650294 -0.1359392
v 0.04897947 -0.20113306 -0.13200761
v 0.06334579 -0.48709768 -0.09287662
v 0.05611493 -0.4928697 -0.09152941
v 0.05662776 -0.43912277 -0.03197862
v 0.05904489 0.41253826 -0.0339339
v 0.05231794 -0.47192219 -0.01098349
v 0.05489635 -0.48548222 0.00822739
v 0.0592409 0.41159844 0.03342477
v 0.05507124 0.41304189 0.04055131
v 0.06465693 0.41535282 0.05036106
v 0.0507649 0.21850605 -0.14794408
v 0.04751759 0.2488417 -0.13810334
v 0.05866144 0.14348613 -0.13804364
v 0.05284407 0.049555 -0.14060278
v 0.06204449 -0.00155899 -0.13710198
v 0.05378098 -0.0058565 -0.14061062
v 0.05125292 -0.0552256 -0.14093147
v 0.06497039 -0.07303823 -0.13487402
v 0.06196661 -0.09309629 -0.1356627
v 0.05755888 -0.22280341 -0.13133109
v 0.06270009 -0.19333094 -0.12486157
v 0.04696336 -0.19268903 -0.13100389
v 0.0507438 -0.46515992 -0.12204225
v 0.05876329 -0.48187074 -0.10631543
v 0.06334579 -0.48709768 -0.09287662
v 0.05152653 -0.48766437 -0.10519183
v 0.05611493 -0.4928697 -0.09152941
v 0.04865297 -0.47507721 -0.00718123
v 0.05053277 -0.48220775 0.00149147
v 0.0568842 0.41449484 0.05436869
v 0.05683769 0.41594967 0.05996282
v 0.05400491 -0.44513157 0.0543063
v 0.05882603 0.15476674 -0.13776432
v 0.04552531 0.14593503 -0.14299671
v 0.04683539 -0.09016814 -0.1417235
v 0.05610218 -0.10321172 -0.13604848
v 0.06175643 -0.42404386 -0.12879476
v 0.04759602 -0.42652813 -0.13416122
v 0.05655698 -0.45041156 -0.12524261
v 0.05199513 -0.47959429 -0.11258086
v 0.04711638 -0.49288172 -0.10057531
v 0.04625996 -0.49731848 -0.09107453
v 0.04644799 -0.4985593 -0.07966278
v 0.04644799 -0.4985593 -0.07966278
v 0.04903101 0.41558883 -0.06465476
v 0.0485853 -0.43874568 -0.03087603
v 0.03687759 -0.44052354 -0.02222047
v 0.03957395 -0.46096668 -0.0128815
v 0.05053277 -0.48220775 0.00149147
v 0.04404306 -0.47468537 0.01391894
v 0.0445328 -0.4466784 0.04686576
v 0.05941949 -0.4428198 0.0489528
v 0.05026159 0.41549528 0.06565441
v 0.05946764 0.1655186 -0.1390512
v 0.04570905 0.02067427 -0.14347817
v 0.03889955 -0.10685933 -0.14067486
v 0.05288027 0.28074858 -0.11999157
v 0.05198568 -0.14018399 -0.12800212
v 0.03943089 -0.15403537 -0.13411006
v 0.04318599 -0.47821513 -0.1167599
v 0.0507438 -0.46515992 -0.12204225
v 0.04345941 -0.49704003 -0.06911102
v 0.0485853 -0.43874568 -0.03087603
v 0.03867882 -0.44543153 -0.0194627
v 0.04475374 -0.44616991 0.04241203
v 0.04637932 0.41333058 0.05084845
v 0.0463717 -0.44873506 0.0516625
v 0.02993509 0.17267904 -0.15114368
v 0.03739374 0.10496404 -0.14565451
v 0.03870651 -0.03816601 -0.14533803
v 0.03749329 -0.09223445 -0.14414261
v 0.05518781 -0.12474307 -0.12901169
v 0.04202423 -0.12675253 -0.13299301
v 0.02967181 0.28558549 -0.12550321
v 0.03551139 -0.16230929 -0.13393109
v 0.04290114 -0.44924435 -0.13006075
v 0.04152968 -0.4917239 -0.10483201
v 0.04903101 0.41558883 -0.06465476
v 0.04677406 0.41231436 -0.04688762
v 0.03854292 -0.44084287 -0.02816077
v 0.04404244 -0.48760459 0.0933317
v 0.03181605 0.19732612 -0.15463948
v 0.03198187 0.14519383 -0.14689368
v 0.03374792 -0.06980468 -0.14605172
v 0.03239086 -0.43176544 -0.13645618
v 0.03551908 -0.14227878 -0.13341206
v 0.03741645 -0.46469587 -0.12515202
v 0.0393889 -0.49866426 -0.09152652
v 0.02939049 0.44964635 -0.07249285
v 0.0384165 0.4102895 -0.05432308
v 0.03253962 -0.46017057 -0.00786404
v 0.03825876 -0.47072658 -3.296E-05
v 0.03825876 -0.47072658 -3.296E-05
v 0.03844986 -0.44586274 0.0376154
v 0.03967972 0.41276431 0.05601927
v 0.03834617 0.41561586 0.07313506
v 0.0342823 -0.49289429 0.08090983
v 0.02998346 0.21957286 -0.15333201
v 0.03129421 -0.35618812 -0.14607641
v 0.02930047 -0.40109354 -0.14218754
v 0.02912401 -0.12506664 -0.13657288
v 0.02896371 -0.45151705 -0.13107546
v 0.03178677 -0.48219666 -0.11478702
v 0.03214116 -0.50022292 -0.08033965
v 0.03214116 -0.50022292 -0.08033965
v 0.02629877 0.47249061 -0.07492115
v 0.03305972 0.43401492 -0.07196206
v 0.04178835 0.41558254 -0.06971727
v 0.03687759 -0.44052354 -0.02222047
v 0.02929795 -0.44377863 0.02575847
v 0.03844986 -0.44586274 0.0376154
v 0.0445328 -0.4466784 0.04686576
v 0.0342823 -0.49289429 0.08090983
v 0.04404244 -0.48760459 0.0933317
v 0.02037194 -0.10629763 -0.1448475
v 0.02921309 -0.46986276 -0.12276778
v 0.03202725 -0.49210522 -0.10481752
v 0.0289765 -0.49769002 -0.0931026
v 0.03114171 0.41528931 -0.07442045
v 0.03060928 0.41069183 -0.05901396
v 0.03060928 0.41069183 -0.05901396
v 0.02788752 -0.44046566 -0.02093622
v 0.03854292 -0.44084287 -0.02816077
v 0.03687759 -0.44052354 -0.02222047
v 0.02918316 -0.45516667 0.0104311
v 0.02947359 0.41339904 0.06544361
v 0.03183423 0.41006294 0.05897116
v 0.0270114 -0.49264839 0.07215001
v 0.02621128 -0.49667796 0.08157906
v 0.02861041 0.07445993 -0.1476815
v 0.02079135 0.03592002 -0.14894907
v 0.0184709 -0.03687426 -0.14942504
v 0.01761742 -0.09087091 -0.1480685
v 0.01299724 -0.16261588 -0.13857308
v 0.01777714 -0.19414622 -0.13791429
v 0.0254279 0.3975648 -0.05928474
v 0.02391136 -0.44060636 -0.01441227
v 0.02391136 -0.44060636 -0.01441227
v 0.02477588 -0.45467097 -0.00094633
v 0.03253962 -0.46017057 -0.00786404
v 0.02563249 -0.46592072 0.04595284
v 0.02118081 0.41538775 0.07940119
v 0.01679811 0.23862201 -0.14887498
v 0.01906125 0.16383685 -0.1501603
v 0.02004004 0.14515442 -0.14913279
v 0.01665094 -0.07356737 -0.14914683
v 0.01785985 -0.28632611 -0.14775251
v 0.01749191 -0.31667534 -0.14876071
v 0.01732661 -0.35424548 -0.14814304
v 0.01478816 -0.4481183 -0.13143477
v 0.01711844 -0.47492394 -0.11642639
v 0.02068398 -0.48454654 -0.10940009
v 0.0204022 -0.49094811 -0.10084605
v 0.02060987 0.44202691 -0.07479391
v 0.01887714 -0.43929246 -0.01230385
v 0.01989206 -0.44243148 0.01044901
v 0.02098715 -0.43917993 0.02520478
v 0.01695083 -0.43713918 0.01628838
v 0.02242129 0.40985239 0.06284889
v 0.02244682 -0.48871222 0.06351422
v 0.02621128 -0.49667796 0.08157906
v 0.01715192 -0.49929193 0.09107093
v 0.01704473 -0.49711162 0.10058154
v 0.01929247 -0.48326355 0.11903634
v 0.03067455 -0.48395413 0.11409129
v 0.01382453 0.2201167 -0.15545791
v 0.01708474 0.19716738 -0.15676068
v 0.01556247 0.09357487 -0.14938845
v 0.01677493 0.25456509 -0.14238051
v 0.0145903 -0.38586718 -0.14580451
v 0.0140205 -0.4116745 -0.14140041
v 0.01253403 -0.42623371 -0.13810752
v 0.01284686 -0.13016802 -0.13803145
v 0.02294044 -0.14244406 -0.13580714
v 0.02294044 -0.14244406 -0.13580714
v 0.03551908 -0.14227878 -0.13341206
v 0.00984453 -0.143317 -0.13701566
v 0.01174612 -0.17439015 -0.13799228
v 0.01564694 -0.46318927 -0.12382948
v 0.01648663 -0.49248317 -0.09362185
v 0.0289765 -0.49769002 -0.0931026
v 0.03214116 -0.50022292 -0.08033965
v 0.01705886 -0.49564812 -0.08011013
v 0.02775362 0.42334726 -0.07229187
v 0.0252871 -0.49766186 -0.06700967
v 0.00943355 0.41325411 -0.07231202
v 0.01890335 0.41011935 -0.06288762
v 0.03060928 0.41069183 -0.05901396
v 0.0254279 0.3975648 -0.05928474
v 0.01890335 0.41011935 -0.06288762
v 0.01973442 -0.49222657 -0.05564895
v 0.01614847 -0.43810141 -0.01518903
v 0.01887714 -0.43929246 -0.01230385
v 0.0150884 -0.44221225 -0.00159015
v 0.01886474 -0.47454777 0.04781775
v 0.01512527 0.4137553 0.06821287
v 0.01467638 -0.49808323 0.07915575
v 0.01401209 0.17165543 -0.15311188
v 0.01240677 0.0610543 -0.14992943
v 0.00883135 -0.1225747 -0.14033996
v 0.01216912 0.35994077 -0.08540773
v 0.01648663 -0.49248317 -0.09362185
v 0.01819492 0.49052477 -0.07575239
v 0.01477956 0.4155679 -0.07956535
v 0.01583412 0.42305788 -0.07560284
v 0.01477956 0.4155679 -0.07956535
v 0.01221606 0.38833272 -0.06308806
v 0.01621309 -0.49379501 -0.06658074
v 0.00979838 0.39708847 -0.06363944
v 0.01973442 -0.49222657 -0.05564895
v 0.01574274 -0.43733528 -0.01222818
v 0.01295307 -0.4370873 0.02269045
v 0.00672877 -0.43358856 0.0121461
v 0.01259943 -0.46664247 0.04006186
v 0.01255713 -0.48612529 0.05591694
v 0.01420068 -0.49299729 0.06692008
v 0.01420068 -0.49299729 0.06692008
v 0.0270114 -0.49264839 0.07215001
v 0.00060377 0.15135446 -0.15040477
v 0.00098515 0.28790194 -0.12764443
v 0.00855972 -0.47711572 -0.10746991
v -0.0019039 0.41727722 -0.08254316
v 0.00946407 0.41024289 -0.06504549
v 0.01251716 -0.49005428 -0.06107592
v 0.00961141 -0.4366169 -0.00119906
v 0.01048738 -0.44786498 0.02962622
v 0.01002048 -0.47797304 0.04778724
v 0.00044406 0.16651833 -0.1522411
v -0.00092031 0.14367943 -0.15106951
v 7.345E-05 0.0496421 -0.15076336
v 0.00099935 0.00889342 -0.15100043
v 0.00151363 -0.02205755 -0.15072636
v 0.00034508 -0.09351616 -0.14870109
v 0.00016509 -0.28469628 -0.14829443
v 0.00154374 -0.10858493 -0.14519489
v -3.467E-05 -0.22495145 -0.14264931
v 0.00369239 -0.45236433 -0.124423
v 0.00761483 -0.4879165 -0.08083466
v 0.00053138 0.37840822 -0.07312775
v 0.00946407 0.41024289 -0.06504549
v 0.00276565 -0.43304279 -0.00341038
v -0.0002164 -0.43609089 0.0171186
v 0.01295307 -0.4370873 0.02269045
v 0.00648591 -0.4969582 0.07860591
v 0.00254775 -0.49737591 0.09187351
v 0.01564915 -0.48886943 0.11421221
v -0.0010866 0.19872932 -0.15824582
v 5.524E-05 0.1756175 -0.15493569
v -0.00062498 0.25230226 -0.14468761
v -0.00032816 0.22230275 -0.15596932
v -0.00011195 0.10029756 -0.15035719
v -0.0005918 -0.05119986 -0.15079033
v 0.00010763 -0.3183651 -0.14942749
v 0.00075038 -0.35608038 -0.14867947
v -0.00445369 -0.41813698 -0.13830884
v 0.00100522 -0.43497062 -0.13293836
v 0.00138858 -0.45546469 -0.11974759
v 0.00617896 -0.48310581 -0.0940268
v 0.00855972 -0.47711572 -0.10746991
v -0.00177886 0.42007715 -0.08103923
v -0.0007319 0.4148412 -0.08095964
v -0.00072846 0.49052545 -0.07874279
v -0.00203317 0.43552914 -0.07978446
v -0.00029075 0.42250136 -0.07835177
v -0.0007319 0.4148412 -0.08095964
v -8.835E-05 0.40793994 -0.06604888
v 1.388E-05 0.39297289 -0.06468061
v 0.00768966 -0.4840152 -0.06098075
v -0.00328462 -0.45414928 0.03063066
v 0.00180699 -0.46341923 0.03708019
v 0.00311433 -0.4824841 0.0531869
v 0.01255713 -0.48612529 0.05591694
v 0.0035965 -0.49326774 0.07015455
v 0.00241124 0.4130255 0.06894835
v -0.00217418 -0.07458081 -0.15016069
v -0.00071402 -0.38345993 -0.14609471
v -0.00627906 -0.40488753 -0.1418556
v -0.0107776 -0.12675011 -0.13910353
v -0.00312722 -0.17547056 -0.1385272
v -0.00227381 -0.20025258 -0.13921067
v -0.0012347 0.34028357 -0.09924618
v -0.00017819 -0.47350302 -0.09515756
v -0.00143737 0.36075103 -0.08625189
v -0.0002407 0.38736176 -0.06539439
v 0.00096225 -0.47940144 -0.08018907
v -0.00401246 0.410494 -0.06730184
v -0.00401246 0.410494 -0.06730184
v 0.00581356 -0.47617608 -0.04929568
v 0.00175197 -0.45997533 -0.0341643
v -0.00203938 -0.43673208 -0.01002308
v -0.00389504 -0.43373623 0.01023629
v -0.0002164 -0.43609089 0.0171186
v -0.00355282 -0.44380018 0.02375147
v -0.00090021 -0.47524968 0.04681617
v 0.00311433 -0.4824841 0.0531869
v -0.00055066 -0.48774225 0.06251252
v 0.00121299 0.41551086 0.08238771
v -3.84E-05 -0.49338409 0.10344591
v -0.00182935 -0.46087295 -0.1099309
v -0.00182935 -0.46087295 -0.1099309
v -0.00107213 -0.47185701 -0.0684853
v -0.00317678 -0.46125755 -0.05177692
v -0.00321946 -0.44616482 -0.02210575
v 0.00044709 -0.44087562 -0.01462703
v -0.00295336 -0.46567538 0.0397135
v -0.00090021 -0.47524968 0.04681617
v 0.00311433 -0.4824841 0.0531869
v -0.00055066 -0.48774225 0.06251252
v 0.00048059 0.41109011 0.06778432
v -0.01235949 0.41390681 0.07165116
v 0.0035965 -0.49326774 0.07015455
v -0.0025408 -0.49371311 0.07948801
v -0.0025408 -0.49371311 0.07948801
v -0.01785166 0.19700772 -0.15665326
v -0.0163429 0.1717567 -0.15279269
v -0.01540481 0.10743603 -0.14933485
v -0.015009 0.04152733 -0.14964916
v -0.01722965 -0.00453322 -0.1496322
v -0.01656678 -0.05319361 -0.14956006
v -0.01677042 -0.0950693 -0.14781654
v -0.01642656 -0.25264534 -0.14444572
v -0.01667162 -0.36913881 -0.14629196
v -0.0165151 -0.38868597 -0.14383416
v -0.01369367 -0.11419397 -0.14305255
v -0.01834888 -0.21397112 -0.14032733
v -0.01764388 0.25223348 -0.14350608
v -0.00977733 -0.42580745 -0.13359225
v -0.00903049 -0.43553406 -0.12677351
v -0.0179012 0.31152132 -0.11365642
v -0.01264881 0.3925719 -0.06287837
v -0.00997282 -0.4582116 -0.06512388
v -0.00607764 -0.451763 -0.04146304
v -0.00836791 -0.43881735 -0.01892449
v -0.00836791 -0.43881735 -0.01892449
v 0.00044709 -0.44087562 -0.01462703
v -0.01037958 -0.43319491 -0.00537145
v -0.00844572 -0.4371376 0.02102661
v -0.00844572 -0.4371376 0.02102661
v -0.0002164 -0.43609089 0.0171186
v -0.0077181 -0.44120359 0.02452174
v -0.00355282 -0.44380018 0.02375147
v -0.00736463 -0.45589644 0.03454367
v -0.00328462 -0.45414928 0.03063066
v -0.00295336 -0.46567538 0.0397135
v -0.00664248 -0.48363993 0.06369114
v -0.00767519 -0.49165761 0.09281605
v -0.02115705 0.21929805 -0.15454596
v -0.02585736 0.16499318 -0.14934117
v -0.01970897 0.15517069 -0.1490235
v -0.01966762 0.14570153 -0.1491705
v -0.01778411 0.06906586 -0.14954646
v -0.01589477 -0.31594378 -0.14830652
v -0.01758221 -0.34837341 -0.14774361
v -0.01689589 -0.29012457 -0.1472255
v -0.01666478 -0.17130272 -0.13777298
v -0.01753361 -0.19725545 -0.13790977
v -0.01815566 0.28498375 -0.12759496
v -0.0140382 -0.44123071 -0.10999216
v 0.00138858 -0.45546469 -0.11974759
v -0.01380913 -0.45151445 -0.09253671
v -0.01769554 0.34457624 -0.09504496
v -0.0106043 -0.46013153 -0.07877298
v -0.01367048 0.45642903 -0.07717047
v -0.02047009 0.44239771 -0.07501891
v -0.02450935 0.41463166 -0.07586347
v -0.01031221 0.41214439 -0.06819315
v -0.01701878 0.41000912 -0.06354233
v -0.01701878 0.41000912 -0.06354233
v -0.01326576 -0.44147003 -0.03402658
v -0.00964037 -0.43647584 0.01389329
v -0.0075784 -0.46817183 0.04626003
v -0.00971367 0.41011006 0.06553587
v -0.00916153 -0.48787042 0.07865337
v -0.00767519 -0.49165761 0.09281605
v -0.01931597 -0.07743221 -0.14891753
v -0.01477649 -0.42906067 -0.12899338
v -0.01492985 -0.43876112 -0.1133912
v -0.01473469 -0.4336164 -0.12274148
v -0.01492985 -0.43876112 -0.1133912
v -0.01649872 -0.44571644 -0.09671685
v -0.01922663 0.41902941 -0.07929834
v -0.0203747 0.41658419 -0.07915312
v -0.02258346 0.43549025 -0.07606554
v -0.01482705 0.42323223 -0.07604872
v -0.0203747 0.41658419 -0.07915312
v -0.01486023 -0.446242 -0.04650144
v -0.01326576 -0.44147003 -0.03402658
v -0.01247909 -0.43668026 -0.01460338
v -0.01429999 -0.43687344 0.00536484
v -0.01490458 -0.43754008 0.02894785
v -0.01422775 -0.44029492 0.03387709
v -0.01209811 -0.45680013 0.0425274
v -0.01171181 -0.47343585 0.05966618
v -0.01323438 -0.47886696 0.07231529
v -0.01755289 0.41343299 0.06736701
v -0.02274817 0.41531524 0.07928705
v -0.00511685 -0.48944625 0.10596026
v -0.01419559 -0.47521353 0.1145413
v -0.02814204 -0.13100083 -0.13635977
v -0.03514497 -0.40544686 -0.13747247
v -0.0181602 -0.43746755 -0.11471361
v -0.01473469 -0.4336164 -0.12274148
v -0.01492985 -0.43876112 -0.1133912
v -0.02067821 -0.444206 -0.09309658
v -0.01812164 -0.45024261 -0.07812037
v -0.02453079 0.48453692 -0.07483381
v -0.02370135 0.45752665 -0.07511026
v -0.01787553 -0.44988135 -0.06408639
v -0.02028937 0.41331261 -0.06563389
v -0.01787553 -0.44988135 -0.06408639
v -0.01486023 -0.446242 -0.04650144
v -0.01856353 -0.44622317 -0.04938603
v -0.01652837 -0.44193202 -0.03501027
v -0.0193008 -0.44066072 -0.02081819
v -0.01490458 -0.43754008 0.02894785
v -0.01939077 -0.43929774 0.0391355
v -0.02137483 -0.45132682 0.05993134
v -0.02082796 -0.44098133 0.04756042
v -0.02308725 0.41038591 0.06228119
v -0.01832501 -0.47865063 0.09552087
v -0.02827002 0.103357 -0.14768031
v -0.03173002 0.04763715 -0.14716117
v -0.03120589 0.01106286 -0.14756368
v -0.02944618 -0.15387945 -0.13693538
v -0.03649986 -0.4199886 -0.1319104
v -0.01477649 -0.42906067 -0.12899338
v -0.0336118 -0.42943147 -0.12627737
v -0.02568653 -0.44263074 -0.09575401
v -0.02067821 -0.444206 -0.09309658
v -0.02587468 0.36307383 -0.08052805
v -0.01812164 -0.45024261 -0.07812037
v -0.02403281 -0.44662237 -0.08166201
v -0.02180685 -0.4487195 -0.0715172
v -0.02952886 0.42604062 -0.07271133
v -0.02627014 0.42222443 -0.07422356
v -0.0227226 0.41225666 -0.06406756
v -0.02864012 0.39305303 -0.05778356
v -0.02285501 -0.44925579 -0.06077514
v -0.02365972 -0.44152063 -0.0173383
v -0.02302625 -0.44447032 0.00726901
v -0.01429999 -0.43687344 0.00536484
v -0.01939077 -0.43929774 0.0391355
v -0.02344368 -0.45685148 0.07390848
v -0.03142104 0.41437796 0.07417286
v -0.02406064 -0.46089476 0.11698717
v -0.03268888 0.1975608 -0.15443176
v -0.03214065 0.17286097 -0.15059352
v -0.02984707 0.14537373 -0.14758615
v -0.03218254 -0.07666917 -0.14663792
v -0.03169459 0.15102343 -0.14654247
v -0.03110296 -0.10521487 -0.1434893
v -0.03391591 -0.31919837 -0.14524204
v -0.03424975 -0.33878562 -0.14517562
v -0.03149343 -0.36963156 -0.14421077
v -0.0353757 -0.21202368 -0.13710928
v -0.03234684 -0.25731927 -0.14226452
v -0.03048538 -0.1963048 -0.13581651
v -0.02974021 -0.16422731 -0.13561113
v -0.03204593 0.28411636 -0.12587184
v -0.0316776 -0.43758202 -0.11488979
v -0.0316416 0.34367165 -0.09243961
v -0.03198574 0.41898093 -0.07544605
v -0.02594292 -0.44928423 -0.0763381
v -0.03151819 0.41051295 -0.0590044
v -0.03503119 -0.43758658 -0.00204452
v -0.03503119 -0.43758658 -0.00204452
v -0.02810407 -0.43904173 0.05510715
v -0.02899056 -0.44207856 0.06493154
v -0.02974335 -0.45768049 0.09937651
v -0.03376985 -0.09442494 -0.14515731
v -0.03131728 -0.29078379 -0.14461423
v -0.04157703 -0.12061553 -0.13603936
v -0.0336118 -0.42943147 -0.12627737
v -0.03440576 0.31195667 -0.11016773
v -0.03163317 -0.44235885 -0.09953426
v -0.02959309 -0.44619977 -0.08992394
v -0.03465582 0.4147532 -0.07323086
v -0.03153641 0.4904345 -0.07135855
v -0.03136061 0.4638164 -0.07207512
v -0.03299621 0.4134652 -0.0639916
v -0.03151819 0.41051295 -0.0590044
v -0.02981847 -0.45352045 -0.02434028
v -0.03599566 -0.44265789 0.00114492
v -0.03603844 0.41239792 0.05886818
v -0.02953454 0.41320959 0.06504117
v -0.03839908 -0.03449009 -0.14550073
v -0.04627581 -0.15049987 -0.13253632
v -0.03465582 0.4147532 -0.07323086
v -0.04025254 0.42347747 -0.06699499
v -0.03750363 0.39781484 -0.05319224
v -0.0401898 -0.43953973 -0.01023989
v -0.03754139 -0.43869108 0.08048753
v -0.03635869 0.41593865 0.07476121
v -0.03328018 -0.44402212 0.0847734
v -0.04365858 0.16463098 -0.14468189
v -0.04723502 0.11079996 -0.14261124
v -0.04814176 -0.36287221 -0.14058374
v -0.04900462 -0.38894701 -0.13720573
v -0.0474698 -0.26122034 -0.13871101
v -0.04617447 -0.12804982 -0.13226978
v -0.04736097 -0.13859284 -0.13091463
v -0.04175117 -0.1624365 -0.13221192
v -0.04708338 -0.43189567 -0.12334815
v -0.04321514 -0.4376424 -0.11782854
v -0.0316776 -0.43758202 -0.11488979
v -0.0387532 -0.44297078 -0.10769559
v -0.0387532 -0.44297078 -0.10769559
v -0.04444139 0.41566765 -0.0685127
v -0.04784517 0.46431923 -0.062808
v -0.03991588 0.41287282 -0.05770217
v -0.04212829 0.41022202 -0.05260754
v -0.04212829 0.41022202 -0.05260754
v -0.04530231 -0.46854538 0.00826099
v -0.04640092 0.41455626 0.06512793
v -0.03754139 -0.43869108 0.08048753
v -0.04053389 -0.44065338 0.09829503
v -0.03112935 -0.44858047 0.11880961
v -0.04867999 0.17447405 -0.14621319
v -0.04832575 0.14520194 -0.14220661
v -0.04799391 0.04687742 -0.14265575
v -0.04716136 0.00780929 -0.14331916
v -0.04746218 -0.08402123 -0.14226283
v -0.04869984 -0.10006145 -0.14013478
v -0.0477129 -0.30487102 -0.14089628
v -0.04752244 -0.40370002 -0.13483416
v -0.04995298 0.25621945 -0.13390309
v -0.04864125 -0.19516291 -0.13098942
v -0.05021694 -0.20427264 -0.13193659
v -0.04708338 -0.43189567 -0.12334815
v -0.04860085 0.28047135 -0.12213431
v -0.04877196 0.30191469 -0.10995701
v -0.04419741 -0.44153973 -0.00218755
v -0.04954303 -0.47935244 0.01293478
v -0.03872906 -0.47189879 0.01465156
v -0.04730078 0.41574669 0.06774083
v -0.04599042 -0.43464813 0.11092333
v -0.03760234 -0.43713328 0.12080839
v -0.05267476 0.21938874 -0.14695199
v -0.04899299 0.19774556 -0.14962943
v -0.04920362 -0.03056013 -0.14214697
v -0.051374 0.15438527 -0.14055021
v -0.04917428 -0.06200361 -0.14169352
v -0.05342688 -0.42661098 -0.12597534
v -0.04928831 0.3394433 -0.08550941
v -0.04444139 0.41566765 -0.0685127
v -0.04753048 0.44271436 -0.06127279
v -0.0485707 0.42357841 -0.06113294
v -0.04444139 0.41566765 -0.0685127
v -0.04519753 0.39281487 -0.04674655
v -0.0481405 0.4106068 -0.04754262
v -0.04927117 -0.46412307 0.0052746
v -0.04567218 0.41094482 0.04915302
v -0.03935711 0.41064382 0.05449075
v -0.04594988 0.41285649 0.05383452
v -0.04738664 -0.43601865 0.08886143
v -0.04722614 -0.43513212 0.09563382
v -0.04722614 -0.43513212 0.09563382
v -0.04779691 -0.42926183 0.1178893
v -0.04779691 -0.42926183 0.1178893
v -0.05124516 -0.33792904 -0.14045756
v -0.05295406 0.41523004 -0.06189788
v -0.0481056 0.41299263 -0.05290889
v -0.0481405 0.4106068 -0.04754262
v -0.05019714 -0.4310188 0.10869041
v -0.06534353 0.16577484 -0.13613649
v -0.06310204 0.0210658 -0.13691451
v -0.06078318 0.14605543 -0.13692954
v -0.06013771 -0.28689018 -0.13594437
v -0.06114685 -0.10327076 -0.13447581
v -0.06035801 -0.23118265 -0.13083211
v -0.0597628 -0.18274316 -0.12614971
v -0.05695548 -0.43857288 -0.12058664
v -0.05295406 0.41523004 -0.06189788
v -0.04754938 0.49033508 -0.06198801
v -0.05342176 0.4904007 -0.05602132
v -0.05342176 0.4904007 -0.05602132
v -0.05283087 0.45074877 -0.05655396
v -0.06083733 0.41497695 -0.0536395
v -0.06033677 -0.497807 -0.06228932
v -0.05705172 0.41311336 -0.04186939
v -0.0481405 0.4106068 -0.04754262
v -0.04519753 0.39281487 -0.04674655
v -0.0539062 0.3986254 -0.03632866
v -0.05137027 -0.49213964 -0.04965637
v -0.05765671 -0.44299114 -0.01051535
v -0.05570589 -0.48659742 0.01684377
v -0.05808761 -0.49110338 0.02219057
v -0.0571047 -0.49446607 0.0319888
v -0.05309194 0.41205713 0.04355374
v -0.05368928 0.41304886 0.0492418
v -0.05706635 0.41520154 0.05929242
v -0.0501253 0.49070165 0.05927899
v -0.05266828 -0.43502197 0.09542622
v -0.05019714 -0.4310188 0.10869041
v -0.05436796 -0.43028492 0.10756256
v -0.0553974 -0.42615101 0.11509469
v -0.0553974 -0.42615101 0.11509469
v -0.06517135 0.19854636 -0.14372821
v -0.06202023 0.17480093 -0.1411283
v -0.06426206 0.23470527 -0.13784671
v -0.06376439 0.10200661 -0.13578612
v -0.06425215 -0.08442908 -0.13555093
v -0.06242654 -0.32773903 -0.13627894
v -0.06179673 -0.35957927 -0.13554259
v -0.06250483 -0.25627542 -0.1328927
v -0.06139782 -0.39677346 -0.13157544
v -0.06347282 -0.42382488 -0.12500346
v -0.06427115 0.25689256 -0.12781653
v -0.05840233 -0.15067098 -0.12736079
v -0.06383342 -0.16437899 -0.12261364
v -0.06445386 0.31255695 -0.09427407
v -0.06422841 0.28342885 -0.11318136
v -0.05558304 -0.48744798 -0.08486262
v -0.06459168 -0.49313647 -0.0845417
v -0.05354842 -0.49266243 -0.07254163
v -0.05953817 0.49090141 -0.04990063
v -0.05938118 0.45642546 -0.05140697
v -0.05837959 0.44175914 -0.05028984
v -0.06070659 0.43565154 -0.05094079
v -0.0575846 0.41031414 -0.03445116
v -0.0575846 0.41031414 -0.03445116
v -0.0576912 0.39276272 -0.0293628
v -0.06365535 -0.48168704 0.00983539
v -0.05587664 0.3922303 0.03288019
v -0.04809177 0.38863391 0.04364899
v -0.04853877 0.40703255 0.04494704
v -0.05309194 0.41205713 0.04355374
v -0.05847024 0.44143283 0.05010445
v -0.05706635 0.41520154 0.05929242
v -0.0553974 -0.42615101 0.11509469
v -0.06646182 0.21937971 -0.14182867
v -0.06578072 0.05374391 -0.13497587
v -0.06168299 -0.04243969 -0.13671975
v -0.06492199 -0.19626912 -0.12439375
v -0.06596122 -0.44179967 -0.11889094
v -0.06733901 -0.46216616 -0.11036433
v -0.06594768 -0.47969779 -0.09925053
v -0.06517161 -0.48756838 -0.09198827
v -0.06731158 -0.49798143 -0.07540742
v -0.06731158 -0.49798143 -0.07540742
v -0.06083733 0.41497695 -0.0536395
v -0.05953817 0.49090141 -0.04990063
v -0.06434169 -0.49721643 -0.05138581
v -0.0614997 0.42387679 -0.04819791
v -0.06434169 -0.49721643 -0.05138581
v -0.06153756 0.39205894 -0.01772102
v -0.0600173 -0.44511384 -0.00535324
v -0.07336599 -0.45649859 -0.00113883
v -0.06581259 -0.47018656 0.00438314
v -0.06600861 -0.49728379 0.03117508
v -0.06118428 0.41183412 0.03006499
v -0.05458715 0.41041371 0.03820794
v -0.06021251 0.41291812 0.03635162
v -0.06509702 0.41505206 0.04917503
v -0.06575108 -0.49800399 0.04440124
v -0.0651394 -0.49341694 0.05564911
v -0.06640746 -0.43139791 0.10747693
v -0.07468323 0.15591812 -0.1292247
v -0.07184749 -0.17071661 -0.11817521
v -0.06845719 0.35030234 -0.06060242
v -0.06552391 0.42347735 -0.04274726
v -0.0659494 0.44147557 -0.03983286
v -0.05837959 0.44175914 -0.05028984
v -0.06070659 0.43565154 -0.05094079
v -0.06829862 0.43515238 -0.04033164
v -0.06867202 0.41561294 -0.04411027
v -0.0659494 0.44147557 -0.03983286
v -0.06430059 0.413286 -0.02894444
v -0.06330261 0.41079128 -0.01993082
v -0.06330261 0.41079128 -0.01993082
v -0.0628999 0.40096435 -0.01354308
v -0.07502215 -0.4447569 -0.0096754
v -0.06410954 0.39293522 0.0012821
v -0.06306178 0.40725359 0.01605708
v -0.06721729 -0.49201605 0.01928754
v -0.05808761 -0.49110338 0.02219057
v -0.06307471 0.41074538 0.01882821
v -0.06721729 -0.49201605 0.01928754
v -0.06543124 0.49064904 0.04117518
v -0.06543124 0.49064904 0.04117518
v -0.06674886 0.42536488 0.04089245
v -0.06509702 0.41505206 0.04917503
v -0.07791838 0.24368832 -0.12664998
v -0.07506472 0.14559118 -0.12940946
v -0.07851438 0.00509632 -0.12848981
v -0.07509111 -0.04340097 -0.12987511
v -0.07805537 -0.28634784 -0.127685
v -0.07644243 -0.34662572 -0.12899923
v -0.07894418 -0.37787622 -0.12529634
v -0.07357533 -0.11541579 -0.12438468
v -0.07431815 -0.18474559 -0.11877678
v -0.07708655 -0.20318076 -0.11842385
v -0.07421424 0.31196928 -0.08672072
v -0.0743537 -0.4998875 -0.06455962
v -0.07186418 -0.49751335 -0.0519943
v -0.06867202 0.41561294 -0.04411027
v -0.06641541 0.49005389 -0.04051039
v -0.06641541 0.49005389 -0.04051039
v -0.05938118 0.45642546 -0.05140697
v -0.07103711 0.46011785 -0.03288411
v -0.0659494 0.44147557 -0.03983286
v -0.06829862 0.43515238 -0.04033164
v -0.06552391 0.42347735 -0.04274726
v -0.06572261 0.41339409 -0.02027898
v -0.06791124 0.41390017 -0.00901358
v -0.07280677 -0.44516185 -0.01387573
v -0.06555005 0.40942833 -0.00033614
v -0.06791124 0.41390017 -0.00901358
v -0.06809475 0.41371176 0.00818214
v -0.06809475 0.41371176 0.00818214
v -0.06307471 0.41074538 0.01882821
v -0.06702872 0.41335681 0.01812621
v -0.07045843 0.41410041 0.03253314
v -0.07614122 -0.49826935 0.02974848
v -0.07417028 0.41566464 0.03573564
v -0.07849567 0.17343071 -0.13169868
v -0.07790776 -0.07883156 -0.12819561
v -0.07858198 -0.09935693 -0.12579684
v -0.07838762 -0.25043428 -0.12420384
v -0.07417323 -0.20772627 -0.12075139
v -0.07687105 -0.43816763 -0.11665863
v -0.07608771 0.27125973 -0.11315562
v -0.07809128 -0.15069753 -0.11564174
v -0.07821004 -0.46609452 -0.10658815
v -0.07572802 -0.47998095 -0.09904945
v -0.08115394 0.28566429 -0.10020117
v -0.07617436 -0.49150196 -0.08858316
v -0.07722464 -0.49818993 -0.07508865
v -0.0743537 -0.4998875 -0.06455962
v -0.07186418 -0.49751335 -0.0519943
v -0.07183456 0.44175026 -0.02931221
v -0.07185986 0.42702624 -0.03242379
v -0.06829862 0.43515238 -0.04033164
v -0.06552391 0.42347735 -0.04274726
v -0.07166617 0.49046883 -0.03074352
v -0.07166617 0.49046883 -0.03074352
v -0.07183456 0.44175026 -0.02931221
v -0.07111185 0.42276672 -0.03375068
v -0.07634614 0.41505972 -0.02882159
v -0.07502215 -0.4447569 -0.0096754
v -0.08031462 -0.4512971 -0.00454746
v -0.07894422 -0.48099923 0.00932308
v -0.07652461 0.41454399 0.02278564
v -0.07892869 -0.49255642 0.01895573
v -0.0727156 0.43426129 0.03228184
v -0.07445153 0.46899801 0.02592547
v -0.07834385 -0.49999103 0.04301663
v -0.07174161 0.49064678 0.03026969
v -0.07417028 0.41566464 0.03573564
v -0.07772705 -0.49673712 0.05465939
v -0.08088116 0.21964955 -0.13392434
v -0.08046652 0.19810313 -0.13534355
v -0.07867555 0.10396823 -0.12734203
v -0.07873762 0.04754348 -0.12783417
v -0.07889335 -0.31325179 -0.12779078
v -0.07782623 -0.41063812 -0.12156551
v -0.07470563 0.41894224 -0.03388783
v -0.06867202 0.41561294 -0.04411027
v -0.07634614 0.41505972 -0.02882159
v -0.07474963 0.49018842 -0.02353061
v -0.07474963 0.49018842 -0.02353061
v -0.07508664 0.46270055 -0.02402487
v -0.07554607 0.43530303 -0.02538369
v -0.07554607 0.43530303 -0.02538369
v -0.07567536 0.42271408 -0.02016137
v -0.07495321 0.44130957 -0.01938502
v -0.07495321 0.44130957 -0.01938502
v -0.08326136 0.36058542 -0.01892685
v -0.07949639 0.41559413 -0.01879942
v -0.08089646 0.41489962 -0.00151213
v -0.08675833 -0.45803571 -0.00038913
v -0.07892869 -0.49255642 0.01895573
v -0.07454764 0.44133824 0.02073141
v -0.07577866 0.43604231 0.02236597
v -0.07590588 0.42805368 0.01990353
v -0.0727156 0.43426129 0.03228184
v -0.07577866 0.43604231 0.02236597
v -0.07503478 0.49100155 0.02072802
v -0.07512476 0.45314816 0.02253887
v -0.07454764 0.44133824 0.02073141
v -0.07806207 0.41900775 0.02511466
v -0.08953039 0.15684769 -0.11953072
v -0.08545803 0.14574122 -0.1226579
v -0.09093793 -0.13018201 -0.10831016
v -0.09100542 -0.17296818 -0.10501153
v -0.09273492 -0.18360317 -0.10572639
v -0.08682078 0.30527639 -0.07989883
v -0.0743537 -0.4998875 -0.06455962
v -0.08217834 -0.49490258 -0.05084572
v -0.07909255 0.41888747 -0.02191129
v -0.07949639 0.41559413 -0.01879942
v -0.07853474 0.4341366 -0.00963311
v -0.07857155 0.48990777 -0.00028593
v -0.07853474 0.4341366 -0.00963311
v -0.07758744 0.44111055 -0.0004739
v -0.07959964 0.43482131 0.00202665
v -0.07758744 0.44111055 -0.0004739
v -0.07882605 0.42736533 -0.00012131
v -0.07959964 0.43482131 0.00202665
v -0.08017803 0.41589814 0.01696743
v -0.07454764 0.44133824 0.02073141
v -0.08669539 0.35541239 0.01862531
v -0.07503478 0.49100155 0.02072802
v -0.07445153 0.46899801 0.02592547
v -0.07806207 0.41900775 0.02511466
v -0.08298619 -0.49349529 0.06163837
v -0.09363132 0.19822085 -0.12680024
v -0.08947461 0.23471437 -0.12303529
v -0.08942553 0.16593523 -0.12106899
v -0.08847978 -0.02324114 -0.12095854
v -0.0905747 -0.08639997 -0.11888015
v -0.09161257 -0.25362375 -0.1158912
v -0.08919836 -0.19805969 -0.10947616
v -0.08888873 -0.42714232 -0.11209756
v -0.09270045 -0.44724077 -0.10527086
v -0.09156352 -0.15293485 -0.10571864
v -0.08798056 -0.46273357 -0.10309923
v -0.08494041 -0.4812628 -0.09398166
v -0.08817361 -0.48704764 -0.08640794
v -0.08700107 -0.49338511 -0.07794889
v -0.08682078 0.30527639 -0.07989883
v -0.08843112 -0.49543804 -0.06567033
v -0.08843112 -0.49543804 -0.06567033
v -0.09281359 0.34116906 -0.03082692
v -0.08213571 0.41864109 0.00044616
v -0.08089646 0.41489962 -0.00151213
v -0.08728707 -0.44347519 -0.01431523
v -0.09153537 -0.44598687 -0.00906421
v -0.09153537 -0.44598687 -0.00906421
v -0.09058742 0.35294256 9.91E-06
v -0.09344032 -0.47164112 0.00687748
v -0.08213571 0.41864109 0.00044616
v -0.09151218 -0.48244944 0.01299238
v -0.08017803 0.41589814 0.01696743
v -0.09306723 -0.49264556 0.02325279
v -0.09229472 -0.49753958 0.03351672
v -0.08779728 -0.49682078 0.05267035
v -0.09494916 0.21946694 -0.12461782
v -0.09184796 0.18319561 -0.12517843
v -0.09341828 0.17111099 -0.12062643
v -0.09136756 0.1179811 -0.11806908
v -0.09251084 0.05016942 -0.1179534
v -0.09224177 0.0155202 -0.11840263
v -0.09465662 -0.05201897 -0.11602192
v -0.09524976 -0.07230318 -0.11575243
v -0.09051685 -0.10099025 -0.11673259
v -0.09217283 -0.27900657 -0.1178581
v -0.09199648 -0.31512973 -0.11931569
v -0.09242143 -0.3533738 -0.11836673
v -0.09240259 -0.3824237 -0.11597238
v -0.08964106 -0.14090338 -0.10693022
v -0.08911526 -0.49283114 -0.05398628
v -0.0922507 -0.4978863 0.04493774
v -0.09535483 -0.43317798 -0.10635317
v -0.10013589 0.26975772 -0.09317806
v -0.09436861 -0.4779025 -0.0895519
v -0.09538723 -0.48789015 -0.07712232
v -0.10084635 0.31675771 -0.04714938
v -0.09606002 -0.44241127 -0.01970177
v -0.09864793 -0.44129097 -0.01586787
v -0.09679488 -0.45287776 -0.00191467
v -0.09306723 -0.49264556 0.02325279
v -0.0947662 0.32284477 0.05170642
v -0.09618244 -0.49199629 0.05850144
v -0.10476251 -0.05774089 -0.106903
v -0.09690842 -0.19820267 -0.10311801
v -0.10206798 -0.13790309 -0.09521603
v -0.10168298 -0.46081489 -0.09240036
v -0.09835505 -0.48844531 -0.06465874
v -0.09883288 0.33699825 -0.01687513
v -0.09951723 0.33510029 0.01878364
v -0.11123616 0.19748722 -0.11152147
v -0.1066214 0.16496636 -0.10627488
v -0.10051375 0.1455844 -0.11031088
v -0.10592657 0.09196726 -0.10560475
v -0.10274877 0.0288686 -0.10900632
v -0.10264724 -0.00854639 -0.10923547
v -0.10417295 -0.09441974 -0.1059932
v -0.10149917 -0.28560251 -0.11066417
v -0.10756274 -0.31666964 -0.10639638
v -0.10449742 -0.35097536 -0.1087482
v -0.10587972 0.15033844 -0.10509624
v -0.10260428 -0.25271434 -0.10669106
v -0.10594863 -0.38825148 -0.10400089
v -0.1014503 -0.11904994 -0.10258286
v -0.10657043 -0.14797741 -0.09113199
v -0.10322791 0.2832503 -0.07929492
v -0.09835505 -0.48844531 -0.06465874
v -0.10908878 -0.44358629 -0.00631904
v -0.10908878 -0.44358629 -0.00631904
v -0.10914686 -0.47579962 0.0162697
v -0.107063 -0.48454878 0.02296324
v -0.10093204 -0.49378714 0.03317089
v -0.10093204 -0.49378714 0.03317089
v -0.10453356 -0.49206489 0.04436456
v -0.10509077 -0.15797259 0.0899693
v -0.10881048 0.17290044 -0.10817036
v -0.10749742 -0.44021136 -0.09318241
v -0.10487102 -0.17292747 -0.09094618
v -0.10795234 -0.18274781 -0.08960798
v -0.1058017 -0.4752875 -0.07640166
v -0.09436861 -0.4779025 -0.0895519
v -0.09538723 -0.48789015 -0.07712232
v -0.10702054 -0.47905952 -0.06389399
v -0.10592609 -0.439273 -0.02315092
v -0.10796959 0.32467571 -0.00057685
v -0.10458298 -0.48737398 0.0563761
v -0.10458298 -0.48737398 0.0563761
v -0.11010196 0.02832495 -0.10127828
v -0.10733913 -0.03674718 -0.10463837
v -0.11228867 -0.0746985 -0.09907869
v -0.11243854 -0.25135872 -0.09634249
v -0.10918935 -0.27343923 -0.10245401
v -0.10682978 -0.19892734 -0.09311597
v -0.1123665 -0.41225177 -0.09375437
v -0.11425071 0.24965777 -0.09118415
v -0.10678333 -0.46291423 -0.08493096
v -0.10168298 -0.46081489 -0.09240036
v -0.10781986 0.31675091 -0.02997893
v -0.11216093 -0.43785375 -0.01590661
v -0.11470894 -0.44741979 0.00179384
v -0.11208946 -0.46371332 0.00992182
v -0.11015798 -0.48642713 0.03139783
v -0.11015798 -0.48642713 0.03139783
v -0.10093204 -0.49378714 0.03317089
v -0.10453356 -0.49206489 0.04436456
v -0.10775235 -0.47949925 0.06225243
v -0.10982663 -0.16524793 0.08456827
v -0.09897711 -0.184799 0.09825516
v -0.10911035 -0.20930786 0.09335547
v -0.11234429 -0.42453974 0.08526304
v -0.10611252 0.03735381 0.1057075
v -0.11522122 -0.10806692 -0.09058319
v -0.11325534 -0.13377298 -0.08204214
v -0.10206798 -0.13790309 -0.09521603
v -0.10657043 -0.14797741 -0.09113199
v -0.11280241 -0.19836232 -0.08499986
v -0.10795234 -0.18274781 -0.08960798
v -0.10682978 -0.19892734 -0.09311597
v -0.10749742 -0.44021136 -0.09318241
v -0.11295918 -0.46227863 -0.07534309
v -0.11727902 0.28771305 -0.04911935
v -0.11100066 0.31669286 -0.01518886
v -0.11203856 0.31440029 0.01654404
v -0.11913828 0.16493754 -0.09162791
v -0.10881048 0.17290044 -0.10817036
v -0.1066214 0.16496636 -0.10627488
v -0.10587972 0.15033844 -0.10509624
v -0.10592657 0.09196726 -0.10560475
v -0.1169814 0.09666347 -0.0928151
v -0.11010196 0.02832495 -0.10127828
v -0.11710848 0.0521608 -0.09288453
v -0.11851436 0.02017987 -0.09142599
v -0.11891751 -0.02556914 -0.09082852
v -0.10733913 -0.03674718 -0.10463837
v -0.10476251 -0.05774089 -0.106903
v -0.11721037 -0.05964415 -0.09270526
v -0.11228867 -0.0746985 -0.09907869
v -0.11770171 -0.28926978 -0.09412782
v -0.1198638 -0.3403517 -0.09270033
v -0.11710391 -0.36823443 -0.09417033
v -0.11718022 0.15009326 -0.09247941
v -0.1151621 -0.09253946 -0.0942986
v -0.11522122 -0.10806692 -0.09058319
v -0.12138556 -0.41719404 -0.08071975
v -0.1123665 -0.41225177 -0.09375437
v -0.11425071 0.24965777 -0.09118415
v -0.11770667 -0.44135636 -0.07854661
v -0.10487102 -0.17292747 -0.09094618
v -0.11923477 -0.14461319 -0.07395635
v -0.11543866 -0.17063364 -0.07526701
v -0.11466336 -0.46702874 -0.06306489
v -0.11538234 -0.4629226 -0.0508505
v -0.11538234 -0.4629226 -0.0508505
v -0.12836447 0.28226417 -0.02264069
v -0.11485031 -0.43582666 -0.0270069
v -0.12072346 -0.43307582 -0.01704757
v -0.12007721 -0.4381122 -0.00503142
v -0.11936395 -0.46886358 0.02058853
v -0.11936395 -0.46886358 0.02058853
v -0.107063 -0.48454878 0.02296324
v -0.10775235 -0.47949925 0.06225243
v -0.11072494 -0.4649893 0.07122088
v -0.11805577 -0.1461841 0.07518221
v -0.11518993 -0.12631804 0.08302473
v -0.10762522 -0.13362971 0.09024007
v -0.11103347 -0.1070666 0.09558795
v -0.12750186 0.19883074 -0.09239528
v -0.11123616 0.19748722 -0.11152147
v -0.12468982 0.18233025 -0.0922446
v -0.12316024 0.17128679 -0.09048218
v -0.11243854 -0.25135872 -0.09634249
v -0.11770171 -0.28926978 -0.09412782
v -0.12588197 -0.27671435 -0.08155491
v -0.12289743 -0.24408185 -0.0807823
v -0.12389708 -0.10769321 -0.07856268
v -0.11869903 -0.1986824 -0.07554998
v -0.12215973 -0.17662446 -0.0661803
v -0.11836196 -0.44981262 -0.07272616
v -0.12869799 -0.42706892 -0.02601136
v -0.12607825 -0.43912321 0.00349369
v -0.12607825 -0.43912321 0.00349369
v -0.12840129 0.28653866 -0.00057741
v -0.12188497 -0.45297012 0.01010869
v -0.12111448 0.29418698 0.0281135
v -0.11874239 -0.47603947 0.03184722
v -0.11942841 -0.47403726 0.04407724
v -0.11816192 -0.45304501 0.06748916
v -0.11246801 -0.44996151 0.07729884
v -0.12471496 -0.10446748 0.07841823
v -0.11500488 -0.25739592 0.09391464
v -0.12695307 0.00579171 -0.07912265
v -0.12643078 -0.07340124 -0.08025991
v -0.1257609 -0.08901123 -0.0807863
v -0.1151621 -0.09253946 -0.0942986
v -0.12626071 -0.3714236 -0.08119676
v -0.11710391 -0.36823443 -0.09417033
v -0.12962283 -0.11170607 -0.06598761
v -0.12341645 -0.12905219 -0.06640562
v -0.12328094 -0.19437639 -0.06593037
v -0.11958843 -0.45636588 -0.06234035
v -0.12343661 -0.16729426 -0.05959056
v -0.12171327 -0.45065546 -0.05055687
v -0.12711324 0.28275681 -0.02787442
v -0.12199496 -0.44057441 -0.03958392
v -0.12950754 -0.42679626 -0.03368266
v -0.12865068 0.28193089 0.02478897
v -0.12383809 -0.15798052 0.06058847
v -0.12019505 -0.42797038 0.07408611
v -0.11234429 -0.42453974 0.08526304
v -0.11639915 -0.382824 0.0896163
v -0.12533958 -0.24393858 0.07697773
v -0.11797362 0.16429546 0.09302398
v -0.12192128 0.12234819 0.08636368
v -0.11403834 0.12129836 0.09657235
v -0.12166202 -0.03302315 0.08818456
v -0.11433855 -0.09118915 0.09522709
v -0.11870646 0.08856708 0.09119292
v -0.11848559 0.05450685 0.09234014
v -0.11530158 -0.03745659 0.09616762
v -0.127628 -0.31593525 -0.08127059
v -0.1198638 -0.3403517 -0.09270033
v -0.12980516 0.16460256 -0.07597178
v -0.12637487 0.1496986 -0.07893944
v -0.12717724 0.14296931 -0.07901624
v -0.12716439 0.06104044 -0.07815429
v -0.12462972 -0.40779004 -0.07736008
v -0.12792443 -0.22194065 -0.0652146
v -0.12804537 -0.42529017 -0.06436443
v -0.13083744 0.25056934 -0.06289184
v -0.12631768 -0.43691117 -0.06164058
v -0.12677437 -0.14327537 -0.0600081
v -0.13020155 -0.14999974 -0.04997081
v -0.13031502 0.26174849 -0.05090243
v -0.12680732 -0.43908167 -0.05049547
v -0.13265878 -0.42402211 -0.01909639
v -0.12970349 -0.43298274 0.0006995
v -0.12634207 -0.45592356 0.01823543
v -0.12607825 -0.43912321 0.00349369
v -0.12188497 -0.45297012 0.01010869
v -0.12699045 -0.46076035 0.02983772
v -0.13615184 0.25204194 0.05001321
v -0.12819001 -0.16977398 0.05319479
v -0.1342086 0.24560663 0.06169802
v -0.12911913 0.23772526 0.07684465
v -0.13267456 0.17365587 0.07777339
v -0.12296086 0.17391032 0.09200862
v -0.12854239 0.05852208 0.0784425
v -0.12888551 -0.28199941 0.07687313
v -0.11913361 -0.30284655 0.09241337
v -0.11773255 -0.33615884 0.09390695
v -0.13124801 0.22150177 0.08390861
v -0.1230766 0.22177806 0.09519519
v -0.13292766 0.17496142 -0.07751642
v -0.1317196 -0.33651295 -0.07437848
v -0.13443279 0.04035986 -0.06509182
v -0.13355018 -0.25704417 -0.06400431
v -0.13099949 -0.40650207 -0.06438733
v -0.13197759 -0.12741776 -0.04749193
v -0.13110287 -0.17414381 -0.04546752
v -0.12983282 -0.1886555 -0.04927844
v -0.131735 -0.16260177 -0.03756655
v -0.13145189 -0.42534775 -0.04016162
v -0.12950754 -0.42679626 -0.03368266
v -0.12970349 -0.43298274 0.0006995
v -0.13042317 -0.15647925 0.04535012
v -0.13130356 -0.12807225 0.04829058
v -0.13177155 -0.14093278 0.04743305
v -0.13140297 -0.23612376 0.06312929
v -0.1290163 0.07823421 0.0766676
v -0.12829772 -0.02682455 0.07822717
v -0.12632303 0.19940446 0.09435765
v -0.13399005 0.21961482 -0.08066619
v -0.13600516 0.19773652 -0.07917012
v -0.13585362 0.14239672 -0.06376735
v -0.13509126 0.08777229 -0.06404831
v -0.13477068 -0.06073547 -0.06507843
v -0.13558045 -0.08405297 -0.06382444
v -0.13434456 -0.09727791 -0.06368779
v -0.13590224 -0.29474539 -0.0647589
v -0.13516074 -0.37744868 -0.06235962
v -0.13529073 0.14998353 -0.06334048
v -0.13560303 -0.00806027 -0.06347967
v -0.13686131 -0.10951889 -0.05001119
v -0.13358504 -0.20899048 -0.04607445
v -0.13800684 -0.246402 -0.04947924
v -0.13264589 -0.42332104 -0.04693332
v -0.13469088 -0.1872692 -0.03283696
v -0.13566497 -0.17313641 -0.03159943
v -0.13265878 -0.42402211 -0.01909639
v -0.13374114 -0.43040329 0.00402775
v -0.1437692 0.25265267 0.01275856
v -0.13281959 -0.44103131 0.0165915
v -0.13153943 -0.44836208 0.02841437
v -0.13493961 -0.15316485 0.03133009
v -0.13446128 -0.17091358 0.03725726
v -0.13353048 -0.19097632 0.03580682
v -0.13514099 -0.26700333 0.06278837
v -0.13450502 -0.3778809 0.06156904
v -0.13680936 0.1639439 0.06267859
v -0.13560089 0.14960442 0.06333235
v -0.13557003 0.13890262 0.06408735
v -0.13549337 -0.05580086 0.06446016
v -0.13586923 -0.08100839 0.06328221
v -0.13691537 0.19781122 0.07837327
v -0.13793196 0.23262627 -0.06478111
v -0.14066429 0.17373595 -0.0626521
v -0.13823876 0.16426703 -0.06019036
v -0.13806407 -0.34002346 -0.06043792
v -0.14139596 -0.28151053 -0.0492516
v -0.14042617 0.23955189 -0.05037848
v -0.13800426 -0.39926547 -0.04682963
v -0.13629356 -0.12569535 -0.03413986
v -0.13449039 -0.14848535 -0.034761
v -0.13764796 -0.20777006 -0.03088172
v -0.13889286 -0.41196966 -0.02614985
v -0.13803761 -0.12752455 -0.02166419
v -0.1361571 -0.15675546 -0.02216858
v -0.13676579 -0.15694742 -0.01919911
v -0.1372453 -0.41865507 -0.01392681
v -0.13702993 -0.42650872 0.01051394
v -0.13816081 -0.1292963 0.01703464
v -0.13780524 -0.15323688 -0.00083141
v -0.13704163 -0.15116635 0.01606553
v -0.14165172 0.25324816 0.02772732
v -0.13575658 -0.43189833 0.02861055
v -0.13615888 -0.12918089 0.03007802
v -0.13768162 -0.16851102 0.02611763
v -0.13723017 -0.19224188 0.01622302
v -0.14256772 -0.39672184 0.02750533
v -0.13870804 -0.21067668 0.03068661
v -0.13781583 -0.23934025 0.04831732
v -0.13958459 0.17100564 0.06296355
v -0.14238857 0.22167476 0.06386573
v -0.1414893 0.21983281 -0.06655486
v -0.14304245 0.1976511 -0.06634814
v -0.14179507 0.15099929 -0.0484395
v -0.14213628 0.14166924 -0.04900963
v -0.14135635 0.08972399 -0.04936405
v -0.14045279 0.04585582 -0.05105559
v -0.14103286 -0.07753579 -0.04968743
v -0.14121732 -0.09438691 -0.04669751
v -0.14259928 -0.30525175 -0.04835893
v -0.14324307 0.16426419 -0.0474508
v -0.14082003 -0.37470064 -0.04600088
v -0.14199021 0.25141051 -0.02786322
v -0.14171107 -0.10883535 -0.03238517
v -0.1431285 -0.25348797 -0.03257401
v -0.14195755 -0.39690274 -0.03098699
v -0.14431374 0.25068524 -0.01253086
v -0.13965236 -0.1733201 -0.0139755
v -0.13870759 -0.13095464 -0.00848368
v -0.13817656 -0.19242762 -0.00019619
v -0.13922179 -0.12815584 0.00575296
v -0.14566985 0.24978697 0.00071131
v -0.14129601 -0.21323939 0.01600675
v -0.14300208 -0.10529198 0.0315471
v -0.14215116 0.15574691 0.04756778
v -0.14227799 0.1427898 0.04827938
v -0.14043693 -0.0983908 0.04708043
v -0.14181453 -0.36049744 0.04603381
v -0.14304857 0.16589624 0.04870369
v -0.14023221 0.03775058 0.05529452
v -0.14237387 -0.08481503 0.04638476
v -0.1429383 -0.28969973 0.04693948
v -0.14232276 0.11390729 0.04813188
v -0.14338699 -0.3164202 0.04658347
v -0.14423713 0.19958159 0.06452051
v -0.14235556 0.18374634 0.06350703
v -0.14738187 0.2205487 -0.05037825
v -0.14594604 0.17480664 -0.04907829
v -0.14277197 -0.3419182 -0.04605525
v -0.14494093 0.04094091 -0.03634863
v -0.14495216 -0.09477362 -0.03296495
v -0.14657247 0.14930534 -0.03188644
v -0.14671777 0.14101681 -0.03258922
v -0.14621314 0.08487069 -0.03201218
v -0.14603107 -0.07830958 -0.03270533
v -0.14594516 -0.04619585 -0.03312236
v -0.14602484 -0.35575837 -0.03093929
v -0.15016675 0.2301832 -0.02875746
v -0.1443969 -0.39366126 -0.01808998
v -0.14716393 -0.09694896 -0.01745528
v -0.14383766 -0.40206733 -0.00380805
v -0.1455809 -0.10727166 -0.0002844
v -0.14703982 -0.09917533 0.01394148
v -0.14432701 -0.23685926 0.01633664
v -0.14470917 -0.39538804 0.01353403
v -0.14570329 -0.35765705 0.03130062
v -0.14952476 0.23414326 0.02710623
v -0.14537373 -0.0945507 0.03117077
v -0.14829379 0.22208273 0.04769967
v -0.14331222 0.03893932 0.04709318
v -0.14645909 0.17389216 0.04766984
v -0.14973323 0.19749814 -0.0485089
v -0.15076567 0.17454644 -0.03107888
v -0.14667606 -0.31488606 -0.03243592
v -0.14949754 0.16506429 -0.02402034
v -0.14869852 0.14870147 -0.018697
v -0.14922704 0.14101143 -0.0176475
v -0.14887527 0.04680603 -0.0164364
v -0.14930883 -0.00983178 -0.01684812
v -0.14869526 -0.0540815 -0.01756275
v -0.14889058 -0.07836443 -0.01598423
v -0.14844896 -0.35372823 -0.01671144
v -0.14907004 -0.09009738 -0.00256374
v -0.14929432 -0.27967352 -0.0003613
v -0.14646178 -0.38691828 -0.0004145
v -0.1486831 -0.28147092 0.01560972
v -0.14900538 -0.36091405 9.366E-05
v -0.1475569 -0.36473125 0.01655428
v -0.14878705 -0.07981605 0.01639151
v -0.14912902 -0.3324517 0.01582601
v -0.14900964 -0.05698195 0.01659395
v -0.14714564 -0.3135184 0.03143635
v -0.14751461 0.04627822 0.03224082
v -0.15079957 0.19870503 0.04690602
v -0.1534905 0.22078857 -0.02715282
v -0.15320872 0.17269176 -0.01374342
v -0.14885172 0.10085317 -0.01655587
v -0.15316764 0.23017175 -0.00067576
v -0.15007144 0.09313497 0.00067252
v -0.14992848 -0.05851838 -0.0003279
v -0.15004891 -0.3167612 -0.00103781
v -0.15023595 0.14970613 0.00074458
v -0.15074696 0.14141586 0.00072115
v -0.15046476 -0.01132842 -0.00035005
v -0.15138929 0.16502523 0.00122122
v -0.15412393 0.171838 8.777E-05
v -0.15293106 0.1719359 0.01658331
v -0.14968865 0.01034697 0.01710101
v -0.1514377 0.17446882 0.02924896
v -0.15364601 0.22132753 0.02838265
v -0.15550147 0.19889925 0.02940716
v -0.15670924 0.19738068 -0.01608301
v -0.15699665 0.19787371 0.01780289
vt 0.67352 0.1566
vt 0.67308 0.17711
vt 0.657 0.16458
vt 0.65695 0.17674
vt 0.67301 0.18969
vt 0.65715 0.19028
vt 0.6383 0.19134
vt 0.65693 0.15563
vt 0.65896 0.14031
vt 0.63544 0.17481
vt 0.6368 0.15222
vt 0.68593 0.17796
vt 0.6849 0.16272
vt 0.68233 0.19631
vt 0.67144 0.20012
vt 0.6574 0.19938
vt 0.6378 0.20109
vt 0.68303 0.14028
vt 0.67442 0.14102
vt 0.69325 0.1569
vt 0.64698 0.13931
vt 0.20175 0.14984
vt 0.16634 0.1509
vt 0.19454 0.13681
vt 0.15867 0.14032
vt 0.61288 0.15021
vt 0.61271 0.1615
vt 0.5749 0.14899
vt 0.5147 0.1591
vt 0.48846 0.15876
vt 0.48936 0.14548
vt 0.51456 0.14617
vt 0.44186 0.15728
vt 0.4499 0.14568
vt 0.4205 0.15802
vt 0.41522 0.14458
vt 0.63091 0.16284
vt 0.63101 0.1533
vt 0.61599 0.1636
vt 0.40217 0.15593
vt 0.1445 0.15027
vt 0.40642 0.1703
vt 0.61742 0.17703
vt 0.61177 0.17688
vt 0.57433 0.1763
vt 0.56737 0.16034
vt 0.53239 0.17568
vt 0.22153 0.15175
vt 0.21965 0.16736
vt 0.20775 0.16653
vt 0.17367 0.16378
vt 0.49473 0.17416
vt 0.44442 0.17308
vt 0.42067 0.17273
vt 0.14748 0.16367
vt 0.63027 0.17775
vt 0.22445 0.16624
vt 0.12481 0.16328
vt 0.57262 0.19573
vt 0.52376 0.19041
vt 0.40578 0.18887
vt 0.39552 0.1848
vt 0.213 0.18316
vt 0.61586 0.19185
vt 0.61202 0.19006
vt 0.49908 0.18896
vt 0.46269 0.1881
vt 0.4267 0.18667
vt 0.17153 0.17903
vt 0.1359 0.17972
vt 0.6302 0.19861
vt 0.40842 0.20246
vt 0.17049 0.19315
vt 0.61189 0.20218
vt 0.5377 0.20226
vt 0.51473 0.20416
vt 0.4705 0.20316
vt 0.43222 0.20019
vt 0.14429 0.19004
vt 0.67294 0.21378
vt 0.64004 0.21583
vt 0.68146 0.21354
vt 0.6572 0.21408
vt 0.65938 0.22803
vt 0.67723 0.12751
vt 0.66062 0.12625
vt 0.64934 0.12523
vt 0.63788 0.13086
vt 0.63165 0.13749
vt 0.20627 0.12113
vt 0.17812 0.11957
vt 0.15973 0.11877
vt 0.14262 0.13476
vt 0.61682 0.14976
vt 0.61271 0.13479
vt 0.5797 0.1324
vt 0.55781 0.13131
vt 0.52895 0.13172
vt 0.44923 0.13016
vt 0.21357 0.13674
vt 0.42799 0.1288
vt 0.22344 0.14154
vt 0.24109 0.12788
vt 0.23592 0.14854
vt 0.40697 0.13901
vt 0.38697 0.14086
vt 0.25453 0.15083
vt 0.12011 0.1502
vt 0.11541 0.13427
vt 0.37046 0.15556
vt 0.10223 0.15011
vt 0.39276 0.16974
vt 0.70237 0.17702
vt 0.28121 0.15447
vt 0.23996 0.16882
vt 0.28108 0.16718
vt 0.08774 0.16536
vt 0.24558 0.18235
vt 0.10274 0.17655
vt 0.08091 0.17505
vt 0.21786 0.18733
vt 0.7009 0.19557
vt 0.27826 0.18357
vt 0.23848 0.19784
vt 0.61645 0.20379
vt 0.39001 0.19898
vt 0.20688 0.19693
vt 0.12273 0.19259
vt 0.69431 0.21167
vt 0.63032 0.21708
vt 0.57476 0.2173
vt 0.19736 0.21224
vt 0.15164 0.20776
vt 0.61147 0.21671
vt 0.50006 0.215
vt 0.45313 0.21689
vt 0.41973 0.21521
vt 0.17209 0.2086
vt 0.53542 0.2184
vt 0.67611 0.22728
vt 0.6396 0.22743
vt 0.45657 0.12335
vt 0.40732 0.12076
vt 0.39654 0.12874
vt 0.69886 0.14392
vt 0.61717 0.13612
vt 0.21386 0.12127
vt 0.13079 0.11884
vt 0.28369 0.12554
vt 0.28256 0.13958
vt 0.24976 0.13524
vt 0.70814 0.15899
vt 0.0885 0.13733
vt 0.36959 0.16973
vt 0.29076 0.1748
vt 0.06086 0.16399
vt 0.36983 0.18383
vt 0.0592 0.1759
vt 0.28731 0.19715
vt 0.27743 0.19599
vt 0.07581 0.18873
vt 0.71444 0.19737
vt 0.24836 0.20519
vt 0.21036 0.20275
vt 0.23656 0.21259
vt 0.12858 0.20753
vt 0.39058 0.21455
vt 0.24058 0.20991
vt 0.20243 0.21474
vt 0.61666 0.21688
vt 0.19675 0.22302
vt 0.40565 0.22586
vt 0.69204 0.22537
vt 0.6177 0.23188
vt 0.57527 0.23176
vt 0.54582 0.23053
vt 0.51148 0.22432
vt 0.49536 0.22973
vt 0.43979 0.22853
vt 0.23883 0.21937
vt 0.67851 0.11574
vt 0.66206 0.11363
vt 0.64938 0.11231
vt 0.63903 0.11211
vt 0.63228 0.1215
vt 0.69713 0.13046
vt 0.61478 0.12042
vt 0.61881 0.12149
vt 0.5759 0.1186
vt 0.53554 0.11799
vt 0.48768 0.11478
vt 0.44901 0.11381
vt 0.43104 0.1125
vt 0.41909 0.11051
vt 0.24116 0.10716
vt 0.21618 0.10286
vt 0.18551 0.10278
vt 0.15859 0.1061
vt 0.13538 0.10632
vt 0.39055 0.11195
vt 0.24908 0.12026
vt 0.19815 0.10242
vt 0.38251 0.1234
vt 0.27485 0.12299
vt 0.26161 0.12102
vt 0.30393 0.1328
vt 0.10805 0.11783
vt 0.36947 0.14489
vt 0.3343 0.1461
vt 0.33447 0.15678
vt 0.32112 0.1362
vt 0.30395 0.15029
vt 0.34274 0.14705
vt 0.07034 0.14892
vt 0.34518 0.16817
vt 0.33389 0.16853
vt 0.3024 0.17239
vt 0.35314 0.15917
vt 0.35433 0.18336
vt 0.33757 0.18477
vt 0.33144 0.18547
vt 0.31386 0.19003
vt 0.36758 0.19045
vt 0.30023 0.18582
vt 0.05876 0.18795
vt 0.36812 0.20525
vt 0.28238 0.2139
vt 0.07742 0.20206
vt 0.26411 0.21377
vt 0.02981 0.99951
vt 0.05425 0.99951
vt 0.04424 0.99853
vt 0.23011 0.22612
vt 0.62996 0.22884
vt 0.61109 0.23039
vt 0.39303 0.23311
vt 0.18024 0.22855
vt 0.15276 0.22826
vt 0.12873 0.22203
vt 0.63775 0.24395
vt 0.67692 0.23808
vt 0.64655 0.24092
vt 0.66005 0.23993
vt 0.70251 0.11717
vt 0.50111 0.09949
vt 0.52913 0.10117
vt 0.40663 0.09743
vt 0.17533 0.09376
vt 0.15335 0.08867
vt 0.2492 0.1049
vt 0.26797 0.10743
vt 0.2842 0.10877
vt 0.26753 0.11508
vt 0.11665 0.10082
vt 0.71607 0.14064
vt 0.32736 0.12701
vt 0.31725 0.11791
vt 0.29457 0.12012
vt 0.36979 0.12178
vt 0.35284 0.126
vt 0.34915 0.13633
vt 0.33557 0.135
vt 0.0878 0.12617
vt 0.3614 0.13654
vt 0.72701 0.15959
vt 0.35734 0.14617
vt 0.06512 0.14105
vt 0.73079 0.17704
vt 0.0477 0.14893
vt 0.04151 0.1625
vt 0.34107 0.18864
vt 0.72804 0.19522
vt 0.0378 0.17467
vt 0.046 0.18847
vt 0.34973 0.20367
vt 0.33466 0.20611
vt 0.29987 0.20081
vt 0.32619 0.20588
vt 0.7164 0.21496
vt 0.06135 0.20269
vt 0.3494 0.22013
vt 0.30361 0.21706
vt 0.07198 0.2068
vt 0.36877 0.21963
vt 0.25864 0.22686
vt 0.27632 0.22779
vt 0.10091 0.22331
vt 0.57037 0.24468
vt 0.17846 0.23891
vt 0.63012 0.24408
vt 0.61506 0.24599
vt 0.59602 0.24698
vt 0.54588 0.24555
vt 0.51062 0.24699
vt 0.48336 0.24487
vt 0.45803 0.24536
vt 0.42314 0.24466
vt 0.40161 0.24598
vt 0.20884 0.24078
vt 0.16963 0.2383
vt 0.69208 0.23754
vt 0.66271 0.2537
vt 0.67938 0.10178
vt 0.66353 0.1001
vt 0.64266 0.09676
vt 0.633 0.10851
vt 0.61922 0.1054
vt 0.58917 0.10438
vt 0.45607 0.09903
vt 0.43169 0.09831
vt 0.41826 0.0942
vt 0.24331 0.09246
vt 0.2081 0.08557
vt 0.39545 0.09668
vt 0.28248 0.09748
vt 0.13226 0.08914
vt 0.09911 0.09974
vt 0.72579 0.12895
vt 0.35868 0.11272
vt 0.35238 0.11048
vt 0.32118 0.10382
vt 0.33152 0.10489
vt 0.36563 0.12021
vt 0.33244 0.12132
vt 0.30311 0.11303
vt 0.29628 0.10554
vt 0.07791 0.12233
vt 0.06249 0.13474
vt 0.33038 0.22242
vt 0.04767 0.20395
vt 0.3204 0.22185
vt 0.35544 0.23022
vt 0.30118 0.23558
vt 0.252 0.24288
vt 0.26645 0.24337
vt 0.13063 0.23995
vt 0.38929 0.24652
vt 0.2355 0.24491
vt 0.67871 0.25174
vt 0.64236 0.25552
vt 0.69133 0.10275
vt 0.17538 0.07624
vt 0.25236 0.08785
vt 0.35483 0.09554
vt 0.3694 0.1047
vt 0.73535 0.13856
vt 0.08406 0.10779
vt 0.73461 0.15016
vt 0.04559 0.13518
vt 0.07771 0.70368
vt 0.08537 0.71559
vt 0.08766 0.70081
vt 0.09599 0.71232
vt 0.09225 0.72554
vt 0.03325 0.18935
vt 0.0346 0.20211
vt 0.06527 0.21489
vt 0.36919 0.23634
vt 0.32953 0.23953
vt 0.7243 0.22702
vt 0.34648 0.23827
vt 0.10916 0.23854
vt 0.38098 0.24641
vt 0.41314 0.25301
vt 0.16554 0.24765
vt 0.15552 0.24625
vt 0.56943 0.26177
vt 0.53208 0.26196
vt 0.46285 0.26117
vt 0.42931 0.26395
vt 0.21429 0.25839
vt 0.18756 0.25729
vt 0.66614 0.08225
vt 0.63578 0.09317
vt 0.62307 0.08992
vt 0.60236 0.08989
vt 0.43394 0.08077
vt 0.25022 0.0758
vt 0.23197 0.06999
vt 0.15117 0.07256
vt 0.39361 0.08476
vt 0.2789 0.08504
vt 0.37309 0.08885
vt 0.29763 0.09023
vt 0.10837 0.08275
vt 0.30401 0.09424
vt 0.32889 0.09152
vt 0.45101 0.98108
vt 0.45015 0.96708
vt 0.4567 0.96613
vt 0.75432 0.1655
vt 0.09683 0.70097
vt 0.02694 0.16311
vt 0.01931 0.1771
vt 0.73163 0.21507
vt 0.04681 0.21314
vt 0.06695 0.22503
vt 0.31975 0.24418
vt 0.36701 0.24623
vt 0.09051 0.23656
vt 0.35538 0.24556
vt 0.71533 0.24051
vt 0.27993 0.25389
vt 0.2637 0.25761
vt 0.69343 0.2496
vt 0.61898 0.2614
vt 0.38988 0.26114
vt 0.24304 0.25858
vt 0.13642 0.25671
vt 0.63261 0.26036
vt 0.61412 0.26487
vt 0.54274 0.2639
vt 0.49872 0.26708
vt 0.40346 0.26302
vt 0.15447 0.2556
vt 0.65021 0.27285
vt 0.66426 0.27355
vt 0.68247 0.08449
vt 0.65288 0.08136
vt 0.20347 0.07104
vt 0.53853 0.08478
vt 0.50128 0.07981
vt 0.46149 0.07993
vt 0.41734 0.07511
vt 0.40496 0.07938
vt 0.70843 0.09815
vt 0.26317 0.07538
vt 0.12754 0.07932
vt 0.29832 0.07674
vt 0.28527 0.07879
vt 0.30645 0.07927
vt 0.36831 0.08863
vt 0.32002 0.086
vt 0.09219 0.08126
vt 0.093 0.08737
vt 0.33568 0.08727
vt 0.75463 0.1538
vt 0.75096 0.17642
vt 0.75159 0.19183
vt 0.10805 0.72094
vt 0.10938 0.7064
vt 0.75435 0.2016
vt 0.01747 0.19692
vt 0.02285 0.19089
vt 0.34436 0.25045
vt 0.32445 0.2582
vt 0.29332 0.25389
vt 0.37523 0.26895
vt 0.64064 0.27503
vt 0.69256 0.08596
vt 0.19085 0.05602
vt 0.16202 0.06338
vt 0.39497 0.07168
vt 0.24181 0.06345
vt 0.27868 0.0683
vt 0.25851 0.06621
vt 0.12852 0.06171
vt 0.10651 0.06954
vt 0.73418 0.1157
vt 0.35242 0.07791
vt 0.08877 0.05883
vt 0.07928 0.69043
vt 0.09778 0.6916
vt 0.08976 0.68444
vt 0.15934 0.97144
vt 0.14957 0.9551
vt 0.14747 0.96287
vt 0.17006 0.97091
vt 0.17716 0.97788
vt 0.17457 0.98605
vt 0.18572 0.98639
vt 0.20079 0.99951
vt 0.08845 0.24841
vt 0.33178 0.25987
vt 0.36286 0.26545
vt 0.3516 0.26442
vt 0.31914 0.26854
vt 0.1047 0.25607
vt 0.72054 0.25317
vt 0.12453 0.2615
vt 0.27926 0.26751
vt 0.25107 0.26795
vt 0.70071 0.26545
vt 0.6199 0.27389
vt 0.4143 0.2789
vt 0.39719 0.27839
vt 0.22759 0.27092
vt 0.60191 0.27513
vt 0.57481 0.27866
vt 0.53948 0.27814
vt 0.52083 0.27703
vt 0.47636 0.27785
vt 0.45535 0.27898
vt 0.43146 0.27894
vt 0.20207 0.2704
vt 0.17721 0.27332
vt 0.68231 0.26981
vt 0.64246 0.07926
vt 0.63734 0.07722
vt 0.60648 0.06874
vt 0.58284 0.06973
vt 0.54879 0.07608
vt 0.50002 0.06496
vt 0.4236 0.06204
vt 0.4335 0.06634
vt 0.26066 0.05665
vt 0.30077 0.06532
vt 0.36477 0.07203
vt 0.0786 0.06209
vt 0.76129 0.13887
vt 0.77639 0.17627
vt 0.16214 0.96129
vt 0.15241 0.94844
vt 0.7435 0.2282
vt 0.34329 0.26392
vt 0.29227 0.27445
vt 0.37971 0.27354
vt 0.26166 0.27381
vt 0.15921 0.27399
vt 0.63423 0.27578
vt 0.61749 0.28867
vt 0.47073 0.0653
vt 0.22669 0.05148
vt 0.29913 0.05694
vt 0.2862 0.05347
vt 0.31021 0.06021
vt 0.37257 0.0695
vt 0.35077 0.06075
vt 0.33807 0.06817
vt 0.07268 0.07208
vt 0.08286 0.0835
vt 0.77326 0.15218
vt 0.77287 0.19268
vt 0.14849 0.93937
vt 0.14223 0.94798
vt 0.76371 0.21495
vt 0.18347 0.97348
vt 0.19544 0.98497
vt 0.19816 0.97779
vt 0.07809 0.25189
vt 0.07188 0.24657
vt 0.35929 0.27629
vt 0.11157 0.27984
vt 0.13194 0.27835
vt 0.5221 0.29321
vt 0.2238 0.2814
vt 0.64547 0.29098
vt 0.68473 0.28636
vt 0.5481 0.06122
vt 0.45985 0.04944
vt 0.40804 0.06274
vt 0.25303 0.05238
vt 0.39784 0.05413
vt 0.27741 0.04591
vt 0.14992 0.04677
vt 0.0949 0.04531
vt 0.36075 0.05679
vt 0.3232 0.06157
vt 0.73356 0.10181
vt 0.97247 0.11801
vt 0.96409 0.11183
vt 0.98076 0.11507
vt 0.78044 0.16342
vt 0.7766 0.20184
vt 0.16157 0.95342
vt 0.18046 0.9565
vt 0.0871 0.27488
vt 0.08352 0.26433
vt 0.33357 0.27766
vt 0.09899 0.27852
vt 0.34682 0.28157
vt 0.31336 0.27776
vt 0.72482 0.26853
vt 0.27941 0.2826
vt 0.62098 0.29024
vt 0.25901 0.28641
vt 0.70192 0.28347
vt 0.63482 0.28959
vt 0.58242 0.29306
vt 0.54039 0.29289
vt 0.48244 0.2945
vt 0.43484 0.29431
vt 0.42093 0.29833
vt 0.20398 0.29088
vt 0.66678 0.29101
vt 0.64432 0.06474
vt 0.63965 0.05909
vt 0.50347 0.05447
vt 0.43546 0.05698
vt 0.20856 0.04158
vt 0.98334 0.10989
vt 0.96934 0.09929
vt 0.97887 0.09641
vt 0.77 0.12661
vt 0.15768 0.93709
vt 0.17677 0.95114
vt 0.76939 0.22722
vt 0.74899 0.24377
vt 0.3576 0.28934
vt 0.39984 0.29448
vt 0.38064 0.28976
vt 0.22954 0.2923
vt 0.16736 0.29257
vt 0.69994 0.06956
vt 0.68695 0.06656
vt 0.26495 0.04259
vt 0.2559 0.03643
vt 0.2375 0.03866
vt 0.72666 0.08508
vt 0.70995 0.07809
vt 0.37881 0.04709
vt 0.36726 0.05067
vt 0.33937 0.05258
vt 0.05735 0.05396
vt 0.97016 0.08605
vt 0.17815 0.94033
vt 0.18947 0.96151
vt 0.75213 0.25729
vt 0.32457 0.29065
vt 0.31221 0.29112
vt 0.14073 0.28888
vt 0.46374 0.31053
vt 0.6268 0.07029
vt 0.59711 0.05187
vt 0.56122 0.04395
vt 0.31156 0.04449
vt 0.05925 0.06641
vt 0.95365 0.10481
vt 0.78952 0.15085
vt 0.80646 0.16234
vt 0.79596 0.17667
vt 0.79856 0.19046
vt 0.14446 0.92961
vt 0.15452 0.92959
vt 0.15173 0.92134
vt 0.77471 0.24233
vt 0.34451 0.29416
vt 0.33449 0.29697
vt 0.29141 0.29854
vt 0.38559 0.30734
vt 0.27998 0.30241
vt 0.63635 0.30484
vt 0.62286 0.30649
vt 0.61636 0.30697
vt 0.56858 0.30537
vt 0.53841 0.31109
vt 0.40469 0.31215
vt 0.2396 0.30657
vt 0.21581 0.30277
vt 0.19793 0.30724
vt 0.14857 0.29909
vt 0.64366 0.30593
vt 0.66783 0.30447
vt 0.51558 0.04497
vt 0.06231 0.04468
vt 0.06563 0.0304
vt 0.75114 0.09429
vt 0.75162 0.10678
vt 0.0436 0.06015
vt 0.96203 0.09185
vt 0.96015 0.07398
vt 0.92099 0.15705
vt 0.92441 0.17249
vt 0.93131 0.16223
vt 0.80249 0.20428
vt 0.16899 0.92866
vt 0.1892 0.94993
vt 0.78993 0.21969
vt 0.07188 0.26243
vt 0.06805 0.27642
vt 0.74419 0.26639
vt 0.07517 0.28186
vt 0.71815 0.28876
vt 0.35805 0.3027
vt 0.25523 0.30144
vt 0.08966 0.29837
vt 0.12023 0.30185
vt 0.51392 0.31201
vt 0.48864 0.31149
vt 0.42873 0.31174
vt 0.16719 0.30811
vt 0.68771 0.30288
vt 0.64109 0.04288
vt 0.62699 0.05251
vt 0.72034 0.06579
vt 0.04588 0.03761
vt 0.04226 0.0484
vt 0.95154 0.07574
vt 0.19496 0.96882
vt 0.20074 0.96105
vt 0.19601 0.95358
vt 0.06346 0.26511
vt 0.34447 0.30946
vt 0.31755 0.30812
vt 0.70154 0.29939
vt 0.52189 0.03116
vt 0.54336 0.02662
vt 0.27006 0.02192
vt 0.10991 0.03385
vt 0.08747 0.02207
vt 0.36196 0.03838
vt 0.35924 0.02992
vt 0.34869 0.04181
vt 0.95252 0.06605
vt 0.95169 0.08573
vt 0.93892 0.07192
vt 0.95102 0.11523
vt 0.94505 0.10914
vt 0.23351 0.91969
vt 0.21628 0.92076
vt 0.23009 0.91683
vt 0.21359 0.91772
vt 0.81586 0.17586
vt 0.22868 0.92601
vt 0.93342 0.3684
vt 0.93372 0.37677
vt 0.93704 0.36899
vt 0.80235 0.29466
vt 0.80219 0.29801
vt 0.78023 0.29273
vt 0.7361 0.29088
vt 0.74221 0.29012
vt 0.74069 0.30459
vt 0.73251 0.30621
vt 0.73285 0.29328
vt 0.73517 0.30943
vt 0.1765 0.92067
vt 0.19244 0.93348
vt 0.05816 0.27748
vt 0.28196 0.31554
vt 0.58513 0.32333
vt 0.39474 0.32087
vt 0.2441 0.31679
vt 0.24071 0.3328
vt 0.20337 0.31654
vt 0.14442 0.31299
vt 0.65673 0.32158
vt 0.47033 0.03077
vt 0.45447 0.03681
vt 0.43134 0.0347
vt 0.33924 0.03964
vt 0.34908 0.02938
vt 0.04682 0.02862
vt 0.03109 0.0436
vt 0.0326 0.05594
vt 0.93864 0.06863
vt 0.78636 0.11151
vt 0.93924 0.0969
vt 0.8033 0.13752
vt 0.81234 0.14823
vt 0.24583 0.91976
vt 0.2468 0.91626
vt 0.24037 0.97891
vt 0.23819 0.98789
vt 0.24045 0.96181
vt 0.23626 0.95093
vt 0.219 0.96487
vt 0.91376 0.37266
vt 0.91363 0.38014
vt 0.2188 0.98722
vt 0.21788 0.94335
vt 0.23309 0.94278
vt 0.21819 0.93717
vt 0.23925 0.93716
vt 0.23617 0.92602
vt 0.21866 0.92649
vt 0.75281 0.29113
vt 0.74363 0.30822
vt 0.76814 0.31186
vt 0.75883 0.29239
vt 0.9473 0.37166
vt 0.80303 0.30824
vt 0.75774 0.31265
vt 0.75248 0.31605
vt 0.73576 0.32015
vt 0.74101 0.31894
vt 0.73167 0.32143
vt 0.81853 0.19213
vt 0.7886 0.91578
vt 0.78722 0.91243
vt 0.8001 0.9157
vt 0.80832 0.2152
vt 0.8081 0.22562
vt 0.20427 0.97238
vt 0.20646 0.95703
vt 0.77409 0.26294
vt 0.06694 0.29486
vt 0.33486 0.31431
vt 0.3621 0.31541
vt 0.29352 0.31821
vt 0.0908 0.31128
vt 0.28481 0.32823
vt 0.26362 0.33474
vt 0.11268 0.31569
vt 0.63807 0.32121
vt 0.61789 0.32356
vt 0.53831 0.32635
vt 0.51537 0.32828
vt 0.49045 0.32807
vt 0.45216 0.32764
vt 0.41944 0.3275
vt 0.21371 0.33151
vt 0.17116 0.32192
vt 0.70104 0.33981
vt 0.70012 0.35206
vt 0.6874 0.3366
vt 0.64599 0.3227
vt 0.68412 0.35073
vt 0.66615 0.34764
vt 0.67103 0.32089
vt 0.02156 0.05051
vt 0.94453 0.05775
vt 0.93191 0.10642
vt 0.25493 0.91935
vt 0.24662 0.92486
vt 0.24839 0.98732
vt 0.24718 0.95176
vt 0.24318 0.94268
vt 0.24925 0.93615
vt 0.90369 0.37611
vt 0.91195 0.38383
vt 0.94205 0.3821
vt 0.95507 0.38126
vt 0.9605 0.3748
vt 0.80225 0.32143
vt 0.77979 0.31805
vt 0.79651 0.94817
vt 0.79084 0.96004
vt 0.79523 0.93784
vt 0.78421 0.93787
vt 0.79213 0.93253
vt 0.16301 0.91626
vt 0.78782 0.98249
vt 0.77639 0.9551
vt 0.77315 0.9312
vt 0.78879 0.92118
vt 0.77762 0.91928
vt 0.77727 0.91537
vt 0.77858 0.91188
vt 0.77761 0.0549
vt 0.78602 0.04023
vt 0.7893 0.04803
vt 0.78563 0.05696
vt 0.75397 0.33965
vt 0.7768 0.3586
vt 0.75144 0.35622
vt 0.04778 0.29566
vt 0.72037 0.34012
vt 0.7229 0.35301
vt 0.34796 0.32253
vt 0.07549 0.30892
vt 0.38484 0.32714
vt 0.62444 0.3236
vt 0.19507 0.33833
vt 0.17327 0.31804
vt 0.17772 0.33129
vt 0.75094 0.06836
vt 0.7506 0.08187
vt 0.02295 0.03715
vt 0.93104 0.11297
vt 0.26342 0.99239
vt 0.26214 0.98547
vt 0.26282 0.97006
vt 0.25916 0.94913
vt 0.25731 0.94167
vt 0.25815 0.92472
vt 0.89339 0.38843
vt 0.8289 0.15281
vt 0.82753 0.16286
vt 0.82655 0.17641
vt 0.82828 0.19766
vt 0.96222 0.38756
vt 0.97557 0.38393
vt 0.77502 0.97746
vt 0.77223 0.92291
vt 0.77053 0.983
vt 0.76919 0.93693
vt 0.80892 0.23291
vt 0.79461 0.06433
vt 0.79905 0.05508
vt 0.04141 0.28536
vt 0.34554 0.32463
vt 0.34937 0.33738
vt 0.33617 0.32952
vt 0.31954 0.3228
vt 0.31721 0.33609
vt 0.29582 0.33171
vt 0.41949 0.33758
vt 0.40303 0.34602
vt 0.40458 0.32289
vt 0.39543 0.33198
vt 0.15512 0.33523
vt 0.15093 0.32479
vt 0.12056 0.33177
vt 0.13583 0.0125
vt 0.08873 0.01056
vt 0.1149 0.00049
vt 0.74786 0.05944
vt 0.0302 0.02439
vt 0.93005 0.05791
vt 0.93599 0.05241
vt 0.26795 0.91894
vt 0.25664 0.9162
vt 0.26639 0.9355
vt 0.83114 0.14156
vt 0.8995 0.85979
vt 0.90283 0.86343
vt 0.89672 0.86183
vt 0.84744 0.15941
vt 0.84884 0.16457
vt 0.83227 0.15726
vt 0.84497 0.17625
vt 0.83241 0.17601
vt 0.89566 0.39291
vt 0.83273 0.1894
vt 0.84866 0.18417
vt 0.84766 0.19208
vt 0.85181 0.19555
vt 0.1843 0.91341
vt 0.83086 0.20689
vt 0.19691 0.92188
vt 0.97412 0.39266
vt 0.20452 0.93198
vt 0.20364 0.92377
vt 0.76543 0.95538
vt 0.76539 0.91448
vt 0.76919 0.91159
vt 0.81216 0.24502
vt 0.81443 0.37593
vt 0.80913 0.37843
vt 0.80611 0.04608
vt 0.79678 0.04058
vt 0.04692 0.31197
vt 0.33406 0.34516
vt 0.28916 0.34925
vt 0.38636 0.33898
vt 0.36486 0.34341
vt 0.36294 0.32994
vt 0.25087 0.34707
vt 0.48916 0.33845
vt 0.44338 0.35121
vt 0.45161 0.33752
vt 0.03196 0.01526
vt 0.77803 0.078
vt 0.78962 0.09869
vt 0.80969 0.11268
vt 0.79858 0.12184
vt 0.92086 0.07263
vt 0.28017 0.91887
vt 0.2678 0.92363
vt 0.92533 0.09992
vt 0.27324 0.91552
vt 0.82752 0.13034
vt 0.27149 0.98646
vt 0.26819 0.95972
vt 0.26852 0.94222
vt 0.26602 0.92713
vt 0.84822 0.15137
vt 0.84876 0.20109
vt 0.83432 0.20088
vt 0.85179 0.20095
vt 0.85066 0.20335
vt 0.83334 0.21642
vt 0.76563 0.97639
vt 0.76017 0.91922
vt 0.76314 0.93134
vt 0.75613 0.91524
vt 0.75832 0.91197
vt 0.83595 0.22498
vt 0.79886 0.02164
vt 0.76798 0.37234
vt 0.01797 0.29215
vt 0.02911 0.29957
vt 0.73647 0.36845
vt 0.35222 0.3519
vt 0.32091 0.35113
vt 0.29776 0.35007
vt 0.06962 0.32396
vt 0.7113 0.36569
vt 0.10712 0.34778
vt 0.09868 0.3316
vt 0.08119 0.34825
vt 0.39937 0.35416
vt 0.23625 0.34763
vt 0.12358 0.34668
vt 0.64171 0.3446
vt 0.63305 0.35899
vt 0.63425 0.34216
vt 0.59998 0.35603
vt 0.57829 0.35581
vt 0.58243 0.33885
vt 0.61456 0.342
vt 0.53653 0.35373
vt 0.53619 0.33864
vt 0.51362 0.33938
vt 0.50093 0.35437
vt 0.17405 0.34904
vt 0.68297 0.36408
vt 0.65233 0.34531
vt 0.64825 0.35994
vt 0.6644 0.36374
vt 0.60452 0.53304
vt 0.61335 0.5258
vt 0.61275 0.54019
vt 0.91919 0.06363
vt 0.91755 0.05876
vt 0.28275 0.92448
vt 0.28138 0.99315
vt 0.27732 0.95003
vt 0.8813 0.40161
vt 0.92033 0.11028
vt 0.83462 0.14361
vt 0.84884 0.2085
vt 0.75725 0.95863
vt 0.75418 0.93705
vt 0.7542 0.92249
vt 0.7664 0.9907
vt 0.74989 0.98027
vt 0.75068 0.93143
vt 0.81716 0.05458
vt 0.04132 0.32101
vt 0.0541 0.32409
vt 0.37832 0.35417
vt 0.36695 0.35699
vt 0.69647 0.36542
vt 0.62084 0.34284
vt 0.61903 0.35826
vt 0.19698 0.3491
vt 0.14789 0.34916
vt 0.29599 0.55022
vt 0.295 0.53567
vt 0.30594 0.53591
vt 0.34949 0.01454
vt 0.36175 0.01044
vt 0.35859 0.01778
vt 0.80155 0.09129
vt 0.81415 0.10599
vt 0.28279 0.98496
vt 0.27787 0.93482
vt 0.28275 0.94174
vt 0.83531 0.12695
vt 0.90344 0.08914
vt 0.90748 0.10223
vt 0.85254 0.14088
vt 0.85098 0.21881
vt 0.99354 0.41949
vt 0.75076 0.94706
vt 0.75074 0.91145
vt 0.81235 0.02107
vt 0.01623 0.30213
vt 0.02909 0.30859
vt 0.21174 0.36436
vt 0.19603 0.54656
vt 0.18484 0.57201
vt 0.16932 0.5591
vt 0.28353 0.96721
vt 0.28355 0.95016
vt 0.87548 0.85742
vt 0.85631 0.85737
vt 0.86857 0.84393
vt 0.85338 0.1364
vt 0.84086 0.1323
vt 0.8917 0.18917
vt 0.88922 0.2012
vt 0.89714 0.19202
vt 0.20511 0.91561
vt 0.85313 0.2094
vt 0.85578 0.2199
vt 0.85655 0.22669
vt 0.74827 0.98938
vt 0.74429 0.91912
vt 0.83441 0.23423
vt 0.74551 0.95073
vt 0.73819 0.91458
vt 0.82312 0.03543
vt 0.79144 0.38789
vt 0.80615 0.0118
vt 0.24175 0.36384
vt 0.64276 0.37408
vt 0.7862 0.54975
vt 0.80962 0.53688
vt 0.82789 0.55076
vt 0.28553 0.93467
vt 0.29918 0.94197
vt 0.29828 0.91847
vt 0.29077 0.92424
vt 0.29023 0.9853
vt 0.8805 0.40934
vt 0.90771 0.077
vt 0.87371 0.19994
vt 0.87477 0.21039
vt 0.85144 0.22773
vt 0.98748 0.40489
vt 0.73859 0.98153
vt 0.8607 0.28327
vt 0.87243 0.28327
vt 0.86526 0.28229
vt 0.74554 0.9806
vt 0.7431 0.93702
vt 0.73573 0.92211
vt 0.76107 0.38512
vt 0.0209 0.31747
vt 0.7346 0.38189
vt 0.71185 0.38057
vt 0.33531 0.36926
vt 0.32801 0.36278
vt 0.2871 0.36859
vt 0.09091 0.36318
vt 0.3882 0.36726
vt 0.61805 0.37142
vt 0.42059 0.3669
vt 0.20061 0.36426
vt 0.16859 0.36409
vt 0.14722 0.36271
vt 0.12454 0.36536
vt 0.69449 0.37853
vt 0.45347 0.36811
vt 0.68092 0.37812
vt 0.7209 0.54666
vt 0.75675 0.54118
vt 0.74589 0.55743
vt 0.87259 0.42303
vt 0.89911 0.06611
vt 0.85428 0.12765
vt 0.84147 0.12267
vt 0.89209 0.11136
vt 0.99656 0.41694
vt 0.73304 0.98811
vt 0.83617 0.38616
vt 0.8315 0.39533
vt 0.73603 0.9313
vt 0.73828 0.91148
vt 0.8131 0.39147
vt 0.00713 0.30764
vt 0.34947 0.3676
vt 0.29798 0.36654
vt 0.63274 0.37563
vt 0.57575 0.37029
vt 0.53549 0.37023
vt 0.51262 0.37096
vt 0.66261 0.37743
vt 0.23502 0.56825
vt 0.25259 0.54965
vt 0.25108 0.56757
vt 0.64238 0.5579
vt 0.688 0.54397
vt 0.70542 0.55636
vt 0.64981 0.54098
vt 0.29121 0.91548
vt 0.30172 0.91536
vt 0.30468 0.99186
vt 0.86859 0.4208
vt 0.9249 0.4422
vt 0.82853 0.06387
vt 0.83755 0.06059
vt 0.84126 0.0654
vt 0.85559 0.38987
vt 0.83925 0.39426
vt 0.84274 0.38061
vt 0.8607 0.39068
vt 0.85684 0.39658
vt 0.82914 0.05271
vt 0.83782 0.03807
vt 0.82543 0.02528
vt 0.73049 0.9366
vt 0.73125 0.9189
vt 0.72922 0.98107
vt 0.84295 0.34904
vt 0.85286 0.35233
vt 0.85381 0.34042
vt 0.02262 0.32828
vt 0.06648 0.35233
vt 0.05141 0.36619
vt 0.05348 0.35318
vt 0.03874 0.36654
vt 0.06703 0.36547
vt 0.36646 0.37809
vt 0.4037 0.37248
vt 0.12254 0.57697
vt 0.14271 0.56765
vt 0.14001 0.58247
vt 0.90254 0.05915
vt 0.90289 0.04817
vt 0.91013 0.05088
vt 0.89336 0.08466
vt 0.83891 0.02801
vt 0.72781 0.95495
vt 0.84637 0.36168
vt 0.75694 0.39576
vt 0.00989 0.32117
vt 0.4613 0.57021
vt 0.42451 0.55202
vt 0.46405 0.55895
vt 0.71016 0.57185
vt 0.66485 0.57052
vt 0.18244 0.58353
vt 0.15532 0.57716
vt 0.31203 0.91965
vt 0.30336 0.92431
vt 0.82083 0.10045
vt 0.84229 0.1106
vt 0.83917 0.11789
vt 0.88822 0.0987
vt 0.86476 0.20901
vt 0.8618 0.20384
vt 0.86124 0.21886
vt 0.85493 0.40462
vt 0.72617 0.93189
vt 0.72605 0.91473
vt 0.72236 0.91163
vt 0.8102 0.4033
vt 0.78981 0.4007
vt 0.03935 0.37824
vt 0.02729 0.37761
vt 0.05702 0.37953
vt 0.32904 0.37731
vt 0.07795 0.37747
vt 0.37092 0.37839
vt 0.25734 0.37699
vt 0.70688 0.39175
vt 0.39396 0.38252
vt 0.23745 0.38236
vt 0.21279 0.38081
vt 0.10026 0.37922
vt 0.6298 0.38686
vt 0.61406 0.3848
vt 0.56862 0.38311
vt 0.53281 0.38405
vt 0.41425 0.38219
vt 0.18933 0.37761
vt 0.16517 0.37954
vt 0.13412 0.37864
vt 0.6798 0.38903
vt 0.64162 0.38734
vt 0.47566 0.3833
vt 0.45251 0.38158
vt 0.31168 0.55839
vt 0.32096 0.55716
vt 0.32708 0.57522
vt 0.11962 0.58964
vt 0.09989 0.58756
vt 0.88734 0.0941
vt 0.97493 0.49126
vt 0.85609 0.0697
vt 0.85531 0.05801
vt 0.83673 0.40612
vt 0.82954 0.40711
vt 0.99951 0.42966
vt 0.71985 0.98875
vt 0.72078 0.93638
vt 0.72182 0.92406
vt 0.72013 0.91976
vt 0.72767 0.97772
vt 0.74096 0.39582
vt 0.34785 0.38123
vt 0.29818 0.38013
vt 0.69238 0.39048
vt 0.66081 0.38896
vt 0.84533 0.8626
vt 0.8385 0.87002
vt 0.84331 0.85797
vt 0.87153 0.4598
vt 0.8884 0.07231
vt 0.88327 0.11457
vt 0.89555 0.11643
vt 0.88393 0.12004
vt 0.71208 0.93135
vt 0.71175 0.91469
vt 0.86083 0.36505
vt 0.86484 0.35776
vt 0.30518 0.98529
vt 0.32698 0.99364
vt 0.86657 0.44274
vt 0.88493 0.07957
vt 0.88153 0.09928
vt 0.87772 0.11132
vt 0.85124 0.4116
vt 0.33606 0.39561
vt 0.33026 0.39609
vt 0.28096 0.39384
vt 0.25748 0.39308
vt 0.68945 0.40559
vt 0.59524 0.57875
vt 0.60623 0.56831
vt 0.60872 0.58783
vt 0.10823 0.95216
vt 0.09809 0.95061
vt 0.10323 0.94557
vt 0.12306 0.96555
vt 0.11636 0.97167
vt 0.86942 0.11731
vt 0.83449 0.42026
vt 0.7058 0.98163
vt 0.82416 0.42001
vt 0.804 0.41678
vt 0.78118 0.41443
vt 0.75722 0.41142
vt 0.03236 0.39213
vt 0.04771 0.39327
vt 0.7135 0.4069
vt 0.3671 0.39575
vt 0.29812 0.39556
vt 0.08469 0.39376
vt 0.39153 0.39599
vt 0.21194 0.39554
vt 0.1914 0.39367
vt 0.11217 0.39479
vt 0.63138 0.40169
vt 0.61909 0.40108
vt 0.57613 0.39929
vt 0.53393 0.3975
vt 0.49413 0.39791
vt 0.4664 0.39862
vt 0.44357 0.39749
vt 0.40592 0.39745
vt 0.16305 0.3947
vt 0.97554 0.86188
vt 0.968 0.88057
vt 0.97877 0.86723
vt 0.1234 0.97742
vt 0.8723 0.10684
vt 0.86657 0.1228
vt 0.85774 0.41181
vt 0.85516 0.42151
vt 0.99942 0.44375
vt 0.70419 0.95474
vt 0.70445 0.94393
vt 0.70486 0.9369
vt 0.70233 0.9238
vt 0.70468 0.91969
vt 0.70465 0.91193
vt 0.7004 0.91499
vt 0.86855 0.37921
vt 0.87128 0.36796
vt 0.73652 0.40906
vt 0.34656 0.39802
vt 0.13786 0.39416
vt 0.61134 0.40085
vt 0.67759 0.40491
vt 0.63888 0.40279
vt 0.66051 0.40257
vt 0.1856 0.59968
vt 0.1526 0.59329
vt 0.3104 0.93603
vt 0.31134 0.92835
vt 0.32945 0.92742
vt 0.97161 0.88042
vt 0.99472 0.46268
vt 0.84901 0.42359
vt 0.85319 0.42256
vt 0.70559 0.9907
vt 0.7014 0.93207
vt 0.06748 0.39346
vt 0.23396 0.3966
vt 0.32838 0.96504
vt 0.30784 0.95034
vt 0.32971 0.94267
vt 0.87947 0.37372
vt 0.88191 0.36414
vt 0.03711 0.40089
vt 0.02557 0.40259
vt 0.36668 0.40919
vt 0.96895 0.89359
vt 0.83678 0.43084
vt 0.83247 0.43239
vt 0.68741 0.92029
vt 0.79624 0.42969
vt 0.05164 0.40751
vt 0.71951 0.42388
vt 0.06971 0.40614
vt 0.29832 0.4108
vt 0.0901 0.40687
vt 0.12031 0.40972
vt 0.23091 0.4104
vt 0.21336 0.4101
vt 0.53255 0.41324
vt 0.49534 0.4139
vt 0.41729 0.41286
vt 0.40089 0.41124
vt 0.17813 0.41016
vt 0.6597 0.42048
vt 0.85149 0.43024
vt 0.6838 0.98268
vt 0.68397 0.94507
vt 0.6907 0.93761
vt 0.7691 0.4285
vt 0.74431 0.42646
vt 0.6954 0.42121
vt 0.32774 0.41358
vt 0.28695 0.41887
vt 0.26032 0.41102
vt 0.38962 0.41297
vt 0.67795 0.41804
vt 0.63025 0.42358
vt 0.61236 0.41715
vt 0.57681 0.41658
vt 0.46397 0.41281
vt 0.44118 0.41405
vt 0.63882 0.41371
vt 0.96299 0.89578
vt 0.86713 0.4608
vt 0.8199 0.43632
vt 0.68434 0.9886
vt 0.68293 0.93217
vt 0.68442 0.92235
vt 0.88823 0.38112
vt 0.89296 0.37465
vt 0.34862 0.41711
vt 0.33436 0.41504
vt 0.36712 0.41894
vt 0.14995 0.41113
vt 0.6214 0.41834
vt 0.60801 0.60207
vt 0.59487 0.61386
vt 0.59589 0.59397
vt 0.86884 0.25044
vt 0.86307 0.25436
vt 0.86016 0.26562
vt 0.99071 0.80914
vt 0.97762 0.80766
vt 0.98595 0.81751
vt 0.98453 0.804
vt 0.98977 0.79351
vt 0.85165 0.44123
vt 0.99951 0.46512
vt 0.68184 0.95701
vt 0.6804 0.93787
vt 0.67768 0.91647
vt 0.68315 0.91236
vt 0.0761 0.41566
vt 0.11908 0.62466
vt 0.1054 0.6373
vt 0.10529 0.62234
vt 0.87671 0.47239
vt 0.84775 0.95646
vt 0.83488 0.95364
vt 0.84248 0.95409
vt 0.97403 0.80224
vt 0.83374 0.44414
vt 0.82896 0.44863
vt 0.94365 0.27375
vt 0.93075 0.25929
vt 0.92944 0.26676
vt 0.07445 0.42328
vt 0.04883 0.41514
vt 0.33307 0.42699
vt 0.09258 0.42357
vt 0.31331 0.42535
vt 0.2537 0.42801
vt 0.11721 0.42528
vt 0.61415 0.42804
vt 0.396 0.42799
vt 0.18573 0.42307
vt 0.4096 0.42561
vt 0.67616 0.42707
vt 0.34518 0.98605
vt 0.35877 0.99202
vt 0.34527 0.99254
vt 0.96127 0.90776
vt 0.96583 0.90371
vt 0.87102 0.47359
vt 0.8613 0.95444
vt 0.85421 0.94849
vt 0.9641 0.79123
vt 0.98491 0.7924
vt 0.84753 0.44673
vt 0.78148 0.44175
vt 0.29839 0.43226
vt 0.22466 0.42564
vt 0.16334 0.42355
vt 0.1418 0.42497
vt 0.68879 0.43253
vt 0.63942 0.4288
vt 0.57605 0.42832
vt 0.4942 0.42682
vt 0.4599 0.42692
vt 0.6588 0.42632
vt 0.87223 0.95156
vt 0.87644 0.94441
vt 0.84693 0.93702
vt 0.83138 0.94987
vt 0.07659 0.66977
vt 0.07674 0.6439
vt 0.07128 0.65955
vt 0.95789 0.79886
vt 0.96893 0.77239
vt 0.97861 0.77221
vt 0.98418 0.77963
vt 0.98594 0.48113
vt 0.83409 0.45377
vt 0.85414 0.45127
vt 0.67045 0.93896
vt 0.67049 0.93395
vt 0.67446 0.92208
vt 0.80194 0.44862
vt 0.74558 0.4369
vt 0.70924 0.43215
vt 0.07015 0.43468
vt 0.05888 0.42859
vt 0.3507 0.43541
vt 0.38115 0.4326
vt 0.61986 0.43857
vt 0.52842 0.42702
vt 0.21403 0.42483
vt 0.88646 0.95248
vt 0.8921 0.94478
vt 0.89912 0.95534
vt 0.86115 0.93196
vt 0.97375 0.54237
vt 0.95728 0.55491
vt 0.95488 0.56502
vt 0.9608 0.50092
vt 0.9509 0.78697
vt 0.98243 0.7647
vt 0.84546 0.45572
vt 0.66458 0.98407
vt 0.67029 0.9137
vt 0.96272 0.27243
vt 0.9467 0.26481
vt 0.36681 0.4359
vt 0.33218 0.43885
vt 0.32339 0.44138
vt 0.09193 0.4397
vt 0.96193 0.91952
vt 0.96657 0.918
vt 0.87821 0.91764
vt 0.85093 0.92706
vt 0.8665 0.91726
vt 0.05606 0.6414
vt 0.04378 0.6444
vt 0.05856 0.65373
vt 0.06975 0.64283
vt 0.8525 0.4553
vt 0.83452 0.46263
vt 0.98654 0.76543
vt 0.98314 0.74563
vt 0.66435 0.92312
vt 0.80866 0.45694
vt 0.7079 0.44357
vt 0.28848 0.44138
vt 0.26566 0.44275
vt 0.10352 0.43877
vt 0.21902 0.43832
vt 0.62999 0.44498
vt 0.20779 0.43897
vt 0.16896 0.4393
vt 0.14354 0.4375
vt 0.26787 0.62176
vt 0.25368 0.63423
vt 0.2435 0.62133
vt 0.9174 0.95646
vt 0.91196 0.94441
vt 0.89276 0.92046
vt 0.13383 0.64328
vt 0.1037 0.64778
vt 0.88412 0.48403
vt 0.91156 0.50286
vt 0.94226 0.78385
vt 0.94852 0.76777
vt 0.83594 0.46784
vt 0.96947 0.75996
vt 0.99508 0.48532
vt 0.65901 0.95268
vt 0.78751 0.02691
vt 0.77941 0.02013
vt 0.78935 0.02217
vt 0.6607 0.91802
vt 0.76338 0.45078
vt 0.73814 0.44995
vt 0.11646 0.44332
vt 0.6106 0.44476
vt 0.57679 0.44486
vt 0.53586 0.44541
vt 0.49017 0.44194
vt 0.44881 0.44371
vt 0.41182 0.44145
vt 0.67643 0.44302
vt 0.65978 0.44159
vt 0.90063 0.91752
vt 0.3638 0.93571
vt 0.37726 0.93591
vt 0.36064 0.94267
vt 0.12497 0.65749
vt 0.37427 0.98669
vt 0.37437 0.99364
vt 0.88013 0.48649
vt 0.85772 0.90896
vt 0.8484 0.92377
vt 0.03932 0.63589
vt 0.07423 0.62794
vt 0.93833 0.77009
vt 0.85056 0.46581
vt 0.65942 0.96434
vt 0.65872 0.94069
vt 0.77579 0.025
vt 0.6533 0.92745
vt 0.65574 0.92362
vt 0.97535 0.74017
vt 0.96888 0.74177
vt 0.08492 0.4428
vt 0.34713 0.45276
vt 0.39395 0.44552
vt 0.64313 0.44263
vt 0.89411 0.635
vt 0.89306 0.65064
vt 0.87644 0.63416
vt 0.89088 0.90566
vt 0.88089 0.90588
vt 0.87005 0.90348
vt 0.94102 0.57337
vt 0.94394 0.58247
vt 0.9322 0.77832
vt 0.93484 0.78954
vt 0.94722 0.75466
vt 0.99021 0.4916
vt 0.64959 0.91787
vt 0.65868 0.91467
vt 0.76719 0.46219
vt 0.3313 0.45592
vt 0.36598 0.45276
vt 0.29869 0.45455
vt 0.38144 0.45364
vt 0.24578 0.4491
vt 0.6945 0.45041
vt 0.63554 0.45064
vt 0.91973 0.64824
vt 0.91009 0.65365
vt 0.90229 0.91037
vt 0.1428 0.65779
vt 0.96257 0.93428
vt 0.96711 0.9272
vt 0.10353 0.65553
vt 0.06581 0.62464
vt 0.85332 0.46165
vt 0.85509 0.46872
vt 0.97421 0.49459
vt 0.64576 0.94881
vt 0.7666 0.01728
vt 0.66027 0.93533
vt 0.64685 0.93658
vt 0.81011 0.47155
vt 0.95148 0.74677
vt 0.71017 0.4598
vt 0.32303 0.45494
vt 0.08848 0.46515
vt 0.26042 0.45621
vt 0.21993 0.4563
vt 0.13434 0.44941
vt 0.6764 0.45509
vt 0.48917 0.45201
vt 0.65879 0.45472
vt 0.88021 0.64871
vt 0.89445 0.49883
vt 0.89934 0.49764
vt 0.02932 0.62243
vt 0.02869 0.635
vt 0.03985 0.62295
vt 0.84948 0.2808
vt 0.84352 0.28126
vt 0.83591 0.29484
vt 0.93155 0.76792
vt 0.82026 0.48093
vt 0.64992 0.98566
vt 0.64459 0.96615
vt 0.9363 0.76013
vt 0.98423 0.4965
vt 0.64173 0.92863
vt 0.64605 0.92446
vt 0.79474 0.46533
vt 0.28877 0.46236
vt 0.10258 0.45789
vt 0.62818 0.45573
vt 0.61322 0.46141
vt 0.5749 0.45701
vt 0.41294 0.45328
vt 0.19301 0.45736
vt 0.15928 0.45695
vt 0.64683 0.45395
vt 0.96429 0.94425
vt 0.96943 0.94352
vt 0.11425 0.67143
vt 0.8552 0.84271
vt 0.83759 0.83731
vt 0.85113 0.82607
vt 0.02113 0.62276
vt 0.87009 0.76551
vt 0.87062 0.77353
vt 0.86593 0.77223
vt 0.63816 0.91945
vt 0.93324 0.75117
vt 0.94237 0.74111
vt 0.96253 0.7264
vt 0.9793 0.73173
vt 0.97691 0.71233
vt 0.53033 0.45654
vt 0.44811 0.45936
vt 0.39715 0.4594
vt 0.8503 0.77852
vt 0.84908 0.78158
vt 0.85024 0.76946
vt 0.76106 0.02164
vt 0.74782 0.02006
vt 0.75358 0.01434
vt 0.63301 0.93738
vt 0.78621 0.47499
vt 0.76121 0.47824
vt 0.33249 0.47147
vt 0.32405 0.4702
vt 0.69229 0.46261
vt 0.12412 0.46153
vt 0.61888 0.46761
vt 0.14237 0.46202
vt 0.63835 0.46325
vt 0.89517 0.50802
vt 0.91183 0.50957
vt 0.83386 0.8272
vt 0.83717 0.81302
vt 0.8496 0.80707
vt 0.07099 0.61413
vt 0.93336 0.50669
vt 0.95166 0.50567
vt 0.83399 0.78197
vt 0.83055 0.77093
vt 0.96274 0.51221
vt 0.633 0.95195
vt 0.6227 0.94179
vt 0.63038 0.94168
vt 0.83344 0.7576
vt 0.62741 0.9256
vt 0.6237 0.92163
vt 0.793 0.48273
vt 0.95652 0.71911
vt 0.97083 0.70992
vt 0.08375 0.45871
vt 0.07348 0.46661
vt 0.36395 0.47105
vt 0.34808 0.46997
vt 0.30748 0.47065
vt 0.29497 0.47524
vt 0.38221 0.46994
vt 0.22616 0.46856
vt 0.62966 0.46806
vt 0.56824 0.46546
vt 0.49756 0.46985
vt 0.4219 0.46606
vt 0.39901 0.46975
vt 0.65882 0.46591
vt 0.59502 0.65446
vt 0.58426 0.66879
vt 0.58379 0.6489
vt 0.81599 0.84062
vt 0.96601 0.95423
vt 0.96772 0.96164
vt 0.97181 0.9591
vt 0.03009 0.61048
vt 0.06119 0.61015
vt 0.93357 0.51037
vt 0.83439 0.79813
vt 0.84865 0.79538
vt 0.74021 0.01893
vt 0.74147 0.01229
vt 0.81225 0.75733
vt 0.81044 0.74224
vt 0.92884 0.73731
vt 0.93739 0.72677
vt 0.73469 0.47592
vt 0.06407 0.46849
vt 0.06607 0.47716
vt 0.04878 0.4765
vt 0.73513 0.46559
vt 0.07991 0.47855
vt 0.71019 0.4779
vt 0.26003 0.47286
vt 0.67654 0.47057
vt 0.03991 0.60667
vt 0.97169 0.97256
vt 0.97652 0.97129
vt 0.93364 0.51908
vt 0.95345 0.5152
vt 0.06331 0.10901
vt 0.06897 0.10394
vt 0.07479 0.10927
vt 0.0826 0.10521
vt 0.61717 0.92788
vt 0.78708 0.7421
vt 0.92181 0.74535
vt 0.05199 0.48397
vt 0.03077 0.4883
vt 0.06867 0.4833
vt 0.36276 0.48805
vt 0.10322 0.48127
vt 0.13026 0.47566
vt 0.60812 0.47473
vt 0.44878 0.47563
vt 0.18543 0.47489
vt 0.15426 0.47794
vt 0.81972 0.85335
vt 0.79488 0.85172
vt 0.06937 0.60171
vt 0.98148 0.9907
vt 0.98485 0.98796
vt 0.03232 0.85425
vt 0.04833 0.8533
vt 0.04919 0.87414
vt 0.0465 0.10908
vt 0.04627 0.10465
vt 0.77415 0.49618
vt 0.3341 0.48477
vt 0.34707 0.48632
vt 0.31053 0.48706
vt 0.28684 0.48272
vt 0.69171 0.48038
vt 0.38697 0.48682
vt 0.63004 0.48347
vt 0.61887 0.4856
vt 0.56506 0.47856
vt 0.40543 0.47833
vt 0.6361 0.48504
vt 0.64562 0.47567
vt 0.0256 0.59925
vt 0.0222 0.61122
vt 0.80373 0.77233
vt 0.03019 0.50112
vt 0.01669 0.49099
vt 0.04299 0.49785
vt 0.32702 0.49407
vt 0.06611 0.49796
vt 0.2437 0.48483
vt 0.50023 0.48024
vt 0.4267 0.48478
vt 0.20344 0.4852
vt 0.65989 0.4848
vt 0.03645 0.597
vt 0.06153 0.59222
vt 0.9148 0.7362
vt 0.73356 0.4857
vt 0.33572 0.5019
vt 0.28754 0.49563
vt 0.5562 0.48823
vt 0.44595 0.49311
vt 0.17287 0.48693
vt 0.07074 0.59209
vt 0.07285 0.60114
vt 0.08937 0.49732
vt 0.12921 0.49808
vt 0.41207 0.49728
vt 0.39879 0.49264
vt 0.67751 0.48173
vt 0.65019 0.49333
vt 0.0334 0.58945
vt 0.74481 0.5001
vt 0.71814 0.50365
vt 0.36052 0.50347
vt 0.3466 0.5019
vt 0.31097 0.50297
vt 0.22345 0.49932
vt 0.15569 0.50012
vt 0.51385 0.491
vt 0.25162 0.69057
vt 0.23743 0.69044
vt 0.22932 0.67605
vt 0.02759 0.58004
vt 0.02085 0.58972
vt 0.0455 0.5806
vt 0.75654 0.745
vt 0.75992 0.7292
vt 0.01417 0.50556
vt 0.0283 0.51328
vt 0.00733 0.5145
vt 0.04676 0.50842
vt 0.28778 0.50398
vt 0.09613 0.50518
vt 0.62982 0.50265
vt 0.61594 0.50337
vt 0.39094 0.50604
vt 0.24727 0.50069
vt 0.42632 0.50198
vt 0.18641 0.50455
vt 0.6788 0.49889
vt 0.03451 0.88101
vt 0.04648 0.87884
vt 0.03698 0.8938
vt 0.07171 0.58219
vt 0.06595 0.57297
vt 0.35921 0.51427
vt 0.28766 0.51386
vt 0.63889 0.50612
vt 0.5462 0.50513
vt 0.45966 0.50605
vt 0.69749 0.49869
vt 0.03918 0.52152
vt 0.06802 0.51036
vt 0.05504 0.52046
vt 0.38476 0.5141
vt 0.42578 0.51503
vt 0.66137 0.50512
vt 0.12135 0.51999
vt 0.59298 0.51597
vt 0.44935 0.51764
vt 0.39968 0.51697
vt 0.24172 0.51858
vt 0.23021 0.51206
vt 0.16643 0.52004
vt 0.14592 0.51997
vt 0.26396 0.69661
vt 0.24806 0.71184
vt 0.75593 0.87
vt 0.72305 0.86987
vt 0.75082 0.85855
vt 0.07274 0.57281
vt 0.77358 0.7741
vt 0.74986 0.7609
vt 0.77841 0.76202
vt 0.04825 0.76352
vt 0.03869 0.77596
vt 0.03378 0.76271
vt 0.7407 0.74624
vt 0.73245 0.73463
vt 0.34936 0.74157
vt 0.34229 0.72544
vt 0.34884 0.71864
vt 0.32219 0.72156
vt 0.32373 0.73199
vt 0.29918 0.73054
vt 0.63179 0.5198
vt 0.61899 0.52189
vt 0.56371 0.52277
vt 0.53296 0.52219
vt 0.73444 0.71919
vt 0.71161 0.72319
vt 0.69929 0.51658
vt 0.68286 0.51728
vt 0.64104 0.5229
vt 0.19829 0.52253
vt 0.69907 0.90036
vt 0.69681 0.88053
vt 0.70935 0.88068
vt 0.07659 0.55626
vt 0.06263 0.56306
vt 0.322 0.74966
vt 0.30165 0.74764
vt 0.43834 0.73425
vt 0.41519 0.73321
vt 0.43716 0.71286
vt 0.66372 0.52178
vt 0.06432 0.7627
vt 0.08303 0.77657
vt 0.06634 0.7765
vt 0.38 0.74714
vt 0.36454 0.75074
vt 0.37754 0.7352
vt 0.64278 0.73073
vt 0.62916 0.73097
vt 0.63048 0.71625
vt 0.15961 0.72539
vt 0.1732 0.74119
vt 0.13903 0.7444
vt 0.71057 0.86759
vt 0.3206 0.76785
vt 0.29965 0.76859
vt 0.09702 0.7618
vt 0.12312 0.77531
vt 0.40671 0.75207
vt 0.39139 0.76519
vt 0.51114 0.73169
vt 0.52749 0.74557
vt 0.4893 0.74753
vt 0.21121 0.75832
vt 0.17674 0.75755
vt 0.19647 0.74194
vt 0.32096 0.8301
vt 0.29675 0.83152
vt 0.2926 0.81377
vt 0.34346 0.79687
vt 0.33959 0.8133
vt 0.33088 0.79843
vt 0.4654 0.85373
vt 0.48975 0.83849
vt 0.4972 0.85419
vt 0.26697 0.78432
vt 0.23623 0.78857
vt 0.25581 0.77214
vt 0.47644 0.77681
vt 0.42539 0.78076
vt 0.44106 0.76389
vt 0.23283 0.84634
vt 0.21223 0.83204
vt 0.24505 0.83261
vt 0.64341 0.77666
vt 0.64359 0.78622
vt 0.62952 0.7881
vt 0.62842 0.77583
vt 0.58831 0.78983
vt 0.59424 0.77673
vt 0.6738 0.82644
vt 0.67276 0.80219
vt 0.68972 0.80204
vt 0.05933 0.1304
vt 0.46037 0.95246
vt 0.03574 0.14706
vt 0.46452 0.95274
vt 0.4672 0.94166
vt 0.08579 0.09496
vt 0.45298 0.9925
vt 0.45695 0.98177
vt 0.46199 0.97077
vt 0.46889 0.95878
vt 0.45702 0.98948
vt 0.47851 0.9403
vt 0.10036 0.68731
vt 0.11022 0.69609
vt 0.11714 0.71811
vt 0.00913 0.17986
vt 0.17422 0.04574
vt 0.98485 0.12057
vt 0.98016 0.1228
vt 0.46696 0.98516
vt 0.47343 0.97391
vt 0.48421 0.94064
vt 0.12341 0.71348
vt 0.65704 0.06296
vt 0.97708 0.1087
vt 0.46492 0.99364
vt 0.486 0.93107
vt 0.11211 0.68686
vt 0.12093 0.70077
vt 0.00049 0.18035
vt 0.0067 0.19419
vt 0.14125 0.93825
vt 0.6705 0.06117
vt 0.41569 0.04847
vt 0.47788 0.98449
vt 0.48208 0.97541
vt 0.48376 0.96539
vt 0.49443 0.9597
vt 0.49245 0.94306
vt 0.49518 0.93417
vt 0.49687 0.92751
vt 0.117 0.69127
vt 0.12913 0.70915
vt 0.48427 0.98842
vt 0.13245 0.71935
vt 0.12547 0.72554
vt 0.20295 0.98107
vt 0.20089 0.99026
vt 0.21062 0.98404
vt 0.21261 0.99492
vt 0.95192 0.11872
vt 0.50436 0.93947
vt 0.50053 0.92221
vt 0.51269 0.92843
vt 0.12789 0.6972
vt 0.64684 0.04902
vt 0.40884 0.03697
vt 0.39859 0.03881
vt 0.18873 0.03201
vt 0.14028 0.02455
vt 0.30145 0.03396
vt 0.49467 0.98306
vt 0.49784 0.97482
vt 0.49937 0.96683
vt 0.12726 0.68557
vt 0.93733 0.17157
vt 0.68985 0.05377
vt 0.6572 0.04608
vt 0.70134 0.04917
vt 0.39961 0.02802
vt 0.23011 0.0267
vt 0.16115 0.02389
vt 0.29272 0.03046
vt 0.51702 0.96282
vt 0.93988 0.1835
vt 0.93227 0.1781
vt 0.91621 0.16671
vt 0.06009 0.25456
vt 0.67287 0.04126
vt 0.62642 0.03998
vt 0.19755 0.01884
vt 0.78507 0.07485
vt 0.77869 0.06716
vt 0.7849 0.06776
vt 0.25416 0.01514
vt 0.37773 0.02914
vt 0.31251 0.03174
vt 0.50841 0.9815
vt 0.51965 0.94227
vt 0.92506 0.18902
vt 0.91861 0.18011
vt 0.79976 0.07117
vt 0.69298 0.03859
vt 0.59479 0.0291
vt 0.4075 0.01596
vt 0.42615 0.01934
vt 0.22978 0.0096
vt 0.16443 0.01056
vt 0.71784 0.05064
vt 0.93637 0.11618
vt 0.49981 0.98875
vt 0.8982 0.8519
vt 0.89541 0.84542
vt 0.91102 0.85176
vt 0.91194 0.86584
vt 0.5248 0.93889
vt 0.92457 0.86126
vt 0.93426 0.86982
vt 0.92392 0.87266
vt 0.94358 0.88195
vt 0.93823 0.88098
vt 0.20531 0.93953
vt 0.65952 0.03036
vt 0.64877 0.02825
vt 0.19055 0.00768
vt 0.34025 0.02156
vt 0.31067 0.01829
vt 0.52865 0.93115
vt 0.92085 0.87654
vt 0.90823 0.17579
vt 0.94655 0.89025
vt 0.20916 0.94324
vt 0.26108 0.53747
vt 0.27941 0.52819
vt 0.28217 0.54154
vt 0.64396 0.02758
vt 0.63399 0.02649
vt 0.6237 0.02525
vt 0.49193 0.01885
vt 0.39773 0.01072
vt 0.37646 0.01288
vt 0.28286 0.00896
vt 0.07956 0.01491
vt 0.0626 0.00963
vt 0.04793 0.01846
vt 0.88542 0.84401
vt 0.886 0.85653
vt 0.5127 0.98766
vt 0.51791 0.9761
vt 0.91341 0.87224
vt 0.84858 0.17149
vt 0.93105 0.88504
vt 0.91052 0.18881
vt 0.93382 0.89078
vt 0.81328 0.06804
vt 0.23387 0.53948
vt 0.24886 0.53173
vt 0.72126 0.52619
vt 0.75967 0.52647
vt 0.72654 0.53816
vt 0.78328 0.5384
vt 0.78517 0.52396
vt 0.37221 0.54144
vt 0.35957 0.52848
vt 0.41151 0.52582
vt 0.70322 0.53408
vt 0.69694 0.52299
vt 0.81308 0.52375
vt 0.83222 0.53757
vt 0.30435 0.0029
vt 0.94792 0.04553
vt 0.94024 0.04149
vt 0.92348 0.11747
vt 0.85104 0.14994
vt 0.53087 0.95639
vt 0.91229 0.19484
vt 0.93399 0.89398
vt 0.93712 0.90087
vt 0.94963 0.89932
vt 0.26383 0.54977
vt 0.23639 0.55416
vt 0.331 0.53556
vt 0.41689 0.53956
vt 0.46358 0.5299
vt 0.46757 0.53815
vt 0.51277 0.54042
vt 0.5292 0.52671
vt 0.54766 0.52979
vt 0.66984 0.53241
vt 0.64224 0.52676
vt 0.64186 0.54261
vt 0.04703 0.00773
vt 0.92043 0.53646
vt 0.93421 0.53168
vt 0.92424 0.54443
vt 0.93801 0.53989
vt 0.5359 0.95405
vt 0.54016 0.94471
vt 0.94812 0.90719
vt 0.95234 0.91033
vt 0.81761 0.06434
vt 0.32064 0.53568
vt 0.32915 0.54849
vt 0.54466 0.54479
vt 0.55712 0.53527
vt 0.85892 0.53141
vt 0.85981 0.54573
vt 0.8836 0.53749
vt 0.91403 0.54311
vt 0.93025 0.54899
vt 0.9398 0.54999
vt 0.95064 0.5494
vt 0.9255 0.04463
vt 0.2833 0.91555
vt 0.9164 0.11552
vt 0.5326 0.98951
vt 0.53807 0.96975
vt 0.9137 0.20238
vt 0.89975 0.2014
vt 0.21261 0.92796
vt 0.81704 0.07151
vt 0.95259 0.91828
vt 0.31071 0.53594
vt 0.44339 0.54625
vt 0.56014 0.55189
vt 0.20432 0.55136
vt 0.59255 0.53759
vt 0.60553 0.55054
vt 0.91024 0.55146
vt 0.89759 0.54366
vt 0.91897 0.05217
vt 0.51938 0.99074
vt 0.53322 0.98421
vt 0.20976 0.92522
vt 0.93971 0.91277
vt 0.82476 0.06062
vt 0.3052 0.56491
vt 0.36663 0.5554
vt 0.49714 0.55255
vt 0.54642 0.55367
vt 0.57816 0.53474
vt 0.57972 0.5477
vt 0.20447 0.57253
vt 0.61341 0.55401
vt 0.88092 0.55079
vt 0.92634 0.55392
vt 0.85868 0.84626
vt 0.87005 0.85808
vt 0.90692 0.11382
vt 0.00569 0.29679
vt 0.28362 0.56524
vt 0.33022 0.56132
vt 0.52595 0.5572
vt 0.86371 0.56021
vt 0.59433 0.55395
vt 0.89559 0.55623
vt 0.9397 0.55643
vt 0.30195 0.9486
vt 0.86028 0.86065
vt 0.54577 0.97122
vt 0.54719 0.95832
vt 0.90454 0.2143
vt 0.21174 0.91848
vt 0.93957 0.92041
vt 0.95124 0.93102
vt 0.82132 0.01131
vt 0.26499 0.56815
vt 0.79381 0.5594
vt 0.83503 0.56228
vt 0.57789 0.56033
vt 0.88233 0.56371
vt 0.91367 0.56195
vt 0.95033 0.56324
vt 0.91352 0.03865
vt 0.30535 0.96917
vt 0.29879 0.93409
vt 0.85108 0.84857
vt 0.90336 0.11814
vt 0.87013 0.21362
vt 0.8664 0.20067
vt 0.86346 0.19122
vt 0.85368 0.32994
vt 0.84115 0.3389
vt 0.55925 0.56941
vt 0.9005 0.56381
vt 0.92614 0.56238
vt 0.9378 0.56619
vt 0.84181 0.85346
vt 0.85275 0.8632
vt 0.85679 0.12113
vt 0.90076 0.24649
vt 0.91165 0.24551
vt 0.90736 0.24249
vt 0.88643 0.2187
vt 0.94052 0.93304
vt 0.93625 0.92754
vt 0.83145 0.01366
vt 0.86164 0.33266
vt 0.39454 0.5631
vt 0.42976 0.56982
vt 0.49601 0.57144
vt 0.54496 0.57215
vt 0.61378 0.57582
vt 0.6436 0.57109
vt 0.84818 0.11445
vt 0.89464 0.24434
vt 0.54618 0.99148
vt 0.89195 0.22812
vt 0.90235 0.22683
vt 0.84409 0.04492
vt 0.94615 0.9469
vt 0.24941 0.58015
vt 0.3138 0.57393
vt 0.3306 0.57236
vt 0.52928 0.57304
vt 0.72981 0.57112
vt 0.75752 0.57165
vt 0.79168 0.57228
vt 0.8791 0.57664
vt 0.9071 0.57519
vt 0.91797 0.57237
vt 0.92764 0.5735
vt 0.31017 0.94162
vt 0.89014 0.2459
vt 0.87631 0.22858
vt 0.86513 0.22051
vt 0.86879 0.22864
vt 0.93367 0.93622
vt 0.83907 0.01948
vt 0.82695 0.00538
vt 0.86705 0.34327
vt 0.86449 0.35121
vt 0.8547 0.36975
vt 0.02431 0.36591
vt 0.26575 0.58169
vt 0.28462 0.57779
vt 0.37739 0.57544
vt 0.23511 0.58111
vt 0.82046 0.57549
vt 0.84435 0.57666
vt 0.85805 0.57842
vt 0.58267 0.57588
vt 0.59444 0.56614
vt 0.94494 0.28425
vt 0.9565 0.28327
vt 0.93304 0.28327
vt 0.62494 0.57697
vt 0.89449 0.57617
vt 0.93364 0.57853
vt 0.05705 0.92448
vt 0.06886 0.92123
vt 0.06862 0.93542
vt 0.98485 0.85763
vt 0.08074 0.92841
vt 0.83156 0.87004
vt 0.84393 0.86949
vt 0.08065 0.58531
vt 0.09218 0.58774
vt 0.08273 0.59542
vt 0.89461 0.05816
vt 0.88987 0.24941
vt 0.55083 0.99364
vt 0.88234 0.23874
vt 0.84864 0.03614
vt 0.93468 0.945
vt 0.87241 0.33407
vt 0.30678 0.57896
vt 0.40698 0.57786
vt 0.5752 0.57978
vt 0.13384 0.59516
vt 0.05629 0.93693
vt 0.31244 0.98541
vt 0.31684 0.9167
vt 0.31462 0.92408
vt 0.82924 0.86207
vt 0.10219 0.59803
vt 0.08048 0.93742
vt 0.09488 0.60134
vt 0.09097 0.93621
vt 0.88771 0.24786
vt 0.86219 0.22766
vt 0.86558 0.23836
vt 0.85679 0.04397
vt 0.8503 0.02228
vt 0.84408 0.01198
vt 0.87672 0.32262
vt 0.86372 0.32314
vt 0.32549 0.59016
vt 0.20575 0.59705
vt 0.91351 0.58496
vt 0.33146 0.91891
vt 0.83702 0.87443
vt 0.08512 0.94229
vt 0.87703 0.24376
vt 0.86316 0.06246
vt 0.85568 0.03152
vt 0.31193 0.5907
vt 0.33243 0.59136
vt 0.41752 0.589
vt 0.45454 0.58774
vt 0.48264 0.58703
vt 0.54734 0.58785
vt 0.72834 0.58735
vt 0.56147 0.58675
vt 0.67294 0.58784
vt 0.88524 0.58789
vt 0.06758 0.94603
vt 0.11553 0.60755
vt 0.08385 0.60322
vt 0.87349 0.25023
vt 0.85786 0.23959
vt 0.86397 0.07441
vt 0.87967 0.33588
vt 0.87881 0.34813
vt 0.0202 0.38124
vt 0.28413 0.59303
vt 0.30371 0.59131
vt 0.23869 0.59543
vt 0.2648 0.59337
vt 0.37155 0.58986
vt 0.50905 0.58878
vt 0.75892 0.58753
vt 0.79303 0.58741
vt 0.85033 0.59414
vt 0.86698 0.58961
vt 0.88997 0.59113
vt 0.05569 0.94953
vt 0.04245 0.95183
vt 0.33126 0.92167
vt 0.33056 0.91633
vt 0.32929 0.98538
vt 0.3309 0.93565
vt 0.32944 0.92371
vt 0.81977 0.87227
vt 0.08647 0.6109
vt 0.09957 0.60974
vt 0.08506 0.94918
vt 0.87423 0.0541
vt 0.8672 0.04528
vt 0.85984 0.02361
vt 0.88267 0.31127
vt 0.88544 0.32894
vt 0.92805 0.95442
vt 0.53018 0.59015
vt 0.81787 0.58938
vt 0.8376 0.59519
vt 0.5793 0.59848
vt 0.626 0.59114
vt 0.64953 0.59017
vt 0.1557 0.60432
vt 0.05406 0.95974
vt 0.13498 0.60698
vt 0.10487 0.60943
vt 0.06776 0.95552
vt 0.82816 0.8826
vt 0.08414 0.61421
vt 0.09575 0.95606
vt 0.11027 0.97059
vt 0.87554 0.25797
vt 0.86043 0.24632
vt 0.87705 0.07485
vt 0.87732 0.06505
vt 0.86588 0.03111
vt 0.89296 0.31067
vt 0.89261 0.32179
vt 0.93715 0.96294
vt 0.87788 0.35919
vt 0.89944 0.59665
vt 0.03926 0.96934
vt 0.07813 0.96253
vt 0.09354 0.97193
vt 0.1216 0.98391
vt 0.1305 0.98558
vt 0.87063 0.04114
vt 0.94464 0.20327
vt 0.93542 0.20567
vt 0.93028 0.21466
vt 0.92542 0.95464
vt 0.9217 0.96651
vt 0.92169 0.21856
vt 0.92159 0.22885
vt 0.8879 0.3394
vt 0.28604 0.60688
vt 0.30752 0.60547
vt 0.36532 0.6039
vt 0.42506 0.60272
vt 0.46689 0.60428
vt 0.51094 0.60331
vt 0.54876 0.6034
vt 0.69879 0.60285
vt 0.80457 0.60352
vt 0.82237 0.60398
vt 0.56686 0.60093
vt 0.66271 0.60522
vt 0.23951 0.60951
vt 0.8583 0.59982
vt 0.86961 0.6005
vt 0.18446 0.61541
vt 0.10063 0.62154
vt 0.08069 0.97749
vt 0.1032 0.9808
vt 0.1242 0.99228
vt 0.87742 0.26769
vt 0.88124 0.25963
vt 0.86679 0.26002
vt 0.85032 0.24259
vt 0.98485 0.18972
vt 0.98367 0.18151
vt 0.98035 0.19168
vt 0.97707 0.18856
vt 0.96568 0.19832
vt 0.96681 0.19307
vt 0.95494 0.19926
vt 0.93567 0.21868
vt 0.88833 0.35292
vt 0.26791 0.61028
vt 0.31389 0.61401
vt 0.32253 0.60852
vt 0.33097 0.60833
vt 0.4001 0.60556
vt 0.75663 0.60208
vt 0.78583 0.60392
vt 0.73324 0.603
vt 0.62209 0.60412
vt 0.64677 0.60479
vt 0.20952 0.61289
vt 0.03795 0.99044
vt 0.02884 0.97137
vt 0.05501 0.98336
vt 0.15244 0.61899
vt 0.06814 0.97584
vt 0.34131 0.95501
vt 0.34788 0.94224
vt 0.81012 0.89177
vt 0.82362 0.88627
vt 0.0854 0.62553
vt 0.82396 0.89378
vt 0.10946 0.99266
vt 0.85411 0.24778
vt 0.95281 0.2066
vt 0.9181 0.96055
vt 0.92921 0.23125
vt 0.92149 0.2421
vt 0.53284 0.60569
vt 0.86268 0.6054
vt 0.8789 0.61133
vt 0.86964 0.6074
vt 0.03475 0.99266
vt 0.05074 0.9889
vt 0.34652 0.92097
vt 0.34759 0.91885
vt 0.34953 0.93579
vt 0.34282 0.92447
vt 0.80954 0.88676
vt 0.09751 0.98972
vt 0.88396 0.2803
vt 0.87182 0.26747
vt 0.85641 0.25609
vt 0.84132 0.24177
vt 0.98062 0.20213
vt 0.96432 0.20664
vt 0.94646 0.21851
vt 0.93935 0.22865
vt 0.91578 0.96795
vt 0.92142 0.97832
vt 0.9174 0.25377
vt 0.03291 0.41164
vt 0.58345 0.61519
vt 0.83751 0.62201
vt 0.92876 0.33506
vt 0.93574 0.3388
vt 0.92991 0.33219
vt 0.05441 0.99254
vt 0.06822 0.98722
vt 0.35071 0.98059
vt 0.35045 0.95616
vt 0.08096 0.98808
vt 0.8196 0.89451
vt 0.89976 0.30205
vt 0.89113 0.28936
vt 0.89048 0.2933
vt 0.88264 0.28298
vt 0.87172 0.27633
vt 0.98467 0.19895
vt 0.98202 0.20874
vt 0.96717 0.22497
vt 0.97852 0.21578
vt 0.90857 0.9683
vt 0.93491 0.24953
vt 0.36917 0.61563
vt 0.41969 0.61821
vt 0.45289 0.6173
vt 0.60551 0.61627
vt 0.85163 0.62458
vt 0.93988 0.3437
vt 0.9267 0.35238
vt 0.91335 0.32684
vt 0.91488 0.32219
vt 0.13335 0.62884
vt 0.90801 0.3104
vt 0.9063 0.31671
vt 0.90167 0.30897
vt 0.35648 0.92715
vt 0.3533 0.92356
vt 0.81967 0.8972
vt 0.10015 0.63678
vt 0.8948 0.30293
vt 0.86684 0.27728
vt 0.9787 0.54729
vt 0.98504 0.53865
vt 0.98828 0.78284
vt 0.95971 0.23654
vt 0.91284 0.98157
vt 0.04682 0.42162
vt 0.28581 0.61924
vt 0.30678 0.61926
vt 0.33142 0.61755
vt 0.53228 0.61751
vt 0.32638 0.61946
vt 0.55828 0.61683
vt 0.75947 0.61865
vt 0.77708 0.61906
vt 0.80479 0.61703
vt 0.66093 0.62155
vt 0.70315 0.61769
vt 0.64593 0.61733
vt 0.61541 0.61684
vt 0.21078 0.62458
vt 0.92036 0.34251
vt 0.15344 0.63112
vt 0.35812 0.92133
vt 0.90164 0.31435
vt 0.08488 0.63833
vt 0.84971 0.27452
vt 0.98938 0.55816
vt 0.98078 0.22514
vt 0.97577 0.23305
vt 0.95415 0.25973
vt 0.54832 0.61901
vt 0.73377 0.61637
vt 0.57341 0.62773
vt 0.86211 0.62326
vt 0.18437 0.62973
vt 0.91168 0.33242
vt 0.90706 0.32503
vt 0.80635 0.90039
vt 0.35751 0.9862
vt 0.35771 0.96201
vt 0.81388 0.90443
vt 0.81889 0.90634
vt 0.83995 0.93897
vt 0.98398 0.55938
vt 0.89934 0.97616
vt 0.90738 0.97503
vt 0.49421 0.62367
vt 0.60227 0.63278
vt 0.36108 0.91756
vt 0.36758 0.92493
vt 0.09545 0.64537
vt 0.85225 0.28327
vt 0.97727 0.24939
vt 0.91065 0.98577
vt 0.97018 0.25073
vt 0.31437 0.63028
vt 0.36265 0.63351
vt 0.7986 0.63231
vt 0.82215 0.63407
vt 0.70676 0.63199
vt 0.58081 0.63293
vt 0.5909 0.63427
vt 0.61375 0.62881
vt 0.91617 0.35726
vt 0.87151 0.63358
vt 0.87405 0.62276
vt 0.88216 0.62949
vt 0.91094 0.34137
vt 0.37054 0.91842
vt 0.37473 0.9629
vt 0.81445 0.9128
vt 0.81752 0.91734
vt 0.08486 0.6485
vt 0.96108 0.57135
vt 0.89799 0.98722
vt 0.98852 0.7394
vt 0.97176 0.265
vt 0.95503 0.27971
vt 0.30543 0.63399
vt 0.33175 0.63483
vt 0.42055 0.6336
vt 0.45599 0.6323
vt 0.5391 0.63178
vt 0.55367 0.63322
vt 0.7465 0.6317
vt 0.83566 0.63353
vt 0.23601 0.63732
vt 0.64494 0.63526
vt 0.65364 0.63636
vt 0.8637 0.63631
vt 0.2137 0.63883
vt 0.1932 0.64168
vt 0.98705 0.5669
vt 0.95102 0.57635
vt 0.94728 0.80063
vt 0.89942 0.98956
vt 0.97466 0.27844
vt 0.96529 0.2858
vt 0.26796 0.63662
vt 0.2857 0.63326
vt 0.49079 0.63401
vt 0.32355 0.63794
vt 0.51925 0.63373
vt 0.85741 0.64135
vt 0.15552 0.64764
vt 0.95846 0.92074
vt 0.3758 0.94302
vt 0.37687 0.92514
vt 0.80401 0.90999
vt 0.09893 0.65404
vt 0.08431 0.6549
vt 0.96626 0.57438
vt 0.88693 0.97729
vt 0.8942 0.97573
vt 0.89014 0.98049
vt 0.98362 0.7276
vt 0.98674 0.72178
vt 0.97995 0.26566
vt 0.97708 0.2862
vt 0.07648 0.44585
vt 0.77625 0.63494
vt 0.80409 0.91978
vt 0.81337 0.92153
vt 0.81777 0.92441
vt 0.98002 0.27815
vt 0.3133 0.65089
vt 0.44413 0.64809
vt 0.33101 0.64698
vt 0.73017 0.64382
vt 0.55688 0.64559
vt 0.67882 0.64568
vt 0.63319 0.64684
vt 0.86883 0.64634
vt 0.95876 0.93052
vt 0.87454 0.49068
vt 0.88031 0.49595
vt 0.38189 0.98701
vt 0.38218 0.95061
vt 0.80544 0.93011
vt 0.88317 0.89627
vt 0.81608 0.93409
vt 0.87341 0.83807
vt 0.85976 0.84199
vt 0.86188 0.83022
vt 0.01521 0.63258
vt 0.84154 0.29611
vt 0.92546 0.79319
vt 0.92335 0.78637
vt 0.92622 0.77751
vt 0.87887 0.97966
vt 0.88256 0.98337
vt 0.88785 0.99168
vt 0.65714 0.98436
vt 0.98197 0.71942
vt 0.99071 0.7086
vt 0.98663 0.70716
vt 0.98467 0.28525
vt 0.07888 0.45393
vt 0.2848 0.64749
vt 0.30505 0.64632
vt 0.25473 0.64774
vt 0.37071 0.64969
vt 0.53977 0.64812
vt 0.76709 0.64568
vt 0.79566 0.64538
vt 0.70218 0.64681
vt 0.82922 0.64633
vt 0.85408 0.65036
vt 0.23489 0.65017
vt 0.60251 0.6453
vt 0.61569 0.65187
vt 0.18074 0.65857
vt 0.20984 0.65369
vt 0.92209 0.65531
vt 0.92335 0.66479
vt 0.93454 0.65552
vt 0.8865 0.50116
vt 0.3896 0.95605
vt 0.39 0.94248
vt 0.39122 0.9365
vt 0.82186 0.93835
vt 0.87069 0.82581
vt 0.85578 0.82443
vt 0.95196 0.58925
vt 0.85458 0.76768
vt 0.85393 0.75631
vt 0.86848 0.75811
vt 0.87254 0.7617
vt 0.64366 0.94081
vt 0.64687 0.91499
vt 0.9899 0.69912
vt 0.2677 0.64858
vt 0.41449 0.65133
vt 0.50173 0.64626
vt 0.64602 0.65194
vt 0.87067 0.65494
vt 0.88942 0.65963
vt 0.90682 0.66229
vt 0.91564 0.66359
vt 0.93181 0.66908
vt 0.89621 0.89281
vt 0.9598 0.94085
vt 0.38972 0.98771
vt 0.87399 0.89106
vt 0.39361 0.92552
vt 0.01162 0.62003
vt 0.85355 0.81394
vt 0.98721 0.58185
vt 0.97756 0.59509
vt 0.96348 0.58989
vt 0.91889 0.77524
vt 0.86467 0.97785
vt 0.87419 0.97737
vt 0.8696 0.98088
vt 0.87606 0.99168
vt 0.92295 0.76547
vt 0.92792 0.7574
vt 0.97605 0.70173
vt 0.32212 0.66125
vt 0.62175 0.66064
vt 0.13884 0.67109
vt 0.97026 0.94964
vt 0.67421 0.02385
vt 0.66294 0.02691
vt 0.66227 0.02092
vt 0.40323 0.93596
vt 0.80763 0.94116
vt 0.40176 0.94232
vt 0.82114 0.94666
vt 0.82873 0.95059
vt 0.86923 0.8136
vt 0.86068 0.80943
vt 0.83061 0.30899
vt 0.85316 0.79667
vt 0.86576 0.78427
vt 0.93966 0.59352
vt 0.93762 0.58496
vt 0.86859 0.78223
vt 0.91433 0.78581
vt 0.97309 0.50634
vt 0.63585 0.98549
vt 0.62887 0.92854
vt 0.63482 0.91622
vt 0.24591 0.66149
vt 0.3314 0.66152
vt 0.45881 0.66394
vt 0.50283 0.65997
vt 0.72964 0.66181
vt 0.7841 0.65988
vt 0.81226 0.66319
vt 0.5688 0.65977
vt 0.63515 0.66231
vt 0.65249 0.66477
vt 0.17918 0.66912
vt 0.8879 0.88405
vt 0.87591 0.8842
vt 0.96234 0.9518
vt 0.40029 0.9873
vt 0.01481 0.81575
vt 0.04598 0.80479
vt 0.04245 0.82317
vt 0.05975 0.81612
vt 0.67363 0.01767
vt 0.39983 0.9251
vt 0.82637 0.95274
vt 0.83299 0.96077
vt 0.8352 0.30987
vt 0.86747 0.79792
vt 0.87204 0.80451
vt 0.87183 0.79126
vt 0.84509 0.97066
vt 0.85588 0.97244
vt 0.85278 0.97548
vt 0.86114 0.98608
vt 0.91071 0.77297
vt 0.86133 0.99079
vt 0.306 0.6628
vt 0.53503 0.66231
vt 0.55374 0.66345
vt 0.6967 0.66348
vt 0.65679 0.66135
vt 0.86683 0.66459
vt 0.22027 0.66357
vt 0.60278 0.66705
vt 0.89204 0.66968
vt 0.90536 0.67029
vt 0.20513 0.67133
vt 0.91767 0.6734
vt 0.92958 0.67761
vt 0.9393 0.67849
vt 0.01162 0.61283
vt 0.05945 0.82646
vt 0.0163 0.11385
vt 0.00828 0.12137
vt 0.00538 0.11022
vt 0.90457 0.51269
vt 0.01438 0.82532
vt 0.68494 0.02187
vt 0.015 0.1098
vt 0.81418 0.95537
vt 0.99102 0.59538
vt 0.98389 0.60082
vt 0.95412 0.60261
vt 0.85071 0.98498
vt 0.90429 0.78182
vt 0.62023 0.93843
vt 0.61891 0.96697
vt 0.9135 0.76227
vt 0.62458 0.98612
vt 0.61945 0.91859
vt 0.91822 0.75385
vt 0.26678 0.66206
vt 0.28471 0.66206
vt 0.36899 0.66528
vt 0.42023 0.6648
vt 0.75403 0.66247
vt 0.84186 0.66351
vt 0.01264 0.35346
vt 0.01711 0.34295
vt 0.01647 0.3584
vt 0.91158 0.51569
vt 0.01463 0.83228
vt 0.04004 0.83177
vt 0.68841 0.015
vt 0.02336 0.12182
vt 0.02801 0.1099
vt 0.05986 0.8359
vt 0.6942 0.02015
vt 0.81989 0.81477
vt 0.81939 0.96343
vt 0.8309 0.97429
vt 0.97723 0.60741
vt 0.94066 0.60417
vt 0.73074 0.0185
vt 0.73202 0.01346
vt 0.06495 0.11432
vt 0.07663 0.11999
vt 0.06731 0.12182
vt 0.61558 0.987
vt 0.61516 0.95286
vt 0.61331 0.94226
vt 0.6085 0.92327
vt 0.32109 0.67725
vt 0.33118 0.67273
vt 0.58351 0.68126
vt 0.62391 0.68272
vt 0.63402 0.68357
vt 0.18284 0.68242
vt 0.00049 0.60767
vt 0.01513 0.6038
vt 0.01222 0.36521
vt 0.01567 0.36811
vt 0.03792 0.12067
vt 0.01497 0.85394
vt 0.70272 0.01245
vt 0.06012 0.85346
vt 0.71332 0.01223
vt 0.71137 0.0184
vt 0.04648 0.11415
vt 0.04853 0.12121
vt 0.84434 0.9845
vt 0.06012 0.87238
vt 0.81391 0.78293
vt 0.01417 0.87263
vt 0.03457 0.8772
vt 0.85058 0.9898
vt 0.91748 0.74616
vt 0.28402 0.67535
vt 0.25295 0.67194
vt 0.31286 0.67622
vt 0.48476 0.67499
vt 0.54231 0.6764
vt 0.69953 0.67793
vt 0.64759 0.67887
vt 0.85706 0.6761
vt 0.8753 0.68162
vt 0.60509 0.68283
vt 0.88917 0.67855
vt 0.90703 0.67903
vt 0.91419 0.68373
vt 0.92326 0.68499
vt 0.77922 0.87144
vt 0.933 0.69039
vt 0.00381 0.59444
vt 0.8019 0.82514
vt 0.01306 0.38601
vt 0.01711 0.38399
vt 0.82641 0.32148
vt 0.81918 0.32101
vt 0.99132 0.61025
vt 0.81084 0.79882
vt 0.96384 0.61473
vt 0.8303 0.97826
vt 0.95255 0.61415
vt 0.06123 0.10127
vt 0.89434 0.77291
vt 0.8997 0.76444
vt 0.91016 0.75147
vt 0.26591 0.67611
vt 0.29708 0.67542
vt 0.30781 0.67923
vt 0.3563 0.67962
vt 0.41795 0.68031
vt 0.44949 0.67962
vt 0.5111 0.6818
vt 0.52962 0.68191
vt 0.55572 0.67711
vt 0.72287 0.67751
vt 0.75577 0.67665
vt 0.79038 0.67717
vt 0.81665 0.67789
vt 0.59375 0.68091
vt 0.01464 0.59683
vt 0.90406 0.75578
vt 0.86279 0.68361
vt 0.21688 0.69022
vt 0.90511 0.68854
vt 0.91915 0.69301
vt 0.78116 0.83986
vt 0.82569 0.33189
vt 0.82087 0.33197
vt 0.98295 0.61622
vt 0.93985 0.61757
vt 0.78597 0.75466
vt 0.90597 0.74232
vt 0.51662 0.69422
vt 0.64761 0.68824
vt 0.59141 0.69694
vt 0.88907 0.69409
vt 0.00924 0.58441
vt 0.79614 0.81332
vt 0.79376 0.78349
vt 0.2834 0.69575
vt 0.31332 0.69685
vt 0.33118 0.69046
vt 0.37996 0.69712
vt 0.43744 0.69264
vt 0.47158 0.69202
vt 0.55029 0.69328
vt 0.72884 0.68837
vt 0.75725 0.69514
vt 0.78845 0.69124
vt 0.32675 0.69725
vt 0.69848 0.69121
vt 0.82246 0.69412
vt 0.57327 0.69255
vt 0.60076 0.70242
vt 0.20147 0.69759
vt 0.92822 0.70052
vt 0.80643 0.33398
vt 0.99365 0.6262
vt 0.95774 0.63045
vt 0.94755 0.6301
vt 0.93402 0.62755
vt 0.89198 0.76141
vt 0.89341 0.75042
vt 0.33639 0.51244
vt 0.30559 0.697
vt 0.87037 0.69927
vt 0.62388 0.70122
vt 0.63294 0.70419
vt 0.05326 0.90144
vt 0.04872 0.91732
vt 0.03863 0.90598
vt 0.04849 0.89029
vt 0.82271 0.34244
vt 0.78316 0.79999
vt 0.89754 0.73938
vt 0.01209 0.5229
vt 0.43801 0.70241
vt 0.49741 0.6977
vt 0.53256 0.70378
vt 0.6969 0.70446
vt 0.71755 0.69864
vt 0.64798 0.70139
vt 0.84491 0.70377
vt 0.23365 0.70383
vt 0.06535 0.90848
vt 0.06665 0.91713
vt 0.77804 0.82474
vt 0.81293 0.34392
vt 0.98707 0.63321
vt 0.97029 0.63204
vt 0.94128 0.63563
vt 0.03544 0.78797
vt 0.02395 0.78513
vt 0.02885 0.77442
vt 0.02226 0.52299
vt 0.32966 0.51932
vt 0.32395 0.7089
vt 0.30032 0.71809
vt 0.08077 0.51729
vt 0.51738 0.5057
vt 0.56394 0.70992
vt 0.37688 0.89506
vt 0.37305 0.91131
vt 0.36365 0.9058
vt 0.31598 0.89964
vt 0.33098 0.90492
vt 0.3161 0.90914
vt 0.08697 0.91555
vt 0.06649 0.8979
vt 0.75337 0.8417
vt 0.77648 0.8123
vt 0.77371 0.78601
vt 0.64909 0.88961
vt 0.65799 0.90639
vt 0.65029 0.90697
vt 0.63692 0.90743
vt 0.58425 0.91037
vt 0.58777 0.89491
vt 0.52664 0.90751
vt 0.54776 0.89668
vt 0.51879 0.89605
vt 0.47727 0.89684
vt 0.46767 0.91359
vt 0.44863 0.91732
vt 0.44638 0.90012
vt 0.43282 0.90787
vt 0.73208 0.70983
vt 0.77915 0.71184
vt 0.80472 0.70843
vt 0.63583 0.89214
vt 0.54927 0.70815
vt 0.40174 0.90047
vt 0.1095 0.89907
vt 0.11382 0.91413
vt 0.72577 0.88137
vt 0.08657 0.89873
vt 0.34031 0.90714
vt 0.36648 0.88573
vt 0.34182 0.88925
vt 0.06121 0.88687
vt 0.06273 0.87481
vt 0.03946 0.56895
vt 0.74493 0.81909
vt 0.82109 0.35275
vt 0.80893 0.35337
vt 0.79905 0.34421
vt 0.96193 0.64149
vt 0.0541 0.79991
vt 0.03464 0.79695
vt 0.04249 0.75738
vt 0.05711 0.74896
vt 0.36063 0.73656
vt 0.37906 0.72817
vt 0.3716 0.71896
vt 0.39654 0.71534
vt 0.67905 0.88319
vt 0.68018 0.90524
vt 0.66481 0.88586
vt 0.65493 0.88621
vt 0.26654 0.91223
vt 0.23041 0.9099
vt 0.24144 0.89515
vt 0.27215 0.89415
vt 0.40205 0.88674
vt 0.31507 0.88914
vt 0.33554 0.87883
vt 0.07851 0.89358
vt 0.81209 0.36681
vt 0.78837 0.34352
vt 0.99365 0.64432
vt 0.74766 0.80092
vt 0.97946 0.64149
vt 0.75517 0.77697
vt 0.04847 0.78831
vt 0.05114 0.77691
vt 0.07017 0.75402
vt 0.07176 0.74285
vt 0.40031 0.73537
vt 0.25461 0.72048
vt 0.50527 0.88302
vt 0.43352 0.88634
vt 0.41933 0.88735
vt 0.41628 0.90315
vt 0.15267 0.89732
vt 0.15565 0.91231
vt 0.39799 0.87406
vt 0.38104 0.87729
vt 0.31864 0.87884
vt 0.07176 0.88432
vt 0.34438 0.8723
vt 0.07568 0.87251
vt 0.74579 0.82344
vt 0.0828 0.8602
vt 0.8185 0.37133
vt 0.74355 0.78025
vt 0.34974 0.75165
vt 0.09384 0.74705
vt 0.09567 0.73376
vt 0.13547 0.72884
vt 0.2673 0.73922
vt 0.64341 0.71449
vt 0.60543 0.72175
vt 0.60433 0.71009
vt 0.46502 0.7235
vt 0.41152 0.71655
vt 0.57489 0.71697
vt 0.54409 0.71653
vt 0.46068 0.71435
vt 0.20469 0.89568
vt 0.18209 0.90939
vt 0.64767 0.87275
vt 0.63461 0.87744
vt 0.62857 0.87748
vt 0.55507 0.88024
vt 0.11842 0.89489
vt 0.29222 0.87775
vt 0.10182 0.88253
vt 0.72065 0.85376
vt 0.09066 0.88099
vt 0.36742 0.87071
vt 0.36073 0.86085
vt 0.72929 0.84322
vt 0.08753 0.87077
vt 0.80351 0.36794
vt 0.78859 0.35126
vt 0.06831 0.80243
vt 0.08248 0.81861
vt 0.06863 0.81181
vt 0.06473 0.79102
vt 0.71787 0.76013
vt 0.3386 0.76006
vt 0.71311 0.75014
vt 0.70783 0.73619
vt 0.65215 0.73323
vt 0.65272 0.71795
vt 0.54805 0.73198
vt 0.23149 0.74124
vt 0.21158 0.72423
vt 0.17987 0.72338
vt 0.69387 0.73032
vt 0.69551 0.71835
vt 0.65718 0.87181
vt 0.18527 0.88877
vt 0.53592 0.86747
vt 0.2589 0.87632
vt 0.1196 0.88134
vt 0.38217 0.8575
vt 0.33708 0.85721
vt 0.32333 0.86154
vt 0.34809 0.84949
vt 0.09996 0.85915
vt 0.09717 0.85312
vt 0.08961 0.82052
vt 0.35157 0.76756
vt 0.37866 0.76442
vt 0.36649 0.7657
vt 0.27478 0.75338
vt 0.56583 0.73323
vt 0.47099 0.7342
vt 0.67557 0.71882
vt 0.6953 0.86985
vt 0.67676 0.86999
vt 0.62719 0.86189
vt 0.57847 0.86464
vt 0.44459 0.8703
vt 0.42348 0.86947
vt 0.41146 0.87007
vt 0.22377 0.8777
vt 0.14685 0.87786
vt 0.63393 0.8614
vt 0.49219 0.86726
vt 0.39973 0.85783
vt 0.30363 0.85832
vt 0.2682 0.86171
vt 0.10296 0.86539
vt 0.32403 0.84499
vt 0.33759 0.84321
vt 0.09992 0.83885
vt 0.09369 0.81659
vt 0.71718 0.79098
vt 0.08385 0.80416
vt 0.07707 0.79278
vt 0.35514 0.78171
vt 0.33788 0.7765
vt 0.31858 0.77808
vt 0.24574 0.75543
vt 0.14254 0.75997
vt 0.6429 0.74664
vt 0.63012 0.74564
vt 0.62055 0.74507
vt 0.44528 0.74922
vt 0.42255 0.75126
vt 0.67323 0.73532
vt 0.70467 0.85515
vt 0.65508 0.8575
vt 0.64636 0.85701
vt 0.18165 0.87458
vt 0.23542 0.86195
vt 0.7093 0.84272
vt 0.12618 0.86355
vt 0.38358 0.84405
vt 0.36168 0.8457
vt 0.30415 0.84331
vt 0.11331 0.84454
vt 0.38134 0.83211
vt 0.35324 0.8338
vt 0.35291 0.83085
vt 0.10621 0.83327
vt 0.09825 0.81007
vt 0.37852 0.79514
vt 0.35597 0.81296
vt 0.35747 0.79656
vt 0.71787 0.77883
vt 0.09304 0.79286
vt 0.37823 0.78246
vt 0.34047 0.78751
vt 0.31784 0.79742
vt 0.12663 0.79349
vt 0.29946 0.78438
vt 0.27193 0.76858
vt 0.64949 0.74751
vt 0.6923 0.74945
vt 0.69378 0.85666
vt 0.67551 0.85786
vt 0.63403 0.84693
vt 0.62581 0.84773
vt 0.57963 0.85026
vt 0.54034 0.8535
vt 0.42904 0.85564
vt 0.41374 0.85337
vt 0.21345 0.86165
vt 0.6456 0.84504
vt 0.14913 0.86171
vt 0.71757 0.82377
vt 0.39991 0.84096
vt 0.2609 0.84552
vt 0.12809 0.84825
vt 0.7161 0.81137
vt 0.33691 0.82595
vt 0.37761 0.81966
vt 0.31811 0.81336
vt 0.37995 0.80603
vt 0.71478 0.80074
vt 0.29737 0.7986
vt 0.40144 0.78163
vt 0.63561 0.76084
vt 0.62415 0.76037
vt 0.40737 0.76709
vt 0.15956 0.77502
vt 0.6446 0.76014
vt 0.52996 0.75579
vt 0.41977 0.76774
vt 0.22495 0.7722
vt 0.59843 0.76096
vt 0.2003 0.77336
vt 0.67406 0.74856
vt 0.66062 0.74829
vt 0.6929 0.84268
vt 0.65507 0.84502
vt 0.17953 0.8606
vt 0.53542 0.8398
vt 0.41309 0.8405
vt 0.63182 0.83182
vt 0.62455 0.83272
vt 0.57467 0.83431
vt 0.42795 0.83968
vt 0.4569 0.83926
vt 0.1664 0.84664
vt 0.69937 0.82469
vt 0.13089 0.83597
vt 0.41074 0.82639
vt 0.12259 0.8229
vt 0.40051 0.81106
vt 0.40779 0.79789
vt 0.27497 0.7992
vt 0.12845 0.80656
vt 0.16279 0.789
vt 0.7014 0.78004
vt 0.41147 0.78205
vt 0.69185 0.76339
vt 0.53124 0.76367
vt 0.65193 0.76196
vt 0.67402 0.84225
vt 0.6539 0.82927
vt 0.20407 0.84679
vt 0.64523 0.82397
vt 0.63078 0.82009
vt 0.62399 0.81939
vt 0.54005 0.82135
vt 0.4892 0.82328
vt 0.44939 0.8252
vt 0.4275 0.8244
vt 0.16793 0.8333
vt 0.41656 0.81264
vt 0.23545 0.81606
vt 0.13677 0.81929
vt 0.23336 0.80139
vt 0.16085 0.81804
vt 0.15679 0.80295
vt 0.42528 0.79525
vt 0.18652 0.80272
vt 0.44582 0.79442
vt 0.20345 0.78767
vt 0.53821 0.77739
vt 0.67284 0.76398
vt 0.69147 0.82348
vt 0.65169 0.81459
vt 0.58841 0.81978
vt 0.69818 0.80227
vt 0.58104 0.8046
vt 0.44493 0.80974
vt 0.20142 0.81777
vt 0.63105 0.80295
vt 0.62378 0.80318
vt 0.48738 0.80843
vt 0.64436 0.80212
vt 0.65063 0.80292
vt 0.65036 0.78898
vt 0.50636 0.7921
vt 0.65238 0.77817
vt 0.6907 0.7794
vt 0.67279 0.77869
vt 0.67226 0.8154
vt 0.67198 0.78808
usemtl mat0
f 1/1 2/2 3/3
f 3/3 2/2 4/4
f 2/2 5/5 6/6
f 2/2 6/6 4/4
f 6/6 7/7 4/4
f 1/1 8/8 9/9
f 1/1 3/3 8/8
f 8/8 10/10 11/11
f 3/3 10/10 8/8
f 12/12 2/2 13/13
f 13/13 2/2 1/1
f 12/12 14/14 2/2
f 4/4 7/7 10/10
f 14/14 5/5 2/2
f 14/14 15/15 5/5
f 5/5 15/15 16/16
f 5/5 16/16 6/6
f 6/6 16/16 7/7
f 16/16 17/17 7/7
f 18/18 1/1 19/19
f 18/18 20/20 1/1
f 19/19 1/1 9/9
f 8/8 11/11 21/21
f 9/9 8/8 21/21
f 20/20 13/13 1/1
f 22/22 23/23 24/24
f 24/24 23/23 25/25
f 26/26 27/27 28/28
f 29/29 30/30 31/31
f 32/32 29/29 31/31
f 31/31 30/30 33/33
f 31/31 33/33 34/34
f 33/33 35/35 36/36
f 10/10 37/37 38/38
f 11/11 10/10 38/38
f 38/38 37/37 39/39
f 36/36 35/35 40/40
f 23/23 41/41 25/25
f 35/35 42/42 40/40
f 37/37 43/43 39/39
f 27/27 44/44 45/45
f 27/27 45/45 46/46
f 46/46 45/45 47/47
f 46/46 47/47 29/29
f 48/48 49/49 50/50
f 48/48 50/50 22/22
f 50/50 51/51 22/22
f 22/22 51/51 23/23
f 39/39 44/44 27/27
f 29/29 52/52 30/30
f 52/52 53/53 30/30
f 30/30 53/53 33/33
f 53/53 54/54 33/33
f 33/33 54/54 35/35
f 23/23 55/55 41/41
f 37/37 56/56 43/43
f 39/39 43/43 44/44
f 29/29 47/47 52/52
f 35/35 54/54 42/42
f 48/48 57/57 49/49
f 23/23 51/51 55/55
f 41/41 55/55 58/58
f 45/45 59/59 47/47
f 60/60 52/52 47/47
f 54/54 61/61 42/42
f 61/61 62/62 42/42
f 49/49 63/63 50/50
f 56/56 64/64 43/43
f 43/43 64/64 44/44
f 44/44 64/64 65/65
f 65/65 45/45 44/44
f 52/52 66/66 67/67
f 52/52 67/67 53/53
f 54/54 68/68 61/61
f 50/50 69/69 51/51
f 51/51 69/69 55/55
f 55/55 70/70 58/58
f 56/56 71/71 64/64
f 65/65 59/59 45/45
f 59/59 60/60 47/47
f 60/60 66/66 52/52
f 67/67 68/68 53/53
f 53/53 68/68 54/54
f 50/50 63/63 69/69
f 69/69 70/70 55/55
f 56/56 7/7 71/71
f 7/7 17/17 71/71
f 68/68 72/72 61/61
f 63/63 73/73 69/69
f 65/65 64/64 74/74
f 65/65 74/74 59/59
f 59/59 75/75 60/60
f 60/60 75/75 76/76
f 60/60 76/76 66/66
f 66/66 77/77 67/67
f 67/67 78/78 68/68
f 78/78 72/72 68/68
f 73/73 79/79 69/69
f 69/69 79/79 70/70
f 66/66 76/76 77/77
f 77/77 78/78 67/67
f 14/14 80/80 15/15
f 16/16 81/81 17/17
f 14/14 82/82 80/80
f 15/15 80/80 83/83
f 15/15 83/83 16/16
f 83/83 81/81 16/16
f 80/80 84/84 83/83
f 18/18 19/19 85/85
f 85/85 19/19 86/86
f 86/86 19/19 9/9
f 9/9 21/21 87/87
f 86/86 9/9 87/87
f 87/87 21/21 88/88
f 21/21 11/11 88/88
f 11/11 89/89 88/88
f 90/90 24/24 91/91
f 92/92 91/91 93/93
f 38/38 94/94 89/89
f 94/94 26/26 95/95
f 95/95 26/26 28/28
f 95/95 28/28 96/96
f 96/96 28/28 97/97
f 97/97 28/28 98/98
f 28/28 32/32 98/98
f 98/98 32/32 31/31
f 98/98 31/31 99/99
f 31/31 34/34 99/99
f 100/100 24/24 90/90
f 24/24 25/25 91/91
f 91/91 25/25 93/93
f 34/34 36/36 99/99
f 99/99 36/36 101/101
f 102/102 100/100 90/90
f 103/103 104/104 102/102
f 38/38 39/39 94/94
f 105/105 40/40 106/106
f 107/107 104/104 103/103
f 102/102 48/48 100/100
f 100/100 22/22 24/24
f 93/93 108/108 109/109
f 39/39 27/27 94/94
f 94/94 27/27 26/26
f 36/36 40/40 105/105
f 40/40 110/110 106/106
f 93/93 41/41 108/108
f 108/108 111/111 109/109
f 40/40 112/112 110/110
f 113/113 12/12 13/13
f 20/20 113/113 13/13
f 40/40 42/42 112/112
f 114/114 115/115 107/107
f 107/107 115/115 104/104
f 115/115 57/57 102/102
f 104/104 115/115 102/102
f 102/102 57/57 48/48
f 41/41 58/58 108/108
f 114/114 116/116 115/115
f 111/111 108/108 117/117
f 58/58 117/117 108/108
f 116/116 118/118 115/115
f 57/57 63/63 49/49
f 58/58 119/119 117/117
f 42/42 62/62 112/112
f 70/70 119/119 58/58
f 119/119 120/120 117/117
f 113/113 14/14 12/12
f 115/115 121/121 57/57
f 57/57 121/121 63/63
f 113/113 122/122 14/14
f 115/115 118/118 121/121
f 123/123 124/124 118/118
f 118/118 124/124 121/121
f 71/71 125/125 64/64
f 62/62 61/61 126/126
f 125/125 74/74 64/64
f 121/121 127/127 63/63
f 63/63 127/127 73/73
f 79/79 128/128 70/70
f 70/70 128/128 119/119
f 61/61 72/72 126/126
f 122/122 129/129 14/14
f 71/71 17/17 130/130
f 74/74 131/131 59/59
f 59/59 131/131 75/75
f 132/132 73/73 127/127
f 73/73 133/133 79/79
f 79/79 133/133 128/128
f 129/129 82/82 14/14
f 71/71 130/130 125/125
f 125/125 134/134 74/74
f 74/74 134/134 131/131
f 76/76 135/135 77/77
f 78/78 136/136 137/137
f 78/78 137/137 72/72
f 73/73 132/132 138/138
f 73/73 138/138 133/133
f 81/81 130/130 17/17
f 131/131 139/139 75/75
f 75/75 139/139 76/76
f 139/139 135/135 76/76
f 77/77 135/135 136/136
f 77/77 136/136 78/78
f 82/82 140/140 80/80
f 140/140 84/84 80/80
f 83/83 84/84 141/141
f 83/83 141/141 81/81
f 142/142 98/98 99/99
f 142/142 99/99 101/101
f 143/143 105/105 144/144
f 145/145 20/20 18/18
f 89/89 94/94 146/146
f 146/146 94/94 95/95
f 101/101 36/36 143/143
f 143/143 36/36 105/105
f 103/103 102/102 147/147
f 92/92 93/93 148/148
f 148/148 93/93 109/109
f 149/149 150/150 151/151
f 145/145 152/152 20/20
f 150/150 107/107 151/151
f 150/150 114/114 107/107
f 109/109 111/111 153/153
f 152/152 113/113 20/20
f 112/112 154/154 110/110
f 114/114 155/155 116/116
f 111/111 117/117 156/156
f 112/112 62/62 154/154
f 62/62 157/157 154/154
f 116/116 155/155 123/123
f 116/116 123/123 118/118
f 117/117 120/120 156/156
f 120/120 158/158 156/156
f 159/159 160/160 123/123
f 155/155 159/159 123/123
f 62/62 126/126 157/157
f 120/120 161/161 158/158
f 160/160 124/124 123/123
f 119/119 161/161 120/120
f 119/119 128/128 161/161
f 162/162 129/129 122/122
f 160/160 163/163 124/124
f 124/124 164/164 121/121
f 121/121 164/164 127/127
f 124/124 165/165 164/164
f 128/128 166/166 161/161
f 72/72 167/167 126/126
f 163/163 168/168 124/124
f 124/124 168/168 165/165
f 164/164 169/169 127/127
f 130/130 170/170 125/125
f 165/165 171/171 164/164
f 169/169 132/132 127/127
f 133/133 166/166 128/128
f 125/125 170/170 134/134
f 72/72 172/172 167/167
f 129/129 173/173 82/82
f 130/130 174/174 170/170
f 134/134 175/175 131/131
f 131/131 176/176 139/139
f 139/139 177/177 135/135
f 177/177 178/178 135/135
f 178/178 179/179 136/136
f 135/135 178/178 136/136
f 136/136 179/179 137/137
f 137/137 172/172 72/72
f 168/168 180/180 165/165
f 81/81 141/141 130/130
f 173/173 140/140 82/82
f 181/181 85/85 86/86
f 181/181 86/86 182/182
f 86/86 87/87 183/183
f 182/182 86/86 183/183
f 183/183 87/87 184/184
f 87/87 88/88 184/184
f 88/88 185/185 184/184
f 186/186 18/18 85/85
f 88/88 89/89 185/185
f 187/187 188/188 95/95
f 95/95 96/96 189/189
f 187/187 95/95 189/189
f 189/189 96/96 97/97
f 189/189 97/97 190/190
f 190/190 97/97 98/98
f 190/190 98/98 142/142
f 190/190 142/142 191/191
f 191/191 142/142 192/192
f 192/192 142/142 193/193
f 193/193 101/101 194/194
f 194/194 101/101 143/143
f 195/195 147/147 196/196
f 197/197 90/90 91/91
f 197/197 91/91 198/198
f 91/91 92/92 198/198
f 92/92 199/199 198/198
f 186/186 145/145 18/18
f 188/188 146/146 95/95
f 142/142 101/101 193/193
f 143/143 144/144 200/200
f 195/195 201/201 103/103
f 195/195 103/103 147/147
f 147/147 90/90 202/202
f 89/89 146/146 185/185
f 185/185 146/146 188/188
f 144/144 203/203 200/200
f 92/92 148/148 199/199
f 204/204 149/149 205/205
f 205/205 151/151 201/201
f 201/201 151/151 103/103
f 144/144 106/106 203/203
f 149/149 151/151 205/205
f 206/206 150/150 149/149
f 109/109 153/153 207/207
f 106/106 110/110 208/208
f 209/209 210/210 211/211
f 211/211 210/210 212/212
f 213/213 210/210 209/209
f 150/150 212/212 114/114
f 153/153 111/111 214/214
f 210/210 213/213 215/215
f 210/210 215/215 216/216
f 210/210 217/217 212/212
f 212/212 217/217 114/114
f 110/110 154/154 218/218
f 210/210 216/216 217/217
f 217/217 155/155 114/114
f 154/154 219/219 218/218
f 154/154 157/157 219/219
f 215/215 220/220 216/216
f 216/216 221/221 222/222
f 216/216 222/222 217/217
f 216/216 220/220 221/221
f 223/223 219/219 157/157
f 222/222 224/224 217/217
f 217/217 224/224 155/155
f 157/157 126/126 223/223
f 224/224 159/159 155/155
f 158/158 161/161 225/225
f 126/126 226/226 223/223
f 159/159 227/227 160/160
f 161/161 228/228 225/225
f 126/126 167/167 226/226
f 160/160 229/229 163/163
f 161/161 166/166 228/228
f 163/163 229/229 168/168
f 230/230 231/231 232/232
f 168/168 229/229 180/180
f 165/165 233/233 171/171
f 130/130 234/234 174/174
f 170/170 174/174 134/134
f 134/134 235/235 175/175
f 172/172 236/236 167/167
f 180/180 233/233 165/165
f 132/132 237/237 138/138
f 133/133 238/238 166/166
f 166/166 238/238 239/239
f 141/141 234/234 130/130
f 174/174 235/235 134/134
f 131/131 175/175 176/176
f 139/139 176/176 177/177
f 137/137 179/179 172/172
f 138/138 237/237 238/238
f 138/138 238/238 133/133
f 141/141 240/240 234/234
f 177/177 176/176 178/178
f 173/173 241/241 140/140
f 84/84 242/242 141/141
f 140/140 241/241 84/84
f 84/84 241/241 243/243
f 84/84 243/243 242/242
f 244/244 85/85 181/181
f 245/245 246/246 190/190
f 186/186 85/85 244/244
f 189/189 190/190 246/246
f 190/190 191/191 245/245
f 194/194 143/143 247/247
f 247/247 143/143 200/200
f 197/197 198/198 248/248
f 248/248 198/198 249/249
f 249/249 198/198 199/199
f 250/250 201/201 195/195
f 251/251 201/201 250/250
f 252/252 204/204 251/251
f 251/251 253/253 205/205
f 251/251 205/205 201/201
f 199/199 148/148 254/254
f 254/254 148/148 207/207
f 186/186 255/255 145/145
f 252/252 149/149 204/204
f 204/204 205/205 253/253
f 256/256 211/211 257/257
f 258/258 206/206 149/149
f 203/203 106/106 259/259
f 260/260 261/261 262/262
f 257/257 211/211 206/206
f 207/207 153/153 263/263
f 106/106 208/208 259/259
f 259/259 208/208 264/264
f 264/264 261/261 260/260
f 262/262 209/209 256/256
f 256/256 209/209 211/211
f 145/145 265/265 152/152
f 264/264 266/266 261/261
f 261/261 213/213 262/262
f 262/262 213/213 209/209
f 211/211 212/212 206/206
f 206/206 212/212 150/150
f 208/208 266/266 264/264
f 266/266 213/213 261/261
f 153/153 214/214 267/267
f 263/263 153/153 267/267
f 265/265 113/113 152/152
f 208/208 110/110 266/266
f 266/266 218/218 213/213
f 113/113 265/265 268/268
f 218/218 215/215 213/213
f 218/218 219/219 215/215
f 214/214 156/156 269/269
f 156/156 270/270 269/269
f 215/215 271/271 220/220
f 268/268 272/272 113/113
f 113/113 272/272 122/122
f 158/158 273/273 270/270
f 156/156 158/158 270/270
f 215/215 219/219 271/271
f 122/122 272/272 162/162
f 158/158 225/225 274/274
f 158/158 274/274 273/273
f 226/226 275/275 223/223
f 223/223 275/275 219/219
f 219/219 275/275 271/271
f 271/271 276/276 220/220
f 220/220 276/276 221/221
f 222/222 277/277 224/224
f 224/224 277/277 159/159
f 275/275 276/276 271/271
f 276/276 278/278 221/221
f 221/221 278/278 222/222
f 222/222 278/278 277/277
f 279/279 129/129 162/162
f 225/225 228/228 280/280
f 225/225 280/280 274/274
f 226/226 281/281 275/275
f 281/281 276/276 275/275
f 282/282 227/227 277/277
f 277/277 227/227 159/159
f 227/227 229/229 160/160
f 228/228 283/283 280/280
f 167/167 284/284 226/226
f 166/166 239/239 228/228
f 279/279 173/173 129/129
f 167/167 236/236 284/284
f 227/227 285/285 229/229
f 227/227 286/286 285/285
f 239/239 287/287 228/228
f 229/229 285/285 180/180
f 285/285 233/233 180/180
f 169/169 171/171 132/132
f 235/235 288/288 175/175
f 132/132 171/171 237/237
f 171/171 289/289 237/237
f 240/240 290/290 234/234
f 234/234 290/290 174/174
f 174/174 291/291 235/235
f 235/235 292/292 288/288
f 288/288 293/293 175/175
f 175/175 293/293 176/176
f 176/176 293/293 294/294
f 176/176 294/294 178/178
f 178/178 294/294 295/295
f 178/178 296/296 179/179
f 179/179 296/296 297/297
f 179/179 297/297 172/172
f 297/297 298/298 172/172
f 172/172 298/298 236/236
f 233/233 299/299 171/171
f 238/238 237/237 300/300
f 178/178 295/295 296/296
f 173/173 301/301 241/241
f 242/242 240/240 141/141
f 241/241 302/302 243/243
f 303/303 182/182 304/304
f 181/181 182/182 303/303
f 304/304 182/182 183/183
f 305/305 183/183 184/184
f 184/184 185/185 306/306
f 307/307 187/187 308/308
f 187/187 189/189 308/308
f 308/308 189/189 246/246
f 245/245 191/191 309/309
f 192/192 193/193 310/310
f 309/309 192/192 310/310
f 310/310 193/193 194/194
f 310/310 194/194 311/311
f 311/311 194/194 247/247
f 195/195 196/196 312/312
f 196/196 202/202 313/313
f 313/313 202/202 248/248
f 248/248 202/202 197/197
f 185/185 188/188 306/306
f 306/306 188/188 307/307
f 307/307 188/188 187/187
f 247/247 200/200 314/314
f 250/250 195/195 312/312
f 315/315 252/252 251/251
f 249/249 199/199 316/316
f 316/316 199/199 254/254
f 203/203 259/259 200/200
f 254/254 207/207 317/317
f 318/318 255/255 186/186
f 319/319 260/260 320/320
f 321/321 322/322 256/256
f 319/319 323/323 260/260
f 320/320 260/260 324/324
f 321/321 256/256 257/257
f 325/325 206/206 258/258
f 325/325 258/258 326/326
f 207/207 263/263 317/317
f 260/260 262/262 324/324
f 257/257 206/206 325/325
f 323/323 264/264 260/260
f 324/324 262/262 256/256
f 259/259 264/264 323/323
f 327/327 263/263 328/328
f 263/263 267/267 328/328
f 267/267 269/269 328/328
f 276/276 329/329 278/278
f 280/280 330/330 274/274
f 278/278 331/331 282/282
f 278/278 282/282 277/277
f 284/284 281/281 226/226
f 329/329 331/331 278/278
f 284/284 332/332 281/281
f 282/282 286/286 227/227
f 282/282 333/333 286/286
f 228/228 287/287 283/283
f 286/286 334/334 285/285
f 286/286 335/335 334/334
f 285/285 334/334 233/233
f 239/239 336/336 287/287
f 236/236 298/298 337/337
f 299/299 289/289 171/171
f 238/238 336/336 239/239
f 235/235 291/291 292/292
f 334/334 338/338 233/233
f 338/338 299/299 233/233
f 237/237 289/289 300/300
f 301/301 339/339 241/241
f 242/242 340/340 240/240
f 243/243 302/302 340/340
f 243/243 340/340 242/242
f 341/341 181/181 303/303
f 304/304 183/183 305/305
f 184/184 306/306 305/305
f 244/244 181/181 341/341
f 313/313 248/248 342/342
f 312/312 196/196 313/313
f 342/342 248/248 249/249
f 315/315 250/250 343/343
f 343/343 250/250 312/312
f 318/318 186/186 244/244
f 320/320 344/344 319/319
f 315/315 326/326 252/252
f 200/200 259/259 345/345
f 345/345 323/323 319/319
f 320/320 324/324 322/322
f 255/255 318/318 346/346
f 324/324 256/256 322/322
f 263/263 347/347 317/317
f 255/255 348/348 145/145
f 348/348 265/265 145/145
f 328/328 269/269 349/349
f 350/350 351/351 352/352
f 352/352 351/351 353/353
f 351/351 354/354 353/353
f 273/273 274/274 355/355
f 272/272 279/279 162/162
f 274/274 330/330 355/355
f 330/330 356/356 355/355
f 276/276 281/281 329/329
f 280/280 357/357 330/330
f 283/283 357/357 280/280
f 358/358 332/332 284/284
f 329/329 359/359 331/331
f 360/360 173/173 279/279
f 332/332 361/361 281/281
f 281/281 361/361 329/329
f 331/331 333/333 282/282
f 287/287 362/362 283/283
f 283/283 362/362 357/357
f 236/236 363/363 284/284
f 333/333 335/335 286/286
f 236/236 337/337 363/363
f 287/287 336/336 362/362
f 174/174 290/290 291/291
f 297/297 364/364 298/298
f 289/289 365/365 300/300
f 300/300 365/365 366/366
f 300/300 366/366 238/238
f 238/238 366/366 336/336
f 292/292 367/367 288/288
f 367/367 368/368 293/293
f 288/288 367/367 293/293
f 293/293 368/368 294/294
f 294/294 369/369 295/295
f 295/295 369/369 296/296
f 296/296 369/369 370/370
f 296/296 370/370 297/297
f 297/297 370/370 364/364
f 338/338 371/371 299/299
f 299/299 372/372 289/289
f 241/241 339/339 302/302
f 373/373 304/304 305/305
f 305/305 306/306 374/374
f 374/374 306/306 375/375
f 307/307 308/308 376/376
f 376/376 308/308 246/246
f 309/309 310/310 377/377
f 377/377 310/310 311/311
f 378/378 312/312 379/379
f 379/379 312/312 313/313
f 342/342 249/249 380/380
f 375/375 306/306 307/307
f 247/247 314/314 381/381
f 382/382 315/315 343/343
f 314/314 200/200 383/383
f 384/384 326/326 315/315
f 316/316 254/254 385/385
f 200/200 345/345 383/383
f 344/344 345/345 319/319
f 320/320 322/322 344/344
f 386/386 326/326 384/384
f 254/254 317/317 385/385
f 257/257 325/325 386/386
f 321/321 257/257 386/386
f 386/386 325/325 326/326
f 387/387 322/322 321/321
f 388/388 389/389 390/390
f 265/265 391/391 268/268
f 352/352 353/353 392/392
f 393/393 273/273 394/394
f 273/273 355/355 394/394
f 272/272 395/395 279/279
f 330/330 396/396 356/356
f 357/357 397/397 330/330
f 397/397 396/396 330/330
f 279/279 395/395 360/360
f 359/359 398/398 331/331
f 399/399 332/332 358/358
f 329/329 361/361 359/359
f 331/331 398/398 333/333
f 362/362 400/400 357/357
f 399/399 401/401 332/332
f 332/332 401/401 361/361
f 402/402 173/173 360/360
f 402/402 301/301 173/173
f 333/333 403/403 335/335
f 335/335 404/404 334/334
f 402/402 405/405 301/301
f 290/290 406/406 291/291
f 337/337 298/298 407/407
f 334/334 408/408 338/338
f 336/336 366/366 409/409
f 240/240 410/410 290/290
f 290/290 410/410 406/406
f 291/291 411/411 292/292
f 368/368 367/367 412/412
f 368/368 413/413 294/294
f 294/294 413/413 369/369
f 364/364 414/414 298/298
f 408/408 371/371 338/338
f 371/371 372/372 299/299
f 372/372 365/365 289/289
f 365/365 415/415 366/366
f 301/301 405/405 339/339
f 240/240 340/340 410/410
f 340/340 302/302 416/416
f 302/302 417/417 416/416
f 341/341 303/303 418/418
f 418/418 303/303 373/373
f 373/373 305/305 419/419
f 379/379 313/313 420/420
f 375/375 307/307 376/376
f 246/246 245/245 421/421
f 421/421 245/245 422/422
f 423/423 422/422 309/309
f 423/423 309/309 377/377
f 377/377 311/311 424/424
f 424/424 311/311 425/425
f 311/311 247/247 425/425
f 247/247 381/381 425/425
f 426/426 244/244 341/341
f 427/427 382/382 343/343
f 249/249 428/428 380/380
f 429/429 384/384 315/315
f 429/429 315/315 430/430
f 430/430 315/315 382/382
f 384/384 431/431 386/386
f 345/345 432/432 383/383
f 387/387 321/321 433/433
f 433/433 321/321 386/386
f 385/385 317/317 434/434
f 317/317 435/435 434/434
f 432/432 345/345 344/344
f 344/344 322/322 436/436
f 437/437 265/265 348/348
f 437/437 391/391 265/265
f 438/438 268/268 391/391
f 438/438 439/439 268/268
f 439/439 272/272 268/268
f 353/353 440/440 441/441
f 442/442 395/395 272/272
f 356/356 443/443 444/444
f 361/361 445/445 359/359
f 359/359 446/446 398/398
f 358/358 363/363 399/399
f 401/401 445/445 361/361
f 398/398 447/447 333/333
f 447/447 403/403 333/333
f 337/337 448/448 363/363
f 335/335 403/403 404/404
f 337/337 407/407 448/448
f 404/404 408/408 334/334
f 336/336 409/409 362/362
f 406/406 411/411 291/291
f 292/292 411/411 367/367
f 364/364 370/370 414/414
f 298/298 414/414 407/407
f 372/372 415/415 365/365
f 415/415 409/409 366/366
f 340/340 416/416 449/449
f 340/340 449/449 410/410
f 450/450 341/341 418/418
f 420/420 342/342 451/451
f 451/451 342/342 452/452
f 425/425 381/381 453/453
f 378/378 379/379 454/454
f 452/452 342/342 380/380
f 430/430 382/382 455/455
f 455/455 382/382 427/427
f 456/456 427/427 343/343
f 456/456 343/343 378/378
f 380/380 428/428 457/457
f 429/429 431/431 384/384
f 428/428 385/385 458/458
f 459/459 244/244 426/426
f 344/344 436/436 460/460
f 433/433 386/386 431/431
f 458/458 385/385 461/461
f 436/436 322/322 387/387
f 462/462 463/463 464/464
f 439/439 442/442 272/272
f 465/465 466/466 467/467
f 468/468 466/466 465/465
f 469/469 468/468 465/465
f 470/470 469/469 465/465
f 471/471 469/469 470/470
f 472/472 471/471 470/470
f 400/400 473/473 397/397
f 445/445 474/474 359/359
f 475/475 476/476 401/401
f 399/399 475/475 401/401
f 401/401 476/476 445/445
f 363/363 448/448 475/475
f 363/363 475/475 399/399
f 477/477 447/447 398/398
f 362/362 478/478 400/400
f 402/402 479/479 405/405
f 362/362 480/480 478/478
f 403/403 481/481 404/404
f 404/404 482/482 408/408
f 409/409 480/480 362/362
f 479/479 483/483 405/405
f 406/406 484/484 411/411
f 370/370 485/485 414/414
f 414/414 486/486 407/407
f 408/408 487/487 371/371
f 411/411 488/488 367/367
f 367/367 489/489 412/412
f 412/412 489/489 490/490
f 412/412 490/490 368/368
f 490/490 491/491 368/368
f 368/368 491/491 413/413
f 413/413 492/492 369/369
f 492/492 493/493 369/369
f 369/369 493/493 494/494
f 369/369 494/494 370/370
f 487/487 495/495 371/371
f 371/371 495/495 372/372
f 495/495 496/496 372/372
f 372/372 496/496 415/415
f 483/483 497/497 405/405
f 405/405 497/497 339/339
f 339/339 497/497 302/302
f 497/497 417/417 302/302
f 498/498 374/374 499/499
f 375/375 376/376 500/500
f 501/501 376/376 502/502
f 502/502 421/421 503/503
f 503/503 421/421 422/422
f 504/504 505/505 377/377
f 426/426 341/341 450/450
f 423/423 377/377 505/505
f 455/455 427/427 506/506
f 506/506 427/427 456/456
f 456/456 378/378 454/454
f 429/429 507/507 431/431
f 457/457 428/428 458/458
f 460/460 508/508 432/432
f 385/385 434/434 461/461
f 461/461 434/434 509/509
f 459/459 318/318 244/244
f 318/318 510/510 346/346
f 346/346 437/437 348/348
f 511/511 439/439 438/438
f 466/466 512/512 513/513
f 468/468 512/512 466/466
f 395/395 514/514 360/360
f 514/514 402/402 360/360
f 474/474 446/446 359/359
f 515/515 474/474 445/445
f 476/476 515/515 445/445
f 446/446 477/477 398/398
f 516/516 481/481 403/403
f 447/447 516/516 403/403
f 407/407 517/517 448/448
f 481/481 518/518 404/404
f 404/404 518/518 482/482
f 410/410 484/484 406/406
f 485/485 486/486 414/414
f 407/407 486/486 517/517
f 482/482 487/487 408/408
f 415/415 519/519 409/409
f 409/409 519/519 480/480
f 410/410 449/449 520/520
f 411/411 484/484 521/521
f 488/488 489/489 367/367
f 413/413 491/491 492/492
f 370/370 494/494 485/485
f 496/496 519/519 415/415
f 522/522 423/423 505/505
f 454/454 379/379 523/523
f 523/523 379/379 451/451
f 507/507 429/429 524/524
f 429/429 430/430 525/525
f 524/524 429/429 525/525
f 525/525 430/430 455/455
f 507/507 526/526 431/431
f 527/527 432/432 508/508
f 508/508 460/460 528/528
f 527/527 383/383 432/432
f 460/460 436/436 529/529
f 436/436 387/387 433/433
f 434/434 530/530 509/509
f 434/434 531/531 530/530
f 510/510 532/532 346/346
f 532/532 437/437 346/346
f 511/511 533/533 439/439
f 533/533 442/442 439/439
f 466/466 534/534 535/535
f 536/536 395/395 442/442
f 536/536 514/514 395/395
f 469/469 537/537 468/468
f 471/471 537/537 469/469
f 471/471 538/538 539/539
f 472/472 538/538 471/471
f 540/540 541/541 473/473
f 475/475 542/542 476/476
f 447/447 477/477 516/516
f 480/480 543/543 478/478
f 519/519 544/544 480/480
f 521/521 488/488 411/411
f 490/490 545/545 491/491
f 491/491 545/545 492/492
f 487/487 546/546 495/495
f 546/546 496/496 495/495
f 547/547 449/449 416/416
f 497/497 548/548 417/417
f 417/417 547/547 416/416
f 501/501 502/502 549/549
f 549/549 502/502 503/503
f 503/503 522/522 550/550
f 504/504 424/424 551/551
f 552/552 454/454 523/523
f 551/551 453/453 553/553
f 506/506 554/554 455/455
f 506/506 456/456 552/552
f 552/552 456/456 454/454
f 452/452 457/457 555/555
f 507/507 524/524 526/526
f 457/457 458/458 556/556
f 556/556 458/458 461/461
f 557/557 508/508 528/528
f 528/528 460/460 529/529
f 529/529 433/433 558/558
f 558/558 431/431 526/526
f 559/559 459/459 426/426
f 560/560 561/561 562/562
f 437/437 563/563 391/391
f 563/563 511/511 391/391
f 511/511 438/438 391/391
f 564/564 442/442 533/533
f 564/564 536/536 442/442
f 512/512 565/565 513/513
f 468/468 566/566 512/512
f 514/514 479/479 402/402
f 473/473 567/567 568/568
f 515/515 569/569 474/474
f 474/474 569/569 446/446
f 570/570 567/567 473/473
f 476/476 571/571 515/515
f 515/515 571/571 569/569
f 569/569 477/477 446/446
f 477/477 572/572 516/516
f 478/478 570/570 473/473
f 479/479 573/573 483/483
f 516/516 574/574 481/481
f 543/543 570/570 478/478
f 481/481 574/574 518/518
f 480/480 544/544 543/543
f 484/484 575/575 521/521
f 518/518 576/576 482/482
f 576/576 546/546 487/487
f 482/482 576/576 487/487
f 483/483 577/577 497/497
f 547/547 578/578 520/520
f 449/449 547/547 520/520
f 520/520 578/578 484/484
f 488/488 579/579 489/489
f 489/489 579/579 490/490
f 490/490 580/580 545/545
f 492/492 545/545 581/581
f 492/492 581/581 493/493
f 493/493 581/581 582/582
f 493/493 582/582 494/494
f 494/494 583/583 485/485
f 546/546 584/584 496/496
f 548/548 585/585 417/417
f 586/586 499/499 587/587
f 588/588 549/549 503/503
f 588/588 503/503 550/550
f 550/550 522/522 589/589
f 523/523 451/451 590/590
f 453/453 527/527 553/553
f 525/525 455/455 554/554
f 591/591 592/592 593/593
f 459/459 594/594 318/318
f 594/594 510/510 318/318
f 565/565 595/595 513/513
f 566/566 596/596 512/512
f 512/512 596/596 565/565
f 597/597 514/514 536/536
f 598/598 479/479 514/514
f 475/475 448/448 599/599
f 475/475 599/599 542/542
f 542/542 571/571 476/476
f 517/517 599/599 448/448
f 518/518 574/574 576/576
f 485/485 600/600 486/486
f 486/486 600/600 601/601
f 546/546 576/576 602/602
f 521/521 579/579 488/488
f 494/494 582/582 583/583
f 485/485 583/583 600/600
f 602/602 584/584 546/546
f 584/584 603/603 496/496
f 496/496 603/603 519/519
f 497/497 577/577 548/548
f 417/417 585/585 547/547
f 604/604 450/450 605/605
f 606/606 552/552 607/607
f 607/607 552/552 608/608
f 609/609 426/426 610/610
f 553/553 527/527 611/611
f 611/611 527/527 612/612
f 612/612 527/527 557/557
f 613/613 529/529 558/558
f 559/559 426/426 609/609
f 509/509 530/530 614/614
f 593/593 592/592 615/615
f 532/532 563/563 437/437
f 513/513 595/595 534/534
f 596/596 616/616 565/565
f 565/565 616/616 595/595
f 537/537 617/617 566/566
f 514/514 597/597 598/598
f 479/479 618/618 573/573
f 542/542 599/599 571/571
f 569/569 619/619 477/477
f 477/477 619/619 572/572
f 572/572 619/619 620/620
f 572/572 620/620 516/516
f 573/573 577/577 483/483
f 517/517 601/601 599/599
f 544/544 621/621 543/543
f 578/578 575/575 484/484
f 490/490 579/579 580/580
f 603/603 621/621 519/519
f 581/581 622/622 582/582
f 623/623 500/500 624/624
f 624/624 549/549 625/625
f 626/626 526/526 524/524
f 530/530 627/627 614/614
f 592/592 561/561 628/628
f 629/629 532/532 510/510
f 629/629 630/630 532/532
f 630/630 563/563 532/532
f 631/631 511/511 563/563
f 632/632 533/533 511/511
f 631/631 632/632 511/511
f 632/632 564/564 533/533
f 633/633 634/634 635/635
f 534/534 595/595 634/634
f 597/597 636/636 598/598
f 598/598 618/618 479/479
f 637/637 638/638 569/569
f 569/569 638/638 619/619
f 620/620 639/639 516/516
f 516/516 639/639 574/574
f 600/600 640/640 601/601
f 574/574 641/641 576/576
f 578/578 642/642 643/643
f 578/578 643/643 575/575
f 575/575 643/643 521/521
f 521/521 643/643 644/644
f 521/521 644/644 579/579
f 579/579 644/644 645/645
f 579/579 645/645 580/580
f 580/580 645/645 646/646
f 580/580 646/646 545/545
f 583/583 647/647 600/600
f 576/576 648/648 602/602
f 602/602 648/648 649/649
f 602/602 649/649 584/584
f 584/584 649/649 650/650
f 584/584 650/650 603/603
f 603/603 651/651 621/621
f 547/547 652/652 578/578
f 585/585 653/653 547/547
f 654/654 588/588 550/550
f 461/461 509/509 655/655
f 656/656 461/461 655/655
f 509/509 614/614 655/655
f 657/657 559/559 609/609
f 657/657 658/658 559/559
f 627/627 659/659 614/614
f 615/615 660/660 661/661
f 629/629 510/510 594/594
f 630/630 631/631 563/563
f 662/662 663/663 664/664
f 665/665 564/564 632/632
f 665/665 536/536 564/564
f 616/616 666/666 595/595
f 596/596 667/667 616/616
f 665/665 668/668 536/536
f 566/566 667/667 596/596
f 617/617 667/667 566/566
f 668/668 597/597 536/536
f 669/669 568/568 670/670
f 618/618 671/671 573/573
f 568/568 567/567 672/672
f 599/599 637/637 571/571
f 573/573 673/673 577/577
f 640/640 674/674 601/601
f 601/601 674/674 599/599
f 639/639 641/641 574/574
f 576/576 641/641 675/675
f 543/543 676/676 570/570
f 675/675 648/648 576/576
f 651/651 677/677 621/621
f 621/621 677/677 543/543
f 652/652 642/642 578/578
f 545/545 646/646 678/678
f 545/545 678/678 581/581
f 581/581 678/678 679/679
f 581/581 679/679 622/622
f 582/582 622/622 680/680
f 582/582 680/680 583/583
f 650/650 681/681 603/603
f 681/681 651/651 603/603
f 548/548 577/577 682/682
f 548/548 682/682 653/653
f 548/548 653/653 585/585
f 683/683 587/587 684/684
f 685/685 609/609 610/610
f 655/655 614/614 686/686
f 614/614 659/659 687/687
f 660/660 688/688 661/661
f 592/592 628/628 660/660
f 689/689 690/690 691/691
f 668/668 636/636 597/597
f 636/636 618/618 598/598
f 669/669 670/670 692/692
f 599/599 674/674 637/637
f 637/637 693/693 638/638
f 570/570 676/676 567/567
f 671/671 673/673 573/573
f 619/619 694/694 620/620
f 620/620 694/694 639/639
f 543/543 677/677 676/676
f 577/577 673/673 695/695
f 577/577 695/695 682/682
f 653/653 652/652 547/547
f 625/625 696/696 697/697
f 698/698 606/606 607/607
f 699/699 556/556 700/700
f 611/611 612/612 701/701
f 702/702 557/557 703/703
f 686/686 614/614 687/687
f 661/661 688/688 704/704
f 705/705 706/706 688/688
f 707/707 708/708 561/561
f 709/709 710/710 711/711
f 710/710 712/712 711/711
f 630/630 713/713 631/631
f 709/709 714/714 710/710
f 715/715 716/716 717/717
f 718/718 719/719 720/720
f 713/713 632/632 631/631
f 721/721 722/722 723/723
f 721/721 724/724 725/725
f 726/726 724/724 721/721
f 721/721 723/723 726/726
f 666/666 727/727 634/634
f 666/666 634/634 595/595
f 667/667 728/728 616/616
f 692/692 670/670 729/729
f 638/638 694/694 619/619
f 675/675 641/641 730/730
f 675/675 730/730 648/648
f 644/644 731/731 645/645
f 645/645 731/731 646/646
f 680/680 647/647 583/583
f 647/647 732/732 640/640
f 733/733 734/734 735/735
f 648/648 650/650 649/649
f 681/681 736/736 651/651
f 651/651 736/736 677/677
f 653/653 737/737 652/652
f 738/738 739/739 740/740
f 703/703 741/741 742/742
f 656/656 655/655 743/743
f 655/655 686/686 743/743
f 687/687 659/659 744/744
f 659/659 745/745 744/744
f 688/688 746/746 704/704
f 747/747 594/594 658/658
f 708/708 748/748 628/628
f 749/749 750/750 629/629
f 751/751 709/709 752/752
f 750/750 630/630 629/629
f 753/753 754/754 755/755
f 755/755 754/754 756/756
f 709/709 711/711 752/752
f 754/754 757/757 756/756
f 758/758 759/759 715/715
f 754/754 760/760 757/757
f 756/756 761/761 762/762
f 762/762 761/761 763/763
f 762/762 763/763 764/764
f 764/764 763/763 765/765
f 763/763 766/766 714/714
f 765/765 763/763 714/714
f 759/759 716/716 715/715
f 766/766 710/710 714/714
f 767/767 768/768 722/722
f 719/719 769/769 720/720
f 720/720 769/769 770/770
f 722/722 768/768 723/723
f 716/716 771/771 717/717
f 719/719 772/772 769/769
f 769/769 773/773 770/770
f 773/773 774/774 767/767
f 770/770 773/773 767/767
f 767/767 774/774 768/768
f 775/775 726/726 723/723
f 723/723 776/776 775/775
f 726/726 777/777 724/724
f 632/632 778/778 665/665
f 779/779 780/780 781/781
f 782/782 668/668 665/665
f 668/668 783/783 636/636
f 690/690 784/784 785/785
f 636/636 786/786 618/618
f 786/786 671/671 618/618
f 672/672 787/787 670/670
f 672/672 676/676 787/787
f 638/638 788/788 694/694
f 640/640 789/789 674/674
f 674/674 789/789 637/637
f 789/789 693/693 637/637
f 694/694 790/790 639/639
f 639/639 790/790 641/641
f 677/677 791/791 676/676
f 792/792 793/793 733/733
f 733/733 793/793 734/734
f 736/736 794/794 677/677
f 652/652 795/795 642/642
f 642/642 795/795 643/643
f 643/643 796/796 644/644
f 731/731 797/797 646/646
f 646/646 797/797 678/678
f 678/678 797/797 798/798
f 678/678 798/798 799/799
f 678/678 799/799 679/679
f 679/679 799/799 800/800
f 679/679 800/800 622/622
f 622/622 800/800 680/680
f 800/800 801/801 680/680
f 680/680 801/801 647/647
f 734/734 802/802 735/735
f 803/803 736/736 681/681
f 804/804 805/805 806/806
f 737/737 807/807 652/652
f 806/806 808/808 809/809
f 682/682 810/810 653/653
f 810/810 737/737 653/653
f 687/687 744/744 686/686
f 745/745 811/811 744/744
f 747/747 658/658 657/657
f 688/688 706/706 746/746
f 704/704 746/746 812/812
f 708/708 813/813 748/748
f 814/814 751/751 752/752
f 814/814 815/815 751/751
f 753/753 755/755 816/816
f 816/816 755/755 817/817
f 816/816 754/754 753/753
f 817/817 755/755 818/818
f 818/818 764/764 819/819
f 764/764 765/765 815/815
f 819/819 764/764 815/815
f 815/815 765/765 751/751
f 759/759 758/758 820/820
f 755/755 756/756 818/818
f 756/756 762/762 818/818
f 818/818 762/762 764/764
f 759/759 821/821 716/716
f 821/821 822/822 716/716
f 713/713 778/778 632/632
f 823/823 771/771 716/716
f 716/716 822/822 823/823
f 768/768 776/776 723/723
f 823/823 824/824 771/771
f 825/825 826/826 772/772
f 772/772 826/826 769/769
f 827/827 828/828 829/829
f 774/774 776/776 768/768
f 828/828 830/830 829/829
f 829/829 830/830 831/831
f 727/727 832/832 634/634
f 833/833 834/834 828/828
f 834/834 830/830 828/828
f 831/831 835/835 836/836
f 836/836 837/837 779/779
f 779/779 838/838 780/780
f 779/779 837/837 838/838
f 838/838 839/839 780/780
f 782/782 783/783 668/668
f 840/840 841/841 842/842
f 843/843 840/840 842/842
f 844/844 845/845 846/846
f 670/670 847/847 729/729
f 846/846 848/848 844/844
f 670/670 787/787 847/847
f 848/848 846/846 849/849
f 693/693 788/788 638/638
f 789/789 850/850 693/693
f 790/790 730/730 641/641
f 676/676 791/791 851/851
f 848/848 849/849 805/805
f 732/732 852/852 640/640
f 852/852 789/789 640/640
f 677/677 794/794 791/791
f 848/848 805/805 804/804
f 795/795 853/853 643/643
f 644/644 796/796 731/731
f 802/802 854/854 735/735
f 735/735 854/854 855/855
f 855/855 854/854 856/856
f 652/652 807/807 795/795
f 805/805 808/808 806/806
f 685/685 857/857 858/858
f 686/686 744/744 859/859
f 744/744 811/811 859/859
f 705/705 748/748 706/706
f 860/860 813/813 708/708
f 861/861 816/816 862/862
f 862/862 816/816 863/863
f 816/816 817/817 863/863
f 863/863 817/817 864/864
f 865/865 818/818 819/819
f 819/819 815/815 866/866
f 866/866 815/815 814/814
f 867/867 759/759 820/820
f 867/867 821/821 759/759
f 817/817 818/818 865/865
f 750/750 868/868 630/630
f 868/868 869/869 630/630
f 869/869 870/870 713/713
f 869/869 713/713 630/630
f 870/870 778/778 713/713
f 870/870 871/871 778/778
f 823/823 822/822 872/872
f 871/871 665/665 778/778
f 616/616 727/727 666/666
f 823/823 873/873 824/824
f 833/833 874/874 834/834
f 835/835 875/875 836/836
f 836/836 875/875 837/837
f 876/876 874/874 833/833
f 834/834 877/877 830/830
f 830/830 835/835 831/831
f 783/783 878/878 636/636
f 879/879 843/843 880/880
f 843/843 842/842 880/880
f 729/729 847/847 881/881
f 882/882 883/883 884/884
f 885/885 886/886 887/887
f 643/643 853/853 796/796
f 888/888 889/889 890/890
f 890/890 889/889 891/891
f 856/856 892/892 893/893
f 893/893 892/892 894/894
f 895/895 896/896 897/897
f 898/898 857/857 685/685
f 686/686 859/859 899/899
f 812/812 900/900 901/901
f 812/812 746/746 900/900
f 902/902 814/814 903/903
f 902/902 866/866 814/814
f 904/904 865/865 819/819
f 819/819 866/866 904/904
f 864/864 817/817 865/865
f 749/749 905/905 750/750
f 750/750 905/905 868/868
f 906/906 907/907 908/908
f 909/909 910/910 911/911
f 912/912 913/913 910/910
f 910/910 913/913 911/911
f 869/869 913/913 870/870
f 821/821 914/914 822/822
f 912/912 915/915 913/913
f 916/916 917/917 912/912
f 912/912 917/917 915/915
f 916/916 918/918 917/917
f 727/727 919/919 832/832
f 920/920 665/665 871/871
f 616/616 921/921 727/727
f 920/920 782/782 665/665
f 728/728 921/921 616/616
f 872/872 922/922 823/823
f 823/823 922/922 873/873
f 923/923 924/924 728/728
f 874/874 925/925 834/834
f 834/834 925/925 877/877
f 830/830 877/877 835/835
f 838/838 926/926 927/927
f 878/878 928/928 636/636
f 928/928 786/786 636/636
f 929/929 930/930 845/845
f 842/842 931/931 880/880
f 842/842 932/932 931/931
f 842/842 841/841 932/932
f 851/851 933/933 787/787
f 883/883 934/934 884/884
f 884/884 934/934 886/886
f 884/884 886/886 885/885
f 887/887 935/935 792/792
f 936/936 937/937 938/938
f 793/793 939/939 734/734
f 889/889 936/936 891/891
f 940/940 941/941 942/942
f 743/743 899/899 943/943
f 858/858 944/944 945/945
f 946/946 947/947 747/747
f 706/706 948/948 746/746
f 902/902 949/949 950/950
f 951/951 948/948 748/748
f 748/748 948/948 706/706
f 902/902 950/950 866/866
f 902/902 903/903 952/952
f 953/953 905/905 749/749
f 813/813 951/951 748/748
f 954/954 861/861 862/862
f 862/862 863/863 955/955
f 954/954 862/862 955/955
f 863/863 864/864 955/955
f 955/955 864/864 956/956
f 956/956 865/865 904/904
f 957/957 866/866 950/950
f 867/867 914/914 821/821
f 958/958 909/909 911/911
f 911/911 869/869 868/868
f 913/913 869/869 911/911
f 870/870 913/913 871/871
f 913/913 915/915 871/871
f 917/917 959/959 915/915
f 915/915 960/960 871/871
f 959/959 960/960 915/915
f 961/961 962/962 959/959
f 728/728 924/924 921/921
f 920/920 963/963 782/782
f 782/782 963/963 783/783
f 876/876 964/964 874/874
f 874/874 964/964 925/925
f 875/875 965/965 837/837
f 837/837 965/965 838/838
f 877/877 966/966 835/835
f 838/838 965/965 926/926
f 965/965 967/967 926/926
f 926/926 967/967 968/968
f 926/926 968/968 927/927
f 783/783 969/969 878/878
f 932/932 841/841 970/970
f 845/845 971/971 846/846
f 881/881 847/847 972/972
f 847/847 973/973 972/972
f 846/846 974/974 849/849
f 787/787 933/933 847/847
f 938/938 937/937 975/975
f 938/938 975/975 883/883
f 934/934 976/976 886/886
f 887/887 977/977 935/935
f 791/791 978/978 851/851
f 849/849 979/979 805/805
f 792/792 935/935 793/793
f 793/793 935/935 939/939
f 894/894 980/980 981/981
f 980/980 982/982 981/981
f 889/889 983/983 936/936
f 734/734 984/984 802/802
f 984/984 854/854 802/802
f 892/892 985/985 894/894
f 985/985 980/980 894/894
f 986/986 987/987 988/988
f 989/989 990/990 991/991
f 992/992 989/989 991/991
f 991/991 993/993 994/994
f 995/995 996/996 940/940
f 940/940 996/996 941/941
f 942/942 941/941 888/888
f 941/941 889/889 888/888
f 856/856 997/997 892/892
f 805/805 998/998 808/808
f 999/999 1000/1000 986/986
f 808/808 1001/1001 809/809
f 1002/1002 1003/1003 1004/1004
f 1005/1005 1006/1006 900/900
f 746/746 948/948 1005/1005
f 949/949 1007/1007 950/950
f 861/861 954/954 1008/1008
f 955/955 956/956 1009/1009
f 867/867 1010/1010 914/914
f 813/813 1011/1011 951/951
f 958/958 911/911 1012/1012
f 1012/1012 911/911 868/868
f 1012/1012 868/868 905/905
f 960/960 920/920 871/871
f 960/960 959/959 920/920
f 921/921 919/919 727/727
f 959/959 962/962 1013/1013
f 925/925 1014/1014 877/877
f 1015/1015 966/966 877/877
f 966/966 1016/1016 875/875
f 875/875 1016/1016 965/965
f 963/963 969/969 783/783
f 876/876 1017/1017 1018/1018
f 876/876 1018/1018 964/964
f 964/964 1014/1014 925/925
f 966/966 1015/1015 1019/1019
f 880/880 931/931 1020/1020
f 846/846 971/971 974/974
f 847/847 933/933 973/973
f 851/851 1021/1021 933/933
f 849/849 974/974 979/979
f 886/886 977/977 887/887
f 978/978 1022/1022 851/851
f 1023/1023 1024/1024 937/937
f 936/936 1023/1023 937/937
f 983/983 1023/1023 936/936
f 734/734 939/939 984/984
f 805/805 979/979 1025/1025
f 988/988 987/987 1026/1026
f 987/987 1027/1027 1026/1026
f 1026/1026 1027/1027 992/992
f 991/991 990/990 993/993
f 993/993 996/996 994/994
f 854/854 1028/1028 856/856
f 856/856 1028/1028 997/997
f 997/997 1029/1029 892/892
f 892/892 1029/1029 985/985
f 805/805 1025/1025 998/998
f 994/994 996/996 995/995
f 808/808 998/998 1001/1001
f 1001/1001 1000/1000 999/999
f 809/809 1001/1001 999/999
f 1030/1030 1031/1031 1032/1032
f 1033/1033 1034/1034 1035/1035
f 945/945 944/944 1036/1036
f 1037/1037 946/946 945/945
f 1008/1008 954/954 1038/1038
f 1039/1039 1040/1040 904/904
f 946/946 1041/1041 953/953
f 951/951 1042/1042 948/948
f 953/953 1041/1041 905/905
f 1011/1011 1043/1043 951/951
f 1044/1044 958/958 1012/1012
f 914/914 872/872 822/822
f 959/959 963/963 920/920
f 1013/1013 963/963 959/959
f 1013/1013 1045/1045 963/963
f 872/872 1046/1046 922/922
f 1014/1014 1047/1047 877/877
f 877/877 1047/1047 1015/1015
f 964/964 1018/1018 1014/1014
f 967/967 1048/1048 968/968
f 932/932 970/970 1049/1049
f 972/972 973/973 1050/1050
f 933/933 1051/1051 973/973
f 1022/1022 1021/1021 851/851
f 883/883 975/975 934/934
f 984/984 1052/1052 854/854
f 992/992 1027/1027 989/989
f 941/941 983/983 889/889
f 1000/1000 987/987 986/986
f 1053/1053 1054/1054 1055/1055
f 945/945 1036/1036 1037/1037
f 1056/1056 1009/1009 1057/1057
f 1056/1056 1038/1038 1009/1009
f 1009/1009 956/956 1040/1040
f 1057/1057 1009/1009 1040/1040
f 1058/1058 1059/1059 1060/1060
f 1043/1043 1042/1042 951/951
f 1061/1061 1012/1012 1062/1062
f 1012/1012 905/905 1041/1041
f 1063/1063 1064/1064 1065/1065
f 921/921 1066/1066 919/919
f 1045/1045 969/969 963/963
f 1067/1067 1068/1068 1045/1045
f 1068/1068 1069/1069 1045/1045
f 1070/1070 1018/1018 1017/1017
f 1016/1016 1071/1071 965/965
f 969/969 1072/1072 878/878
f 878/878 1072/1072 928/928
f 1014/1014 1018/1018 1047/1047
f 1018/1018 1073/1073 1047/1047
f 965/965 1071/1071 967/967
f 967/967 1074/1074 1048/1048
f 967/967 1071/1071 1074/1074
f 1020/1020 931/931 1075/1075
f 931/931 932/932 1075/1075
f 932/932 1049/1049 1075/1075
f 930/930 1076/1076 845/845
f 845/845 1076/1076 971/971
f 1049/1049 970/970 1077/1077
f 1051/1051 1050/1050 973/973
f 937/937 1024/1024 975/975
f 939/939 1078/1078 984/984
f 854/854 1052/1052 1028/1028
f 1000/1000 1079/1079 987/987
f 1080/1080 1081/1081 1082/1082
f 1083/1083 1084/1084 1040/1040
f 949/949 1085/1085 1086/1086
f 1038/1038 1087/1087 1008/1008
f 1010/1010 1088/1088 914/914
f 948/948 1089/1089 1005/1005
f 1042/1042 1089/1089 948/948
f 1062/1062 1012/1012 1041/1041
f 1090/1090 1091/1091 1064/1064
f 1069/1069 1092/1092 1045/1045
f 922/922 1046/1046 1093/1093
f 1070/1070 1094/1094 1018/1018
f 1095/1095 1096/1096 1097/1097
f 1018/1018 1098/1098 1073/1073
f 1073/1073 1099/1099 1047/1047
f 1047/1047 1099/1099 1015/1015
f 1099/1099 1019/1019 1015/1015
f 1019/1019 1100/1100 1016/1016
f 1016/1016 1100/1100 1071/1071
f 971/971 1101/1101 974/974
f 1051/1051 1102/1102 1050/1050
f 933/933 1102/1102 1051/1051
f 933/933 1021/1021 1102/1102
f 974/974 1101/1101 1103/1103
f 974/974 1103/1103 1104/1104
f 974/974 1104/1104 979/979
f 975/975 1105/1105 934/934
f 934/934 1105/1105 1106/1106
f 934/934 1106/1106 976/976
f 935/935 1107/1107 939/939
f 980/980 1108/1108 982/982
f 979/979 1104/1104 1025/1025
f 983/983 1109/1109 1023/1023
f 1078/1078 1052/1052 984/984
f 1027/1027 1110/1110 989/989
f 941/941 1111/1111 983/983
f 1052/1052 1112/1112 1028/1028
f 1028/1028 1112/1112 997/997
f 997/997 1112/1112 1113/1113
f 1113/1113 1114/1114 1029/1029
f 997/997 1113/1113 1029/1029
f 1029/1029 1115/1115 985/985
f 1025/1025 1116/1116 998/998
f 996/996 1117/1117 941/941
f 998/998 1116/1116 1118/1118
f 998/998 1118/1118 1001/1001
f 1119/1119 1120/1120 1121/1121
f 1010/1010 1122/1122 1088/1088
f 1089/1089 1123/1123 1005/1005
f 1124/1124 1061/1061 1062/1062
f 1124/1124 1062/1062 1125/1125
f 1011/1011 1126/1126 1043/1043
f 1045/1045 1092/1092 969/969
f 1093/1093 1046/1046 1127/1127
f 1070/1070 1128/1128 1094/1094
f 1129/1129 1130/1130 929/929
f 1098/1098 1094/1094 1073/1073
f 1019/1019 1099/1099 1131/1131
f 1019/1019 1131/1131 1100/1100
f 929/929 1130/1130 930/930
f 1048/1048 1074/1074 1132/1132
f 930/930 1130/1130 1133/1133
f 1050/1050 1102/1102 1134/1134
f 975/975 1135/1135 1105/1105
f 976/976 1106/1106 1136/1136
f 976/976 1136/1136 977/977
f 935/935 977/977 1107/1107
f 1107/1107 1078/1078 939/939
f 1115/1115 1108/1108 980/980
f 1104/1104 1116/1116 1025/1025
f 987/987 1110/1110 1027/1027
f 1029/1029 1114/1114 1115/1115
f 985/985 1115/1115 980/980
f 1079/1079 1137/1137 987/987
f 1110/1110 1138/1138 989/989
f 989/989 1138/1138 990/990
f 990/990 1139/1139 993/993
f 993/993 1139/1139 1140/1140
f 993/993 1140/1140 996/996
f 1140/1140 1117/1117 996/996
f 941/941 1117/1117 1111/1111
f 1118/1118 1141/1141 1001/1001
f 1141/1141 1079/1079 1001/1001
f 1001/1001 1079/1079 1000/1000
f 1142/1142 1143/1143 1144/1144
f 1145/1145 1146/1146 1147/1147
f 1145/1145 1148/1148 1146/1146
f 1085/1085 1149/1149 1150/1150
f 1151/1151 1008/1008 1087/1087
f 1152/1152 1122/1122 1010/1010
f 914/914 1153/1153 872/872
f 1154/1154 1155/1155 1156/1156
f 1157/1157 1158/1158 1159/1159
f 1160/1160 1161/1161 1157/1157
f 1159/1159 1158/1158 1129/1129
f 1162/1162 1075/1075 1163/1163
f 1163/1163 1075/1075 1164/1164
f 1073/1073 1165/1165 1099/1099
f 1100/1100 1166/1166 1071/1071
f 1071/1071 1166/1166 1074/1074
f 1094/1094 1167/1167 1073/1073
f 1099/1099 1165/1165 1131/1131
f 930/930 1133/1133 1076/1076
f 971/971 1076/1076 1101/1101
f 1168/1168 1169/1169 1170/1170
f 1021/1021 1171/1171 1102/1102
f 1172/1172 1173/1173 1174/1174
f 1173/1173 1175/1175 1174/1174
f 1176/1176 1173/1173 1172/1172
f 1023/1023 1177/1177 1024/1024
f 1024/1024 1135/1135 975/975
f 977/977 1136/1136 1107/1107
f 1108/1108 1176/1176 982/982
f 1109/1109 1177/1177 1023/1023
f 987/987 1137/1137 1110/1110
f 1138/1138 1139/1139 990/990
f 1111/1111 1178/1178 983/983
f 983/983 1178/1178 1109/1109
f 1179/1179 1180/1180 1181/1181
f 1182/1182 1183/1183 1184/1184
f 1006/1006 1123/1123 1182/1182
f 1088/1088 1153/1153 914/914
f 1185/1185 1123/1123 1089/1089
f 1042/1042 1185/1185 1089/1089
f 1043/1043 1126/1126 1042/1042
f 1155/1155 1162/1162 1163/1163
f 1161/1161 1158/1158 1157/1157
f 1129/1129 1158/1158 1130/1130
f 1163/1163 1164/1164 1186/1186
f 1094/1094 1128/1128 1167/1167
f 1167/1167 1187/1187 1073/1073
f 1073/1073 1187/1187 1165/1165
f 1168/1168 1188/1188 1169/1169
f 1101/1101 1189/1189 1103/1103
f 1102/1102 1171/1171 1190/1190
f 1191/1191 1192/1192 1193/1193
f 1147/1147 1194/1194 1195/1195
f 1054/1054 1196/1196 1197/1197
f 1085/1085 1198/1198 1199/1199
f 1200/1200 1201/1201 1202/1202
f 1042/1042 1203/1203 1185/1185
f 1126/1126 1203/1203 1042/1042
f 1204/1204 1205/1205 1206/1206
f 1207/1207 1158/1158 1161/1161
f 1165/1165 1208/1208 1131/1131
f 1131/1131 1208/1208 1100/1100
f 1166/1166 1209/1209 1074/1074
f 1209/1209 1210/1210 1132/1132
f 1133/1133 1130/1130 1211/1211
f 1133/1133 1211/1211 1076/1076
f 1076/1076 1211/1211 1212/1212
f 1076/1076 1212/1212 1101/1101
f 1213/1213 1214/1214 1175/1175
f 1173/1173 1213/1213 1175/1175
f 1176/1176 1215/1215 1173/1173
f 1024/1024 1177/1177 1135/1135
f 1105/1105 1216/1216 1106/1106
f 1106/1106 1216/1216 1136/1136
f 1108/1108 1217/1217 1176/1176
f 1109/1109 1218/1218 1177/1177
f 1107/1107 1219/1219 1078/1078
f 1104/1104 1220/1220 1116/1116
f 1221/1221 1218/1218 1109/1109
f 1219/1219 1222/1222 1078/1078
f 1078/1078 1223/1223 1052/1052
f 1115/1115 1224/1224 1108/1108
f 1137/1137 1225/1225 1110/1110
f 1110/1110 1226/1226 1138/1138
f 1138/1138 1227/1227 1228/1228
f 1138/1138 1228/1228 1139/1139
f 1117/1117 1229/1229 1111/1111
f 1111/1111 1229/1229 1178/1178
f 1178/1178 1221/1221 1109/1109
f 1052/1052 1223/1223 1112/1112
f 1112/1112 1230/1230 1113/1113
f 1231/1231 1232/1232 1113/1113
f 1113/1113 1232/1232 1114/1114
f 1114/1114 1232/1232 1115/1115
f 1116/1116 1233/1233 1118/1118
f 1079/1079 1234/1234 1137/1137
f 1235/1235 1236/1236 1117/1117
f 1140/1140 1235/1235 1117/1117
f 1141/1141 1234/1234 1079/1079
f 1237/1237 1238/1238 1239/1239
f 1240/1240 1241/1241 1179/1179
f 1203/1203 1242/1242 1185/1185
f 1153/1153 1243/1243 872/872
f 1244/1244 1156/1156 1245/1245
f 872/872 1243/1243 1046/1046
f 1158/1158 1246/1246 1130/1130
f 1246/1246 1247/1247 1130/1130
f 1046/1046 1248/1248 1127/1127
f 1128/1128 1249/1249 1167/1167
f 1187/1187 1250/1250 1165/1165
f 1251/1251 1252/1252 1100/1100
f 1208/1208 1251/1251 1100/1100
f 1100/1100 1252/1252 1166/1166
f 1167/1167 1253/1253 1187/1187
f 1130/1130 1247/1247 1211/1211
f 1101/1101 1212/1212 1189/1189
f 1103/1103 1189/1189 1254/1254
f 1103/1103 1254/1254 1220/1220
f 1103/1103 1220/1220 1104/1104
f 1173/1173 1215/1215 1213/1213
f 1255/1255 1105/1105 1135/1135
f 1216/1216 1256/1256 1136/1136
f 1217/1217 1215/1215 1176/1176
f 1135/1135 1177/1177 1255/1255
f 1232/1232 1224/1224 1115/1115
f 1108/1108 1224/1224 1217/1217
f 1116/1116 1220/1220 1257/1257
f 1223/1223 1230/1230 1112/1112
f 1230/1230 1231/1231 1113/1113
f 1116/1116 1257/1257 1233/1233
f 1234/1234 1225/1225 1137/1137
f 1138/1138 1226/1226 1227/1227
f 1139/1139 1228/1228 1140/1140
f 1117/1117 1236/1236 1229/1229
f 1233/1233 1258/1258 1141/1141
f 1118/1118 1233/1233 1141/1141
f 1141/1141 1258/1258 1234/1234
f 1259/1259 1260/1260 1261/1261
f 1088/1088 1262/1262 1153/1153
f 1185/1185 1263/1263 1123/1123
f 1242/1242 1263/1263 1185/1185
f 1126/1126 1264/1264 1203/1203
f 1265/1265 1266/1266 1126/1126
f 1266/1266 1264/1264 1126/1126
f 1207/1207 1246/1246 1158/1158
f 1165/1165 1250/1250 1208/1208
f 1208/1208 1267/1267 1251/1251
f 1166/1166 1252/1252 1209/1209
f 1209/1209 1268/1268 1210/1210
f 1169/1169 1269/1269 1270/1270
f 1136/1136 1256/1256 1107/1107
f 1225/1225 1226/1226 1110/1110
f 1222/1222 1223/1223 1078/1078
f 1140/1140 1228/1228 1235/1235
f 1271/1271 1272/1272 1151/1151
f 1152/1152 1273/1273 1122/1122
f 1242/1242 1274/1274 1263/1263
f 1203/1203 1275/1275 1242/1242
f 1276/1276 1275/1275 1203/1203
f 1264/1264 1276/1276 1203/1203
f 1207/1207 1277/1277 1246/1246
f 1208/1208 1250/1250 1267/1267
f 1252/1252 1268/1268 1209/1209
f 1255/1255 1278/1278 1105/1105
f 1105/1105 1278/1278 1216/1216
f 1216/1216 1279/1279 1256/1256
f 1256/1256 1280/1280 1107/1107
f 1107/1107 1280/1280 1219/1219
f 1219/1219 1280/1280 1281/1281
f 1257/1257 1282/1282 1233/1233
f 1178/1178 1229/1229 1221/1221
f 1283/1283 1284/1284 1285/1285
f 1286/1286 1287/1287 1288/1288
f 1289/1289 1290/1290 1286/1286
f 1266/1266 1291/1291 1264/1264
f 1246/1246 1292/1292 1247/1247
f 1249/1249 1293/1293 1167/1167
f 1167/1167 1293/1293 1253/1253
f 1247/1247 1294/1294 1211/1211
f 1211/1211 1295/1295 1212/1212
f 1212/1212 1295/1295 1296/1296
f 1189/1189 1297/1297 1254/1254
f 1213/1213 1298/1298 1214/1214
f 1215/1215 1299/1299 1213/1213
f 1254/1254 1300/1300 1220/1220
f 1218/1218 1301/1301 1177/1177
f 1278/1278 1279/1279 1216/1216
f 1256/1256 1302/1302 1280/1280
f 1224/1224 1303/1303 1217/1217
f 1304/1304 1301/1301 1218/1218
f 1221/1221 1304/1304 1218/1218
f 1281/1281 1222/1222 1219/1219
f 1222/1222 1305/1305 1223/1223
f 1223/1223 1306/1306 1230/1230
f 1232/1232 1307/1307 1224/1224
f 1220/1220 1282/1282 1257/1257
f 1234/1234 1308/1308 1225/1225
f 1225/1225 1309/1309 1226/1226
f 1226/1226 1310/1310 1227/1227
f 1310/1310 1311/1311 1227/1227
f 1227/1227 1311/1311 1228/1228
f 1228/1228 1312/1312 1235/1235
f 1313/1313 1314/1314 1236/1236
f 1236/1236 1314/1314 1229/1229
f 1229/1229 1315/1315 1221/1221
f 1230/1230 1306/1306 1231/1231
f 1231/1231 1316/1316 1232/1232
f 1317/1317 1318/1318 1319/1319
f 1289/1289 1320/1320 1290/1290
f 1276/1276 1321/1321 1275/1275
f 1264/1264 1291/1291 1276/1276
f 1322/1322 1291/1291 1266/1266
f 1207/1207 1323/1323 1277/1277
f 1323/1323 1324/1324 1277/1277
f 1046/1046 1325/1325 1248/1248
f 1187/1187 1253/1253 1326/1326
f 1326/1326 1327/1327 1187/1187
f 1187/1187 1327/1327 1250/1250
f 1327/1327 1328/1328 1250/1250
f 1250/1250 1328/1328 1267/1267
f 1267/1267 1329/1329 1251/1251
f 1329/1329 1330/1330 1252/1252
f 1251/1251 1329/1329 1252/1252
f 1252/1252 1330/1330 1268/1268
f 1268/1268 1331/1331 1210/1210
f 1330/1330 1332/1332 1268/1268
f 1212/1212 1296/1296 1189/1189
f 1269/1269 1333/1333 1334/1334
f 1299/1299 1298/1298 1213/1213
f 1254/1254 1335/1335 1300/1300
f 1301/1301 1336/1336 1177/1177
f 1177/1177 1336/1336 1255/1255
f 1255/1255 1336/1336 1278/1278
f 1279/1279 1302/1302 1256/1256
f 1217/1217 1303/1303 1215/1215
f 1224/1224 1307/1307 1303/1303
f 1220/1220 1300/1300 1282/1282
f 1232/1232 1337/1337 1307/1307
f 1226/1226 1338/1338 1310/1310
f 1311/1311 1312/1312 1228/1228
f 1312/1312 1313/1313 1235/1235
f 1235/1235 1313/1313 1236/1236
f 1315/1315 1304/1304 1221/1221
f 1232/1232 1316/1316 1337/1337
f 1282/1282 1339/1339 1233/1233
f 1234/1234 1340/1340 1308/1308
f 1233/1233 1341/1341 1258/1258
f 1342/1342 1343/1343 1196/1196
f 1344/1344 1345/1345 1346/1346
f 1318/1318 1347/1347 1319/1319
f 1273/1273 1262/1262 1122/1122
f 1291/1291 1321/1321 1276/1276
f 1243/1243 1348/1348 1046/1046
f 1349/1349 1292/1292 1277/1277
f 1277/1277 1292/1292 1246/1246
f 1350/1350 1349/1349 1277/1277
f 1324/1324 1350/1350 1277/1277
f 1292/1292 1294/1294 1247/1247
f 1046/1046 1348/1348 1325/1325
f 1351/1351 1293/1293 1249/1249
f 1267/1267 1352/1352 1329/1329
f 1253/1253 1293/1293 1326/1326
f 1328/1328 1352/1352 1267/1267
f 1294/1294 1295/1295 1211/1211
f 1296/1296 1297/1297 1189/1189
f 1254/1254 1297/1297 1335/1335
f 1303/1303 1353/1353 1215/1215
f 1281/1281 1354/1354 1222/1222
f 1222/1222 1354/1354 1305/1305
f 1223/1223 1305/1305 1306/1306
f 1308/1308 1309/1309 1225/1225
f 1226/1226 1309/1309 1338/1338
f 1229/1229 1314/1314 1315/1315
f 1306/1306 1316/1316 1231/1231
f 1233/1233 1339/1339 1341/1341
f 1341/1341 1340/1340 1234/1234
f 1258/1258 1341/1341 1234/1234
f 1355/1355 1356/1356 1357/1357
f 1122/1122 1262/1262 1088/1088
f 1334/1334 1358/1358 1359/1359
f 1298/1298 1360/1360 1361/1361
f 1333/1333 1358/1358 1334/1334
f 1299/1299 1360/1360 1298/1298
f 1301/1301 1304/1304 1362/1362
f 1318/1318 1363/1363 1347/1347
f 1349/1349 1364/1364 1292/1292
f 1292/1292 1365/1365 1294/1294
f 1329/1329 1366/1366 1330/1330
f 1366/1366 1332/1332 1330/1330
f 1295/1295 1294/1294 1367/1367
f 1295/1295 1367/1367 1296/1296
f 1299/1299 1368/1368 1360/1360
f 1335/1335 1369/1369 1300/1300
f 1299/1299 1370/1370 1368/1368
f 1353/1353 1370/1370 1299/1299
f 1301/1301 1362/1362 1336/1336
f 1279/1279 1371/1371 1302/1302
f 1371/1371 1280/1280 1302/1302
f 1303/1303 1372/1372 1353/1353
f 1307/1307 1373/1373 1372/1372
f 1307/1307 1372/1372 1303/1303
f 1374/1374 1375/1375 1354/1354
f 1354/1354 1375/1375 1305/1305
f 1337/1337 1373/1373 1307/1307
f 1310/1310 1376/1376 1311/1311
f 1312/1312 1377/1377 1313/1313
f 1314/1314 1378/1378 1315/1315
f 1315/1315 1379/1379 1304/1304
f 1306/1306 1380/1380 1316/1316
f 1339/1339 1381/1381 1341/1341
f 1364/1364 1365/1365 1292/1292
f 1350/1350 1382/1382 1349/1349
f 1293/1293 1383/1383 1326/1326
f 1327/1327 1326/1326 1384/1384
f 1327/1327 1385/1385 1328/1328
f 1328/1328 1385/1385 1352/1352
f 1367/1367 1386/1386 1296/1296
f 1296/1296 1386/1386 1297/1297
f 1297/1297 1386/1386 1387/1387
f 1297/1297 1387/1387 1335/1335
f 1387/1387 1369/1369 1335/1335
f 1369/1369 1388/1388 1300/1300
f 1278/1278 1389/1389 1279/1279
f 1279/1279 1389/1389 1371/1371
f 1371/1371 1390/1390 1280/1280
f 1372/1372 1370/1370 1353/1353
f 1390/1390 1391/1391 1280/1280
f 1280/1280 1391/1391 1281/1281
f 1300/1300 1388/1388 1282/1282
f 1379/1379 1392/1392 1304/1304
f 1391/1391 1354/1354 1281/1281
f 1388/1388 1393/1393 1282/1282
f 1308/1308 1394/1394 1309/1309
f 1309/1309 1395/1395 1338/1338
f 1338/1338 1396/1396 1310/1310
f 1396/1396 1376/1376 1310/1310
f 1311/1311 1376/1376 1312/1312
f 1313/1313 1397/1397 1314/1314
f 1314/1314 1398/1398 1378/1378
f 1305/1305 1375/1375 1306/1306
f 1375/1375 1380/1380 1306/1306
f 1282/1282 1393/1393 1339/1339
f 1339/1339 1393/1393 1381/1381
f 1341/1341 1399/1399 1340/1340
f 1318/1318 1400/1400 1363/1363
f 1273/1273 1401/1401 1262/1262
f 1349/1349 1382/1382 1364/1364
f 1365/1365 1402/1402 1294/1294
f 1351/1351 1403/1403 1293/1293
f 1403/1403 1383/1383 1293/1293
f 1327/1327 1384/1384 1385/1385
f 1352/1352 1404/1404 1405/1405
f 1352/1352 1405/1405 1329/1329
f 1329/1329 1405/1405 1366/1366
f 1402/1402 1367/1367 1294/1294
f 1358/1358 1406/1406 1407/1407
f 1278/1278 1408/1408 1409/1409
f 1362/1362 1408/1408 1336/1336
f 1336/1336 1408/1408 1278/1278
f 1278/1278 1409/1409 1389/1389
f 1362/1362 1392/1392 1410/1410
f 1391/1391 1374/1374 1354/1354
f 1337/1337 1411/1411 1373/1373
f 1308/1308 1399/1399 1394/1394
f 1394/1394 1412/1412 1309/1309
f 1309/1309 1412/1412 1395/1395
f 1338/1338 1395/1395 1396/1396
f 1376/1376 1377/1377 1312/1312
f 1377/1377 1397/1397 1313/1313
f 1397/1397 1398/1398 1314/1314
f 1378/1378 1379/1379 1315/1315
f 1316/1316 1380/1380 1411/1411
f 1341/1341 1381/1381 1399/1399
f 1413/1413 1414/1414 1415/1415
f 1416/1416 1417/1417 1418/1418
f 1419/1419 1420/1420 1421/1421
f 1419/1419 1422/1422 1420/1420
f 1419/1419 1423/1423 1422/1422
f 1382/1382 1424/1424 1364/1364
f 1348/1348 1425/1425 1325/1325
f 1383/1383 1426/1426 1326/1326
f 1326/1326 1426/1426 1384/1384
f 1385/1385 1427/1427 1404/1404
f 1385/1385 1404/1404 1352/1352
f 1366/1366 1428/1428 1332/1332
f 1332/1332 1429/1429 1331/1331
f 1430/1430 1368/1368 1370/1370
f 1431/1431 1432/1432 1433/1433
f 1262/1262 1434/1434 1153/1153
f 1435/1435 1436/1436 1437/1437
f 1420/1420 1422/1422 1438/1438
f 1364/1364 1424/1424 1439/1439
f 1364/1364 1439/1439 1365/1365
f 1439/1439 1440/1440 1365/1365
f 1365/1365 1440/1440 1402/1402
f 1384/1384 1427/1427 1385/1385
f 1428/1428 1429/1429 1332/1332
f 1441/1441 1442/1442 1443/1443
f 1368/1368 1444/1444 1445/1445
f 1430/1430 1444/1444 1368/1368
f 1408/1408 1446/1446 1409/1409
f 1447/1447 1430/1430 1370/1370
f 1410/1410 1408/1408 1362/1362
f 1389/1389 1448/1448 1371/1371
f 1372/1372 1447/1447 1370/1370
f 1390/1390 1449/1449 1391/1391
f 1373/1373 1450/1450 1372/1372
f 1412/1412 1451/1451 1395/1395
f 1379/1379 1452/1452 1392/1392
f 1380/1380 1375/1375 1453/1453
f 1378/1378 1454/1454 1379/1379
f 1393/1393 1455/1455 1381/1381
f 1456/1456 1457/1457 1458/1458
f 1400/1400 1459/1459 1460/1460
f 1461/1461 1434/1434 1262/1262
f 1401/1401 1461/1461 1262/1262
f 1462/1462 1437/1437 1463/1463
f 1422/1422 1464/1464 1438/1438
f 1422/1422 1465/1465 1464/1464
f 1424/1424 1466/1466 1439/1439
f 1402/1402 1467/1467 1367/1367
f 1367/1367 1467/1467 1386/1386
f 1448/1448 1468/1468 1371/1371
f 1371/1371 1468/1468 1390/1390
f 1372/1372 1450/1450 1447/1447
f 1391/1391 1449/1449 1374/1374
f 1379/1379 1454/1454 1452/1452
f 1374/1374 1469/1469 1375/1375
f 1453/1453 1470/1470 1380/1380
f 1380/1380 1470/1470 1411/1411
f 1411/1411 1471/1471 1373/1373
f 1388/1388 1472/1472 1393/1393
f 1393/1393 1472/1472 1455/1455
f 1399/1399 1473/1473 1394/1394
f 1451/1451 1474/1474 1395/1395
f 1395/1395 1474/1474 1396/1396
f 1376/1376 1475/1475 1377/1377
f 1377/1377 1475/1475 1397/1397
f 1397/1397 1476/1476 1398/1398
f 1455/1455 1477/1477 1381/1381
f 1381/1381 1473/1473 1399/1399
f 1478/1478 1463/1463 1479/1479
f 1437/1437 1480/1480 1463/1463
f 1437/1437 1436/1436 1480/1480
f 1436/1436 1481/1481 1480/1480
f 1482/1482 1483/1483 1484/1484
f 1420/1420 1438/1438 1485/1485
f 1438/1438 1464/1464 1485/1485
f 1465/1465 1486/1486 1464/1464
f 1465/1465 1487/1487 1486/1486
f 1465/1465 1488/1488 1487/1487
f 1348/1348 1243/1243 1489/1489
f 1490/1490 1440/1440 1439/1439
f 1491/1491 1466/1466 1424/1424
f 1489/1489 1425/1425 1348/1348
f 1426/1426 1492/1492 1384/1384
f 1384/1384 1492/1492 1427/1427
f 1427/1427 1493/1493 1404/1404
f 1404/1404 1494/1494 1405/1405
f 1405/1405 1494/1494 1366/1366
f 1402/1402 1440/1440 1495/1495
f 1366/1366 1494/1494 1428/1428
f 1386/1386 1467/1467 1496/1496
f 1386/1386 1496/1496 1387/1387
f 1496/1496 1497/1497 1387/1387
f 1498/1498 1499/1499 1445/1445
f 1387/1387 1497/1497 1369/1369
f 1408/1408 1500/1500 1446/1446
f 1409/1409 1446/1446 1389/1389
f 1369/1369 1497/1497 1388/1388
f 1392/1392 1452/1452 1501/1501
f 1392/1392 1501/1501 1410/1410
f 1449/1449 1469/1469 1374/1374
f 1497/1497 1472/1472 1388/1388
f 1394/1394 1502/1502 1412/1412
f 1412/1412 1502/1502 1451/1451
f 1396/1396 1474/1474 1503/1503
f 1396/1396 1503/1503 1376/1376
f 1503/1503 1475/1475 1376/1376
f 1476/1476 1454/1454 1398/1398
f 1398/1398 1454/1454 1378/1378
f 1375/1375 1469/1469 1504/1504
f 1375/1375 1504/1504 1453/1453
f 1411/1411 1470/1470 1471/1471
f 1373/1373 1471/1471 1450/1450
f 1475/1475 1476/1476 1397/1397
f 1477/1477 1473/1473 1381/1381
f 1505/1505 1506/1506 1507/1507
f 1505/1505 1479/1479 1506/1506
f 1463/1463 1508/1508 1479/1479
f 1463/1463 1480/1480 1508/1508
f 1509/1509 1510/1510 1511/1511
f 1153/1153 1512/1512 1243/1243
f 1464/1464 1513/1513 1485/1485
f 1488/1488 1514/1514 1487/1487
f 1515/1515 1490/1490 1439/1439
f 1466/1466 1515/1515 1439/1439
f 1403/1403 1516/1516 1383/1383
f 1404/1404 1493/1493 1494/1494
f 1428/1428 1517/1517 1429/1429
f 1402/1402 1495/1495 1467/1467
f 1441/1441 1518/1518 1519/1519
f 1520/1520 1500/1500 1408/1408
f 1410/1410 1520/1520 1408/1408
f 1521/1521 1522/1522 1389/1389
f 1446/1446 1521/1521 1389/1389
f 1447/1447 1523/1523 1430/1430
f 1501/1501 1520/1520 1410/1410
f 1524/1524 1525/1525 1460/1460
f 1459/1459 1524/1524 1460/1460
f 1479/1479 1508/1508 1526/1526
f 1508/1508 1527/1527 1528/1528
f 1529/1529 1530/1530 1531/1531
f 1484/1484 1529/1529 1531/1531
f 1484/1484 1532/1532 1529/1529
f 1466/1466 1533/1533 1515/1515
f 1490/1490 1534/1534 1440/1440
f 1535/1535 1536/1536 1514/1514
f 1494/1494 1493/1493 1537/1537
f 1427/1427 1492/1492 1493/1493
f 1494/1494 1537/1537 1428/1428
f 1440/1440 1538/1538 1495/1495
f 1496/1496 1539/1539 1497/1497
f 1523/1523 1444/1444 1430/1430
f 1522/1522 1448/1448 1389/1389
f 1468/1468 1540/1540 1390/1390
f 1390/1390 1541/1541 1449/1449
f 1450/1450 1542/1542 1447/1447
f 1449/1449 1543/1543 1469/1469
f 1394/1394 1544/1544 1502/1502
f 1504/1504 1545/1545 1453/1453
f 1470/1470 1453/1453 1546/1546
f 1471/1471 1470/1470 1547/1547
f 1548/1548 1549/1549 1550/1550
f 1551/1551 1507/1507 1552/1552
f 1507/1507 1506/1506 1552/1552
f 1506/1506 1479/1479 1553/1553
f 1479/1479 1526/1526 1553/1553
f 1554/1554 1555/1555 1432/1432
f 1434/1434 1461/1461 1556/1556
f 1508/1508 1528/1528 1526/1526
f 1434/1434 1557/1557 1153/1153
f 1513/1513 1558/1558 1485/1485
f 1464/1464 1559/1559 1513/1513
f 1464/1464 1486/1486 1559/1559
f 1490/1490 1560/1560 1534/1534
f 1487/1487 1561/1561 1486/1486
f 1489/1489 1562/1562 1425/1425
f 1383/1383 1516/1516 1426/1426
f 1426/1426 1516/1516 1563/1563
f 1426/1426 1563/1563 1492/1492
f 1564/1564 1565/1565 1566/1566
f 1537/1537 1567/1567 1428/1428
f 1428/1428 1567/1567 1517/1517
f 1467/1467 1568/1568 1496/1496
f 1568/1568 1569/1569 1496/1496
f 1448/1448 1522/1522 1468/1468
f 1390/1390 1540/1540 1541/1541
f 1450/1450 1570/1570 1542/1542
f 1497/1497 1539/1539 1472/1472
f 1469/1469 1543/1543 1504/1504
f 1543/1543 1545/1545 1504/1504
f 1471/1471 1547/1547 1450/1450
f 1451/1451 1571/1571 1474/1474
f 1572/1572 1573/1573 1474/1474
f 1474/1474 1573/1573 1503/1503
f 1503/1503 1573/1573 1475/1475
f 1475/1475 1574/1574 1476/1476
f 1574/1574 1575/1575 1476/1476
f 1476/1476 1576/1576 1454/1454
f 1454/1454 1576/1576 1452/1452
f 1453/1453 1545/1545 1546/1546
f 1472/1472 1577/1577 1455/1455
f 1455/1455 1577/1577 1578/1578
f 1455/1455 1578/1578 1477/1477
f 1552/1552 1506/1506 1579/1579
f 1506/1506 1553/1553 1579/1579
f 1580/1580 1581/1581 1582/1582
f 1583/1583 1555/1555 1554/1554
f 1457/1457 1584/1584 1585/1585
f 1461/1461 1586/1586 1556/1556
f 1527/1527 1587/1587 1528/1528
f 1588/1588 1587/1587 1527/1527
f 1530/1530 1529/1529 1589/1589
f 1557/1557 1512/1512 1153/1153
f 1483/1483 1590/1590 1532/1532
f 1558/1558 1513/1513 1591/1591
f 1513/1513 1559/1559 1591/1591
f 1515/1515 1592/1592 1560/1560
f 1515/1515 1560/1560 1490/1490
f 1440/1440 1534/1534 1538/1538
f 1487/1487 1514/1514 1561/1561
f 1516/1516 1593/1593 1563/1563
f 1492/1492 1563/1563 1594/1594
f 1595/1595 1565/1565 1564/1564
f 1537/1537 1596/1596 1597/1597
f 1514/1514 1598/1598 1599/1599
f 1514/1514 1599/1599 1561/1561
f 1496/1496 1569/1569 1539/1539
f 1523/1523 1600/1600 1498/1498
f 1500/1500 1601/1601 1446/1446
f 1446/1446 1601/1601 1521/1521
f 1542/1542 1523/1523 1447/1447
f 1502/1502 1571/1571 1451/1451
f 1452/1452 1602/1602 1501/1501
f 1473/1473 1603/1603 1544/1544
f 1473/1473 1544/1544 1394/1394
f 1573/1573 1574/1574 1475/1475
f 1476/1476 1575/1575 1576/1576
f 1477/1477 1578/1578 1473/1473
f 1473/1473 1578/1578 1603/1603
f 1604/1604 1605/1605 1606/1606
f 1553/1553 1526/1526 1607/1607
f 1607/1607 1526/1526 1608/1608
f 1608/1608 1528/1528 1609/1609
f 1528/1528 1587/1587 1609/1609
f 1434/1434 1556/1556 1557/1557
f 1511/1511 1610/1610 1611/1611
f 1558/1558 1612/1612 1613/1613
f 1558/1558 1591/1591 1612/1612
f 1561/1561 1614/1614 1486/1486
f 1486/1486 1614/1614 1559/1559
f 1489/1489 1615/1615 1562/1562
f 1597/1597 1567/1567 1537/1537
f 1567/1567 1616/1616 1617/1617
f 1538/1538 1618/1618 1495/1495
f 1495/1495 1618/1618 1568/1568
f 1521/1521 1619/1619 1522/1522
f 1520/1520 1620/1620 1500/1500
f 1522/1522 1621/1621 1468/1468
f 1621/1621 1540/1540 1468/1468
f 1501/1501 1602/1602 1622/1622
f 1501/1501 1622/1622 1520/1520
f 1449/1449 1541/1541 1623/1623
f 1449/1449 1623/1623 1543/1543
f 1539/1539 1624/1624 1472/1472
f 1576/1576 1602/1602 1452/1452
f 1603/1603 1625/1625 1544/1544
f 1604/1604 1626/1626 1627/1627
f 1579/1579 1553/1553 1628/1628
f 1629/1629 1583/1583 1554/1554
f 1524/1524 1630/1630 1631/1631
f 1555/1555 1583/1583 1632/1632
f 1532/1532 1633/1633 1529/1529
f 1590/1590 1633/1633 1532/1532
f 1634/1634 1635/1635 1592/1592
f 1243/1243 1636/1636 1489/1489
f 1636/1636 1615/1615 1489/1489
f 1563/1563 1637/1637 1594/1594
f 1595/1595 1638/1638 1565/1565
f 1639/1639 1640/1640 1596/1596
f 1534/1534 1641/1641 1538/1538
f 1597/1597 1616/1616 1567/1567
f 1561/1561 1642/1642 1614/1614
f 1569/1569 1643/1643 1539/1539
f 1521/1521 1601/1601 1619/1619
f 1619/1619 1644/1644 1522/1522
f 1523/1523 1645/1645 1600/1600
f 1500/1500 1620/1620 1601/1601
f 1646/1646 1623/1623 1541/1541
f 1543/1543 1647/1647 1545/1545
f 1547/1547 1648/1648 1570/1570
f 1624/1624 1649/1649 1472/1472
f 1574/1574 1573/1573 1650/1650
f 1650/1650 1575/1575 1574/1574
f 1472/1472 1649/1649 1577/1577
f 1578/1578 1651/1651 1603/1603
f 1606/1606 1605/1605 1652/1652
f 1556/1556 1586/1586 1653/1653
f 1556/1556 1653/1653 1654/1654
f 1556/1556 1654/1654 1557/1557
f 1589/1589 1655/1655 1656/1656
f 1657/1657 1655/1655 1589/1589
f 1529/1529 1657/1657 1589/1589
f 1633/1633 1657/1657 1529/1529
f 1658/1658 1659/1659 1660/1660
f 1512/1512 1636/1636 1243/1243
f 1612/1612 1591/1591 1661/1661
f 1560/1560 1662/1662 1534/1534
f 1663/1663 1664/1664 1637/1637
f 1534/1534 1662/1662 1641/1641
f 1591/1591 1665/1665 1661/1661
f 1636/1636 1666/1666 1615/1615
f 1640/1640 1667/1667 1596/1596
f 1559/1559 1665/1665 1591/1591
f 1668/1668 1616/1616 1597/1597
f 1559/1559 1614/1614 1665/1665
f 1538/1538 1641/1641 1669/1669
f 1561/1561 1599/1599 1642/1642
f 1522/1522 1644/1644 1621/1621
f 1621/1621 1670/1670 1540/1540
f 1542/1542 1671/1671 1523/1523
f 1539/1539 1643/1643 1624/1624
f 1502/1502 1672/1672 1673/1673
f 1502/1502 1673/1673 1571/1571
f 1571/1571 1674/1674 1572/1572
f 1576/1576 1575/1575 1675/1675
f 1576/1576 1675/1675 1602/1602
f 1623/1623 1647/1647 1543/1543
f 1647/1647 1676/1676 1545/1545
f 1545/1545 1676/1676 1546/1546
f 1546/1546 1677/1677 1547/1547
f 1547/1547 1677/1677 1648/1648
f 1577/1577 1649/1649 1578/1578
f 1578/1578 1649/1649 1651/1651
f 1603/1603 1678/1678 1625/1625
f 1630/1630 1679/1679 1680/1680
f 1583/1583 1681/1681 1632/1632
f 1682/1682 1683/1683 1684/1684
f 1656/1656 1655/1655 1685/1685
f 1686/1686 1687/1687 1688/1688
f 1668/1668 1689/1689 1616/1616
f 1614/1614 1690/1690 1665/1665
f 1642/1642 1691/1691 1614/1614
f 1598/1598 1692/1692 1599/1599
f 1693/1693 1694/1694 1598/1598
f 1523/1523 1671/1671 1645/1645
f 1570/1570 1671/1671 1542/1542
f 1544/1544 1625/1625 1672/1672
f 1571/1571 1673/1673 1674/1674
f 1572/1572 1674/1674 1695/1695
f 1572/1572 1695/1695 1573/1573
f 1573/1573 1695/1695 1650/1650
f 1650/1650 1696/1696 1575/1575
f 1575/1575 1696/1696 1675/1675
f 1675/1675 1697/1697 1602/1602
f 1676/1676 1677/1677 1546/1546
f 1651/1651 1678/1678 1603/1603
f 1698/1698 1699/1699 1700/1700
f 1701/1701 1702/1702 1703/1703
f 1640/1640 1704/1704 1667/1667
f 1614/1614 1691/1691 1690/1690
f 1642/1642 1692/1692 1691/1691
f 1669/1669 1705/1705 1706/1706
f 1669/1669 1706/1706 1618/1618
f 1598/1598 1694/1694 1692/1692
f 1601/1601 1707/1707 1619/1619
f 1619/1619 1708/1708 1644/1644
f 1644/1644 1708/1708 1621/1621
f 1643/1643 1709/1709 1624/1624
f 1670/1670 1646/1646 1541/1541
f 1570/1570 1710/1710 1671/1671
f 1672/1672 1711/1711 1673/1673
f 1602/1602 1697/1697 1622/1622
f 1646/1646 1647/1647 1623/1623
f 1677/1677 1712/1712 1648/1648
f 1648/1648 1712/1712 1710/1710
f 1648/1648 1710/1710 1570/1570
f 1624/1624 1709/1709 1649/1649
f 1625/1625 1713/1713 1672/1672
f 1678/1678 1713/1713 1625/1625
f 1653/1653 1714/1714 1715/1715
f 1653/1653 1715/1715 1654/1654
f 1654/1654 1715/1715 1557/1557
f 1716/1716 1717/1717 1684/1684
f 1684/1684 1717/1717 1718/1718
f 1590/1590 1719/1719 1633/1633
f 1557/1557 1720/1720 1512/1512
f 1720/1720 1721/1721 1512/1512
f 1722/1722 1723/1723 1700/1700
f 1636/1636 1512/1512 1724/1724
f 1725/1725 1726/1726 1727/1727
f 1700/1700 1723/1723 1728/1728
f 1729/1729 1730/1730 1689/1689
f 1662/1662 1731/1731 1641/1641
f 1641/1641 1731/1731 1705/1705
f 1692/1692 1732/1732 1691/1691
f 1733/1733 1732/1732 1692/1692
f 1734/1734 1645/1645 1735/1735
f 1619/1619 1707/1707 1708/1708
f 1736/1736 1737/1737 1620/1620
f 1620/1620 1737/1737 1601/1601
f 1601/1601 1737/1737 1707/1707
f 1708/1708 1738/1738 1621/1621
f 1738/1738 1739/1739 1621/1621
f 1622/1622 1740/1740 1620/1620
f 1697/1697 1740/1740 1622/1622
f 1646/1646 1741/1741 1647/1647
f 1713/1713 1742/1742 1672/1672
f 1672/1672 1742/1742 1711/1711
f 1673/1673 1743/1743 1674/1674
f 1674/1674 1743/1743 1695/1695
f 1743/1743 1744/1744 1695/1695
f 1695/1695 1744/1744 1650/1650
f 1650/1650 1744/1744 1696/1696
f 1745/1745 1746/1746 1675/1675
f 1675/1675 1746/1746 1697/1697
f 1647/1647 1741/1741 1676/1676
f 1649/1649 1747/1747 1651/1651
f 1678/1678 1651/1651 1713/1713
f 1748/1748 1749/1749 1750/1750
f 1683/1683 1751/1751 1716/1716
f 1752/1752 1753/1753 1754/1754
f 1655/1655 1657/1657 1755/1755
f 1633/1633 1756/1756 1657/1657
f 1633/1633 1719/1719 1756/1756
f 1715/1715 1757/1757 1720/1720
f 1557/1557 1715/1715 1720/1720
f 1718/1718 1758/1758 1759/1759
f 1720/1720 1757/1757 1721/1721
f 1721/1721 1724/1724 1512/1512
f 1760/1760 1761/1761 1702/1702
f 1728/1728 1762/1762 1763/1763
f 1691/1691 1764/1764 1690/1690
f 1732/1732 1765/1765 1691/1691
f 1706/1706 1766/1766 1618/1618
f 1767/1767 1768/1768 1769/1769
f 1618/1618 1766/1766 1770/1770
f 1735/1735 1768/1768 1767/1767
f 1645/1645 1771/1771 1735/1735
f 1770/1770 1772/1772 1643/1643
f 1620/1620 1740/1740 1736/1736
f 1670/1670 1773/1773 1646/1646
f 1696/1696 1745/1745 1675/1675
f 1697/1697 1746/1746 1740/1740
f 1709/1709 1774/1774 1649/1649
f 1657/1657 1775/1775 1755/1755
f 1753/1753 1776/1776 1754/1754
f 1756/1756 1775/1775 1657/1657
f 1754/1754 1776/1776 1777/1777
f 1757/1757 1778/1778 1779/1779
f 1780/1780 1781/1781 1782/1782
f 1782/1782 1781/1781 1783/1783
f 1784/1784 1730/1730 1729/1729
f 1762/1762 1785/1785 1763/1763
f 1764/1764 1786/1786 1690/1690
f 1765/1765 1764/1764 1691/1691
f 1787/1787 1788/1788 1769/1769
f 1768/1768 1787/1787 1769/1769
f 1771/1771 1789/1789 1735/1735
f 1789/1789 1768/1768 1735/1735
f 1770/1770 1766/1766 1772/1772
f 1740/1740 1790/1790 1736/1736
f 1772/1772 1709/1709 1643/1643
f 1710/1710 1791/1791 1671/1671
f 1646/1646 1773/1773 1741/1741
f 1712/1712 1792/1792 1710/1710
f 1673/1673 1793/1793 1743/1743
f 1696/1696 1744/1744 1794/1794
f 1696/1696 1794/1794 1745/1745
f 1741/1741 1795/1795 1676/1676
f 1676/1676 1795/1795 1677/1677
f 1677/1677 1795/1795 1796/1796
f 1677/1677 1796/1796 1712/1712
f 1649/1649 1774/1774 1747/1747
f 1797/1797 1798/1798 1751/1751
f 1719/1719 1799/1799 1756/1756
f 1776/1776 1800/1800 1801/1801
f 1777/1777 1776/1776 1801/1801
f 1802/1802 1803/1803 1804/1804
f 1805/1805 1806/1806 1780/1780
f 1780/1780 1806/1806 1781/1781
f 1731/1731 1807/1807 1705/1705
f 1768/1768 1789/1789 1787/1787
f 1808/1808 1708/1708 1707/1707
f 1790/1790 1809/1809 1737/1737
f 1736/1736 1790/1790 1737/1737
f 1737/1737 1809/1809 1707/1707
f 1708/1708 1810/1810 1738/1738
f 1810/1810 1739/1739 1738/1738
f 1671/1671 1771/1771 1645/1645
f 1739/1739 1811/1811 1670/1670
f 1670/1670 1811/1811 1773/1773
f 1772/1772 1812/1812 1709/1709
f 1746/1746 1813/1813 1740/1740
f 1710/1710 1792/1792 1791/1791
f 1814/1814 1815/1815 1711/1711
f 1742/1742 1814/1814 1711/1711
f 1815/1815 1793/1793 1711/1711
f 1743/1743 1816/1816 1744/1744
f 1745/1745 1817/1817 1746/1746
f 1712/1712 1796/1796 1792/1792
f 1713/1713 1818/1818 1742/1742
f 1747/1747 1819/1819 1713/1713
f 1755/1755 1820/1820 1821/1821
f 1723/1723 1822/1822 1762/1762
f 1788/1788 1823/1823 1824/1824
f 1825/1825 1823/1823 1788/1788
f 1787/1787 1825/1825 1788/1788
f 1808/1808 1826/1826 1708/1708
f 1708/1708 1826/1826 1810/1810
f 1671/1671 1827/1827 1771/1771
f 1773/1773 1828/1828 1741/1741
f 1812/1812 1774/1774 1709/1709
f 1742/1742 1818/1818 1814/1814
f 1816/1816 1829/1829 1744/1744
f 1744/1744 1829/1829 1794/1794
f 1794/1794 1830/1830 1745/1745
f 1745/1745 1830/1830 1817/1817
f 1741/1741 1831/1831 1795/1795
f 1819/1819 1818/1818 1713/1713
f 1774/1774 1832/1832 1747/1747
f 1747/1747 1832/1832 1819/1819
f 1755/1755 1833/1833 1820/1820
f 1775/1775 1833/1833 1755/1755
f 1756/1756 1834/1834 1775/1775
f 1799/1799 1834/1834 1756/1756
f 1764/1764 1835/1835 1786/1786
f 1771/1771 1827/1827 1789/1789
f 1766/1766 1836/1836 1772/1772
f 1837/1837 1826/1826 1808/1808
f 1810/1810 1838/1838 1739/1739
f 1838/1838 1811/1811 1739/1739
f 1791/1791 1827/1827 1671/1671
f 1811/1811 1828/1828 1773/1773
f 1815/1815 1839/1839 1793/1793
f 1793/1793 1839/1839 1816/1816
f 1816/1816 1839/1839 1829/1829
f 1794/1794 1829/1829 1840/1840
f 1794/1794 1840/1840 1830/1830
f 1817/1817 1813/1813 1746/1746
f 1795/1795 1841/1841 1796/1796
f 1799/1799 1842/1842 1834/1834
f 1843/1843 1842/1842 1799/1799
f 1789/1789 1827/1827 1825/1825
f 1791/1791 1844/1844 1827/1827
f 1792/1792 1845/1845 1791/1791
f 1830/1830 1846/1846 1817/1817
f 1817/1817 1847/1847 1813/1813
f 1796/1796 1845/1845 1792/1792
f 1812/1812 1848/1848 1774/1774
f 1832/1832 1849/1849 1819/1819
f 1848/1848 1832/1832 1774/1774
f 1833/1833 1850/1850 1820/1820
f 1851/1851 1852/1852 1836/1836
f 1790/1790 1853/1853 1809/1809
f 1853/1853 1854/1854 1809/1809
f 1809/1809 1854/1854 1837/1837
f 1855/1855 1838/1838 1810/1810
f 1791/1791 1845/1845 1844/1844
f 1811/1811 1838/1838 1828/1828
f 1828/1828 1856/1856 1831/1831
f 1796/1796 1857/1857 1845/1845
f 1839/1839 1858/1858 1829/1829
f 1829/1829 1858/1858 1840/1840
f 1795/1795 1831/1831 1841/1841
f 1819/1819 1849/1849 1818/1818
f 1859/1859 1860/1860 1861/1861
f 1850/1850 1862/1862 1863/1863
f 1833/1833 1864/1864 1850/1850
f 1834/1834 1864/1864 1833/1833
f 1785/1785 1865/1865 1866/1866
f 1867/1867 1868/1868 1869/1869
f 1823/1823 1868/1868 1867/1867
f 1823/1823 1870/1870 1868/1868
f 1825/1825 1870/1870 1823/1823
f 1827/1827 1870/1870 1825/1825
f 1837/1837 1855/1855 1826/1826
f 1855/1855 1871/1871 1838/1838
f 1845/1845 1872/1872 1844/1844
f 1815/1815 1873/1873 1874/1874
f 1847/1847 1875/1875 1813/1813
f 1838/1838 1876/1876 1828/1828
f 1814/1814 1818/1818 1873/1873
f 1840/1840 1877/1877 1830/1830
f 1830/1830 1877/1877 1846/1846
f 1831/1831 1878/1878 1841/1841
f 1841/1841 1857/1857 1796/1796
f 1848/1848 1879/1879 1832/1832
f 1880/1880 1881/1881 1882/1882
f 1883/1883 1884/1884 1834/1834
f 1853/1853 1885/1885 1854/1854
f 1855/1855 1886/1886 1871/1871
f 1818/1818 1887/1887 1873/1873
f 1815/1815 1874/1874 1888/1888
f 1858/1858 1889/1889 1840/1840
f 1831/1831 1856/1856 1878/1878
f 1841/1841 1878/1878 1857/1857
f 1890/1890 1879/1879 1812/1812
f 1849/1849 1887/1887 1818/1818
f 1870/1870 1891/1891 1868/1868
f 1870/1870 1892/1892 1893/1893
f 1844/1844 1872/1872 1892/1892
f 1875/1875 1894/1894 1853/1853
f 1889/1889 1877/1877 1840/1840
f 1877/1877 1895/1895 1846/1846
f 1832/1832 1896/1896 1849/1849
f 1845/1845 1897/1897 1872/1872
f 1874/1874 1898/1898 1888/1888
f 1877/1877 1899/1899 1895/1895
f 1846/1846 1895/1895 1900/1900
f 1901/1901 1902/1902 1876/1876
f 1902/1902 1878/1878 1856/1856
f 1878/1878 1903/1903 1857/1857
f 1857/1857 1904/1904 1845/1845
f 1879/1879 1896/1896 1832/1832
f 1905/1905 1906/1906 1859/1859
f 1907/1907 1908/1908 1909/1909
f 1883/1883 1910/1910 1884/1884
f 1911/1911 1912/1912 1913/1913
f 1914/1914 1915/1915 1916/1916
f 1865/1865 1917/1917 1918/1918
f 1919/1919 1920/1920 1921/1921
f 1922/1922 1923/1923 1924/1924
f 1887/1887 1925/1925 1873/1873
f 1873/1873 1925/1925 1874/1874
f 1874/1874 1926/1926 1898/1898
f 1898/1898 1927/1927 1888/1888
f 1888/1888 1927/1927 1928/1928
f 1928/1928 1899/1899 1889/1889
f 1929/1929 1918/1918 1930/1930
f 1931/1931 1932/1932 1890/1890
f 1887/1887 1933/1933 1925/1925
f 1901/1901 1934/1934 1902/1902
f 1935/1935 1936/1936 1937/1937
f 1910/1910 1938/1938 1939/1939
f 1940/1940 1941/1941 1924/1924
f 1942/1942 1943/1943 1944/1944
f 1879/1879 1945/1945 1896/1896
f 1946/1946 1947/1947 1948/1948
f 1949/1949 1950/1950 1951/1951
f 1952/1952 1953/1953 1954/1954
f 1955/1955 1956/1956 1957/1957
f 1937/1937 1936/1936 1958/1958
f 1959/1959 1960/1960 1940/1940
f 1961/1961 1962/1962 1947/1947
f 1963/1963 1964/1964 1949/1949
f 1965/1965 1966/1966 1967/1967
f 1968/1968 1969/1969 1970/1970
f 1971/1971 1972/1972 1973/1973
f 1974/1974 1975/1975 1976/1976
f 1977/1977 1978/1978 1979/1979
f 1980/1980 1981/1981 1982/1982
f 1983/1983 1984/1984 1985/1985
f 1986/1986 1987/1987 1988/1988
f 1989/1989 1990/1990 1991/1991
f 1992/1992 1993/1993 1994/1994
f 1995/1995 1996/1996 1997/1997
f 3/3 4/4 10/10
f 37/37 10/10 56/56
f 56/56 10/10 7/7
f 89/89 11/11 38/38
f 28/28 27/27 46/46
f 46/46 29/29 28/28
f 28/28 29/29 32/32
f 34/34 33/33 36/36
f 48/48 22/22 100/100
f 25/25 41/41 93/93
f 102/102 90/90 147/147
f 144/144 105/105 106/106
f 107/107 103/103 151/151
f 214/214 111/111 156/156
f 196/196 147/147 202/202
f 90/90 197/197 202/202
f 148/148 109/109 207/207
f 266/266 110/110 218/218
f 191/191 192/192 309/309
f 258/258 149/149 252/252
f 326/326 258/258 252/252
f 251/251 204/204 253/253
f 267/267 214/214 269/269
f 315/315 251/251 250/250
f 347/347 263/263 327/327
f 327/327 328/328 1998/1998
f 378/378 343/343 312/312
f 249/249 316/316 428/428
f 259/259 323/323 345/345
f 390/390 389/389 1999/1999
f 1998/1998 328/328 349/349
f 349/349 269/269 2000/2000
f 358/358 284/284 363/363
f 303/303 304/304 373/373
f 376/376 246/246 421/421
f 422/422 245/245 309/309
f 420/420 313/313 342/342
f 428/428 316/316 385/385
f 435/435 317/317 347/347
f 348/348 255/255 346/346
f 390/390 1999/1999 2001/2001
f 2001/2001 1999/1999 2002/2002
f 462/462 352/352 463/463
f 392/392 353/353 441/441
f 394/394 355/355 444/444
f 444/444 355/355 356/356
f 357/357 400/400 397/397
f 419/419 305/305 498/498
f 498/498 305/305 374/374
f 376/376 421/421 502/502
f 381/381 314/314 383/383
f 432/432 344/344 460/460
f 435/435 347/347 2003/2003
f 2004/2004 388/388 2005/2005
f 2005/2005 388/388 2006/2006
f 2006/2006 388/388 390/390
f 2006/2006 390/390 2007/2007
f 390/390 2001/2001 2007/2007
f 463/463 352/352 392/392
f 499/499 374/374 375/375
f 377/377 424/424 504/504
f 424/424 425/425 551/551
f 452/452 380/380 457/457
f 527/527 381/381 383/383
f 531/531 435/435 2003/2003
f 2008/2008 2004/2004 2005/2005
f 2007/2007 2001/2001 2009/2009
f 2001/2001 2002/2002 2009/2009
f 464/464 463/463 2010/2010
f 463/463 392/392 2011/2011
f 2011/2011 392/392 441/441
f 2012/2012 441/441 440/440
f 2013/2013 394/394 444/444
f 466/466 535/535 467/467
f 623/623 375/375 500/500
f 500/500 376/376 501/501
f 503/503 422/422 522/522
f 422/422 423/423 522/522
f 379/379 420/420 451/451
f 451/451 452/452 2014/2014
f 551/551 425/425 453/453
f 453/453 381/381 527/527
f 434/434 435/435 531/531
f 591/591 2015/2015 562/562
f 562/562 2015/2015 2016/2016
f 2008/2008 2005/2005 2017/2017
f 2017/2017 2005/2005 2006/2006
f 2018/2018 2006/2006 2007/2007
f 2007/2007 2009/2009 2019/2019
f 441/441 2012/2012 2020/2020
f 2013/2013 444/444 443/443
f 473/473 400/400 478/478
f 484/484 410/410 520/520
f 2021/2021 373/373 419/419
f 499/499 375/375 623/623
f 529/529 436/436 433/433
f 558/558 433/433 431/431
f 2022/2022 591/591 562/562
f 562/562 2016/2016 560/560
f 2008/2008 2017/2017 2023/2023
f 2017/2017 2006/2006 2018/2018
f 2019/2019 2009/2009 2024/2024
f 463/463 2011/2011 2025/2025
f 2010/2010 463/463 2025/2025
f 2011/2011 441/441 2026/2026
f 2026/2026 441/441 2020/2020
f 2027/2027 2013/2013 2028/2028
f 2028/2028 2013/2013 443/443
f 2029/2029 535/535 534/534
f 534/534 466/466 513/513
f 537/537 471/471 539/539
f 540/540 473/473 568/568
f 605/605 450/450 418/418
f 605/605 418/418 2030/2030
f 2030/2030 418/418 373/373
f 2021/2021 419/419 498/498
f 2021/2021 498/498 586/586
f 586/586 498/498 499/499
f 587/587 499/499 623/623
f 522/522 505/505 589/589
f 2031/2031 504/504 551/551
f 451/451 2014/2014 590/590
f 426/426 450/450 610/610
f 2014/2014 452/452 555/555
f 555/555 457/457 699/699
f 561/561 2022/2022 562/562
f 2032/2032 2017/2017 2018/2018
f 2033/2033 2018/2018 2034/2034
f 2018/2018 2007/2007 2034/2034
f 2034/2034 2007/2007 2035/2035
f 2036/2036 2007/2007 2019/2019
f 2019/2019 2024/2024 2037/2037
f 2037/2037 2024/2024 2038/2038
f 2025/2025 2011/2011 2039/2039
f 2039/2039 2011/2011 2026/2026
f 2026/2026 2020/2020 2040/2040
f 517/517 486/486 601/601
f 544/544 519/519 621/621
f 2030/2030 373/373 2021/2021
f 552/552 523/523 608/608
f 608/608 523/523 590/590
f 589/589 505/505 504/504
f 506/506 552/552 606/606
f 527/527 508/508 557/557
f 658/658 459/459 559/559
f 592/592 591/591 2022/2022
f 592/592 2022/2022 561/561
f 2023/2023 2017/2017 2041/2041
f 2041/2041 2017/2017 2032/2032
f 2035/2035 2007/2007 2036/2036
f 2036/2036 2019/2019 2037/2037
f 2040/2040 2020/2020 2042/2042
f 2042/2042 2020/2020 2043/2043
f 633/633 2029/2029 534/534
f 566/566 468/468 537/537
f 689/689 537/537 539/539
f 539/539 538/538 2044/2044
f 2044/2044 538/538 2045/2045
f 2046/2046 2045/2045 2047/2047
f 610/610 450/450 604/604
f 500/500 501/501 624/624
f 501/501 549/549 624/624
f 589/589 504/504 2031/2031
f 2031/2031 551/551 553/553
f 606/606 554/554 506/506
f 699/699 457/457 556/556
f 528/528 529/529 613/613
f 558/558 526/526 626/626
f 594/594 459/459 658/658
f 561/561 560/560 707/707
f 707/707 560/560 2048/2048
f 2032/2032 2018/2018 2033/2033
f 2036/2036 2037/2037 2049/2049
f 2038/2038 2050/2050 2051/2051
f 2039/2039 2026/2026 2052/2052
f 2026/2026 2040/2040 2052/2052
f 617/617 537/537 689/689
f 2044/2044 2045/2045 2046/2046
f 569/569 571/571 637/637
f 2053/2053 2021/2021 586/586
f 2053/2053 586/586 587/587
f 587/587 623/623 684/684
f 684/684 623/623 624/624
f 625/625 549/549 654/654
f 654/654 549/549 588/588
f 550/550 589/589 740/740
f 740/740 589/589 2031/2031
f 2054/2054 2031/2031 553/553
f 2054/2054 553/553 2055/2055
f 2056/2056 590/590 2014/2014
f 2014/2014 555/555 2057/2057
f 626/626 524/524 2058/2058
f 2058/2058 524/524 525/525
f 703/703 528/528 613/613
f 613/613 558/558 741/741
f 741/741 558/558 626/626
f 615/615 592/592 660/660
f 2032/2032 2033/2033 2059/2059
f 2033/2033 2034/2034 2060/2060
f 2060/2060 2034/2034 2061/2061
f 2037/2037 2038/2038 2049/2049
f 2049/2049 2038/2038 2051/2051
f 2062/2062 2039/2039 2052/2052
f 2063/2063 664/664 663/663
f 633/633 534/534 634/634
f 784/784 539/539 2044/2044
f 784/784 2044/2044 2046/2046
f 2064/2064 605/605 2030/2030
f 2030/2030 2021/2021 2065/2065
f 2066/2066 604/604 605/605
f 654/654 550/550 739/739
f 739/739 550/550 740/740
f 740/740 2031/2031 2054/2054
f 2054/2054 2055/2055 2067/2067
f 607/607 608/608 2068/2068
f 608/608 590/590 2068/2068
f 2068/2068 590/590 2056/2056
f 2056/2056 2014/2014 2069/2069
f 2069/2069 2014/2014 2057/2057
f 2057/2057 555/555 699/699
f 2055/2055 553/553 611/611
f 2058/2058 525/525 2070/2070
f 2070/2070 525/525 554/554
f 557/557 528/528 703/703
f 612/612 557/557 701/701
f 741/741 703/703 613/613
f 556/556 461/461 656/656
f 749/749 629/629 594/594
f 2059/2059 2033/2033 2060/2060
f 2061/2061 2034/2034 2035/2035
f 2071/2071 2035/2035 2036/2036
f 2072/2072 2063/2063 2073/2073
f 663/663 662/662 2074/2074
f 667/667 617/617 691/691
f 691/691 617/617 689/689
f 689/689 539/539 690/690
f 690/690 539/539 784/784
f 2075/2075 669/669 692/692
f 568/568 672/672 670/670
f 640/640 600/600 647/647
f 2064/2064 2030/2030 2076/2076
f 2076/2076 2030/2030 2065/2065
f 2066/2066 605/605 2064/2064
f 2065/2065 2021/2021 2053/2053
f 685/685 604/604 2066/2066
f 2053/2053 587/587 683/683
f 684/684 624/624 2077/2077
f 625/625 654/654 696/696
f 696/696 654/654 738/738
f 738/738 654/654 739/739
f 2078/2078 2068/2068 2056/2056
f 2078/2078 2056/2056 2069/2069
f 685/685 610/610 604/604
f 2070/2070 554/554 698/698
f 698/698 554/554 606/606
f 858/858 609/609 685/685
f 701/701 557/557 702/702
f 688/688 660/660 705/705
f 705/705 660/660 748/748
f 628/628 561/561 708/708
f 2041/2041 2032/2032 2059/2059
f 2071/2071 2036/2036 2049/2049
f 2073/2073 2063/2063 663/663
f 635/635 634/634 832/832
f 2079/2079 2080/2080 2081/2081
f 879/879 2079/2079 2081/2081
f 672/672 567/567 676/676
f 683/683 684/684 2077/2077
f 2077/2077 624/624 625/625
f 2082/2082 607/607 2068/2068
f 2069/2069 2057/2057 895/895
f 2057/2057 699/699 700/700
f 2055/2055 611/611 2083/2083
f 741/741 626/626 2084/2084
f 626/626 2058/2058 2084/2084
f 700/700 556/556 656/656
f 858/858 657/657 609/609
f 748/748 660/660 628/628
f 2085/2085 2059/2059 2060/2060
f 2061/2061 2035/2035 2071/2071
f 2049/2049 2051/2051 2086/2086
f 756/756 757/757 761/761
f 2087/2087 2072/2072 2073/2073
f 2088/2088 663/663 2074/2074
f 2089/2089 2079/2079 879/879
f 843/843 2081/2081 2080/2080
f 843/843 2080/2080 840/840
f 2090/2090 2064/2064 2076/2076
f 2091/2091 625/625 697/697
f 740/740 2054/2054 2092/2092
f 2093/2093 740/740 2092/2092
f 2092/2092 2054/2054 2067/2067
f 2082/2082 2068/2068 2094/2094
f 2094/2094 2068/2068 2078/2078
f 2095/2095 2078/2078 2069/2069
f 2095/2095 2069/2069 895/895
f 685/685 2066/2066 2096/2096
f 2067/2067 2055/2055 2083/2083
f 698/698 607/607 2082/2082
f 2083/2083 611/611 701/701
f 702/702 703/703 742/742
f 947/947 594/594 747/747
f 749/749 594/594 947/947
f 707/707 2048/2048 2097/2097
f 2098/2098 2041/2041 2059/2059
f 714/714 709/709 751/751
f 765/765 714/714 751/751
f 2099/2099 2100/2100 2101/2101
f 2099/2099 2101/2101 907/907
f 2071/2071 2049/2049 2086/2086
f 907/907 2101/2101 2102/2102
f 2086/2086 2051/2051 2103/2103
f 2101/2101 2104/2104 2102/2102
f 2104/2104 2105/2105 2106/2106
f 2088/2088 2073/2073 663/663
f 2105/2105 2107/2107 2108/2108
f 2106/2106 2105/2105 2108/2108
f 667/667 691/691 2109/2109
f 879/879 2081/2081 843/843
f 2066/2066 2064/2064 2090/2090
f 2110/2110 2076/2076 2065/2065
f 2110/2110 2065/2065 2053/2053
f 2110/2110 2053/2053 2111/2111
f 2111/2111 2053/2053 683/683
f 2078/2078 2095/2095 2112/2112
f 2077/2077 625/625 2091/2091
f 738/738 740/740 2093/2093
f 895/895 2057/2057 896/896
f 896/896 2057/2057 700/700
f 2083/2083 701/701 702/702
f 2113/2113 741/741 2084/2084
f 2113/2113 2084/2084 2114/2114
f 2084/2084 2058/2058 2114/2114
f 945/945 657/657 858/858
f 708/708 707/707 860/860
f 860/860 707/707 2097/2097
f 903/903 814/814 752/752
f 906/906 2099/2099 907/907
f 2103/2103 2051/2051 2115/2115
f 2087/2087 2073/2073 2088/2088
f 2106/2106 2102/2102 2104/2104
f 2116/2116 2102/2102 2106/2106
f 2088/2088 2074/2074 2117/2117
f 2108/2108 2107/2107 2118/2118
f 923/923 667/667 2109/2109
f 691/691 690/690 2119/2119
f 2119/2119 690/690 785/785
f 787/787 676/676 851/851
f 2120/2120 2121/2121 2122/2122
f 2122/2122 2121/2121 1031/1031
f 2123/2123 2111/2111 683/683
f 2124/2124 683/683 2077/2077
f 2125/2125 2077/2077 2091/2091
f 697/697 696/696 2126/2126
f 696/696 738/738 2126/2126
f 2126/2126 738/738 2093/2093
f 2094/2094 2078/2078 2112/2112
f 2127/2127 2067/2067 2128/2128
f 2067/2067 2083/2083 2128/2128
f 2058/2058 2070/2070 2129/2129
f 2129/2129 2070/2070 698/698
f 896/896 700/700 2130/2130
f 898/898 685/685 2096/2096
f 2128/2128 2083/2083 702/702
f 1035/1035 742/742 1033/1033
f 1033/1033 742/742 2113/2113
f 2130/2130 700/700 2131/2131
f 702/702 742/742 1035/1035
f 2113/2113 742/742 741/741
f 700/700 656/656 2131/2131
f 2131/2131 656/656 2132/2132
f 656/656 743/743 2132/2132
f 743/743 686/686 899/899
f 747/747 657/657 945/945
f 2133/2133 2100/2100 2134/2134
f 2098/2098 2059/2059 2135/2135
f 2059/2059 2085/2085 2135/2135
f 2134/2134 2100/2100 2099/2099
f 2134/2134 2099/2099 908/908
f 2085/2085 2060/2060 2061/2061
f 2099/2099 906/906 908/908
f 2136/2136 2061/2061 2071/2071
f 907/907 2102/2102 2137/2137
f 912/912 2138/2138 916/916
f 2116/2116 2106/2106 2139/2139
f 2139/2139 2106/2106 2108/2108
f 2140/2140 2088/2088 2117/2117
f 2139/2139 2108/2108 2141/2141
f 2141/2141 2108/2108 2118/2118
f 728/728 667/667 923/923
f 927/927 839/839 838/838
f 2109/2109 691/691 2119/2119
f 2089/2089 879/879 2142/2142
f 2142/2142 879/879 880/880
f 2143/2143 2144/2144 1143/1143
f 2145/2145 2146/2146 2147/2147
f 2148/2148 2146/2146 2149/2149
f 2123/2123 683/683 2124/2124
f 2124/2124 2077/2077 2125/2125
f 2150/2150 2151/2151 2152/2152
f 2092/2092 2067/2067 2127/2127
f 2153/2153 2154/2154 2145/2145
f 2149/2149 2155/2155 1081/1081
f 1081/1081 2155/2155 2156/2156
f 2129/2129 698/698 2082/2082
f 2114/2114 2058/2058 2157/2157
f 2157/2157 2058/2058 2129/2129
f 2128/2128 702/702 1034/1034
f 1034/1034 702/702 1035/1035
f 2158/2158 812/812 2159/2159
f 2159/2159 812/812 901/901
f 900/900 746/746 1005/1005
f 953/953 749/749 947/947
f 1060/1060 2133/2133 2134/2134
f 956/956 864/864 865/865
f 957/957 904/904 866/866
f 860/860 2097/2097 2160/2160
f 958/958 2161/2161 909/909
f 2085/2085 2061/2061 2136/2136
f 2071/2071 2086/2086 2162/2162
f 2163/2163 2087/2087 2088/2088
f 2163/2163 2088/2088 2140/2140
f 917/917 918/918 959/959
f 918/918 961/961 959/959
f 2164/2164 2141/2141 2118/2118
f 2164/2164 2118/2118 2165/2165
f 2165/2165 2118/2118 2166/2166
f 875/875 835/835 966/966
f 2167/2167 2120/2120 2122/2122
f 1143/1143 2144/2144 2120/2120
f 2168/2168 2143/2143 1143/1143
f 2169/2169 2151/2151 2150/2150
f 2150/2150 2152/2152 2170/2170
f 2152/2152 2171/2171 2170/2170
f 2170/2170 2171/2171 2172/2172
f 2172/2172 2171/2171 2173/2173
f 2173/2173 2171/2171 2174/2174
f 2173/2173 2174/2174 2175/2175
f 2147/2147 2146/2146 1120/1120
f 1120/1120 2146/2146 2148/2148
f 2148/2148 2149/2149 1081/1081
f 2176/2176 2154/2154 2153/2153
f 1004/1004 1003/1003 2177/2177
f 2178/2178 2177/2177 1148/1148
f 896/896 2130/2130 2131/2131
f 2131/2131 2132/2132 2179/2179
f 2132/2132 743/743 943/943
f 944/944 858/858 857/857
f 2180/2180 2181/2181 2182/2182
f 2182/2182 2181/2181 2183/2183
f 946/946 747/747 945/945
f 949/949 902/902 952/952
f 813/813 860/860 1011/1011
f 2162/2162 2086/2086 2184/2184
f 2184/2184 2086/2086 2103/2103
f 2103/2103 2115/2115 2185/2185
f 2165/2165 2166/2166 2186/2186
f 2186/2186 2166/2166 2187/2187
f 2188/2188 2142/2142 880/880
f 2188/2188 880/880 1020/1020
f 1143/1143 2120/2120 2167/2167
f 1030/1030 2122/2122 1031/1031
f 2189/2189 2169/2169 2190/2190
f 2173/2173 2175/2175 2191/2191
f 2191/2191 2175/2175 2192/2192
f 2153/2153 2145/2145 2147/2147
f 2176/2176 2153/2153 1146/1146
f 2156/2156 2193/2193 2194/2194
f 2194/2194 2193/2193 2195/2195
f 2179/2179 2132/2132 943/943
f 2196/2196 2180/2180 2182/2182
f 2197/2197 2182/2182 2183/2183
f 2198/2198 2183/2183 2199/2199
f 2159/2159 901/901 2200/2200
f 2200/2200 901/901 900/900
f 949/949 952/952 2201/2201
f 953/953 947/947 946/946
f 954/954 955/955 1009/1009
f 1039/1039 904/904 957/957
f 957/957 950/950 1007/1007
f 1060/1060 2134/2134 1058/1058
f 1044/1044 2161/2161 958/958
f 860/860 2160/2160 2202/2202
f 1011/1011 860/860 2202/2202
f 2135/2135 2085/2085 2203/2203
f 2085/2085 2136/2136 2203/2203
f 2204/2204 2071/2071 2162/2162
f 2184/2184 2103/2103 2185/2185
f 2205/2205 2087/2087 2163/2163
f 2206/2206 2140/2140 1065/1065
f 1065/1065 2140/2140 2117/2117
f 1063/1063 1065/1065 2117/2117
f 962/962 1067/1067 1013/1013
f 923/923 2109/2109 2207/2207
f 2208/2208 2142/2142 2188/2188
f 1154/1154 2208/2208 2188/2188
f 1016/1016 966/966 1019/1019
f 2186/2186 2187/2187 2209/2209
f 977/977 886/886 976/976
f 1237/1237 1032/1032 2210/2210
f 1237/1237 2210/2210 2189/2189
f 1237/1237 2189/2189 1238/1238
f 2170/2170 2172/2172 2211/2211
f 1080/1080 2148/2148 1081/1081
f 1238/1238 2189/2189 2190/2190
f 2191/2191 2192/2192 2212/2212
f 1146/1146 2153/2153 1119/1119
f 2153/2153 2147/2147 1119/1119
f 1148/1148 2176/2176 1146/1146
f 2213/2213 2143/2143 2168/2168
f 2214/2214 1002/1002 2215/2215
f 2215/2215 1002/1002 1004/1004
f 1004/1004 2177/2177 2178/2178
f 2216/2216 2217/2217 2196/2196
f 2197/2197 2183/2183 2198/2198
f 2200/2200 900/900 2218/2218
f 2218/2218 900/900 1006/1006
f 1038/1038 954/954 1009/1009
f 956/956 904/904 1040/1040
f 1007/1007 1039/1039 957/957
f 1061/1061 1044/1044 1012/1012
f 2219/2219 2135/2135 2203/2203
f 2203/2203 2136/2136 2220/2220
f 2220/2220 2136/2136 2204/2204
f 2136/2136 2071/2071 2204/2204
f 924/924 923/923 2221/2221
f 1045/1045 1013/1013 1067/1067
f 2221/2221 923/923 2207/2207
f 2165/2165 2186/2186 2222/2222
f 1154/1154 2188/2188 2223/2223
f 2223/2223 2188/2188 1020/1020
f 2222/2222 2186/2186 2209/2209
f 1030/1030 1032/1032 2224/2224
f 2224/2224 1032/1032 1237/1237
f 2190/2190 2169/2169 2225/2225
f 2169/2169 2150/2150 2225/2225
f 2150/2150 2170/2170 1192/1192
f 1192/1192 2170/2170 2211/2211
f 2211/2211 2172/2172 2226/2226
f 2226/2226 2172/2172 2173/2173
f 2226/2226 2173/2173 2191/2191
f 2227/2227 2191/2191 2212/2212
f 1119/1119 2147/2147 1120/1120
f 1080/1080 1120/1120 2148/2148
f 1081/1081 2156/2156 1082/1082
f 1082/1082 2156/2156 2194/2194
f 2212/2212 2192/2192 2228/2228
f 2212/2212 2228/2228 2229/2229
f 2230/2230 2213/2213 2168/2168
f 2228/2228 2214/2214 2229/2229
f 2231/2231 1004/1004 2178/2178
f 2232/2232 2194/2194 2195/2195
f 2232/2232 2195/2195 2217/2217
f 1054/1054 1053/1053 2213/2213
f 2196/2196 2182/2182 2233/2233
f 2216/2216 2196/2196 2233/2233
f 2233/2233 2182/2182 2197/2197
f 1087/1087 1038/1038 1056/1056
f 1040/1040 1039/1039 1083/1083
f 1149/1149 949/949 2201/2201
f 1083/1083 1039/1039 1007/1007
f 1007/1007 949/949 1086/1086
f 2234/2234 1060/1060 1059/1059
f 1059/1059 1058/1058 2235/2235
f 1011/1011 2202/2202 2236/2236
f 2204/2204 2162/2162 2184/2184
f 2206/2206 2163/2163 2140/2140
f 1066/1066 921/921 924/924
f 1162/1162 2223/2223 1020/1020
f 2237/2237 972/972 1050/1050
f 2237/2237 1050/1050 1134/1134
f 2167/2167 2122/2122 2238/2238
f 2238/2238 2122/2122 1030/1030
f 2239/2239 2190/2190 2225/2225
f 2225/2225 2150/2150 1192/1192
f 1121/1121 1120/1120 1080/1080
f 1238/1238 2190/2190 2239/2239
f 2240/2240 2226/2226 2191/2191
f 1146/1146 1119/1119 1147/1147
f 2241/2241 2194/2194 2232/2232
f 2230/2230 2168/2168 1142/1142
f 2242/2242 2229/2229 2214/2214
f 2242/2242 2214/2214 2215/2215
f 2215/2215 1004/1004 2231/2231
f 1145/1145 2231/2231 2178/2178
f 2232/2232 2217/2217 2243/2243
f 2243/2243 2217/2217 2216/2216
f 1054/1054 2213/2213 2230/2230
f 2197/2197 2198/2198 2244/2244
f 2233/2233 2197/2197 2244/2244
f 1200/1200 1037/1037 1036/1036
f 2244/2244 2198/2198 2199/2199
f 1085/1085 949/949 1149/1149
f 1087/1087 1056/1056 1057/1057
f 2245/2245 1057/1057 1040/1040
f 1202/1202 946/946 1037/1037
f 1086/1086 1083/1083 1007/1007
f 1041/1041 946/946 1202/1202
f 1059/1059 2235/2235 2246/2246
f 2247/2247 2184/2184 2248/2248
f 2248/2248 2184/2184 2185/2185
f 2206/2206 2205/2205 2163/2163
f 2249/2249 2205/2205 2206/2206
f 1064/1064 2206/2206 1065/1065
f 1090/1090 1064/1064 1063/1063
f 1066/1066 924/924 2250/2250
f 2250/2250 924/924 2221/2221
f 2250/2250 2221/2221 2207/2207
f 2251/2251 2222/2222 2209/2209
f 1162/1162 1020/1020 1075/1075
f 2251/2251 2209/2209 2252/2252
f 1164/1164 1075/1075 1049/1049
f 1049/1049 1077/1077 2253/2253
f 1143/1143 2167/2167 2254/2254
f 2254/2254 2167/2167 2238/2238
f 1192/1192 2211/2211 1193/1193
f 1193/1193 2211/2211 2226/2226
f 2240/2240 2191/2191 2227/2227
f 2168/2168 1143/1143 1142/1142
f 1080/1080 1082/1082 2255/2255
f 2256/2256 1082/1082 2194/2194
f 2256/2256 2194/2194 2241/2241
f 2257/2257 2229/2229 2242/2242
f 1145/1145 2178/2178 1148/1148
f 2258/2258 2232/2232 2243/2243
f 2259/2259 2216/2216 2233/2233
f 1197/1197 1180/1180 1055/1055
f 2244/2244 2199/2199 2260/2260
f 2261/2261 2200/2200 1184/1184
f 1271/1271 1087/1087 2262/2262
f 1087/1087 1057/1057 2262/2262
f 1084/1084 1083/1083 2263/2263
f 2263/2263 1083/1083 1086/1086
f 1184/1184 2200/2200 2218/2218
f 2245/2245 1040/1040 1084/1084
f 2264/2264 2234/2234 1059/1059
f 1184/1184 2218/2218 1006/1006
f 1125/1125 1062/1062 1041/1041
f 1126/1126 1011/1011 2236/2236
f 2236/2236 2202/2202 2265/2265
f 2204/2204 2184/2184 2247/2247
f 2266/2266 1090/1090 2267/2267
f 1205/1205 2267/2267 2268/2268
f 1154/1154 2223/2223 1155/1155
f 1155/1155 2223/2223 1162/1162
f 1164/1164 1049/1049 2253/2253
f 2269/2269 2270/2270 1170/1170
f 1170/1170 2270/2270 1168/1168
f 1144/1144 1143/1143 2254/2254
f 2224/2224 2238/2238 1030/1030
f 1147/1147 1119/1119 1121/1121
f 1121/1121 1080/1080 2255/2255
f 2227/2227 2212/2212 2271/2271
f 2255/2255 1082/1082 2256/2256
f 2212/2212 2229/2229 2257/2257
f 2241/2241 2232/2232 2258/2258
f 2243/2243 2216/2216 2272/2272
f 2272/2272 2216/2216 2259/2259
f 2259/2259 2233/2233 2273/2273
f 1197/1197 1055/1055 1054/1054
f 2273/2273 2233/2233 2274/2274
f 2274/2274 2233/2233 2244/2244
f 1181/1181 1180/1180 1197/1197
f 2274/2274 2244/2244 2260/2260
f 1151/1151 1087/1087 1271/1271
f 2262/2262 1057/1057 2245/2245
f 1199/1199 1086/1086 1085/1085
f 2275/2275 2264/2264 1261/1261
f 2264/2264 1059/1059 1259/1259
f 1261/1261 2264/2264 1259/1259
f 1202/1202 1037/1037 1200/1200
f 1259/1259 1059/1059 2276/2276
f 2276/2276 1059/1059 2246/2246
f 2277/2277 1124/1124 1125/1125
f 1184/1184 1006/1006 1182/1182
f 1125/1125 1041/1041 1202/1202
f 1006/1006 1005/1005 1123/1123
f 1126/1126 2236/2236 1265/1265
f 2278/2278 2279/2279 2280/2280
f 1091/1091 2281/2281 1064/1064
f 2281/2281 2206/2206 1064/1064
f 2266/2266 1091/1091 1090/1090
f 2266/2266 2267/2267 1204/1204
f 1204/1204 2267/2267 1205/1205
f 2251/2251 2252/2252 2282/2282
f 2283/2283 2251/2251 2282/2282
f 1132/1132 1074/1074 1209/1209
f 1164/1164 2253/2253 2284/2284
f 2269/2269 1170/1170 2285/2285
f 1190/1190 1134/1134 1102/1102
f 1176/1176 1172/1172 982/982
f 2239/2239 2225/2225 2286/2286
f 2286/2286 2225/2225 1192/1192
f 2286/2286 1192/1192 2287/2287
f 1193/1193 2226/2226 2288/2288
f 2288/2288 2226/2226 2240/2240
f 2289/2289 2227/2227 2271/2271
f 2271/2271 2212/2212 2257/2257
f 2290/2290 2231/2231 2291/2291
f 2291/2291 2231/2231 1145/1145
f 2258/2258 2243/2243 2272/2272
f 2261/2261 1184/1184 1183/1183
f 2263/2263 1086/1086 1199/1199
f 2277/2277 1125/1125 2292/2292
f 2292/2292 1125/1125 1202/1202
f 2278/2278 2280/2280 2293/2293
f 2203/2203 2220/2220 2294/2294
f 2220/2220 2204/2204 2294/2294
f 2294/2294 2204/2204 2247/2247
f 2295/2295 2296/2296 2249/2249
f 2295/2295 2249/2249 2206/2206
f 2281/2281 2295/2295 2206/2206
f 2297/2297 1155/1155 1163/1163
f 1186/1186 1164/1164 2284/2284
f 2282/2282 2252/2252 2298/2298
f 2299/2299 1144/1144 2254/2254
f 2224/2224 1237/1237 2300/2300
f 2301/2301 2239/2239 2286/2286
f 2287/2287 1192/1192 1191/1191
f 2239/2239 2301/2301 1239/1239
f 2288/2288 2240/2240 2302/2302
f 2302/2302 2240/2240 2289/2289
f 2289/2289 2240/2240 2227/2227
f 1194/1194 1147/1147 2303/2303
f 1147/1147 1121/1121 2303/2303
f 1121/1121 2255/2255 2304/2304
f 2304/2304 2255/2255 2305/2305
f 2305/2305 2255/2255 2256/2256
f 1145/1145 1147/1147 1195/1195
f 2291/2291 1145/1145 1195/1195
f 2242/2242 2215/2215 1284/1284
f 1284/1284 2215/2215 2231/2231
f 2306/2306 2258/2258 2272/2272
f 1196/1196 1054/1054 2230/2230
f 2272/2272 2259/2259 2307/2307
f 2308/2308 2259/2259 2273/2273
f 2308/2308 2273/2273 2309/2309
f 2309/2309 2273/2273 2274/2274
f 1240/1240 1179/1179 1181/1181
f 2262/2262 2245/2245 1356/1356
f 2245/2245 1084/1084 2310/2310
f 2310/2310 1084/1084 1344/1344
f 1084/1084 2263/2263 1344/1344
f 2292/2292 1202/1202 1201/1201
f 2278/2278 2293/2293 2311/2311
f 2312/2312 2281/2281 1091/1091
f 2266/2266 1204/1204 2313/2313
f 2314/2314 2266/2266 2313/2313
f 2313/2313 1204/1204 1206/1206
f 1156/1156 1155/1155 1245/1245
f 1245/1245 1155/1155 2297/2297
f 2283/2283 2282/2282 2315/2315
f 1186/1186 2284/2284 2316/2316
f 2284/2284 2253/2253 2317/2317
f 2285/2285 1170/1170 2318/2318
f 1170/1170 1169/1169 2319/2319
f 2319/2319 1169/1169 1270/1270
f 1169/1169 1188/1188 2320/2320
f 1214/1214 2321/2321 1175/1175
f 2322/2322 2254/2254 2238/2238
f 2322/2322 2238/2238 2323/2323
f 2323/2323 2238/2238 2224/2224
f 1237/1237 1239/1239 2300/2300
f 2301/2301 2286/2286 2324/2324
f 1191/1191 1193/1193 2288/2288
f 1142/1142 1144/1144 2299/2299
f 2325/2325 1142/1142 2299/2299
f 1239/1239 1238/1238 2239/2239
f 2303/2303 1121/1121 2304/2304
f 2305/2305 2256/2256 2326/2326
f 2326/2326 2256/2256 2327/2327
f 2256/2256 2241/2241 2327/2327
f 2327/2327 2241/2241 2328/2328
f 2230/2230 1142/1142 2325/2325
f 2257/2257 2242/2242 2329/2329
f 2329/2329 2242/2242 2330/2330
f 2331/2331 2332/2332 2333/2333
f 2242/2242 1284/1284 1283/1283
f 2290/2290 1284/1284 2231/2231
f 2290/2290 2291/2291 2334/2334
f 2328/2328 2241/2241 2258/2258
f 2335/2335 2272/2272 2307/2307
f 2307/2307 2259/2259 2308/2308
f 1343/1343 1197/1197 1196/1196
f 1181/1181 1197/1197 1343/1343
f 2309/2309 2274/2274 2336/2336
f 2337/2337 2338/2338 2339/2339
f 1198/1198 1085/1085 1150/1150
f 1356/1356 2245/2245 2310/2310
f 1344/1344 2263/2263 1345/1345
f 1345/1345 2263/2263 1199/1199
f 2340/2340 1317/1317 1319/1319
f 2339/2339 2338/2338 2341/2341
f 2342/2342 2275/2275 1261/1261
f 2343/2343 1259/1259 2276/2276
f 2344/2344 2345/2345 2346/2346
f 1183/1183 1182/1182 2347/2347
f 2347/2347 1182/1182 1123/1123
f 2348/2348 2278/2278 2311/2311
f 2349/2349 2294/2294 2247/2247
f 2350/2350 2296/2296 2295/2295
f 2312/2312 2295/2295 2281/2281
f 2266/2266 2312/2312 1091/1091
f 2312/2312 2266/2266 2314/2314
f 2351/2351 2297/2297 1163/1163
f 2351/2351 1163/1163 1186/1186
f 2315/2315 2282/2282 2352/2352
f 2352/2352 2282/2282 2298/2298
f 2353/2353 2285/2285 2318/2318
f 2318/2318 1170/1170 2319/2319
f 1169/1169 2320/2320 1269/1269
f 2323/2323 2224/2224 2354/2354
f 2299/2299 2254/2254 2322/2322
f 2354/2354 2224/2224 2300/2300
f 2324/2324 2286/2286 2355/2355
f 2286/2286 2287/2287 2355/2355
f 2271/2271 2257/2257 2356/2356
f 2356/2356 2257/2257 2329/2329
f 2328/2328 2258/2258 2306/2306
f 2306/2306 2272/2272 2335/2335
f 2357/2357 1181/1181 1343/1343
f 1240/1240 1181/1181 2357/2357
f 2358/2358 2337/2337 2339/2339
f 1271/1271 2262/2262 2359/2359
f 2360/2360 1198/1198 1150/1150
f 2359/2359 2262/2262 1356/1356
f 1345/1345 1199/1199 2361/2361
f 2362/2362 2275/2275 2342/2342
f 2342/2342 1261/1261 1260/1260
f 1241/1241 1240/1240 2363/2363
f 2339/2339 2341/2341 2364/2364
f 1260/1260 1259/1259 2343/2343
f 2365/2365 2345/2345 1241/1241
f 2364/2364 2341/2341 2366/2366
f 2347/2347 1123/1123 1263/1263
f 2348/2348 2311/2311 2367/2367
f 2311/2311 2296/2296 2350/2350
f 2312/2312 2350/2350 2295/2295
f 2314/2314 2313/2313 2368/2368
f 2369/2369 2314/2314 2368/2368
f 2368/2368 2313/2313 1206/1206
f 2370/2370 1245/1245 2297/2297
f 2370/2370 2297/2297 2351/2351
f 2371/2371 2351/2351 1186/1186
f 1186/1186 2316/2316 2371/2371
f 2371/2371 2316/2316 2372/2372
f 2316/2316 2284/2284 2372/2372
f 2373/2373 2374/2374 2353/2353
f 2374/2374 2285/2285 2353/2353
f 2375/2375 1239/1239 2301/2301
f 2329/2329 2330/2330 1283/1283
f 2230/2230 2325/2325 2376/2376
f 2376/2376 1196/1196 2230/2230
f 2377/2377 2308/2308 2309/2309
f 1272/1272 1271/1271 2359/2359
f 1355/1355 2359/2359 1356/1356
f 2378/2378 1198/1198 2360/2360
f 1260/1260 2343/2343 2379/2379
f 2346/2346 2345/2345 2365/2365
f 2365/2365 1241/1241 2363/2363
f 2364/2364 2366/2366 2380/2380
f 1274/1274 1242/1242 1275/1275
f 2350/2350 2367/2367 2311/2311
f 2367/2367 2350/2350 2381/2381
f 2314/2314 2350/2350 2312/2312
f 2350/2350 2314/2314 2381/2381
f 1244/1244 1245/1245 2382/2382
f 2370/2370 2351/2351 2383/2383
f 2383/2383 2351/2351 2371/2371
f 2384/2384 2354/2354 2300/2300
f 2375/2375 2301/2301 2385/2385
f 2385/2385 2301/2301 2324/2324
f 2386/2386 2287/2287 2387/2387
f 2287/2287 1191/1191 2387/2387
f 2387/2387 1191/1191 2388/2388
f 2388/2388 1191/1191 2288/2288
f 2389/2389 2289/2289 2271/2271
f 1194/1194 2303/2303 2390/2390
f 2391/2391 2271/2271 2356/2356
f 2392/2392 1195/1195 1194/1194
f 2291/2291 1195/1195 2392/2392
f 2393/2393 2335/2335 2307/2307
f 2307/2307 2308/2308 2377/2377
f 2377/2377 2309/2309 2336/2336
f 2358/2358 2339/2339 2394/2394
f 2395/2395 1240/1240 2357/2357
f 2363/2363 1240/1240 2395/2395
f 2339/2339 2364/2364 2394/2394
f 2394/2394 2364/2364 2380/2380
f 2396/2396 2346/2346 2365/2365
f 1288/1288 2380/2380 2366/2366
f 2380/2380 1288/1288 1287/1287
f 2367/2367 2381/2381 2397/2397
f 2348/2348 2367/2367 2397/2397
f 2381/2381 2314/2314 2369/2369
f 2397/2397 2381/2381 2369/2369
f 2398/2398 2369/2369 2368/2368
f 2399/2399 1244/1244 2382/2382
f 2382/2382 1245/1245 2370/2370
f 2373/2373 2353/2353 2400/2400
f 2353/2353 2318/2318 2401/2401
f 2402/2402 1214/1214 1298/1298
f 2322/2322 2323/2323 2403/2403
f 2323/2323 2354/2354 2404/2404
f 2404/2404 2354/2354 2384/2384
f 2405/2405 2299/2299 2406/2406
f 2299/2299 2322/2322 2406/2406
f 2385/2385 2324/2324 2407/2407
f 2408/2408 2288/2288 2302/2302
f 2390/2390 2303/2303 2304/2304
f 2390/2390 2304/2304 2409/2409
f 2304/2304 2305/2305 2410/2410
f 2325/2325 2299/2299 2405/2405
f 2410/2410 2305/2305 2326/2326
f 1285/1285 1284/1284 2290/2290
f 2411/2411 2328/2328 2412/2412
f 2328/2328 2306/2306 2412/2412
f 2306/2306 2335/2335 2393/2393
f 2412/2412 2306/2306 2393/2393
f 1196/1196 2376/2376 1342/1342
f 2413/2413 2393/2393 2307/2307
f 2414/2414 2415/2415 2358/2358
f 2414/2414 2358/2358 2394/2394
f 2416/2416 1198/1198 2378/2378
f 2378/2378 2360/2360 2417/2417
f 2418/2418 1272/1272 2359/2359
f 2418/2418 2359/2359 1355/1355
f 1357/1357 1356/1356 2310/2310
f 2310/2310 1344/1344 2419/2419
f 1357/1357 2310/2310 2419/2419
f 1345/1345 2361/2361 1346/1346
f 1346/1346 2361/2361 2420/2420
f 2421/2421 2362/2362 2342/2342
f 2342/2342 1260/1260 2379/2379
f 2422/2422 2396/2396 2365/2365
f 2365/2365 2363/2363 2423/2423
f 2424/2424 2380/2380 1287/1287
f 1287/1287 1286/1286 1290/1290
f 2425/2425 2382/2382 2426/2426
f 2426/2426 2382/2382 2370/2370
f 2426/2426 2370/2370 2383/2383
f 2427/2427 2383/2383 2371/2371
f 2428/2428 2373/2373 2429/2429
f 2373/2373 2400/2400 2429/2429
f 2352/2352 2298/2298 2430/2430
f 1331/1331 1268/1268 1332/1332
f 2400/2400 2353/2353 2401/2401
f 2318/2318 2319/2319 2401/2401
f 2401/2401 2319/2319 1270/1270
f 1270/1270 1269/1269 1334/1334
f 1299/1299 1215/1215 1353/1353
f 2406/2406 2322/2322 2403/2403
f 2403/2403 2323/2323 2404/2404
f 2384/2384 2300/2300 2375/2375
f 2375/2375 2300/2300 1239/1239
f 2324/2324 2355/2355 2407/2407
f 2407/2407 2355/2355 2386/2386
f 2355/2355 2287/2287 2386/2386
f 2388/2388 2288/2288 2408/2408
f 2408/2408 2302/2302 2431/2431
f 2431/2431 2302/2302 2289/2289
f 2431/2431 2289/2289 2389/2389
f 2409/2409 2304/2304 2410/2410
f 2389/2389 2271/2271 2391/2391
f 2392/2392 1194/1194 2390/2390
f 2410/2410 2326/2326 2432/2432
f 2432/2432 2326/2326 2327/2327
f 2432/2432 2327/2327 2433/2433
f 2433/2433 2327/2327 2328/2328
f 2376/2376 2325/2325 2405/2405
f 2356/2356 2329/2329 2434/2434
f 2434/2434 2329/2329 1283/1283
f 1285/1285 2290/2290 2334/2334
f 2435/2435 2334/2334 2291/2291
f 2435/2435 2291/2291 2436/2436
f 2436/2436 2291/2291 2392/2392
f 2413/2413 2307/2307 2377/2377
f 2437/2437 1343/1343 1342/1342
f 2415/2415 2414/2414 2438/2438
f 2439/2439 1343/1343 2437/2437
f 2439/2439 2357/2357 1343/1343
f 2419/2419 1344/1344 1346/1346
f 2395/2395 2357/2357 2439/2439
f 2440/2440 2363/2363 2395/2395
f 2441/2441 2394/2394 2380/2380
f 2424/2424 2441/2441 2380/2380
f 2342/2342 2379/2379 2442/2442
f 2443/2443 2396/2396 2422/2422
f 2422/2422 2365/2365 2423/2423
f 2423/2423 2363/2363 2440/2440
f 2444/2444 2424/2424 1287/1287
f 2445/2445 2444/2444 1287/1287
f 2445/2445 1287/1287 1290/1290
f 2446/2446 2348/2348 2397/2397
f 1416/1416 2397/2397 2369/2369
f 2447/2447 2369/2369 2398/2398
f 2448/2448 2399/2399 2449/2449
f 2449/2449 2399/2399 2382/2382
f 2449/2449 2382/2382 2425/2425
f 2426/2426 2383/2383 2450/2450
f 2450/2450 2383/2383 2427/2427
f 2451/2451 2428/2428 2452/2452
f 2452/2452 2428/2428 2429/2429
f 2430/2430 2298/2298 2453/2453
f 2401/2401 1270/1270 2454/2454
f 2454/2454 1270/1270 1334/1334
f 2433/2433 2328/2328 2411/2411
f 1285/1285 2334/2334 2435/2435
f 2455/2455 2413/2413 2377/2377
f 2438/2438 2456/2456 2415/2415
f 2438/2438 2414/2414 2441/2441
f 2441/2441 2414/2414 2394/2394
f 2441/2441 2424/2424 2457/2457
f 2458/2458 2457/2457 2444/2444
f 2457/2457 2424/2424 2444/2444
f 2445/2445 2458/2458 2444/2444
f 2445/2445 1290/1290 2459/2459
f 1290/1290 1320/1320 2459/2459
f 2459/2459 1320/1320 2460/2460
f 1416/1416 2369/2369 2447/2447
f 2425/2425 2426/2426 2461/2461
f 2426/2426 2450/2450 2461/2461
f 2462/2462 2463/2463 2464/2464
f 2465/2465 2430/2430 2466/2466
f 2464/2464 2467/2467 2468/2468
f 2429/2429 2400/2400 2469/2469
f 2469/2469 2400/2400 2401/2401
f 2454/2454 1334/1334 1359/1359
f 2470/2470 2404/2404 2471/2471
f 2385/2385 2407/2407 2472/2472
f 2473/2473 2386/2386 2387/2387
f 2474/2474 2387/2387 2388/2388
f 2408/2408 2431/2431 2475/2475
f 2389/2389 2391/2391 2476/2476
f 2392/2392 2390/2390 2477/2477
f 2478/2478 2410/2410 2432/2432
f 2479/2479 2432/2432 2433/2433
f 2391/2391 2356/2356 2480/2480
f 2436/2436 2392/2392 2481/2481
f 2376/2376 2405/2405 2482/2482
f 1415/1415 1283/1283 1285/1285
f 1413/1413 1285/1285 2435/2435
f 2434/2434 1283/1283 1415/1415
f 2411/2411 2412/2412 2483/2483
f 2484/2484 2412/2412 2393/2393
f 2437/2437 1342/1342 2485/2485
f 1431/1431 2395/2395 2439/2439
f 2422/2422 2423/2423 2486/2486
f 2487/2487 2457/2457 2458/2458
f 2488/2488 2458/2458 2445/2445
f 2459/2459 2488/2488 2445/2445
f 2459/2459 2460/2460 2489/2489
f 2490/2490 2491/2491 2446/2446
f 2446/2446 2397/2397 2492/2492
f 2492/2492 2397/2397 1416/1416
f 2447/2447 2398/2398 2493/2493
f 2494/2494 2495/2495 2496/2496
f 2496/2496 2495/2495 2497/2497
f 2498/2498 2499/2499 2500/2500
f 2462/2462 2464/2464 2501/2501
f 2469/2469 2401/2401 2502/2502
f 1362/1362 1304/1304 1392/1392
f 2503/2503 2406/2406 2403/2403
f 2403/2403 2404/2404 2470/2470
f 2404/2404 2384/2384 2471/2471
f 2405/2405 2406/2406 2482/2482
f 2471/2471 2384/2384 2504/2504
f 2384/2384 2375/2375 2505/2505
f 2505/2505 2375/2375 2506/2506
f 2506/2506 2375/2375 2385/2385
f 2407/2407 2386/2386 2507/2507
f 2474/2474 2388/2388 2408/2408
f 2431/2431 2389/2389 2476/2476
f 2390/2390 2409/2409 2508/2508
f 2508/2508 2409/2409 2509/2509
f 2409/2409 2410/2410 2509/2509
f 2476/2476 2391/2391 2480/2480
f 2481/2481 2392/2392 2477/2477
f 2477/2477 2390/2390 2510/2510
f 2509/2509 2410/2410 2478/2478
f 2480/2480 2356/2356 2434/2434
f 1415/1415 1285/1285 1413/1413
f 2511/2511 2435/2435 2512/2512
f 2512/2512 2435/2435 2436/2436
f 2513/2513 2376/2376 2482/2482
f 2483/2483 2412/2412 2484/2484
f 2485/2485 1342/1342 2376/2376
f 2484/2484 2393/2393 2413/2413
f 2514/2514 2515/2515 2456/2456
f 2516/2516 2456/2456 2438/2438
f 2517/2517 2439/2439 2437/2437
f 2516/2516 2438/2438 2441/2441
f 2518/2518 2516/2516 2441/2441
f 1458/1458 1272/1272 2418/2418
f 1458/1458 2418/2418 1456/1456
f 2418/2418 1355/1355 2519/2519
f 1355/1355 1357/1357 2519/2519
f 2519/2519 1357/1357 2520/2520
f 2521/2521 2421/2421 2342/2342
f 2521/2521 2342/2342 2522/2522
f 2487/2487 2518/2518 2457/2457
f 2518/2518 2441/2441 2457/2457
f 2522/2522 2342/2342 2442/2442
f 1433/1433 2440/2440 2395/2395
f 2443/2443 2422/2422 2523/2523
f 2522/2522 2442/2442 2524/2524
f 2523/2523 2422/2422 2486/2486
f 2486/2486 2423/2423 2440/2440
f 2486/2486 2440/2440 1433/1433
f 2488/2488 2487/2487 2458/2458
f 2488/2488 2459/2459 2489/2489
f 2525/2525 2488/2488 2489/2489
f 2490/2490 2446/2446 2492/2492
f 1416/1416 2447/2447 1417/1417
f 1417/1417 2447/2447 2526/2526
f 2447/2447 2493/2493 2526/2526
f 2496/2496 2497/2497 2499/2499
f 2496/2496 2499/2499 2498/2498
f 2527/2527 2498/2498 2500/2500
f 2527/2527 2500/2500 2462/2462
f 2527/2527 2462/2462 2501/2501
f 2528/2528 2465/2465 2466/2466
f 2501/2501 2464/2464 2468/2468
f 2501/2501 2468/2468 2529/2529
f 2529/2529 2468/2468 2530/2530
f 2502/2502 2401/2401 2454/2454
f 1359/1359 2502/2502 2454/2454
f 1316/1316 1411/1411 1337/1337
f 1308/1308 1340/1340 1399/1399
f 2503/2503 2403/2403 2470/2470
f 2482/2482 2406/2406 2503/2503
f 2504/2504 2384/2384 2505/2505
f 2472/2472 2407/2407 2507/2507
f 2507/2507 2386/2386 2473/2473
f 2473/2473 2387/2387 2474/2474
f 2474/2474 2408/2408 2475/2475
f 2475/2475 2431/2431 2531/2531
f 2531/2531 2431/2431 2476/2476
f 2478/2478 2432/2432 2479/2479
f 2512/2512 2436/2436 2481/2481
f 2483/2483 2484/2484 2532/2532
f 2485/2485 2376/2376 2513/2513
f 2533/2533 2534/2534 2484/2484
f 2533/2533 2484/2484 2413/2413
f 2517/2517 2437/2437 2485/2485
f 2535/2535 2515/2515 2514/2514
f 2514/2514 2456/2456 2516/2516
f 2514/2514 2516/2516 2536/2536
f 2537/2537 2416/2416 2378/2378
f 2378/2378 2417/2417 2538/2538
f 2418/2418 2519/2519 1456/1456
f 2520/2520 1357/1357 2419/2419
f 2520/2520 2419/2419 2539/2539
f 2419/2419 1346/1346 2540/2540
f 2540/2540 1346/1346 2420/2420
f 2541/2541 2421/2421 2521/2521
f 1433/1433 2395/2395 1431/1431
f 2542/2542 2487/2487 2488/2488
f 2525/2525 2542/2542 2488/2488
f 2543/2543 2490/2490 2544/2544
f 2544/2544 2490/2490 2492/2492
f 1417/1417 2526/2526 2545/2545
f 2526/2526 2493/2493 2546/2546
f 2547/2547 2494/2494 2496/2496
f 2547/2547 2496/2496 2548/2548
f 2548/2548 2496/2496 2498/2498
f 2548/2548 2498/2498 2527/2527
f 2549/2549 2548/2548 2527/2527
f 2549/2549 2527/2527 2501/2501
f 2550/2550 2549/2549 2501/2501
f 2551/2551 2528/2528 2466/2466
f 2550/2550 2501/2501 2529/2529
f 2466/2466 2430/2430 2552/2552
f 2552/2552 2430/2430 2453/2453
f 2530/2530 2553/2553 1442/1442
f 1359/1359 1358/1358 1407/1407
f 1360/1360 2554/2554 1361/1361
f 2385/2385 2472/2472 2506/2506
f 2510/2510 2390/2390 2508/2508
f 2555/2555 2434/2434 1415/1415
f 1413/1413 2435/2435 2511/2511
f 2433/2433 2411/2411 2556/2556
f 2534/2534 2532/2532 2484/2484
f 2557/2557 2558/2558 2559/2559
f 2536/2536 2516/2516 2560/2560
f 1431/1431 2439/2439 2517/2517
f 2561/2561 2516/2516 2518/2518
f 2562/2562 1456/1456 2519/2519
f 2563/2563 2519/2519 2520/2520
f 2539/2539 2419/2419 2540/2540
f 2561/2561 2518/2518 2487/2487
f 2564/2564 2561/2561 2487/2487
f 2565/2565 2522/2522 2524/2524
f 2564/2564 2487/2487 2542/2542
f 2566/2566 2567/2567 2568/2568
f 2568/2568 2567/2567 2569/2569
f 2569/2569 2567/2567 2543/2543
f 2569/2569 2543/2543 2544/2544
f 2569/2569 2544/2544 2570/2570
f 2544/2544 2492/2492 1418/1418
f 1418/1418 2492/2492 1416/1416
f 1418/1418 1417/1417 2545/2545
f 1422/1422 1423/1423 1465/1465
f 2571/2571 2494/2494 2547/2547
f 2571/2571 2547/2547 2572/2572
f 2547/2547 2573/2573 2574/2574
f 2573/2573 2547/2547 2548/2548
f 2549/2549 2573/2573 2548/2548
f 2575/2575 2528/2528 2551/2551
f 2576/2576 2550/2550 2529/2529
f 2576/2576 2529/2529 2530/2530
f 1442/1442 2576/2576 2530/2530
f 1445/1445 2554/2554 1360/1360
f 1368/1368 1445/1445 1360/1360
f 2577/2577 2506/2506 2472/2472
f 2577/2577 2472/2472 2507/2507
f 2578/2578 2473/2473 2579/2579
f 2579/2579 2473/2473 2474/2474
f 2580/2580 1413/1413 2511/2511
f 2555/2555 1415/1415 1414/1414
f 2411/2411 2483/2483 2581/2581
f 2581/2581 2483/2483 2532/2532
f 2582/2582 2558/2558 2583/2583
f 2557/2557 2559/2559 2584/2584
f 2560/2560 2535/2535 2514/2514
f 2560/2560 2514/2514 2536/2536
f 2584/2584 2559/2559 2585/2585
f 2586/2586 1431/1431 2517/2517
f 2561/2561 2560/2560 2516/2516
f 2585/2585 2587/2587 2588/2588
f 2562/2562 2519/2519 2563/2563
f 2537/2537 2378/2378 2538/2538
f 2588/2588 2587/2587 2589/2589
f 2539/2539 2540/2540 2590/2590
f 2590/2590 2540/2540 2591/2591
f 2587/2587 2566/2566 2589/2589
f 2521/2521 2522/2522 2565/2565
f 2565/2565 2524/2524 2592/2592
f 2486/2486 1433/1433 1432/1432
f 2593/2593 2486/2486 1432/1432
f 2589/2589 2566/2566 2594/2594
f 2594/2594 2566/2566 2568/2568
f 1462/1462 1435/1435 1437/1437
f 2595/2595 2570/2570 2544/2544
f 2596/2596 2597/2597 1509/1509
f 1465/1465 1423/1423 1488/1488
f 1423/1423 2598/2598 1488/1488
f 2547/2547 2574/2574 2572/2572
f 2573/2573 2549/2549 2550/2550
f 2599/2599 2573/2573 2550/2550
f 2551/2551 2466/2466 2600/2600
f 2600/2600 2466/2466 2552/2552
f 1445/1445 2601/2601 2554/2554
f 2503/2503 2470/2470 2602/2602
f 2603/2603 2471/2471 2504/2504
f 2604/2604 2506/2506 2577/2577
f 2579/2579 2474/2474 2475/2475
f 2579/2579 2475/2475 2605/2605
f 2505/2505 2506/2506 2606/2606
f 2606/2606 2506/2506 2604/2604
f 2476/2476 2480/2480 2607/2607
f 2510/2510 2508/2508 2608/2608
f 2608/2608 2508/2508 2609/2609
f 2609/2609 2508/2508 2509/2509
f 2610/2610 2509/2509 2478/2478
f 2481/2481 2477/2477 2611/2611
f 2611/2611 2477/2477 2612/2612
f 2479/2479 2433/2433 2556/2556
f 2607/2607 2480/2480 2434/2434
f 2613/2613 2512/2512 2481/2481
f 2580/2580 2511/2511 2614/2614
f 2614/2614 2511/2511 2512/2512
f 2614/2614 2512/2512 2613/2613
f 2485/2485 2513/2513 2615/2615
f 2616/2616 2557/2557 2584/2584
f 2586/2586 2517/2517 2617/2617
f 2584/2584 2585/2585 2588/2588
f 2618/2618 2537/2537 2538/2538
f 2588/2588 2589/2589 2619/2619
f 1363/1363 1400/1400 1460/1460
f 1432/1432 1431/1431 2586/2586
f 2619/2619 2589/2589 2594/2594
f 2523/2523 2486/2486 2593/2593
f 2620/2620 2523/2523 2593/2593
f 1478/1478 1462/1462 1463/1463
f 1418/1418 2545/2545 2621/2621
f 2622/2622 2597/2597 2596/2596
f 2572/2572 2574/2574 2623/2623
f 1488/1488 2598/2598 1535/1535
f 2623/2623 2574/2574 2624/2624
f 2624/2624 2574/2574 2573/2573
f 2625/2625 2550/2550 2576/2576
f 1519/1519 2576/2576 1442/1442
f 2601/2601 1445/1445 1499/1499
f 2602/2602 2470/2470 2603/2603
f 2603/2603 2470/2470 2471/2471
f 2482/2482 2503/2503 1550/1550
f 1550/1550 2503/2503 1548/1548
f 2577/2577 2507/2507 2578/2578
f 2578/2578 2507/2507 2473/2473
f 2504/2504 2505/2505 2606/2606
f 2475/2475 2531/2531 2605/2605
f 2605/2605 2531/2531 2476/2476
f 2605/2605 2476/2476 2626/2626
f 2626/2626 2476/2476 2607/2607
f 2612/2612 2510/2510 2627/2627
f 2627/2627 2510/2510 2608/2608
f 2609/2609 2509/2509 2610/2610
f 2477/2477 2510/2510 2612/2612
f 2610/2610 2478/2478 2479/2479
f 2610/2610 2479/2479 2556/2556
f 2607/2607 2434/2434 2628/2628
f 2434/2434 2555/2555 2628/2628
f 2615/2615 2513/2513 2482/2482
f 2615/2615 2482/2482 1550/1550
f 2580/2580 1414/1414 1413/1413
f 2556/2556 2411/2411 2581/2581
f 2581/2581 2532/2532 2629/2629
f 2630/2630 2485/2485 2615/2615
f 2583/2583 2558/2558 2616/2616
f 2558/2558 2557/2557 2616/2616
f 2617/2617 2517/2517 2485/2485
f 2617/2617 2485/2485 2630/2630
f 2616/2616 2584/2584 2631/2631
f 2631/2631 2584/2584 2632/2632
f 2584/2584 2588/2588 2632/2632
f 2632/2632 2588/2588 2619/2619
f 2541/2541 2521/2521 2633/2633
f 1457/1457 1456/1456 2634/2634
f 2634/2634 1456/1456 2562/2562
f 2634/2634 2562/2562 2635/2635
f 2635/2635 2562/2562 2563/2563
f 2563/2563 2520/2520 1582/1582
f 2635/2635 2563/2563 1582/1582
f 1582/1582 2520/2520 2539/2539
f 1582/1582 2539/2539 1580/1580
f 1580/1580 2539/2539 2590/2590
f 1432/1432 2586/2586 1554/1554
f 2633/2633 2521/2521 2565/2565
f 1505/1505 1478/1478 1479/1479
f 2633/2633 2565/2565 2592/2592
f 2633/2633 2592/2592 2636/2636
f 2592/2592 2524/2524 2637/2637
f 2636/2636 2592/2592 2637/2637
f 2638/2638 1480/1480 1481/1481
f 2639/2639 2622/2622 2596/2596
f 2596/2596 1509/1509 1511/1511
f 1488/1488 1535/1535 1514/1514
f 2640/2640 2575/2575 2641/2641
f 2575/2575 2551/2551 2641/2641
f 2641/2641 2551/2551 2600/2600
f 2624/2624 2573/2573 2599/2599
f 2625/2625 2599/2599 2550/2550
f 1519/1519 2625/2625 2576/2576
f 1441/1441 1519/1519 1442/1442
f 1444/1444 1498/1498 1445/1445
f 1548/1548 2503/2503 2602/2602
f 2642/2642 2579/2579 2605/2605
f 2613/2613 2481/2481 2611/2611
f 2643/2643 2580/2580 2614/2614
f 2538/2538 2644/2644 2618/2618
f 2590/2590 2591/2591 2645/2645
f 2620/2620 2593/2593 2646/2646
f 1508/1508 1480/1480 1527/1527
f 1527/1527 1480/1480 2638/2638
f 2647/2647 2544/2544 1418/1418
f 2623/2623 2624/2624 2648/2648
f 2600/2600 2552/2552 2649/2649
f 2650/2650 2624/2624 2599/2599
f 2650/2650 2599/2599 2625/2625
f 2603/2603 2504/2504 2651/2651
f 2504/2504 2606/2606 2651/2651
f 2604/2604 2577/2577 2652/2652
f 2577/2577 2578/2578 2652/2652
f 2609/2609 2610/2610 2653/2653
f 2654/2654 2610/2610 2556/2556
f 2611/2611 2612/2612 2655/2655
f 2628/2628 2555/2555 2656/2656
f 2657/2657 2555/2555 1414/1414
f 1414/1414 2580/2580 2657/2657
f 2643/2643 2614/2614 2658/2658
f 2658/2658 2614/2614 2613/2613
f 2583/2583 2616/2616 2659/2659
f 2660/2660 2661/2661 2662/2662
f 2663/2663 2616/2616 2631/2631
f 2631/2631 2632/2632 2663/2663
f 1554/1554 2586/2586 2617/2617
f 2618/2618 2644/2644 2664/2664
f 2665/2665 2635/2635 1582/1582
f 1580/1580 2590/2590 2645/2645
f 2636/2636 2637/2637 2666/2666
f 2633/2633 2636/2636 2666/2666
f 2666/2666 2637/2637 2667/2667
f 2668/2668 2620/2620 2646/2646
f 2646/2646 2593/2593 1555/1555
f 2593/2593 1432/1432 1555/1555
f 1588/1588 1527/1527 2638/2638
f 1532/1532 1484/1484 1483/1483
f 2647/2647 1418/1418 1658/1658
f 1658/1658 1418/1418 2621/2621
f 2639/2639 2596/2596 2669/2669
f 2669/2669 2596/2596 1511/1511
f 1491/1491 1533/1533 1466/1466
f 2640/2640 2641/2641 2670/2670
f 2670/2670 2641/2641 2600/2600
f 1535/1535 2671/2671 1536/1536
f 2650/2650 2648/2648 2624/2624
f 2672/2672 2650/2650 2625/2625
f 1518/1518 2625/2625 1519/1519
f 2673/2673 1518/1518 1441/1441
f 2602/2602 2603/2603 2674/2674
f 2675/2675 2606/2606 2604/2604
f 2675/2675 2604/2604 2652/2652
f 2652/2652 2578/2578 2676/2676
f 2578/2578 2579/2579 2677/2677
f 2678/2678 2605/2605 2626/2626
f 2626/2626 2607/2607 2679/2679
f 2655/2655 2612/2612 2627/2627
f 2680/2680 2627/2627 2608/2608
f 2654/2654 2556/2556 2681/2681
f 2682/2682 2615/2615 1550/1550
f 2656/2656 2555/2555 2657/2657
f 2658/2658 2613/2613 2683/2683
f 2683/2683 2613/2613 2684/2684
f 2684/2684 2613/2613 2611/2611
f 2581/2581 2629/2629 2685/2685
f 2686/2686 2630/2630 2615/2615
f 2685/2685 2661/2661 2660/2660
f 2660/2660 2662/2662 1606/1606
f 2617/2617 2630/2630 2687/2687
f 2688/2688 2622/2622 2639/2639
f 2669/2669 1511/1511 2689/2689
f 2690/2690 1485/1485 1613/1613
f 1613/1613 1485/1485 1558/1558
f 1634/1634 1515/1515 1533/1533
f 1514/1514 1536/1536 1598/1598
f 2670/2670 2600/2600 2649/2649
f 2670/2670 2649/2649 2691/2691
f 2672/2672 2648/2648 2650/2650
f 1518/1518 2672/2672 2625/2625
f 2692/2692 1518/1518 2673/2673
f 2693/2693 2692/2692 2673/2673
f 1498/1498 1444/1444 1523/1523
f 2694/2694 1548/1548 2695/2695
f 2695/2695 1548/1548 2602/2602
f 2676/2676 2578/2578 2677/2677
f 2579/2579 2642/2642 2696/2696
f 2677/2677 2579/2579 2696/2696
f 2651/2651 2606/2606 2697/2697
f 2697/2697 2606/2606 2675/2675
f 2698/2698 2642/2642 2605/2605
f 2698/2698 2605/2605 2678/2678
f 2678/2678 2626/2626 2679/2679
f 2655/2655 2627/2627 2680/2680
f 2653/2653 2610/2610 2654/2654
f 2682/2682 1550/1550 1549/1549
f 2679/2679 2607/2607 2628/2628
f 2643/2643 2657/2657 2580/2580
f 2684/2684 2611/2611 2655/2655
f 2686/2686 2615/2615 2682/2682
f 2699/2699 2581/2581 2685/2685
f 1606/1606 2662/2662 1604/1604
f 1554/1554 2617/2617 2700/2700
f 1524/1524 1459/1459 2701/2701
f 1584/1584 1457/1457 2634/2634
f 2634/2634 2635/2635 2665/2665
f 1584/1584 2634/2634 2665/2665
f 2665/2665 1582/1582 2702/2702
f 2702/2702 1582/1582 1581/1581
f 1580/1580 2645/2645 2703/2703
f 2704/2704 2633/2633 2666/2666
f 1526/1526 1528/1528 1608/1608
f 2668/2668 2646/2646 2705/2705
f 2706/2706 2668/2668 2705/2705
f 2646/2646 1555/1555 2705/2705
f 2705/2705 1555/1555 1632/1632
f 1656/1656 1530/1530 1589/1589
f 1658/1658 2621/2621 1659/1659
f 2707/2707 2639/2639 2669/2669
f 1592/1592 1515/1515 1634/1634
f 2708/2708 2709/2709 2710/2710
f 2709/2709 2640/2640 2670/2670
f 2710/2710 2709/2709 2670/2670
f 1537/1537 1493/1493 1639/1639
f 1596/1596 1537/1537 1639/1639
f 1617/1617 1517/1517 1567/1567
f 1598/1598 1536/1536 1693/1693
f 1536/1536 2671/2671 2711/2711
f 1693/1693 1536/1536 2711/2711
f 1467/1467 1495/1495 1568/1568
f 2711/2711 2671/2671 2712/2712
f 2648/2648 2672/2672 2713/2713
f 2713/2713 2672/2672 2692/2692
f 2692/2692 2672/2672 1518/1518
f 2692/2692 2693/2693 2714/2714
f 2715/2715 1498/1498 1600/1600
f 1571/1571 1572/1572 1474/1474
f 1546/1546 1547/1547 1470/1470
f 1549/1549 1548/1548 2694/2694
f 2695/2695 2602/2602 2674/2674
f 2603/2603 2651/2651 2674/2674
f 2696/2696 2642/2642 2698/2698
f 2680/2680 2608/2608 2716/2716
f 2608/2608 2609/2609 2716/2716
f 2716/2716 2609/2609 2653/2653
f 2556/2556 2581/2581 2699/2699
f 2630/2630 2686/2686 2687/2687
f 1581/1581 1580/1580 2703/2703
f 1525/1525 1524/1524 1631/1631
f 2717/2717 2704/2704 2666/2666
f 2717/2717 2666/2666 2667/2667
f 2717/2717 2667/2667 2718/2718
f 2718/2718 2667/2667 2719/2719
f 2688/2688 2639/2639 2707/2707
f 2689/2689 1511/1511 1611/1611
f 2720/2720 2713/2713 2692/2692
f 2720/2720 2692/2692 2714/2714
f 1547/1547 1570/1570 1450/1450
f 2674/2674 2651/2651 2721/2721
f 2721/2721 2651/2651 2697/2697
f 2676/2676 2677/2677 2722/2722
f 2723/2723 2697/2697 2675/2675
f 2724/2724 2655/2655 2680/2680
f 2679/2679 2628/2628 2725/2725
f 2725/2725 2628/2628 2656/2656
f 2684/2684 2655/2655 2726/2726
f 2727/2727 2658/2658 2683/2683
f 2699/2699 2685/2685 2728/2728
f 2728/2728 2685/2685 2660/2660
f 2728/2728 2660/2660 1652/1652
f 1652/1652 2660/2660 1606/1606
f 1605/1605 1604/1604 1627/1627
f 1628/1628 1553/1553 1607/1607
f 1524/1524 2701/2701 2729/2729
f 1586/1586 2730/2730 2731/2731
f 1584/1584 2665/2665 2732/2732
f 2732/2732 2665/2665 2733/2733
f 2733/2733 2665/2665 2702/2702
f 2717/2717 2718/2718 2734/2734
f 2735/2735 1608/1608 1609/1609
f 2718/2718 2719/2719 2736/2736
f 2734/2734 2718/2718 2736/2736
f 2737/2737 2738/2738 2739/2739
f 2739/2739 2738/2738 1684/1684
f 1684/1684 2738/2738 1682/1682
f 1685/1685 2740/2740 1656/1656
f 2741/2741 2647/2647 1658/1658
f 2742/2742 1613/1613 2743/2743
f 2743/2743 1613/1613 2744/2744
f 1613/1613 1612/1612 2744/2744
f 2745/2745 2708/2708 2746/2746
f 2708/2708 2710/2710 2746/2746
f 2746/2746 2710/2710 2747/2747
f 1596/1596 1668/1668 1597/1597
f 2710/2710 2670/2670 2747/2747
f 1516/1516 2748/2748 1593/1593
f 2747/2747 2670/2670 2691/2691
f 1693/1693 2711/2711 2749/2749
f 2749/2749 2711/2711 2712/2712
f 2749/2749 2712/2712 2750/2750
f 2749/2749 2750/2750 2751/2751
f 2720/2720 2714/2714 2752/2752
f 2753/2753 2715/2715 1600/1600
f 1620/1620 1520/1520 1622/1622
f 2694/2694 2695/2695 2754/2754
f 2695/2695 2674/2674 2755/2755
f 2756/2756 1549/1549 2694/2694
f 2682/2682 1549/1549 2756/2756
f 2652/2652 2676/2676 2757/2757
f 2758/2758 2698/2698 2678/2678
f 2678/2678 2679/2679 2725/2725
f 2724/2724 2680/2680 2759/2759
f 2759/2759 2680/2680 2716/2716
f 2716/2716 2653/2653 2760/2760
f 2761/2761 2726/2726 2655/2655
f 2654/2654 2681/2681 2762/2762
f 2725/2725 2656/2656 1750/1750
f 2681/2681 2556/2556 2763/2763
f 2556/2556 2699/2699 2763/2763
f 2686/2686 2682/2682 2764/2764
f 1750/1750 2656/2656 2657/2657
f 2765/2765 2643/2643 2766/2766
f 2643/2643 2658/2658 2766/2766
f 2766/2766 2658/2658 2727/2727
f 2767/2767 2687/2687 2768/2768
f 2617/2617 2687/2687 2767/2767
f 1627/1627 1626/1626 2769/2769
f 1554/1554 2700/2700 1629/1629
f 2770/2770 2769/2769 2771/2771
f 1607/1607 1608/1608 2735/2735
f 1630/1630 1524/1524 2729/2729
f 1586/1586 2731/2731 2772/2772
f 2773/2773 2732/2732 2733/2733
f 2733/2733 2702/2702 2774/2774
f 2702/2702 1581/1581 2774/2774
f 2775/2775 1581/1581 2703/2703
f 1631/1631 1630/1630 1680/1680
f 2719/2719 2776/2776 2736/2736
f 2777/2777 2737/2737 2739/2739
f 2739/2739 1684/1684 2778/2778
f 2741/2741 1658/1658 1660/1660
f 2707/2707 2669/2669 2779/2779
f 2779/2779 2669/2669 2689/2689
f 2780/2780 1700/1700 2781/2781
f 1686/1686 2780/2780 2782/2782
f 2782/2782 2780/2780 2781/2781
f 2783/2783 1686/1686 2782/2782
f 1663/1663 1637/1637 1563/1563
f 1637/1637 2784/2784 1594/1594
f 1595/1595 1701/1701 1638/1638
f 1668/1668 1596/1596 1667/1667
f 2748/2748 1663/1663 1593/1593
f 1593/1593 1663/1663 1563/1563
f 1616/1616 2785/2785 1617/1617
f 1538/1538 1669/1669 1618/1618
f 1693/1693 2749/2749 1694/1694
f 1694/1694 2749/2749 2751/2751
f 1568/1568 1618/1618 1569/1569
f 2751/2751 2750/2750 2786/2786
f 2753/2753 1600/1600 1734/1734
f 1540/1540 1670/1670 1541/1541
f 1544/1544 1672/1672 1502/1502
f 2787/2787 2694/2694 2754/2754
f 2754/2754 2695/2695 2755/2755
f 2755/2755 2674/2674 2721/2721
f 2723/2723 2675/2675 2652/2652
f 2723/2723 2652/2652 2757/2757
f 2757/2757 2676/2676 2788/2788
f 2788/2788 2676/2676 2722/2722
f 2722/2722 2677/2677 2789/2789
f 2789/2789 2677/2677 2696/2696
f 2696/2696 2698/2698 2789/2789
f 2789/2789 2698/2698 2758/2758
f 2758/2758 2678/2678 2725/2725
f 2759/2759 2716/2716 2760/2760
f 2764/2764 2682/2682 2756/2756
f 2761/2761 2655/2655 2724/2724
f 2760/2760 2653/2653 2762/2762
f 2653/2653 2654/2654 2762/2762
f 2681/2681 2763/2763 2762/2762
f 1750/1750 2657/2657 2643/2643
f 1750/1750 2643/2643 1748/1748
f 1748/1748 2643/2643 2765/2765
f 2727/2727 2683/2683 2790/2790
f 2790/2790 2683/2683 2684/2684
f 2763/2763 2699/2699 2791/2791
f 2791/2791 2699/2699 2728/2728
f 2768/2768 2687/2687 2686/2686
f 2768/2768 2686/2686 2764/2764
f 2728/2728 1652/1652 2792/2792
f 1605/1605 1627/1627 2793/2793
f 2793/2793 1627/1627 2794/2794
f 2700/2700 2617/2617 2767/2767
f 2794/2794 1627/1627 2769/2769
f 2794/2794 2769/2769 2770/2770
f 1629/1629 2700/2700 2767/2767
f 2770/2770 2771/2771 2795/2795
f 2796/2796 1607/1607 2735/2735
f 1630/1630 2729/2729 2797/2797
f 2732/2732 2773/2773 2798/2798
f 2774/2774 1581/1581 2775/2775
f 2735/2735 1609/1609 2799/2799
f 1653/1653 1586/1586 2772/2772
f 2773/2773 2733/2733 2774/2774
f 2800/2800 2775/2775 2703/2703
f 2801/2801 2740/2740 1685/1685
f 2777/2777 2739/2739 2778/2778
f 2778/2778 1684/1684 2802/2802
f 2803/2803 2688/2688 2804/2804
f 2804/2804 2707/2707 2805/2805
f 2805/2805 2707/2707 2779/2779
f 2779/2779 2689/2689 1611/1611
f 1688/1688 1698/1698 2780/2780
f 2780/2780 1698/1698 1700/1700
f 2743/2743 2744/2744 2806/2806
f 1686/1686 1688/1688 2780/2780
f 2807/2807 2808/2808 2809/2809
f 2781/2781 1700/1700 1728/1728
f 2808/2808 2745/2745 2810/2810
f 2809/2809 2808/2808 2810/2810
f 1612/1612 1661/1661 2811/2811
f 2744/2744 1612/1612 2811/2811
f 2745/2745 2746/2746 2810/2810
f 2811/2811 1661/1661 2812/2812
f 2810/2810 2746/2746 2747/2747
f 2812/2812 1661/1661 1665/1665
f 1689/1689 2785/2785 1616/1616
f 1642/1642 1599/1599 1692/1692
f 1694/1694 2751/2751 2813/2813
f 1569/1569 1618/1618 1770/1770
f 2813/2813 2751/2751 2786/2786
f 1735/1735 2753/2753 1734/1734
f 1734/1734 1600/1600 1645/1645
f 2787/2787 2756/2756 2694/2694
f 2721/2721 2697/2697 2814/2814
f 2814/2814 2697/2697 2723/2723
f 2790/2790 2684/2684 2726/2726
f 2815/2815 2766/2766 2727/2727
f 2791/2791 2728/2728 2792/2792
f 2792/2792 1652/1652 1605/1605
f 2792/2792 1605/1605 2793/2793
f 1583/1583 1629/1629 2816/2816
f 1679/1679 1630/1630 2797/2797
f 1681/1681 1583/1583 2816/2816
f 2817/2817 1680/1680 1679/1679
f 1653/1653 2772/2772 1714/1714
f 2818/2818 2819/2819 2820/2820
f 2775/2775 2800/2800 2821/2821
f 2734/2734 2736/2736 2822/2822
f 2773/2773 2774/2774 2823/2823
f 2736/2736 2776/2776 2824/2824
f 2822/2822 2736/2736 2824/2824
f 2776/2776 2825/2825 2824/2824
f 2826/2826 2777/2777 2778/2778
f 2826/2826 2778/2778 2827/2827
f 2827/2827 2778/2778 2802/2802
f 2802/2802 1684/1684 1718/1718
f 2827/2827 2802/2802 1718/1718
f 2828/2828 2741/2741 1660/1660
f 2804/2804 2688/2688 2707/2707
f 2829/2829 1759/1759 1699/1699
f 2830/2830 2829/2829 1698/1698
f 1698/1698 2829/2829 1699/1699
f 2779/2779 1611/1611 2831/2831
f 1611/1611 2832/2832 2831/2831
f 2833/2833 2830/2830 1688/1688
f 2830/2830 1698/1698 1688/1688
f 2834/2834 2743/2743 2806/2806
f 1687/1687 2833/2833 1688/1688
f 2806/2806 2744/2744 2811/2811
f 1727/1727 2784/2784 1725/1725
f 1636/1636 2835/2835 1666/1666
f 1663/1663 2836/2836 1664/1664
f 1664/1664 1725/1725 1637/1637
f 1637/1637 1725/1725 2784/2784
f 1701/1701 1703/1703 1638/1638
f 2837/2837 1667/1667 1704/1704
f 1667/1667 2837/2837 1729/1729
f 1667/1667 1729/1729 1668/1668
f 1668/1668 1729/1729 1689/1689
f 1689/1689 2838/2838 2785/2785
f 2812/2812 1665/1665 1690/1690
f 1669/1669 1641/1641 1705/1705
f 1733/1733 1692/1692 1694/1694
f 1733/1733 1694/1694 2813/2813
f 1569/1569 1770/1770 1643/1643
f 2764/2764 2756/2756 2839/2839
f 2840/2840 2723/2723 2757/2757
f 2722/2722 2789/2789 2841/2841
f 2841/2841 2789/2789 2842/2842
f 2843/2843 2761/2761 2724/2724
f 2843/2843 2724/2724 2759/2759
f 2759/2759 2760/2760 2844/2844
f 2814/2814 2723/2723 2840/2840
f 2760/2760 2762/2762 2845/2845
f 2846/2846 2725/2725 1750/1750
f 2815/2815 2727/2727 2847/2847
f 2727/2727 2790/2790 2847/2847
f 2847/2847 2790/2790 2848/2848
f 1629/1629 2767/2767 2849/2849
f 2796/2796 2735/2735 2850/2850
f 2735/2735 2799/2799 2851/2851
f 2850/2850 2735/2735 2851/2851
f 2852/2852 1679/1679 2797/2797
f 1679/1679 2852/2852 1752/1752
f 2853/2853 2798/2798 2773/2773
f 2854/2854 2855/2855 2856/2856
f 2856/2856 2855/2855 2857/2857
f 2818/2818 2820/2820 2858/2858
f 1754/1754 2817/2817 1679/1679
f 1754/1754 1679/1679 1752/1752
f 2821/2821 2800/2800 2859/2859
f 1821/1821 1685/1685 1655/1655
f 1684/1684 1683/1683 1716/1716
f 1821/1821 1655/1655 1755/1755
f 2824/2824 2825/2825 2860/2860
f 2860/2860 2825/2825 2861/2861
f 2862/2862 2741/2741 2828/2828
f 2826/2826 2827/2827 2863/2863
f 2864/2864 2826/2826 2863/2863
f 2863/2863 2827/2827 2829/2829
f 2829/2829 2827/2827 1718/1718
f 2829/2829 1718/1718 1759/1759
f 2833/2833 2863/2863 2830/2830
f 2863/2863 2833/2833 2865/2865
f 2863/2863 2829/2829 2830/2830
f 2866/2866 2867/2867 2868/2868
f 2868/2868 2867/2867 2807/2807
f 2868/2868 2807/2807 2869/2869
f 1700/1700 1699/1699 1722/1722
f 2870/2870 2834/2834 2806/2806
f 2807/2807 2809/2809 2869/2869
f 1636/1636 1724/1724 2835/2835
f 2809/2809 2810/2810 2871/2871
f 2869/2869 2809/2809 2871/2871
f 2836/2836 1725/1725 1664/1664
f 1621/1621 1739/1739 1670/1670
f 2872/2872 2754/2754 2755/2755
f 2842/2842 2789/2789 2873/2873
f 2873/2873 2789/2789 2758/2758
f 2758/2758 2725/2725 2874/2874
f 2875/2875 2761/2761 2843/2843
f 2844/2844 2760/2760 2845/2845
f 2876/2876 2726/2726 2761/2761
f 2846/2846 1750/1750 1749/1749
f 2848/2848 2790/2790 2876/2876
f 2790/2790 2726/2726 2876/2876
f 2762/2762 2763/2763 2877/2877
f 2768/2768 2764/2764 2878/2878
f 2878/2878 2764/2764 2839/2839
f 1748/1748 2765/2765 2766/2766
f 1748/1748 2766/2766 2879/2879
f 2879/2879 2766/2766 2815/2815
f 2763/2763 2791/2791 2877/2877
f 2791/2791 2792/2792 2880/2880
f 2878/2878 2767/2767 2768/2768
f 2792/2792 2793/2793 2881/2881
f 2849/2849 2767/2767 2882/2882
f 2881/2881 2793/2793 2883/2883
f 2883/2883 2793/2793 2794/2794
f 2794/2794 2770/2770 2883/2883
f 2883/2883 2770/2770 2795/2795
f 1629/1629 2849/2849 2816/2816
f 2884/2884 2795/2795 2885/2885
f 1683/1683 1797/1797 1751/1751
f 2886/2886 2801/2801 1685/1685
f 1753/1753 1752/1752 2852/2852
f 2886/2886 1685/1685 1821/1821
f 2856/2856 2857/2857 2887/2887
f 2888/2888 2889/2889 2890/2890
f 2891/2891 1715/1715 1714/1714
f 2892/2892 2854/2854 2856/2856
f 2818/2818 2858/2858 2893/2893
f 2888/2888 2890/2890 2894/2894
f 2895/2895 2822/2822 2824/2824
f 2895/2895 2824/2824 2860/2860
f 2895/2895 2860/2860 2861/2861
f 2896/2896 2803/2803 2897/2897
f 2897/2897 2803/2803 2804/2804
f 2865/2865 2864/2864 2863/2863
f 2805/2805 2779/2779 2898/2898
f 1699/1699 1759/1759 1722/1722
f 2866/2866 2868/2868 2899/2899
f 2900/2900 2834/2834 2870/2870
f 2868/2868 2869/2869 2899/2899
f 2837/2837 1784/1784 1729/1729
f 1784/1784 2837/2837 2901/2901
f 2899/2899 2869/2869 2871/2871
f 1725/1725 2902/2902 1726/1726
f 2870/2870 2806/2806 2811/2811
f 2870/2870 2811/2811 2903/2903
f 2904/2904 2902/2902 1725/1725
f 2836/2836 2904/2904 1725/1725
f 1702/1702 1761/1761 1703/1703
f 1704/1704 2901/2901 2837/2837
f 1730/1730 2905/2905 2838/2838
f 1689/1689 1730/1730 2838/2838
f 2903/2903 2811/2811 2906/2906
f 2906/2906 2811/2811 2812/2812
f 1786/1786 2812/2812 1690/1690
f 1713/1713 1651/1651 1747/1747
f 2756/2756 2787/2787 2907/2907
f 2907/2907 2787/2787 2754/2754
f 2907/2907 2754/2754 2908/2908
f 2908/2908 2754/2754 2872/2872
f 2755/2755 2721/2721 2872/2872
f 2840/2840 2757/2757 2909/2909
f 2909/2909 2757/2757 2788/2788
f 2909/2909 2788/2788 2910/2910
f 2788/2788 2722/2722 2910/2910
f 2722/2722 2841/2841 2910/2910
f 2873/2873 2758/2758 2874/2874
f 2843/2843 2759/2759 2911/2911
f 2911/2911 2759/2759 2844/2844
f 2874/2874 2725/2725 2846/2846
f 2875/2875 2876/2876 2761/2761
f 2845/2845 2762/2762 2912/2912
f 2762/2762 2877/2877 2912/2912
f 1749/1749 1748/1748 2879/2879
f 2877/2877 2791/2791 2880/2880
f 2880/2880 2792/2792 2881/2881
f 2882/2882 2767/2767 2878/2878
f 2883/2883 2795/2795 2884/2884
f 2913/2913 2914/2914 2915/2915
f 1715/1715 2891/2891 2916/2916
f 2917/2917 2892/2892 2856/2856
f 2917/2917 2856/2856 2918/2918
f 2918/2918 2856/2856 2887/2887
f 2893/2893 2858/2858 2919/2919
f 2920/2920 2889/2889 2888/2888
f 2888/2888 2894/2894 2921/2921
f 2918/2918 2887/2887 2922/2922
f 2923/2923 2893/2893 2919/2919
f 2920/2920 2888/2888 2921/2921
f 1717/1717 1716/1716 2924/2924
f 2925/2925 2895/2895 2861/2861
f 2925/2925 2861/2861 2926/2926
f 1718/1718 1717/1717 1758/1758
f 2804/2804 2805/2805 2927/2927
f 2926/2926 2861/2861 2899/2899
f 2927/2927 2805/2805 2898/2898
f 2861/2861 2866/2866 2899/2899
f 1721/1721 1757/1757 1779/1779
f 1722/1722 1759/1759 1758/1758
f 2898/2898 2779/2779 2928/2928
f 2779/2779 2831/2831 2928/2928
f 1721/1721 1779/1779 1724/1724
f 1760/1760 2929/2929 2930/2930
f 2931/2931 2932/2932 2933/2933
f 2934/2934 2902/2902 2904/2904
f 2902/2902 2935/2935 1726/1726
f 2935/2935 2936/2936 1726/1726
f 1760/1760 2930/2930 1761/1761
f 2932/2932 2931/2931 1782/1782
f 2931/2931 1780/1780 1782/1782
f 2937/2937 2905/2905 1730/1730
f 1728/1728 1723/1723 1762/1762
f 2906/2906 2812/2812 1786/1786
f 2839/2839 2756/2756 2907/2907
f 2721/2721 2814/2814 2938/2938
f 2840/2840 2909/2909 2939/2939
f 2940/2940 2846/2846 1749/1749
f 2941/2941 2815/2815 2847/2847
f 2941/2941 2847/2847 2942/2942
f 2882/2882 2878/2878 1861/1861
f 2849/2849 2882/2882 2943/2943
f 2816/2816 2849/2849 2943/2943
f 2944/2944 2886/2886 2945/2945
f 2886/2886 1821/1821 2945/2945
f 2913/2913 2915/2915 2946/2946
f 2946/2946 2915/2915 2947/2947
f 2948/2948 2920/2920 2921/2921
f 1715/1715 2916/2916 1778/1778
f 2949/2949 2917/2917 1802/1802
f 1802/1802 2917/2917 2918/2918
f 2918/2918 2922/2922 1803/1803
f 2923/2923 2919/2919 2950/2950
f 1717/1717 2924/2924 1758/1758
f 1757/1757 1715/1715 1778/1778
f 1802/1802 2918/2918 1803/1803
f 1803/1803 2922/2922 2951/2951
f 2923/2923 2950/2950 2952/2952
f 2953/2953 2923/2923 2952/2952
f 2948/2948 2921/2921 2954/2954
f 2954/2954 2921/2921 1805/1805
f 1804/1804 1803/1803 2951/2951
f 2929/2929 2953/2953 2952/2952
f 2949/2949 1802/1802 1804/1804
f 2955/2955 2954/2954 1780/1780
f 1780/1780 2954/2954 1805/1805
f 2926/2926 2899/2899 2956/2956
f 1804/1804 2951/2951 2957/2957
f 2929/2929 2952/2952 2930/2930
f 1722/1722 1758/1758 2958/2958
f 2959/2959 2949/2949 1804/1804
f 2933/2933 2955/2955 2931/2931
f 2955/2955 1780/1780 2931/2931
f 2959/2959 1804/1804 2960/2960
f 2961/2961 2956/2956 2899/2899
f 2961/2961 2899/2899 2871/2871
f 2906/2906 1786/1786 2962/2962
f 1706/1706 1836/1836 1766/1766
f 1808/1808 1707/1707 1809/1809
f 1673/1673 1711/1711 1793/1793
f 1793/1793 1816/1816 1743/1743
f 2963/2963 2908/2908 2872/2872
f 2964/2964 2839/2839 2907/2907
f 2872/2872 2721/2721 2965/2965
f 2965/2965 2721/2721 2938/2938
f 2966/2966 2841/2841 2842/2842
f 2966/2966 2842/2842 2873/2873
f 2967/2967 2873/2873 2874/2874
f 2968/2968 2875/2875 2843/2843
f 2878/2878 2839/2839 1861/1861
f 2874/2874 2846/2846 2940/2940
f 2968/2968 2876/2876 2875/2875
f 2942/2942 2847/2847 2848/2848
f 2969/2969 2848/2848 2876/2876
f 2969/2969 2876/2876 2968/2968
f 2970/2970 2912/2912 2877/2877
f 2970/2970 2877/2877 2971/2971
f 2879/2879 2815/2815 2972/2972
f 2972/2972 2815/2815 2941/2941
f 2877/2877 2880/2880 2973/2973
f 2973/2973 2880/2880 2974/2974
f 2880/2880 2881/2881 2974/2974
f 2974/2974 2881/2881 2883/2883
f 2974/2974 2883/2883 2975/2975
f 2975/2975 2883/2883 2976/2976
f 2976/2976 2883/2883 2884/2884
f 1797/1797 2977/2977 1798/1798
f 2978/2978 2884/2884 2885/2885
f 2979/2979 2944/2944 2945/2945
f 2945/2945 1821/1821 1820/1820
f 1751/1751 2980/2980 1716/1716
f 1799/1799 1719/1719 1843/1843
f 2946/2946 2947/2947 2981/2981
f 2981/2981 2947/2947 2982/2982
f 2983/2983 2862/2862 2828/2828
f 2983/2983 2828/2828 2984/2984
f 2985/2985 2896/2896 2897/2897
f 2955/2955 2948/2948 2954/2954
f 1758/1758 2924/2924 2986/2986
f 2897/2897 2804/2804 2927/2927
f 2987/2987 2927/2927 2898/2898
f 2988/2988 2926/2926 2956/2956
f 2958/2958 1758/1758 2986/2986
f 2989/2989 2898/2898 2928/2928
f 1781/1781 1806/1806 2990/2990
f 2991/2991 2900/2900 2870/2870
f 1723/1723 1722/1722 2958/2958
f 2992/2992 2870/2870 2903/2903
f 2903/2903 2906/2906 2993/2993
f 2993/2993 2906/2906 2962/2962
f 1705/1705 1807/1807 1706/1706
f 1825/1825 1787/1787 1789/1789
f 2964/2964 2907/2907 2994/2994
f 2907/2907 2908/2908 2963/2963
f 2963/2963 2872/2872 2995/2995
f 2995/2995 2872/2872 2996/2996
f 2872/2872 2965/2965 2996/2996
f 2938/2938 2814/2814 2840/2840
f 2939/2939 2909/2909 2997/2997
f 2997/2997 2909/2909 2998/2998
f 2998/2998 2909/2909 2910/2910
f 2998/2998 2910/2910 2999/2999
f 2910/2910 2841/2841 2999/2999
f 2999/2999 2841/2841 2966/2966
f 2966/2966 2873/2873 3000/3000
f 3000/3000 2873/2873 3001/3001
f 3001/3001 2873/2873 2967/2967
f 2967/2967 2874/2874 3002/3002
f 3003/3003 2968/2968 2843/2843
f 2843/2843 2911/2911 3004/3004
f 3004/3004 2911/2911 2844/2844
f 3005/3005 2844/2844 2845/2845
f 1861/1861 2839/2839 2964/2964
f 3002/3002 2874/2874 2940/2940
f 2845/2845 2912/2912 2970/2970
f 3006/3006 2845/2845 2970/2970
f 2940/2940 1749/1749 3007/3007
f 1749/1749 2879/2879 3007/3007
f 3007/3007 2879/2879 2972/2972
f 2942/2942 2848/2848 2969/2969
f 2877/2877 2973/2973 2971/2971
f 2976/2976 2884/2884 2978/2978
f 2979/2979 2945/2945 3008/3008
f 3008/3008 2945/2945 1820/1820
f 1716/1716 2980/2980 2924/2924
f 1723/1723 2958/2958 1822/1822
f 2991/2991 2870/2870 2992/2992
f 3009/3009 2903/2903 2993/2993
f 2962/2962 1786/1786 1835/1835
f 1867/1867 1824/1824 1823/1823
f 1813/1813 1790/1790 1740/1740
f 1741/1741 1828/1828 1831/1831
f 2994/2994 2907/2907 2963/2963
f 2938/2938 2840/2840 2939/2939
f 3003/3003 2843/2843 3004/3004
f 3004/3004 2844/2844 3005/3005
f 3005/3005 2845/2845 3006/3006
f 3010/3010 2970/2970 2971/2971
f 3011/3011 2882/2882 1861/1861
f 2943/2943 2882/2882 3011/3011
f 2973/2973 2974/2974 3012/3012
f 2974/2974 2975/2975 3012/3012
f 3013/3013 2975/2975 2976/2976
f 1751/1751 1798/1798 3014/3014
f 1751/1751 3014/3014 2980/2980
f 1863/1863 3008/3008 1820/1820
f 3015/3015 2983/2983 3016/3016
f 3016/3016 2983/2983 2984/2984
f 2985/2985 2897/2897 3017/3017
f 2897/2897 2927/2927 3017/3017
f 2987/2987 2898/2898 2989/2989
f 2989/2989 2928/2928 3018/3018
f 1762/1762 1822/1822 3019/3019
f 2992/2992 2903/2903 3009/3009
f 1785/1785 1762/1762 3019/3019
f 2993/2993 2962/2962 3020/3020
f 3020/3020 2962/2962 1835/1835
f 1706/1706 1807/1807 1851/1851
f 1706/1706 1851/1851 1836/1836
f 1837/1837 1808/1808 1809/1809
f 2999/2999 2966/2966 3000/3000
f 3000/3000 3001/3001 3021/3021
f 3006/3006 2970/2970 3010/3010
f 3022/3022 2969/2969 2968/2968
f 3023/3023 3007/3007 2972/2972
f 2942/2942 2969/2969 3022/3022
f 2971/2971 2973/2973 3024/3024
f 3013/3013 2976/2976 2978/2978
f 1798/1798 2977/2977 1907/1907
f 1798/1798 1907/1907 1909/1909
f 3025/3025 2979/2979 3008/3008
f 1834/1834 1833/1833 1775/1775
f 2924/2924 3026/3026 2986/2986
f 3017/3017 2927/2927 2987/2987
f 2958/2958 2986/2986 3027/3027
f 3009/3009 2993/2993 3020/3020
f 1853/1853 1790/1790 1813/1813
f 1826/1826 1855/1855 1810/1810
f 1772/1772 1890/1890 1812/1812
f 1846/1846 1847/1847 1817/1817
f 2994/2994 2963/2963 3028/3028
f 3028/3028 2963/2963 2995/2995
f 1859/1859 2964/2964 2994/2994
f 1859/1859 1861/1861 2964/2964
f 2996/2996 2965/2965 3029/3029
f 2965/2965 2938/2938 3029/3029
f 3030/3030 2939/2939 2997/2997
f 3030/3030 2997/2997 3031/3031
f 3031/3031 2997/2997 2998/2998
f 3032/3032 2999/2999 3033/3033
f 3033/3033 2999/2999 3000/3000
f 3001/3001 2967/2967 3034/3034
f 3035/3035 3003/3003 3004/3004
f 3035/3035 3004/3004 3036/3036
f 3036/3036 3004/3004 3037/3037
f 3037/3037 3004/3004 3005/3005
f 3037/3037 3005/3005 3006/3006
f 3029/3029 2938/2938 3038/3038
f 2938/2938 2939/2939 3038/3038
f 3038/3038 2939/2939 3030/3030
f 3034/3034 2967/2967 3002/3002
f 3039/3039 2968/2968 3003/3003
f 3040/3040 3006/3006 3010/3010
f 3034/3034 3002/3002 3041/3041
f 3002/3002 2940/2940 3041/3041
f 3022/3022 2968/2968 3039/3039
f 3011/3011 1861/1861 1860/1860
f 2940/2940 3007/3007 3023/3023
f 3042/3042 3023/3023 2972/2972
f 3042/3042 2972/2972 2941/2941
f 3024/3024 2973/2973 3012/3012
f 3043/3043 2943/2943 3011/3011
f 3012/3012 2975/2975 3013/3013
f 3013/3013 2978/2978 3044/3044
f 3014/3014 1798/1798 1909/1909
f 1863/1863 3025/3025 3008/3008
f 1850/1850 1863/1863 1820/1820
f 2924/2924 2980/2980 3026/3026
f 3016/3016 2984/2984 3045/3045
f 3046/3046 2985/2985 3017/3017
f 2987/2987 2989/2989 3047/3047
f 3048/3048 3018/3018 3049/3049
f 3050/3050 2991/2991 2992/2992
f 3019/3019 1822/1822 1913/1913
f 2992/2992 3009/3009 3051/3051
f 3050/3050 2992/2992 3051/3051
f 3051/3051 3009/3009 3020/3020
f 3052/3052 1837/1837 1854/1854
f 1836/1836 1890/1890 1772/1772
f 1814/1814 1873/1873 1815/1815
f 1828/1828 1876/1876 1856/1856
f 1812/1812 1879/1879 1848/1848
f 3053/3053 2995/2995 2996/2996
f 3031/3031 2998/2998 3032/3032
f 3032/3032 2998/2998 2999/2999
f 3039/3039 3003/3003 3035/3035
f 3037/3037 3006/3006 3040/3040
f 3041/3041 2940/2940 3023/3023
f 3010/3010 2971/2971 3054/3054
f 3055/3055 3042/3042 2941/2941
f 3055/3055 2941/2941 2942/2942
f 3055/3055 2942/2942 3056/3056
f 2971/2971 3024/3024 3054/3054
f 3057/3057 3058/3058 3059/3059
f 3059/3059 1882/1882 3060/3060
f 1883/1883 1834/1834 1842/1842
f 3061/3061 3015/3015 3016/3016
f 2986/2986 3026/3026 3062/3062
f 3027/3027 2986/2986 3062/3062
f 3047/3047 2989/2989 3048/3048
f 2989/2989 3018/3018 3048/3048
f 1822/1822 2958/2958 3027/3027
f 3063/3063 3051/3051 3020/3020
f 1785/1785 3019/3019 1865/1865
f 3064/3064 1869/1869 1868/1868
f 1892/1892 1827/1827 1844/1844
f 1836/1836 1852/1852 1890/1890
f 1875/1875 1853/1853 1813/1813
f 1815/1815 1888/1888 1839/1839
f 1839/1839 1888/1888 1858/1858
f 1859/1859 2994/2994 1905/1905
f 1905/1905 2994/2994 3028/3028
f 3028/3028 2995/2995 3053/3053
f 3053/3053 2996/2996 3029/3029
f 3038/3038 3030/3030 3031/3031
f 3031/3031 3032/3032 3065/3065
f 3032/3032 3033/3033 3065/3065
f 3066/3066 3033/3033 3000/3000
f 3066/3066 3000/3000 3021/3021
f 3067/3067 3021/3021 3001/3001
f 3067/3067 3001/3001 3034/3034
f 3068/3068 3039/3039 3069/3069
f 3070/3070 3022/3022 3039/3039
f 3070/3070 3039/3039 3068/3068
f 3040/3040 3010/3010 3071/3071
f 3011/3011 1860/1860 3072/3072
f 2942/2942 3022/3022 3070/3070
f 3071/3071 3010/3010 3054/3054
f 3056/3056 2942/2942 3070/3070
f 3073/3073 3074/3074 3058/3058
f 3057/3057 3073/3073 3058/3058
f 3060/3060 3057/3057 3059/3059
f 1881/1881 3060/3060 1882/1882
f 2980/2980 3014/3014 3075/3075
f 2980/2980 3075/3075 3026/3026
f 3076/3076 3016/3016 3045/3045
f 3046/3046 3017/3017 3077/3077
f 3077/3077 3017/3017 2987/2987
f 3077/3077 2987/2987 3078/3078
f 3078/3078 2987/2987 3047/3047
f 1822/1822 3027/3027 1911/1911
f 3079/3079 3048/3048 3049/3049
f 1913/1913 1822/1822 1911/1911
f 3080/3080 3081/3081 3082/3082
f 3083/3083 3064/3064 1868/1868
f 1866/1866 1865/1865 1918/1918
f 1866/1866 1918/1918 1929/1929
f 1837/1837 3052/3052 3084/3084
f 1892/1892 1870/1870 1827/1827
f 1885/1885 3052/3052 1854/1854
f 1837/1837 3084/3084 1855/1855
f 3085/3085 1922/1922 3086/3086
f 3087/3087 1892/1892 1872/1872
f 1838/1838 1871/1871 1876/1876
f 1858/1858 1888/1888 3088/3088
f 3088/3088 1889/1889 1858/1858
f 1846/1846 1875/1875 1847/1847
f 3065/3065 3033/3033 3066/3066
f 3039/3039 3035/3035 3069/3069
f 3069/3069 3035/3035 3036/3036
f 3034/3034 3041/3041 3089/3089
f 3023/3023 3089/3089 3041/3041
f 3043/3043 3011/3011 3072/3072
f 3090/3090 3091/3091 3092/3092
f 3093/3093 3094/3094 3095/3095
f 3096/3096 3074/3074 3073/3073
f 3097/3097 3073/3073 3057/3057
f 3014/3014 1909/1909 3098/3098
f 1864/1864 1862/1862 1850/1850
f 1884/1884 1864/1864 1834/1834
f 3026/3026 3075/3075 3099/3099
f 3061/3061 3016/3016 3076/3076
f 3026/3026 3099/3099 3062/3062
f 3027/3027 3062/3062 3100/3100
f 3027/3027 3100/3100 1911/1911
f 3019/3019 1913/1913 1865/1865
f 1891/1891 3083/3083 1868/1868
f 1893/1893 1891/1891 1870/1870
f 1920/1920 1923/1923 3085/3085
f 3085/3085 1923/1923 1922/1922
f 1894/1894 1885/1885 1853/1853
f 1871/1871 1886/1886 1901/1901
f 1871/1871 1901/1901 1876/1876
f 1889/1889 1899/1899 1877/1877
f 1846/1846 1900/1900 1875/1875
f 1876/1876 1902/1902 1856/1856
f 1860/1860 1859/1859 1906/1906
f 3101/3101 3102/3102 3103/3103
f 3103/3103 3104/3104 3101/3101
f 3104/3104 3105/3105 3106/3106
f 3106/3106 3105/3105 3107/3107
f 3106/3106 3107/3107 3108/3108
f 3109/3109 3107/3107 3110/3110
f 3107/3107 3111/3111 3110/3110
f 3111/3111 3112/3112 3113/3113
f 3113/3113 3112/3112 3114/3114
f 3068/3068 3069/3069 3115/3115
f 3069/3069 3036/3036 3115/3115
f 3036/3036 3037/3037 3116/3116
f 3116/3116 3037/3037 3117/3117
f 3117/3117 3037/3037 3040/3040
f 3072/3072 1860/1860 1906/1906
f 3101/3101 3104/3104 3118/3118
f 3119/3119 3034/3034 3089/3089
f 3117/3117 3040/3040 3071/3071
f 3120/3120 3091/3091 3090/3090
f 3121/3121 3122/3122 3096/3096
f 1907/1907 3123/3123 1908/1908
f 3124/3124 3096/3096 3073/3073
f 3092/3092 3125/3125 3126/3126
f 3126/3126 3125/3125 3127/3127
f 3127/3127 3125/3125 3094/3094
f 3124/3124 3073/3073 3097/3097
f 3097/3097 3057/3057 3128/3128
f 3128/3128 3057/3057 3060/3060
f 3128/3128 3060/3060 1881/1881
f 3129/3129 3128/3128 1881/1881
f 1864/1864 3130/3130 1862/1862
f 3075/3075 3014/3014 3098/3098
f 3075/3075 3131/3131 3099/3099
f 3132/3132 3061/3061 3133/3133
f 3133/3133 3061/3061 3076/3076
f 3076/3076 3045/3045 3134/3134
f 3047/3047 3048/3048 3135/3135
f 3136/3136 3137/3137 3080/3080
f 1915/1915 3080/3080 3082/3082
f 1915/1915 3082/3082 1916/1916
f 1865/1865 1913/1913 1912/1912
f 1914/1914 1916/1916 3138/3138
f 3139/3139 1914/1914 3138/3138
f 3140/3140 1919/1919 1921/1921
f 3087/3087 1893/1893 1892/1892
f 3141/3141 1951/1951 3142/3142
f 3142/3142 1951/1951 3140/3140
f 3142/3142 3140/3140 1921/1921
f 3143/3143 3141/3141 3142/3142
f 3086/3086 1922/1922 1924/1924
f 1897/1897 3087/3087 1872/1872
f 1904/1904 1897/1897 1845/1845
f 1888/1888 1928/1928 3088/3088
f 3088/3088 1928/1928 1889/1889
f 1878/1878 1902/1902 1934/1934
f 1857/1857 1903/1903 1904/1904
f 1890/1890 1932/1932 1879/1879
f 1896/1896 1887/1887 1849/1849
f 3144/3144 3145/3145 3146/3146
f 3145/3145 3102/3102 3146/3146
f 3146/3146 3102/3102 3147/3147
f 3147/3147 3102/3102 3101/3101
f 3118/3118 3104/3104 3106/3106
f 3108/3108 3107/3107 3109/3109
f 3115/3115 3036/3036 3116/3116
f 3110/3110 3111/3111 3113/3113
f 3119/3119 3067/3067 3034/3034
f 3148/3148 3149/3149 3150/3150
f 3095/3095 3148/3148 3151/3151
f 3152/3152 3120/3120 3090/3090
f 3093/3093 3095/3095 3151/3151
f 3121/3121 3096/3096 3124/3124
f 3090/3090 3092/3092 3126/3126
f 3094/3094 3093/3093 3153/3153
f 3154/3154 3094/3094 3153/3153
f 3127/3127 3094/3094 3154/3154
f 3155/3155 3124/3124 3097/3097
f 1939/1939 3130/3130 1864/1864
f 1884/1884 1939/1939 1864/1864
f 1939/1939 1884/1884 1910/1910
f 3156/3156 3132/3132 3133/3133
f 3133/3133 3076/3076 3134/3134
f 3134/3134 3045/3045 3157/3157
f 3158/3158 3046/3046 3077/3077
f 3100/3100 3062/3062 3159/3159
f 3077/3077 3078/3078 3160/3160
f 3160/3160 3078/3078 3135/3135
f 3135/3135 3078/3078 3047/3047
f 1911/1911 3100/3100 3161/3161
f 3162/3162 3136/3136 3080/3080
f 3162/3162 3080/3080 1915/1915
f 3163/3163 3162/3162 1915/1915
f 1914/1914 3163/3163 1915/1915
f 3139/3139 1946/1946 1914/1914
f 3164/3164 1946/1946 3139/3139
f 3164/3164 3139/3139 3165/3165
f 1919/1919 1923/1923 1920/1920
f 3143/3143 3166/3166 3141/3141
f 3086/3086 1924/1924 3167/3167
f 1852/1852 1931/1931 1890/1890
f 1925/1925 1926/1926 1874/1874
f 1875/1875 1900/1900 1894/1894
f 1878/1878 1934/1934 1903/1903
f 1935/1935 3145/3145 3144/3144
f 3168/3168 3109/3109 3110/3110
f 3113/3113 3114/3114 3169/3169
f 3169/3169 3114/3114 3170/3170
f 3114/3114 3171/3171 3170/3170
f 3170/3170 3171/3171 3120/3120
f 3151/3151 3148/3148 3150/3150
f 3172/3172 3173/3173 3122/3122
f 3172/3172 3122/3122 3121/3121
f 3153/3153 3093/3093 3151/3151
f 3174/3174 3090/3090 3175/3175
f 3175/3175 3090/3090 3126/3126
f 3154/3154 3153/3153 3176/3176
f 3155/3155 3097/3097 3177/3177
f 3178/3178 3127/3127 3154/3154
f 3177/3177 3097/3097 3128/3128
f 3179/3179 3177/3177 3129/3129
f 3177/3177 3128/3128 3129/3129
f 3075/3075 3098/3098 3180/3180
f 3179/3179 3129/3129 3181/3181
f 3075/3075 3180/3180 3131/3131
f 3182/3182 3132/3132 3156/3156
f 3099/3099 3131/3131 3159/3159
f 3062/3062 3099/3099 3159/3159
f 3158/3158 3077/3077 3160/3160
f 3161/3161 3100/3100 3183/3183
f 1911/1911 3161/3161 1912/1912
f 1946/1946 3163/3163 1914/1914
f 1865/1865 1912/1912 1917/1917
f 3184/3184 1919/1919 3140/3140
f 1919/1919 1940/1940 1923/1923
f 1924/1924 1923/1923 1940/1940
f 3185/3185 3164/3164 3165/3165
f 3185/3185 3165/3165 3186/3186
f 3187/3187 3185/3185 3186/3186
f 1924/1924 3188/3188 3167/3167
f 3189/3189 1952/1952 1954/1954
f 1954/1954 3190/3190 3191/3191
f 3192/3192 1942/1942 1944/1944
f 3193/3193 3166/3166 3143/3143
f 3190/3190 3194/3194 3191/3191
f 3195/3195 3192/3192 3196/3196
f 3196/3196 3192/3192 1944/1944
f 1944/1944 1943/1943 3193/3193
f 1932/1932 1945/1945 1879/1879
f 1945/1945 1933/1933 1887/1887
f 1896/1896 1945/1945 1887/1887
f 1936/1936 1935/1935 3144/3144
f 3150/3150 3149/3149 3197/3197
f 3197/3197 3149/3149 3198/3198
f 1908/1908 3123/3123 1937/1937
f 3199/3199 3101/3101 3200/3200
f 3200/3200 3101/3101 3118/3118
f 3201/3201 3118/3118 3106/3106
f 3201/3201 3106/3106 3108/3108
f 3202/3202 3108/3108 3109/3109
f 3110/3110 3113/3113 3169/3169
f 3198/3198 3173/3173 3172/3172
f 3200/3200 3118/3118 3201/3201
f 3170/3170 3120/3120 3152/3152
f 3172/3172 3121/3121 3203/3203
f 3174/3174 3152/3152 3090/3090
f 3153/3153 3151/3151 3204/3204
f 3205/3205 3203/3203 3121/3121
f 3205/3205 3121/3121 3124/3124
f 1909/1909 1908/1908 3206/3206
f 3153/3153 3204/3204 3176/3176
f 3207/3207 3205/3205 3124/3124
f 3207/3207 3124/3124 3155/3155
f 3175/3175 3126/3126 3208/3208
f 3208/3208 3126/3126 3127/3127
f 3207/3207 3155/3155 3177/3177
f 3208/3208 3127/3127 3209/3209
f 3209/3209 3127/3127 3178/3178
f 3098/3098 1909/1909 3210/3210
f 1909/1909 3206/3206 3210/3210
f 3211/3211 3207/3207 3177/3177
f 3211/3211 3177/3177 3179/3179
f 3212/3212 3133/3133 3134/3134
f 3212/3212 3134/3134 3213/3213
f 3134/3134 3157/3157 3213/3213
f 3100/3100 3159/3159 3183/3183
f 3214/3214 3215/3215 3216/3216
f 3214/3214 3216/3216 3136/3136
f 3214/3214 3136/3136 3217/3217
f 3217/3217 3136/3136 3162/3162
f 3163/3163 3217/3217 3162/3162
f 1948/1948 3163/3163 1946/1946
f 1912/1912 3218/3218 1917/1917
f 3184/3184 3219/3219 1919/1919
f 1919/1919 3219/3219 1940/1940
f 1961/1961 1946/1946 3164/3164
f 1918/1918 1917/1917 3220/3220
f 1950/1950 3184/3184 3140/3140
f 3185/3185 1961/1961 3164/3164
f 1951/1951 1950/1950 3140/3140
f 3166/3166 1949/1949 3141/3141
f 3141/3141 1949/1949 1951/1951
f 3187/3187 1957/1957 3185/3185
f 1930/1930 1918/1918 3221/3221
f 3222/3222 1952/1952 3189/3189
f 3223/3223 3222/3222 3189/3189
f 3190/3190 1953/1953 3194/3194
f 3194/3194 3224/3224 3195/3195
f 3193/3193 1943/1943 3166/3166
f 3167/3167 3188/3188 3225/3225
f 3167/3167 3225/3225 3226/3226
f 1970/1970 1956/1956 3227/3227
f 3227/3227 1956/1956 1955/1955
f 1957/1957 3187/3187 1955/1955
f 1930/1930 3228/3228 3229/3229
f 3195/3195 3224/3224 1965/1965
f 3195/3195 1965/1965 3192/3192
f 3226/3226 1970/1970 3227/3227
f 3146/3146 3147/3147 3230/3230
f 1908/1908 1937/1937 1958/1958
f 3199/3199 3147/3147 3101/3101
f 3201/3201 3108/3108 3202/3202
f 3202/3202 3109/3109 3168/3168
f 3197/3197 3198/3198 3231/3231
f 3231/3231 3198/3198 3172/3172
f 3202/3202 3168/3168 3232/3232
f 3168/3168 3110/3110 3169/3169
f 3206/3206 1908/1908 1958/1958
f 3204/3204 3151/3151 3233/3233
f 3151/3151 3150/3150 3233/3233
f 3234/3234 3203/3203 3205/3205
f 3174/3174 3175/3175 3235/3235
f 3235/3235 3175/3175 3208/3208
f 3236/3236 3154/3154 3176/3176
f 3236/3236 3176/3176 3237/3237
f 3176/3176 3204/3204 3237/3237
f 3178/3178 3154/3154 3236/3236
f 3178/3178 3236/3236 3238/3238
f 3238/3238 3209/3209 3178/3178
f 3239/3239 3211/3211 3179/3179
f 3098/3098 3210/3210 3180/3180
f 3239/3239 3179/3179 3181/3181
f 3239/3239 3181/3181 3240/3240
f 3156/3156 3133/3133 3212/3212
f 3241/3241 3215/3215 3214/3214
f 1912/1912 3161/3161 3183/3183
f 1912/1912 3183/3183 3218/3218
f 1948/1948 3217/3217 3163/3163
f 3184/3184 3242/3242 3219/3219
f 3219/3219 1959/1959 1940/1940
f 1917/1917 3218/3218 3220/3220
f 1961/1961 1947/1947 1946/1946
f 1949/1949 3243/3243 3244/3244
f 1949/1949 3244/3244 1950/1950
f 1950/1950 3242/3242 3184/3184
f 1941/1941 3245/3245 3188/3188
f 1957/1957 1961/1961 3185/3185
f 1918/1918 3220/3220 3221/3221
f 1941/1941 3188/3188 1924/1924
f 1954/1954 1953/1953 3190/3190
f 1953/1953 3246/3246 3194/3194
f 3194/3194 3246/3246 3224/3224
f 1965/1965 3247/3247 3192/3192
f 3247/3247 1942/1942 3192/3192
f 3226/3226 3225/3225 1970/1970
f 3228/3228 1930/1930 3221/3221
f 3229/3229 3228/3228 3248/3248
f 3249/3249 1936/1936 3144/3144
f 1958/1958 1936/1936 3249/3249
f 3249/3249 3144/3144 3250/3250
f 3250/3250 3144/3144 3230/3230
f 3230/3230 3144/3144 3146/3146
f 3230/3230 3147/3147 3199/3199
f 3200/3200 3201/3201 3251/3251
f 3251/3251 3201/3201 3252/3252
f 3201/3201 3202/3202 3252/3252
f 3253/3253 3168/3168 3169/3169
f 3253/3253 3169/3169 3254/3254
f 3254/3254 3169/3169 3170/3170
f 3254/3254 3170/3170 3255/3255
f 3233/3233 3150/3150 3256/3256
f 3150/3150 3197/3197 3256/3256
f 3256/3256 3197/3197 3231/3231
f 3231/3231 3172/3172 3257/3257
f 3257/3257 3172/3172 3203/3203
f 3199/3199 3200/3200 3258/3258
f 3258/3258 3200/3200 3251/3251
f 3252/3252 3202/3202 3232/3232
f 3232/3232 3168/3168 3259/3259
f 3259/3259 3168/3168 3253/3253
f 3255/3255 3170/3170 3152/3152
f 3255/3255 3152/3152 3174/3174
f 3257/3257 3203/3203 3234/3234
f 3260/3260 3174/3174 3235/3235
f 3237/3237 3204/3204 3261/3261
f 3204/3204 3262/3262 3261/3261
f 3263/3263 3205/3205 3207/3207
f 3235/3235 3208/3208 3209/3209
f 3263/3263 3207/3207 3211/3211
f 3264/3264 3237/3237 3261/3261
f 3263/3263 3211/3211 3239/3239
f 3236/3236 3237/3237 3265/3265
f 3239/3239 3240/3240 3266/3266
f 3212/3212 3182/3182 3156/3156
f 3266/3266 3241/3241 3267/3267
f 3183/3183 3159/3159 3268/3268
f 3269/3269 3241/3241 3214/3214
f 3267/3267 3241/3241 3269/3269
f 3270/3270 3269/3269 3214/3214
f 3270/3270 3214/3214 3217/3217
f 3270/3270 3217/3217 1948/1948
f 3244/3244 3271/3271 3242/3242
f 1947/1947 3270/3270 1948/1948
f 3242/3242 3272/3272 3219/3219
f 3219/3219 3272/3272 1959/1959
f 3272/3272 3273/3273 1959/1959
f 1959/1959 3273/3273 1960/1960
f 1950/1950 3244/3244 3242/3242
f 1940/1940 1960/1960 1941/1941
f 1949/1949 1964/1964 3243/3243
f 1941/1941 1960/1960 3245/3245
f 3166/3166 1963/1963 1949/1949
f 3188/3188 3245/3245 3274/3274
f 1957/1957 3275/3275 1961/1961
f 1952/1952 3276/3276 3277/3277
f 1952/1952 3277/3277 1953/1953
f 1953/1953 3277/3277 3278/3278
f 1943/1943 1963/1963 3166/3166
f 1969/1969 3275/3275 1957/1957
f 1953/1953 3278/3278 3246/3246
f 3224/3224 1966/1966 1965/1965
f 1965/1965 1967/1967 3247/3247
f 3247/3247 1967/1967 3279/3279
f 3247/3247 3279/3279 1942/1942
f 1942/1942 3279/3279 3280/3280
f 1942/1942 3280/3280 1943/1943
f 3280/3280 1963/1963 1943/1943
f 3188/3188 3274/3274 3225/3225
f 1956/1956 1970/1970 1969/1969
f 1956/1956 1969/1969 1957/1957
f 3228/3228 3281/3281 3248/3248
f 3248/3248 3281/3281 3223/3223
f 3281/3281 3222/3222 3223/3223
f 3282/3282 1958/1958 3249/3249
f 3283/3283 3230/3230 3199/3199
f 3206/3206 1958/1958 3282/3282
f 3284/3284 3283/3283 3199/3199
f 3284/3284 3199/3199 3258/3258
f 3256/3256 3231/3231 3285/3285
f 3285/3285 3231/3231 3257/3257
f 3233/3233 3256/3256 3286/3286
f 3287/3287 3206/3206 3282/3282
f 3260/3260 3255/3255 3174/3174
f 3204/3204 3233/3233 3262/3262
f 3288/3288 3257/3257 3234/3234
f 3288/3288 3234/3234 3205/3205
f 3210/3210 3206/3206 3287/3287
f 3288/3288 3205/3205 3263/3263
f 3289/3289 3260/3260 3235/3235
f 3235/3235 3209/3209 3290/3290
f 3291/3291 3261/3261 3262/3262
f 3292/3292 3288/3288 3263/3263
f 3292/3292 3263/3263 3239/3239
f 3289/3289 3235/3235 3293/3293
f 3235/3235 3290/3290 3293/3293
f 3290/3290 3209/3209 3294/3294
f 3294/3294 3209/3209 3238/3238
f 3265/3265 3237/3237 3264/3264
f 3291/3291 3264/3264 3261/3261
f 3294/3294 3238/3238 3295/3295
f 3295/3295 3238/3238 3265/3265
f 3238/3238 3236/3236 3265/3265
f 3292/3292 3239/3239 3266/3266
f 3293/3293 3290/3290 3294/3294
f 3264/3264 3291/3291 1971/1971
f 3296/3296 3292/3292 3266/3266
f 3296/3296 3266/3266 3267/3267
f 3297/3297 3296/3296 3267/3267
f 3298/3298 3299/3299 3300/3300
f 3297/3297 3267/3267 3269/3269
f 3183/3183 3268/3268 3301/3301
f 3302/3302 3297/3297 3269/3269
f 3302/3302 3269/3269 3270/3270
f 3303/3303 3298/3298 3300/3300
f 3271/3271 3300/3300 1974/1974
f 3303/3303 3300/3300 3271/3271
f 3271/3271 1974/1974 3304/3304
f 3304/3304 1976/1976 3273/3273
f 3273/3273 1976/1976 3305/3305
f 3218/3218 3183/3183 3301/3301
f 3303/3303 3271/3271 3244/3244
f 3242/3242 3271/3271 3304/3304
f 3242/3242 3304/3304 3272/3272
f 3304/3304 3273/3273 3272/3272
f 3302/3302 1947/1947 3306/3306
f 3302/3302 3270/3270 1947/1947
f 1964/1964 3303/3303 3243/3243
f 3243/3243 3303/3303 3244/3244
f 1960/1960 3273/3273 3307/3307
f 1962/1962 3306/3306 1947/1947
f 3245/3245 1960/1960 3308/3308
f 3245/3245 3308/3308 3274/3274
f 3275/3275 1962/1962 1961/1961
f 3309/3309 3276/3276 1952/1952
f 3225/3225 3274/3274 1968/1968
f 3221/3221 3220/3220 3310/3310
f 3222/3222 3309/3309 1952/1952
f 3278/3278 1966/1966 3246/3246
f 3246/3246 1966/1966 3224/3224
f 3225/3225 1968/1968 1970/1970
f 3221/3221 3310/3310 3228/3228
f 3311/3311 3249/3249 3312/3312
f 3249/3249 3250/3250 3312/3312
f 3282/3282 3249/3249 3311/3311
f 3312/3312 3250/3250 3230/3230
f 3312/3312 3230/3230 3283/3283
f 3284/3284 3258/3258 3313/3313
f 3258/3258 3251/3251 3314/3314
f 3314/3314 3251/3251 3315/3315
f 3251/3251 3252/3252 3315/3315
f 3315/3315 3252/3252 3316/3316
f 3316/3316 3252/3252 3232/3232
f 3232/3232 3259/3259 1979/1979
f 3316/3316 3232/3232 1979/1979
f 1977/1977 3259/3259 3253/3253
f 3253/3253 3254/3254 3317/3317
f 3254/3254 3255/3255 3318/3318
f 3262/3262 3233/3233 3286/3286
f 3286/3286 3256/3256 3319/3319
f 3256/3256 3285/3285 3319/3319
f 3320/3320 3284/3284 3313/3313
f 3313/3313 3258/3258 3314/3314
f 1979/1979 3259/3259 1977/1977
f 3253/3253 3317/3317 1977/1977
f 3318/3318 3255/3255 3260/3260
f 3285/3285 3257/3257 3321/3321
f 3321/3321 3257/3257 3288/3288
f 3210/3210 3287/3287 3322/3322
f 3180/3180 3210/3210 3322/3322
f 3323/3323 3260/3260 3289/3289
f 3291/3291 3262/3262 3324/3324
f 3325/3325 3288/3288 3292/3292
f 3180/3180 3322/3322 3326/3326
f 3131/3131 3180/3180 3326/3326
f 3295/3295 3265/3265 3327/3327
f 3327/3327 3265/3265 3264/3264
f 3328/3328 3293/3293 3294/3294
f 3327/3327 3264/3264 1971/1971
f 1971/1971 3291/3291 1972/1972
f 3328/3328 3294/3294 3295/3295
f 3328/3328 3295/3295 3299/3299
f 3327/3327 1971/1971 3329/3329
f 3159/3159 3131/3131 3326/3326
f 3330/3330 3293/3293 3328/3328
f 1975/1975 3295/3295 3327/3327
f 3159/3159 3326/3326 3331/3331
f 3299/3299 3295/3295 1975/1975
f 1975/1975 3327/3327 3329/3329
f 3297/3297 3292/3292 3296/3296
f 3329/3329 1971/1971 1973/1973
f 3268/3268 3159/3159 3331/3331
f 3330/3330 3328/3328 3298/3298
f 3298/3298 3328/3328 3299/3299
f 1976/1976 1975/1975 3329/3329
f 3305/3305 3329/3329 1973/1973
f 3299/3299 1975/1975 3300/3300
f 3300/3300 1975/1975 1974/1974
f 1976/1976 3329/3329 3305/3305
f 3304/3304 1974/1974 1976/1976
f 3307/3307 3305/3305 3332/3332
f 3333/3333 3298/3298 3303/3303
f 3273/3273 3305/3305 3307/3307
f 3333/3333 3303/3303 1964/1964
f 1960/1960 3307/3307 1980/1980
f 1960/1960 1980/1980 3308/3308
f 3308/3308 1980/1980 1982/1982
f 3277/3277 3334/3334 3335/3335
f 1963/1963 3336/3336 1964/1964
f 3337/3337 1962/1962 3275/3275
f 3338/3338 3334/3334 3276/3276
f 3276/3276 3334/3334 3277/3277
f 3339/3339 1985/1985 3279/3279
f 3340/3340 3336/3336 1963/1963
f 3308/3308 1982/1982 3274/3274
f 3274/3274 1982/1982 3341/3341
f 3309/3309 3338/3338 3276/3276
f 3277/3277 3335/3335 3278/3278
f 3335/3335 3342/3342 3278/3278
f 1966/1966 3339/3339 1967/1967
f 1967/1967 3339/3339 3279/3279
f 3279/3279 1985/1985 3280/3280
f 3280/3280 3340/3340 1963/1963
f 3274/3274 3341/3341 1968/1968
f 1968/1968 3341/3341 3343/3343
f 1969/1969 3337/3337 3275/3275
f 3278/3278 3339/3339 1966/1966
f 3344/3344 3345/3345 3281/3281
f 3345/3345 3309/3309 3222/3222
f 3228/3228 3310/3310 3281/3281
f 3281/3281 3310/3310 3344/3344
f 3281/3281 3345/3345 3222/3222
f 3282/3282 3311/3311 3346/3346
f 3346/3346 3311/3311 3312/3312
f 3287/3287 3282/3282 3346/3346
f 3347/3347 3283/3283 3284/3284
f 3347/3347 3284/3284 3320/3320
f 3317/3317 3254/3254 3318/3318
f 3319/3319 3285/3285 3348/3348
f 3348/3348 3285/3285 3321/3321
f 3315/3315 3316/3316 3349/3349
f 3350/3350 3318/3318 3260/3260
f 3351/3351 3313/3313 3314/3314
f 3352/3352 3314/3314 3353/3353
f 3314/3314 3315/3315 3353/3353
f 3353/3353 3315/3315 3349/3349
f 3349/3349 3316/3316 1979/1979
f 3349/3349 1979/1979 1978/1978
f 1977/1977 3317/3317 3354/3354
f 3355/3355 1977/1977 3354/3354
f 3317/3317 3318/3318 3354/3354
f 3354/3354 3318/3318 3350/3350
f 3324/3324 3262/3262 1986/1986
f 3262/3262 3286/3286 1986/1986
f 3348/3348 3321/3321 3356/3356
f 3322/3322 3287/3287 3357/3357
f 3350/3350 3260/3260 3323/3323
f 3356/3356 3321/3321 3288/3288
f 3356/3356 3288/3288 3325/3325
f 3358/3358 3325/3325 3292/3292
f 3359/3359 3323/3323 3289/3289
f 3359/3359 3289/3289 3293/3293
f 3291/3291 3324/3324 1972/1972
f 1972/1972 3324/3324 1988/1988
f 1973/1973 1972/1972 1988/1988
f 3360/3360 3358/3358 3292/3292
f 3361/3361 3359/3359 3293/3293
f 3361/3361 3293/3293 3330/3330
f 3360/3360 3292/3292 3297/3297
f 3361/3361 3330/3330 3298/3298
f 3362/3362 3361/3361 3298/3298
f 3305/3305 1973/1973 3332/3332
f 3332/3332 1973/1973 3363/3363
f 3360/3360 3302/3302 3364/3364
f 3302/3302 3360/3360 3297/3297
f 3333/3333 3362/3362 3298/3298
f 3364/3364 3302/3302 3306/3306
f 3332/3332 3363/3363 3307/3307
f 3307/3307 3363/3363 1980/1980
f 3365/3365 3306/3306 1962/1962
f 3301/3301 3366/3366 3218/3218
f 1989/1989 1992/1992 3334/3334
f 3336/3336 3367/3367 3333/3333
f 3337/3337 3365/3365 1962/1962
f 3218/3218 3366/3366 3368/3368
f 3334/3334 1992/1992 3335/3335
f 1985/1985 1984/1984 3340/3340
f 3340/3340 3367/3367 3336/3336
f 3336/3336 3333/3333 1964/1964
f 1982/1982 1981/1981 3341/3341
f 3369/3369 1983/1983 1985/1985
f 3220/3220 3218/3218 3368/3368
f 3342/3342 3369/3369 3339/3339
f 3339/3339 3369/3369 1985/1985
f 1985/1985 3340/3340 3280/3280
f 3343/3343 3337/3337 1969/1969
f 3278/3278 3342/3342 3339/3339
f 1968/1968 3343/3343 1969/1969
f 3310/3310 3220/3220 3368/3368
f 3345/3345 3370/3370 3309/3309
f 3370/3370 3338/3338 3309/3309
f 3346/3346 3312/3312 3371/3371
f 3371/3371 3312/3312 3283/3283
f 3371/3371 3283/3283 3347/3347
f 3372/3372 3347/3347 3320/3320
f 3319/3319 3348/3348 3373/3373
f 3372/3372 3320/3320 3374/3374
f 3320/3320 3313/3313 3351/3351
f 3351/3351 3314/3314 3352/3352
f 1978/1978 1977/1977 3355/3355
f 1986/1986 3286/3286 3319/3319
f 1986/1986 3319/3319 3373/3373
f 3373/3373 3348/3348 3356/3356
f 3374/3374 3320/3320 3351/3351
f 3374/3374 3351/3351 3375/3375
f 3352/3352 3353/3353 3376/3376
f 3353/3353 3349/3349 3377/3377
f 3349/3349 1978/1978 3377/3377
f 3377/3377 1978/1978 3378/3378
f 1978/1978 3355/3355 3379/3379
f 3379/3379 3355/3355 3354/3354
f 3379/3379 3354/3354 3380/3380
f 3380/3380 3354/3354 3350/3350
f 3350/3350 3323/3323 3359/3359
f 3324/3324 1986/1986 1988/1988
f 1987/1987 1986/1986 3373/3373
f 3373/3373 3356/3356 3381/3381
f 3356/3356 3325/3325 3358/3358
f 3375/3375 3351/3351 3352/3352
f 3380/3380 3350/3350 3359/3359
f 3381/3381 3356/3356 3358/3358
f 3322/3322 3357/3357 3326/3326
f 3382/3382 3359/3359 3361/3361
f 1973/1973 1988/1988 3383/3383
f 3384/3384 3358/3358 3360/3360
f 3384/3384 3381/3381 3358/3358
f 3362/3362 3382/3382 3361/3361
f 1973/1973 3383/3383 3363/3363
f 3363/3363 3383/3383 3385/3385
f 3364/3364 3386/3386 3384/3384
f 3387/3387 3386/3386 3364/3364
f 3384/3384 3360/3360 3364/3364
f 1981/1981 3363/3363 3385/3385
f 3387/3387 3364/3364 3306/3306
f 3301/3301 3268/3268 3366/3366
f 1989/1989 1991/1991 1992/1992
f 3388/3388 3362/3362 3367/3367
f 3367/3367 3362/3362 3333/3333
f 1980/1980 3363/3363 1981/1981
f 3389/3389 3387/3387 3365/3365
f 1984/1984 3390/3390 3388/3388
f 1984/1984 3388/3388 3367/3367
f 1981/1981 3385/3385 3391/3391
f 3391/3391 3389/3389 3365/3365
f 3365/3365 3387/3387 3306/3306
f 1984/1984 3367/3367 3340/3340
f 3341/3341 1981/1981 3391/3391
f 3370/3370 1989/1989 3338/3338
f 3338/3338 1989/1989 3334/3334
f 3335/3335 1992/1992 3342/3342
f 1992/1992 1994/1994 3342/3342
f 3341/3341 3391/3391 3343/3343
f 3391/3391 3365/3365 3337/3337
f 3343/3343 3391/3391 3337/3337
f 1994/1994 3392/3392 3369/3369
f 3342/3342 1994/1994 3369/3369
f 3392/3392 1983/1983 3369/3369
f 3368/3368 3393/3393 3310/3310
f 3310/3310 3393/3393 3344/3344
f 3393/3393 3370/3370 3345/3345
f 3344/3344 3393/3393 3345/3345
f 3346/3346 3371/3371 1995/1995
f 1995/1995 3371/3371 3347/3347
f 1995/1995 3347/3347 3372/3372
f 3394/3394 3346/3346 1995/1995
f 3357/3357 3287/3287 3394/3394
f 3287/3287 3346/3346 3394/3394
f 3395/3395 3372/3372 3374/3374
f 3376/3376 3353/3353 3396/3396
f 3353/3353 3377/3377 3396/3396
f 3378/3378 1978/1978 3379/3379
f 1987/1987 3373/3373 3381/3381
f 3375/3375 3352/3352 3376/3376
f 3326/3326 3357/3357 3397/3397
f 3398/3398 3376/3376 3396/3396
f 3399/3399 3379/3379 3380/3380
f 1988/1988 1987/1987 3383/3383
f 1987/1987 3381/3381 3400/3400
f 3331/3331 3326/3326 3397/3397
f 3374/3374 3375/3375 3401/3401
f 3401/3401 3375/3375 3402/3402
f 3375/3375 3376/3376 3402/3402
f 3402/3402 3376/3376 3398/3398
f 3398/3398 3396/3396 3377/3377
f 3398/3398 3377/3377 3378/3378
f 3398/3398 3378/3378 3403/3403
f 3403/3403 3378/3378 3399/3399
f 3378/3378 3379/3379 3399/3399
f 3383/3383 1987/1987 3400/3400
f 3400/3400 3381/3381 3386/3386
f 3386/3386 3381/3381 3384/3384
f 3404/3404 3395/3395 3374/3374
f 3405/3405 3395/3395 3404/3404
f 3404/3404 3374/3374 3401/3401
f 3399/3399 3380/3380 3382/3382
f 3382/3382 3380/3380 3359/3359
f 3268/3268 3331/3331 3397/3397
f 3399/3399 3382/3382 3388/3388
f 3390/3390 3399/3399 3388/3388
f 3388/3388 3382/3382 3362/3362
f 3400/3400 3386/3386 3389/3389
f 3366/3366 3268/3268 3397/3397
f 3404/3404 3406/3406 3405/3405
f 3404/3404 3401/3401 1991/1991
f 1990/1990 3404/3404 1991/1991
f 1991/1991 3401/3401 3402/3402
f 3402/3402 3398/3398 1993/1993
f 3407/3407 3398/3398 3403/3403
f 3403/3403 3399/3399 3390/3390
f 3385/3385 3383/3383 3400/3400
f 3387/3387 3389/3389 3386/3386
f 3406/3406 3404/3404 1990/1990
f 1991/1991 3402/3402 1993/1993
f 3398/3398 3407/3407 1993/1993
f 3407/3407 3403/3403 3390/3390
f 3385/3385 3400/3400 3389/3389
f 1991/1991 1993/1993 1992/1992
f 3385/3385 3389/3389 3391/3391
f 3406/3406 1990/1990 3408/3408
f 3408/3408 1990/1990 1989/1989
f 1993/1993 3407/3407 1994/1994
f 1994/1994 3407/3407 3392/3392
f 3392/3392 3407/3407 1983/1983
f 1983/1983 3407/3407 3390/3390
f 1983/1983 3390/3390 1984/1984
f 3370/3370 3408/3408 1989/1989
f 3368/3368 3366/3366 3409/3409
f 3409/3409 3410/3410 3393/3393
f 3393/3393 3408/3408 3370/3370
f 3368/3368 3409/3409 3393/3393
f 3411/3411 1995/1995 3395/3395
f 3395/3395 1995/1995 3372/3372
f 1997/1997 3394/3394 1995/1995
f 3397/3397 3357/3357 3394/3394
f 3397/3397 3394/3394 1997/1997
f 3397/3397 1997/1997 3409/3409
f 3405/3405 3406/3406 3412/3412
f 3366/3366 3397/3397 3409/3409
f 3409/3409 1997/1997 3412/3412
f 3409/3409 3412/3412 3410/3410
f 3412/3412 3406/3406 3408/3408
f 3410/3410 3412/3412 3408/3408
f 3410/3410 3408/3408 3393/3393
f 1996/1996 1995/1995 3411/3411
f 1996/1996 3411/3411 3395/3395
f 1996/1996 3395/3395 3405/3405
f 1996/1996 3405/3405 3412/3412
f 3412/3412 1997/1997 1996/1996
# Vertices: 3412, normals: 0, texture coordinates: 3412, faces: 5660

