# File generated by ImageToStl.com - Free Image and 3D model conversion tools

mtllib mesa.mtl

o obj1
v -0.49614927 -0.22345902 0.22580464
v -0.4971844 -0.21441028 0.22628079
v -0.49747998 -0.22143459 0.22443339
v -0.49788788 -0.21282278 0.22507061
v -0.49763235 -0.17610897 0.22652295
v -0.49835074 -0.1782514 0.22524667
v -0.49838543 -0.14098936 0.22532648
v -0.49771613 -0.12641567 0.22660413
v -0.49840623 -0.08661568 0.22528827
v -0.49778473 -0.0717519 0.22654986
v -0.49865273 -0.04902201 0.22524311
v -0.49794054 -0.01748777 0.22644883
v -0.49875012 0.04153185 0.22536413
v -0.49802756 0.04893204 0.22658026
v -0.49771455 0.07129251 0.22635384
v -0.4984231 0.08519546 0.22513916
v -0.4977833 0.1143611 0.22630556
v -0.49850512 0.12562864 0.22515494
v -0.49770841 0.17005989 0.22664146
v -0.4983322 0.18014954 0.22530901
v -0.4984206 0.21734166 0.22511813
v -0.49767417 0.21727847 0.22638407
v -0.49740547 0.21983214 0.22461185
v -0.49611571 0.2214012 0.22515512
v -0.49806324 -0.22175138 0.22128965
v -0.49765 -0.2236412 0.22048609
v -0.49864608 -0.18312342 0.22225742
v -0.49868459 -0.13532893 0.22245172
v -0.49880132 -0.07947659 0.2222563
v -0.49905857 -0.03470535 0.22220346
v -0.49907336 0.03795501 0.22243457
v -0.49884719 0.08767515 0.22223823
v -0.49885705 0.12129083 0.22219147
v -0.49853879 0.18907192 0.22253121
v -0.49888763 0.21425246 0.22043881
v -0.49824715 -0.2221031 0.21807604
v -0.49861065 -0.19458453 0.21750574
v -0.49882117 -0.16914102 0.21723729
v -0.49878424 -0.13537833 0.21826401
v -0.49888286 -0.11081387 0.21776143
v -0.4989382 -0.08519206 0.21701927
v -0.49917582 -0.04476581 0.21813732
v -0.49921253 -0.01747671 0.21764684
v -0.49924535 0.0379271 0.21763693
v -0.49904612 0.06797588 0.21788093
v -0.49899542 0.11592456 0.21819569
v -0.49883887 0.14401762 0.21757853
v -0.49860835 0.18706356 0.21790504
v -0.49879876 0.21052529 0.21735032
v -0.49881813 0.21737544 0.21499541
v -0.49763015 0.21956085 0.2158996
v -0.49800897 -0.22376426 0.20969023
v -0.49837315 -0.22230917 0.20971246
v -0.49843031 -0.20553279 0.2075637
v -0.49883714 -0.17155398 0.20757638
v -0.49902517 -0.08309279 0.20817587
v -0.49924025 -0.03130089 0.20869257
v -0.4993113 0.01287806 0.20788449
v -0.49924913 0.04869349 0.20809594
v -0.49903712 0.10928706 0.20832962
v -0.49880886 0.14406389 0.21051815
v -0.4986003 0.16384666 0.20330074
v -0.49621853 0.2211563 0.20642973
v -0.49873573 -0.15103705 0.20342799
v -0.49869913 -0.14048894 0.20892553
v -0.49882278 -0.11886723 0.2082154
v -0.49904865 -0.10927985 0.20307821
v -0.49900213 0.06692972 0.2036323
v -0.49782839 -0.22201481 0.20392261
v -0.49711743 -0.22372121 0.20409524
v -0.49811313 -0.21748303 0.20350102
v -0.4987812 -0.16808538 0.20314915
v -0.49848914 -0.14154613 0.20358059
v -0.498548 -0.12103019 0.20375742
v -0.49899 -0.08060215 0.20342609
v -0.49917716 -0.03421305 0.20337012
v -0.4992393 0.02573446 0.20339367
v -0.49895614 0.10948744 0.20321998
v -0.49875033 0.13648693 0.20351914
v -0.49839884 0.18087274 0.20107567
v -0.49842969 0.19848244 0.18469366
v -0.49639103 -0.22342804 0.20219298
v -0.49676788 -0.22108696 0.2015616
v -0.49741325 -0.21207713 0.20107357
v -0.49817282 -0.16851375 0.20063376
v -0.49793905 -0.14792836 0.20018271
v -0.49785656 -0.14441673 0.19843881
v -0.49776095 -0.13936017 0.19834922
v -0.49802238 -0.11683386 0.19989432
v -0.49825919 -0.11470577 0.20055434
v -0.4983789 -0.10915919 0.20030662
v -0.49869186 -0.10389721 0.20046942
v -0.49851686 -0.07722585 0.20061141
v -0.49873701 -0.04546162 0.20050296
v -0.49875039 0.02531201 0.20044978
v -0.49845582 0.07262585 0.20046517
v -0.49860755 0.11287596 0.20037659
v -0.49838665 0.13490137 0.20037298
v -0.49839962 0.16181907 0.19986755
v -0.49830604 0.16816428 0.19957715
v -0.4984332 0.21442547 0.17950171
v -0.49662697 -0.21577564 0.20060897
v -0.49662697 -0.21577564 0.20060897
v -0.49741325 -0.21207713 0.20107357
v -0.49698624 -0.18766074 0.20014982
v -0.49817282 -0.16851375 0.20063376
v -0.49735662 -0.16308787 0.19968867
v -0.49735662 -0.16308787 0.19968867
v -0.49720165 -0.15231965 0.19919896
v -0.4976601 -0.14687701 0.19806486
v -0.49786583 -0.1230145 0.19824457
v -0.4977605 -0.1162169 0.19773927
v -0.49805492 -0.10776763 0.19954866
v -0.49761659 -0.07527819 0.19953501
v -0.49785832 -0.04783914 0.19933352
v -0.49780503 -0.02204728 0.19934127
v -0.49776524 0.02456339 0.19923532
v -0.49739495 0.07869337 0.199177
v -0.49749607 0.1286357 0.19907805
v -0.49748936 0.15084022 0.1987595
v -0.49766207 0.16272244 0.19826274
v -0.49787292 0.1651451 0.19779842
v -0.49835521 0.21114245 0.17910787
v -0.49770507 -0.11822578 0.19164264
v -0.49786776 0.16551478 0.19249327
v -0.49701771 0.2194844 0.18097317
v -0.49717513 -0.14437526 0.18350008
v -0.49668711 -0.14679925 0.1829562
v -0.49821827 0.16796848 0.18681498
v -0.49822646 0.21722369 0.178423
v -0.49705753 -0.11646321 0.18208139
v -0.49819049 0.17759213 0.17633384
v -0.49729735 -0.12993479 0.17830901
v -0.49737236 0.16483383 0.18921031
v -0.49786776 0.16551478 0.19249327
v -0.49733442 0.16517778 0.17740853
v -0.49723625 -0.12214214 0.16364487
v -0.49717212 -0.11869208 0.1639383
v -0.49591514 -0.1471436 0.1783859
v -0.49668711 -0.14679925 0.1829562
v -0.49652895 -0.14674152 0.16312875
v -0.49652895 -0.14674152 0.16312875
v -0.49704617 -0.14426416 0.16659233
v -0.49717405 -0.12855086 0.15993135
v -0.49828443 0.16808386 0.16770798
v -0.4967742 -0.11647006 0.16288367
v -0.49812713 0.17839624 0.14999668
v -0.49785554 0.16568626 0.14637735
v -0.49785554 0.16568626 0.14637735
v -0.49822217 0.20198472 0.14751719
v -0.49720395 0.16509357 0.14135832
v -0.49818704 0.21450143 0.12735949
v -0.49797201 0.21695688 0.12943171
v -0.49586979 -0.14719324 0.14927633
v -0.49822205 0.16821803 0.13949797
v -0.49546123 0.22091077 0.13468286
v -0.49675319 0.21909311 0.13242911
v -0.49679565 -0.11635572 0.12721148
v -0.4981305 0.2111026 0.12231239
v -0.49810374 0.17894258 0.11908374
v -0.49723774 -0.12357606 0.11140747
v -0.49818006 0.19992855 0.12367641
v -0.49711689 -0.14458206 0.11159624
v -0.49713844 -0.13263017 0.10933124
v -0.4971416 -0.11858631 0.09652142
v -0.49675527 -0.14662805 0.11310808
v -0.49675527 -0.14662805 0.11310808
v -0.49808905 0.1656141 0.1165335
v -0.49808905 0.1656141 0.1165335
v -0.4976604 0.164959 0.08446192
v -0.49624372 -0.146965 0.1169175
v -0.49827191 0.20071337 0.08890242
v -0.49569023 0.22084466 0.10109294
v -0.49821523 0.21058375 0.10328838
v -0.49828586 0.21453981 0.10202011
v -0.4961229 -0.14696561 0.07763204
v -0.49679855 -0.11647462 0.08561047
v -0.49810269 0.21698497 0.07664184
v -0.49825853 0.16798368 0.06779043
v -0.49701425 -0.14455207 0.07997983
v -0.49811485 0.17945842 0.06819122
v -0.49720928 -0.12378686 0.08482559
v -0.49817672 0.21006894 0.07986283
v -0.496575 0.21956325 0.06103202
v -0.49722236 -0.12348374 0.0610587
v -0.49819928 0.21457942 0.07268041
v -0.49721524 -0.11856998 0.06382926
v -0.4976604 0.164959 0.08446192
v -0.49820712 0.16559604 0.0630428
v -0.49654746 -0.14648758 0.0330112
v -0.49654746 -0.14648758 0.0330112
v -0.49683738 -0.11648212 0.04174308
v -0.49799666 0.20966752 0.06348077
v -0.49574685 0.22097068 0.04930252
v -0.49807468 0.19867896 0.05202188
v -0.4977926 0.21454728 0.0508237
v -0.4976019 0.2171569 0.05005827
v -0.49716651 -0.12373015 0.03609784
v -0.49804693 0.17979571 0.03967957
v -0.49696556 -0.14422776 0.03228277
v -0.49714541 -0.11859823 0.03416665
v -0.4981682 0.16560701 -0.00193825
v -0.49816495 0.16950884 0.00091888
v -0.49797636 0.20160244 0.02696355
v -0.4963553 -0.14667854 0.0059498
v -0.4980166 0.18965626 0.01513733
v -0.49779752 0.16511011 0.01140281
v -0.49750268 -0.11887496 0.00926943
v -0.49714535 -0.11665001 0.01688163
v -0.49787599 0.20777285 -0.00036286
v -0.49664766 0.21930869 0.00533997
v -0.49711344 -0.14438835 0.00073366
v -0.49729052 -0.13099417 0.00382827
v -0.49765971 0.21708925 0.0004339
v -0.49786121 0.21446937 -0.00709596
v -0.49566433 0.22092208 -0.00448001
v -0.49672312 -0.14645682 -0.00205295
v -0.49672312 -0.14645682 -0.00205295
v -0.49797338 0.18027997 -0.00501511
v -0.49802542 0.19843894 -0.02153115
v -0.49753267 -0.11872406 -0.00427547
v -0.49733627 -0.11655291 -0.00686105
v -0.49715298 -0.12417258 -0.03441743
v -0.49694002 -0.14426932 -0.02514557
v -0.49801975 0.17529078 -0.04221949
v -0.49712503 -0.11876995 -0.0348589
v -0.49786249 0.21078853 -0.05229425
v -0.49595746 -0.14683661 -0.04004326
v -0.49677834 -0.11663496 -0.04228193
v -0.49796695 0.18095818 -0.04254903
v -0.49798751 0.18890521 -0.03708016
v -0.49575293 0.2209803 -0.04412793
v -0.49768639 0.16503014 -0.0676423
v -0.49814829 0.16783537 -0.0681798
v -0.4978866 0.21459866 -0.05245201
v -0.49774733 0.21713695 -0.05294154
v -0.49698609 -0.1312854 -0.05361743
v -0.49811378 0.16557094 -0.05585995
v -0.49633303 -0.14652546 -0.07107501
v -0.49633303 -0.14652546 -0.07107501
v -0.49673304 0.21939929 -0.06036201
v -0.49681872 -0.14430921 -0.06877371
v -0.49800262 0.19419633 -0.06887129
v -0.49699003 -0.12229898 -0.08665296
v -0.49808496 0.21459062 -0.07426611
v -0.49575502 -0.14672014 -0.08106048
v -0.49798906 0.20984712 -0.07671539
v -0.49794042 0.21706544 -0.07229016
v -0.49690041 -0.13367698 -0.08931613
v -0.4967562 0.21920116 -0.13550749
v -0.49691838 -0.11849332 -0.10050038
v -0.49662545 -0.1164598 -0.09395501
v -0.49801874 0.17852971 -0.11132234
v -0.49748969 0.16514696 -0.1103825
v -0.4979853 0.16567437 -0.11846911
v -0.49802658 0.19206284 -0.10210665
v -0.4980779 0.21449013 -0.10896065
v -0.496865 -0.14430632 -0.12203089
v -0.49704292 -0.12351701 -0.12756214
v -0.49806333 0.21000688 -0.13037685
v -0.49800745 0.21697728 -0.13262643
v -0.49553245 0.22092102 -0.14373961
v -0.49641255 -0.1465243 -0.12659384
v -0.4966453 -0.11629606 -0.12353964
v -0.49810958 0.16820799 -0.13018337
v -0.4972876 0.16494823 -0.1353251
v -0.49698269 -0.13300563 -0.14349395
v -0.49812746 0.19801958 -0.154231
v -0.49819231 0.2145402 -0.13859573
v -0.49788293 0.16563568 -0.15630043
v -0.49510911 -0.14674203 -0.11072151
v -0.49641255 -0.1465243 -0.12659384
v -0.49588364 -0.14689472 -0.14200994
v -0.49714354 -0.11845346 -0.17517008
v -0.49676982 -0.11633201 -0.15960492
v -0.49807751 0.18389016 -0.15268977
v -0.4968724 -0.14440314 -0.15183514
v -0.49715245 -0.12330774 -0.17316641
v -0.49736357 0.16513564 -0.16803913
v -0.49811819 0.16809152 -0.16213119
v -0.49628487 -0.14657047 -0.17814726
v -0.49628487 -0.14657047 -0.17814726
v -0.49684176 -0.14412002 -0.17023988
v -0.49825218 0.21453604 -0.18109499
v -0.4970434 0.21945721 -0.19183342
v -0.49810225 0.18246162 -0.17572773
v -0.49814469 0.21726353 -0.18136208
v -0.49595901 0.2210239 -0.19712928
v -0.495276 -0.14688233 -0.17976727
v -0.49801707 0.16812916 -0.18078811
v -0.49698681 -0.14444213 -0.18249445
v -0.49697661 -0.11621532 -0.18595244
v -0.49771345 0.16541448 -0.18670106
v -0.49750578 -0.11874282 -0.18900852
v -0.49723679 0.16487569 -0.18624552
v -0.49822485 0.19845542 -0.18968663
v -0.49809662 0.17439452 -0.19540699
v -0.49787596 -0.14442191 -0.19480026
v -0.49788138 -0.14673229 -0.19728024
v -0.4974983 -0.13826022 -0.19284807
v -0.49820158 0.16797824 -0.1921476
v -0.49793673 0.16555367 -0.19394462
v -0.49860337 0.21709847 -0.20355186
v -0.49782765 -0.11808119 -0.19448952
v -0.4979448 -0.11647465 -0.19808118
v -0.49789459 -0.14419293 -0.19910058
v -0.49786186 -0.13839148 -0.19915791
v -0.49789867 0.16497976 -0.19779474
v -0.4982042 0.16812332 -0.20048927
v -0.4987396 0.214386 -0.21121959
v -0.49686527 -0.22241366 -0.20108035
v -0.49800563 -0.21783479 -0.20156464
v -0.49793679 -0.22337481 -0.20316401
v -0.49686527 -0.22241366 -0.20108035
v -0.49728575 -0.21692517 -0.20086251
v -0.49800563 -0.21783479 -0.20156464
v -0.49753609 -0.20093118 -0.20054938
v -0.49784979 -0.16408414 -0.19995576
v -0.49837986 -0.20449381 -0.20121539
v -0.49867594 -0.178726 -0.20088364
v -0.49784979 -0.16408414 -0.19995576
v -0.49852562 -0.16047509 -0.20064779
v -0.49867594 -0.178726 -0.20088364
v -0.49822733 -0.11618539 -0.20012964
v -0.49797183 -0.10733515 -0.199435
v -0.49915189 -0.08995122 -0.20058018
v -0.49855375 -0.11099394 -0.20053664
v -0.49836364 -0.0865291 -0.19953592
v -0.49819252 -0.04879669 -0.19943073
v -0.4989306 -0.02696227 -0.20058174
v -0.49810883 -0.01064403 -0.19937083
v -0.49898443 0.00478106 -0.20054094
v -0.49786836 0.06945947 -0.19909519
v -0.49874663 0.05994573 -0.20046215
v -0.49867198 0.11270919 -0.20018514
v -0.49788761 0.11417949 -0.19871521
v -0.49768141 0.14368264 -0.19891268
v -0.49840567 0.1454528 -0.20039631
v -0.49781221 0.1624703 -0.19832659
v -0.49834323 0.1596442 -0.19998489
v -0.49852347 0.19416332 -0.21702991
v -0.49752083 0.21948516 -0.21425395
v -0.49889877 -0.22179236 -0.20494077
v -0.49908698 -0.21274655 -0.20385073
v -0.49837986 -0.20449381 -0.20121539
v -0.49928868 -0.19714966 -0.20374162
v -0.4993242 -0.1799119 -0.20356736
v -0.49925333 -0.15346435 -0.20357719
v -0.49851733 -0.14933182 -0.20046732
v -0.49888733 -0.13774966 -0.20405914
v -0.49891639 -0.12103692 -0.20406638
v -0.49926066 -0.11026102 -0.20362362
v -0.49943286 -0.08657946 -0.20348352
v -0.49932954 -0.05136804 -0.20350423
v -0.49925423 -0.02577488 -0.20362855
v -0.49930713 -0.01015601 -0.2036766
v -0.4991805 0.04954638 -0.20400517
v -0.49903128 0.06730969 -0.20381299
v -0.49895501 0.09135988 -0.20350498
v -0.49888501 0.12116543 -0.20360498
v -0.49851936 0.16046773 -0.20348352
v -0.49870071 -0.22349812 -0.21095659
v -0.49928066 -0.22200237 -0.21126844
v -0.49911642 -0.2184023 -0.2108279
v -0.49920174 -0.14242239 -0.20873839
v -0.49910912 -0.12638296 -0.20868799
v -0.4991836 -0.11507878 -0.20711713
v -0.49942979 -0.07640888 -0.21723123
v -0.49935827 -0.04228466 -0.21692355
v -0.4993127 -0.02534643 -0.22175632
v -0.49929637 0.04957803 -0.21673389
v -0.49900839 0.09496178 -0.22169508
v -0.49902773 0.11497385 -0.22204536
v -0.49860552 0.18026647 -0.22194438
v -0.49866861 0.20937416 -0.22172703
v -0.49643999 0.2212242 -0.22160406
v -0.49905121 -0.21647021 -0.21834613
v -0.49930227 -0.19171254 -0.21758668
v -0.49939996 -0.17557317 -0.22180384
v -0.49932259 -0.15796345 -0.22145881
v -0.49935281 -0.14044946 -0.22211143
v -0.49929869 -0.11428455 -0.21855894
v -0.49911806 0.06887604 -0.21849047
v -0.49885869 0.1442166 -0.22206481
v -0.49864414 0.21737841 -0.22034879
v -0.49899414 -0.2220407 -0.22057131
v -0.4983145 -0.22356492 -0.22082579
v -0.49935818 -0.00702227 -0.22177699
v -0.49874383 0.21432665 -0.22195907
v -0.49892548 -0.21824658 -0.22190616
v -0.49931091 -0.10527065 -0.22224577
v -0.49938008 -0.07372271 -0.22245444
v -0.499248 0.04842319 -0.22241336
v -0.4990629 0.06689563 -0.22233696
v -0.49744314 0.21957697 -0.2248034
v -0.49682161 -0.22329231 -0.2270788
v -0.49818933 -0.22156268 -0.22570413
v -0.49878988 -0.21303296 -0.22595288
v -0.4991467 -0.17714407 -0.22583216
v -0.49921471 -0.13802041 -0.22589341
v -0.49913749 -0.10317189 -0.2259679
v -0.49921563 -0.06063198 -0.22575516
v -0.49914706 -0.01103819 -0.22566459
v -0.49903569 0.04809676 -0.22567925
v -0.49871168 0.0685566 -0.22554499
v -0.49866328 0.09595177 -0.22551014
v -0.49861458 0.14338019 -0.22549336
v -0.49837342 0.18345334 -0.22548346
v -0.49839363 0.21700509 -0.22523066
v -0.49624613 0.22089469 -0.2254694
v -0.49794102 -0.21598193 -0.22761653
v -0.49821806 -0.190084 -0.22758873
v -0.49835497 -0.14233802 -0.2275451
v -0.49835765 -0.09734623 -0.22766547
v -0.49837959 -0.0527297 -0.22726108
v -0.49830806 0.0019123 -0.22716069
v -0.49820203 0.05042463 -0.22716625
v -0.49781939 0.07163765 -0.22703452
v -0.49792001 0.10005081 -0.22686738
v -0.49789572 0.13255572 -0.22679926
v -0.49778512 0.16734804 -0.22691926
v -0.49758646 0.19705273 -0.2265828
v -0.49760017 0.21669751 -0.2264823
v -0.49614927 -0.22345902 0.22580464
v -0.49765 -0.2236412 0.22048609
v -0.49482659 -0.22388318 0.22489356
v -0.49800897 -0.22376426 0.20969023
v -0.49564698 -0.22397898 0.20884834
v -0.49711743 -0.22372121 0.20409524
v -0.49639103 -0.22342804 0.20219298
v -0.49676788 -0.22108696 0.2015616
v -0.49442405 -0.22298583 0.2008072
v -0.49698147 -0.14844523 0.19945014
v -0.49698147 -0.14844523 0.19945014
v -0.4976601 -0.14687701 0.19806486
v -0.49586919 -0.1478989 0.19830818
v -0.49530888 -0.15030549 0.19906759
v -0.49698147 -0.14844523 0.19945014
v -0.49586919 -0.1478989 0.19830818
v -0.49802238 -0.11683386 0.19989432
v -0.49825919 -0.11470577 0.20055434
v -0.4960663 -0.11549135 0.19920176
v -0.49538982 -0.11301266 0.19948214
v -0.49407563 -0.11460338 0.19937545
v -0.4983789 -0.10915919 0.20030662
v -0.49570248 -0.10827634 0.19937514
v -0.49805492 -0.10776763 0.19954866
v -0.49533704 -0.20401824 0.20001064
v -0.49542171 -0.18441267 0.19980803
v -0.49541059 -0.16288954 0.19935723
v -0.49720165 -0.15231965 0.19919896
v -0.49556425 -0.08105718 0.19928133
v -0.49761659 -0.07527819 0.19953501
v -0.49785832 -0.04783914 0.19933352
v -0.49553058 -0.03842655 0.1989591
v -0.49780503 -0.02204728 0.19934127
v -0.49560189 0.01574272 0.19888622
v -0.49776524 0.02456339 0.19923532
v -0.4953275 0.06578828 0.19884573
v -0.49739495 0.07869337 0.199177
v -0.4954282 0.09433268 0.19876634
v -0.49749607 0.1286357 0.19907805
v -0.49527287 0.13758585 0.19858083
v -0.49748936 0.15084022 0.1987595
v -0.49528328 0.1625471 0.19794405
v -0.49766207 0.16272244 0.19826274
v -0.49787292 0.1651451 0.19779842
v -0.49573791 0.16442572 0.19740635
v -0.49787292 0.1651451 0.19779842
v -0.49573791 0.16442572 0.19740635
v -0.49536765 -0.14752613 0.1883782
v -0.49575526 0.16454558 0.19175388
v -0.49566066 -0.1153795 0.18622087
v -0.49378154 -0.11497093 0.18425882
v -0.49491385 -0.11499817 0.16114879
v -0.49606359 -0.11537453 0.16636413
v -0.49566025 0.16493389 0.13132836
v -0.49636713 -0.11525022 0.13757727
v -0.49509108 -0.11496036 0.12927373
v -0.4961096 -0.11536317 0.11351519
v -0.49292156 -0.14730875 0.13955031
v -0.49561638 0.1647974 0.07971836
v -0.49474642 -0.11504028 0.07069642
v -0.49599546 -0.11541272 0.06866264
v -0.4957433 0.1649484 0.05818338
v -0.4957197 -0.11544587 0.02440613
v -0.49347535 -0.14695139 0.0309745
v -0.49428114 -0.11514366 0.01824981
v -0.49779752 0.16511011 0.01140281
v -0.49581 0.16502906 0.01124019
v -0.49543405 -0.1154591 0.01645743
v -0.49559835 -0.11543373 -0.005223
v -0.49418226 -0.11515041 -0.00691067
v -0.49604824 -0.11544178 -0.01420896
v -0.49422404 -0.11504645 -0.04111689
v -0.49768639 0.16503014 -0.0676423
v -0.49572325 -0.11541139 -0.0561619
v -0.49604458 0.16491686 -0.06753516
v -0.49427378 -0.11507409 -0.09804753
v -0.49748969 0.16514696 -0.1103825
v -0.49576113 -0.1153809 -0.11168494
v -0.49520674 -0.11499424 -0.13502201
v -0.49638519 -0.11520543 -0.13407862
v -0.49506655 -0.11507664 -0.1863934
v -0.49622378 -0.11526123 -0.18071695
v -0.49736357 0.16513564 -0.16803913
v -0.49723679 0.16487569 -0.18624552
v -0.4955852 0.16499855 -0.17900985
v -0.49788138 -0.14673229 -0.19728024
v -0.49552834 -0.14747572 -0.1950251
v -0.49793673 0.16555367 -0.19394462
v -0.49563631 0.16464382 -0.19417232
v -0.49299714 0.16452245 -0.18907368
v -0.49634129 -0.14733166 -0.19826776
v -0.49789867 0.16497976 -0.19779474
v -0.4955337 0.16418658 -0.19731826
v -0.49387956 -0.22331062 -0.20088926
v -0.49686527 -0.22241366 -0.20108035
v -0.49793679 -0.22337481 -0.20316401
v -0.49563998 -0.16315934 -0.19965875
v -0.49662778 -0.1503606 -0.19912399
v -0.49634129 -0.14733166 -0.19826776
v -0.49575374 -0.11534023 -0.19816852
v -0.49395657 -0.11279644 -0.19903401
v -0.49665084 -0.11515681 -0.19941956
v -0.49797183 -0.10733515 -0.199435
v -0.49855375 -0.11099394 -0.20053664
v -0.49660453 -0.1096131 -0.1993499
v -0.49870071 -0.22349812 -0.21095659
v -0.49589893 -0.22360069 -0.20466964
v -0.4983145 -0.22356492 -0.22082579
v -0.49413481 -0.2238663 -0.22581074
v -0.49682161 -0.22329231 -0.2270788
v -0.49132526 -0.22364806 -0.22780274
v -0.49682161 -0.22329231 -0.2270788
v -0.49402577 -0.22167522 -0.22802642
v -0.49132526 -0.22364806 -0.22780274
v -0.49794102 -0.21598193 -0.22761653
v -0.49567279 -0.20798147 -0.22816591
v -0.49821806 -0.190084 -0.22758873
v -0.49551898 -0.179781 -0.22794653
v -0.49835497 -0.14233802 -0.2275451
v -0.49560958 -0.15815058 -0.22796331
v -0.49564406 -0.13689902 -0.22791116
v -0.49835765 -0.09734623 -0.22766547
v -0.4956829 -0.0971311 -0.22800684
v -0.4956708 -0.05126136 -0.22761261
v -0.49837959 -0.0527297 -0.22726108
v -0.49587497 -0.01910555 -0.22746505
v -0.49830806 0.0019123 -0.22716069
v -0.49588409 0.02185204 -0.2275582
v -0.49820203 0.05042463 -0.22716625
v -0.49559924 0.07387153 -0.22752371
v -0.49781939 0.07163765 -0.22703452
v -0.49792001 0.10005081 -0.22686738
v -0.49574217 0.1163022 -0.22728184
v -0.49789572 0.13255572 -0.22679926
v -0.49572161 0.16925995 -0.22740267
v -0.49778512 0.16734804 -0.22691926
v -0.49758646 0.19705273 -0.2265828
v -0.49559712 0.21697778 -0.22681379
v -0.49760017 0.21669751 -0.2264823
v -0.49624613 0.22089469 -0.2254694
v -0.49429864 0.21928813 -0.2263069
v -0.49039158 -0.22373891 0.22711889
v -0.48674491 -0.22425081 0.202935
v -0.49639103 -0.22342804 0.20219298
v -0.48756948 -0.2241686 0.20108593
v -0.49442405 -0.22298583 0.2008072
v -0.48560074 -0.22379638 0.20020297
v -0.49108034 -0.2216344 0.2002116
v -0.48560074 -0.22379638 0.20020297
v -0.49186024 -0.2027913 0.19973364
v -0.49189433 -0.18214609 0.1996163
v -0.49106166 -0.16390674 0.19921182
v -0.49166366 -0.15614533 0.19894058
v -0.49145138 -0.14844362 0.19809337
v -0.49113643 -0.14812277 0.19502062
v -0.49145138 -0.14844362 0.19809337
v -0.4960663 -0.11549135 0.19920176
v -0.49407563 -0.11460338 0.19937545
v -0.49092445 -0.11453841 0.19817472
v -0.49178445 -0.09954368 0.19926661
v -0.49147618 -0.07769729 0.19924511
v -0.49139217 -0.03615102 0.19891705
v -0.49162811 -0.01626448 0.19891018
v -0.49172395 0.02015047 0.19886504
v -0.49169549 0.0539204 0.19882989
v -0.49170232 0.08737107 0.19879697
v -0.49194047 0.10438572 0.19879393
v -0.49166662 0.13161384 0.19868009
v -0.49160686 0.15193832 0.19827275
v -0.49153903 0.16419153 0.19752239
v -0.49191374 -0.14765503 0.18757655
v -0.49280012 0.16453527 0.18963048
v -0.49153903 0.16419153 0.19752239
v -0.48985231 0.16498269 0.18065245
v -0.49152425 -0.1473418 0.17364177
v -0.49097055 0.16504925 0.17127575
v -0.49176511 0.16488606 0.13798597
v -0.49187386 0.16493572 0.11912682
v -0.48838699 -0.14714742 0.11491172
v -0.48955825 -0.14715871 0.07979631
v -0.49129638 0.16482677 0.07886435
v -0.48893037 -0.14704986 0.05928471
v -0.4921138 0.16500287 0.05389374
v -0.49110442 0.16511431 0.01468915
v -0.48900977 -0.1468617 0.01884503
v -0.49158397 -0.11531127 0.01600463
v -0.49108329 -0.14676647 -0.00500919
v -0.49210423 0.1650212 -0.01526904
v -0.48959613 -0.1470059 -0.0426701
v -0.49210778 0.16498342 -0.05482544
v -0.49190843 0.16483422 -0.07783397
v -0.48939303 -0.14690915 -0.0897682
v -0.49194431 0.16506502 -0.11118589
v -0.49176589 0.16486774 -0.13450263
v -0.4972876 0.16494823 -0.1353251
v -0.49166334 -0.14699802 -0.14412767
v -0.4911446 0.16501921 -0.16392881
v -0.49076706 -0.14696608 -0.17763674
v -0.48933977 0.16488391 -0.17952584
v -0.49140364 -0.14769088 -0.19501822
v -0.49055529 0.16443877 -0.19522747
v -0.49150145 -0.14818141 -0.19800594
v -0.48533979 -0.22389574 -0.20131275
v -0.48753929 -0.22381002 -0.21405339
v -0.49223053 -0.19886765 -0.22814499
v -0.49126905 -0.01892963 -0.22747147
v -0.49207011 0.05603545 -0.22754203
v -0.4918696 0.09030921 -0.22750649
v -0.49203309 0.13130882 -0.22740731
v -0.49263 0.17634943 -0.22743142
v -0.49205193 0.21193911 -0.22692388
v -0.48970699 0.21728472 -0.22701319
v -0.47796315 -0.22424427 0.22591598
v -0.48177305 -0.22415586 0.21749279
v -0.48510703 -0.22219911 0.19993898
v -0.48395178 -0.21710549 0.20001379
v -0.48019218 -0.18056931 0.19995856
v -0.48388457 -0.1557492 0.19918327
v -0.48389164 -0.15060988 0.19928193
v -0.48176804 -0.148433 0.1982853
v -0.48176804 -0.148433 0.1982853
v -0.48324722 -0.11347125 0.19955872
v -0.48062715 -0.10726044 0.19949056
v -0.48535931 0.15325753 0.19862886
v -0.47822455 0.13451156 0.19937627
v -0.48333538 0.16219926 0.1987237
v -0.48281217 0.16424911 0.19795752
v -0.48641393 0.16448808 0.19468711
v -0.48281217 0.16424911 0.19795752
v -0.48200467 -0.14745933 0.18550743
v -0.48336461 -0.1473245 0.17567971
v -0.48983261 -0.11502967 0.16639596
v -0.48043153 -0.11507619 0.18104993
v -0.48578575 -0.11490327 0.15599534
v -0.48303241 -0.14736663 0.15675712
v -0.48310369 -0.14725906 0.13033374
v -0.48422453 0.16532521 0.1132185
v -0.48444289 0.16544555 0.05327259
v -0.48295596 -0.14704822 0.03673114
v -0.48438564 0.1654675 0.03786456
v -0.48658115 0.16534209 -0.01542972
v -0.48186368 -0.14691804 -0.03501096
v -0.48432466 0.16541636 -0.05245844
v -0.4843162 0.16520457 -0.06907119
v -0.48421821 0.16520904 -0.08681881
v -0.48332179 -0.14693333 -0.07735293
v -0.48390132 0.16538367 -0.10957095
v -0.48283091 -0.14685819 -0.10651395
v -0.48304695 -0.14697152 -0.13928826
v -0.48365363 0.16511299 -0.13720772
v -0.48350078 0.16520232 -0.15190478
v -0.48216683 -0.14693864 -0.17361283
v -0.48260605 0.16479638 -0.1869071
v -0.48166651 -0.14742184 -0.19502215
v -0.47842988 -0.14794415 -0.19838612
v -0.48241016 0.16427833 -0.19749963
v -0.48119909 -0.22370754 -0.20049222
v -0.48647785 -0.17821701 -0.22780934
v -0.48524627 -0.14267769 -0.2277519
v -0.48557556 -0.09515677 -0.22779751
v -0.48509881 -0.0430648 -0.22740942
v -0.48558465 0.01950866 -0.2273877
v -0.48697805 0.0651845 -0.22735606
v -0.48592564 0.08744254 -0.22735319
v -0.48657095 0.12855029 -0.22727869
v -0.48676449 0.16163179 -0.22733179
v -0.48608056 0.19173622 -0.22709914
v -0.48398909 0.21928495 -0.22636794
v -0.48528543 0.22101699 -0.22552066
v -0.48057613 -0.22396754 0.2273556
v -0.48324722 -0.11347125 0.19955872
v -0.48065963 -0.16476706 0.19963682
v -0.48110285 -0.1478475 0.19468558
v -0.48105258 -0.11446915 0.19846553
v -0.48154995 -0.08694164 0.19965379
v -0.47739851 -0.06400955 0.19977646
v -0.48136902 0.00647241 0.19930267
v -0.47934601 0.06932262 0.1994959
v -0.4802956 0.08649334 0.19940685
v -0.47875944 0.10310494 0.19957076
v -0.48269886 0.16479096 0.19493009
v -0.4833689 0.16529576 0.17591143
v -0.48393387 0.16522703 0.13917293
v -0.47895664 -0.14697768 0.1163625
v -0.48877314 -0.11496272 0.12530345
v -0.48055515 -0.11503533 0.11846613
v -0.47846329 -0.11510831 0.08093281
v -0.48129779 -0.14703616 0.07330614
v -0.47911423 -0.14671589 0.017733
v -0.48227403 -0.14662065 -0.00429953
v -0.48060712 -0.115211 -0.11872219
v -0.4784179 -0.11511031 -0.12234993
v -0.48345563 -0.11510587 -0.13907909
v -0.47829786 -0.11506936 -0.16172469
v -0.4830263 0.16507669 -0.17463315
v -0.48223525 0.16476472 -0.1950784
v -0.47842237 -0.10587671 -0.19949451
v -0.49172521 -0.11049913 -0.19940066
v -0.48497769 -0.11399498 -0.19990267
v -0.47570705 -0.22204731 -0.22825515
v -0.47461119 -0.21837051 -0.22815241
v -0.47764617 -0.11460809 0.19979018
v -0.47688276 -0.22205749 0.20031899
v -0.47059146 -0.19884919 0.20030202
v -0.47865322 -0.15048425 0.19978468
v -0.47797221 -0.14813213 0.19871919
v -0.47794205 -0.14739919 0.19494884
v -0.47797221 -0.14813213 0.19871919
v -0.47054297 -0.09195373 0.2000868
v -0.47048002 -0.03261434 0.19996285
v -0.47038475 0.00097226 0.19991565
v -0.47405896 0.03532393 0.19961034
v -0.47708094 0.14530198 0.1993828
v -0.47942647 0.16192023 0.19932598
v -0.48004001 0.16496103 0.19864266
v -0.48088917 0.1655765 0.19516949
v -0.48004001 0.16496103 0.19864266
v -0.48133206 0.16568543 0.18380654
v -0.47872546 -0.14711195 0.17765278
v -0.47865853 -0.14711885 0.14080654
v -0.48151088 0.16566552 0.14150579
v -0.48135489 0.1656889 0.07563405
v -0.48411623 0.16524895 0.07967656
v -0.47871497 -0.14689393 0.07458702
v -0.48141193 0.16579497 0.04661565
v -0.48058236 -0.11520712 0.0595067
v -0.47848895 -0.11517426 0.06155472
v -0.47751519 -0.11585242 0.05987453
v -0.47863969 -0.14690803 0.03648222
v -0.48138011 0.16577925 -0.01101709
v -0.47885564 -0.14637034 -0.0031173
v -0.47874993 -0.14679959 -0.03542128
v -0.48129651 0.16576195 -0.05711519
v -0.47892606 -0.14681017 -0.06400768
v -0.4811756 0.16567287 -0.08159355
v -0.4787052 -0.14673729 -0.1062218
v -0.48115158 0.1656113 -0.13227941
v -0.47869402 -0.14686988 -0.17160021
v -0.48089373 0.16562909 -0.16652684
v -0.4808079 0.16548094 -0.18369623
v -0.47794235 -0.14714432 -0.19478868
v -0.48077559 -0.11516093 -0.18357497
v -0.47856918 -0.11514688 -0.18041874
v -0.47763067 -0.11559124 -0.18307146
v -0.48013219 0.1654924 -0.19504829
v -0.47880527 0.16500562 -0.19827646
v -0.47259498 -0.22342055 -0.20088194
v -0.47641081 -0.22389548 -0.21187264
v -0.46979874 -0.22400343 -0.220351
v -0.47135392 -0.22397605 -0.22525319
v -0.47564667 -0.22371694 -0.22765273
v -0.47564667 -0.22371694 -0.22765273
v -0.47322854 -0.18988074 -0.22792944
v -0.47372538 -0.1681647 -0.22776774
v -0.47428644 -0.13847452 -0.22772603
v -0.47353098 -0.10943298 -0.22779258
v -0.47391284 -0.08553901 -0.22769845
v -0.47368261 -0.04352329 -0.22736864
v -0.47402874 -0.00478038 -0.2273699
v -0.47465765 0.05251946 -0.22731598
v -0.47517782 0.0823885 -0.22732741
v -0.4696492 0.13642474 -0.22717398
v -0.46964663 0.1620401 -0.22725448
v -0.47682023 0.21021508 -0.22682767
v -0.47127268 -0.22380395 0.22671026
v -0.47011274 -0.22418241 0.22476079
v -0.46967649 -0.22428238 0.21633261
v -0.47056836 -0.22419053 0.20524991
v -0.47218877 -0.22374319 0.200973
v -0.47812209 0.17550799 0.20352365
v -0.47875324 0.18550223 0.2045351
v -0.475954 0.18583879 0.20501986
v -0.47910571 0.19541395 0.20535637
v -0.476322 0.19562235 0.20617996
v -0.47933438 0.20671517 0.20590766
v -0.47629395 0.20696814 0.20713185
v -0.47918019 0.20994505 0.20554829
v -0.47641274 0.21037032 0.20632041
v -0.47918019 0.20994505 0.20554829
v -0.47951001 0.21101277 0.20228851
v -0.47659871 0.21247938 0.202236
v -0.47641274 0.21037032 0.20632041
v -0.47370172 -0.15558194 0.19992483
v -0.47703731 -0.14862376 0.19997363
v -0.47455353 -0.14763746 0.20013273
v -0.47703731 -0.14862376 0.19997363
v -0.4761031 -0.14683527 0.19812478
v -0.47455353 -0.14763746 0.20013273
v -0.47314343 -0.10530782 0.20001647
v -0.47436336 -0.1153717 0.20025331
v -0.47115347 -0.10292757 0.20009027
v -0.47434086 0.16008675 0.20009457
v -0.47856224 0.16695701 0.20042786
v -0.4747501 0.16533992 0.20101228
v -0.47856224 0.16695701 0.20042786
v -0.47901905 0.17675591 0.20240624
v -0.47542211 0.17271844 0.20317239
v -0.47542211 0.17271844 0.20317239
v -0.47812209 0.17550799 0.20352365
v -0.47839233 0.21259265 0.20061956
v -0.47218877 -0.22374319 0.200973
v -0.47093004 -0.21763529 0.20060043
v -0.47153118 -0.15724745 0.20009035
v -0.47676757 -0.14275733 0.19655593
v -0.47633034 -0.14012745 0.19908868
v -0.47598633 -0.14406013 0.19807757
v -0.47690454 -0.13569172 0.19602606
v -0.47655484 -0.13462256 0.19976401
v -0.47631869 -0.12272988 0.19844097
v -0.47634891 -0.12640485 0.19953673
v -0.47048441 -0.05725401 0.20014116
v -0.47059724 0.05977064 0.20000601
v -0.47088355 0.09704196 0.20013514
v -0.4709945 0.12142619 0.19999477
v -0.47179583 0.15034753 0.20007353
v -0.47718909 -0.14662808 0.18722023
v -0.47754687 -0.14666386 0.17757817
v -0.47911075 0.21269348 0.17952548
v -0.47921333 0.21269311 0.14977233
v -0.47498834 0.21267819 0.14707255
v -0.47931555 0.21281244 0.13674775
v -0.47755143 -0.14662427 0.12826078
v -0.47961545 0.21280545 0.10387685
v -0.47654212 0.2128524 0.10284219
v -0.47750491 -0.14650917 0.06477357
v -0.47947666 0.2127464 0.078125
v -0.47563916 0.21275933 0.07893006
v -0.47937748 0.21283111 0.05130965
v -0.47733757 -0.1464507 0.02453262
v -0.47928792 0.2127223 0.02422929
v -0.47590616 0.21273848 0.0337702
v -0.476565 0.2127749 0.00345488
v -0.47738364 -0.14629738 0.00876704
v -0.4769586 -0.14622401 0.00593053
v -0.47920626 0.21270564 -0.00877147
v -0.47477847 -0.14606498 0.00437199
v -0.47471708 -0.14589454 -0.00836608
v -0.47679842 -0.14611693 -0.01004573
v -0.47714525 -0.1462017 -0.01271354
v -0.47744662 -0.14645451 -0.03767161
v -0.47902361 0.21264425 -0.04658349
v -0.47756669 -0.14646477 -0.12973991
v -0.47970101 0.21078423 -0.06526355
v -0.47654209 0.21213108 -0.08662168
v -0.47659048 0.21243064 -0.06510323
v -0.47964066 0.21058336 -0.08837857
v -0.47653261 0.21232092 -0.11958597
v -0.47966534 0.21060632 -0.13103144
v -0.47653151 0.21220155 -0.1352755
v -0.47965661 0.21063672 -0.15849715
v -0.47656134 0.21219444 -0.18114032
v -0.47728771 -0.14656496 -0.18183476
v -0.47950521 0.21060659 -0.18478951
v -0.47581166 -0.14676513 -0.19825894
v -0.47961378 0.21048939 -0.19814181
v -0.47649923 0.21219307 -0.1977036
v -0.46982706 -0.22367069 -0.20307234
v -0.47678173 -0.14830241 -0.19968636
v -0.47420606 -0.14719613 -0.19981647
v -0.47950307 0.21019262 -0.20248848
v -0.47651818 0.21183327 -0.20244066
v -0.46928674 -0.2238536 -0.20579216
v -0.47906694 0.20959395 -0.20506832
v -0.4765164 0.2102049 -0.20555152
v -0.46952716 0.11350096 -0.22728473
v -0.4694773 0.18390013 -0.22695687
v -0.47020847 0.19172056 -0.22688647
v -0.47506937 0.20918223 0.20757261
v -0.47080982 0.2110064 0.20604999
v -0.4693417 -0.22382221 0.20392787
v -0.46997947 0.1729265 0.20411943
v -0.47001192 0.17931031 0.2048938
v -0.47006121 0.19028543 0.20576385
v -0.46631843 0.19602834 0.20633571
v -0.4655785 0.20442972 0.20699941
v -0.47080982 0.2110064 0.20604999
v -0.47062844 -0.1550384 0.20074834
v -0.47059071 -0.14517173 0.20164052
v -0.47384334 -0.1441537 0.20040622
v -0.47437924 -0.13908029 0.20071799
v -0.46825939 -0.13913694 0.20309798
v -0.47433692 -0.12974127 0.20094115
v -0.4685379 -0.12779061 0.20324709
v -0.47385743 -0.12119383 0.2009791
v -0.46877548 -0.11956166 0.20289622
v -0.46999508 -0.10531645 0.20087992
v -0.46945369 0.16051577 0.20180789
v -0.46986866 0.14895779 0.20074739
v -0.4706161 0.16893758 0.20320672
v -0.47022963 0.03954031 0.19988462
v -0.4715699 0.14781339 0.19999072
v -0.47121122 0.21248457 0.17498954
v -0.47164866 0.2127416 0.1258444
v -0.4687396 0.21267566 0.04831217
v -0.47090247 -0.14290647 0.0070203
v -0.47238681 -0.14027302 0.00692001
v -0.4726837 -0.14441653 0.00600217
v -0.47521296 -0.117881 0.00853777
v -0.4749437 -0.11897624 0.00743726
v -0.47247657 -0.11793706 0.00764939
v -0.46973506 0.21263587 -0.00518367
v -0.47539589 -0.14464538 0.00609312
v -0.47477847 -0.14606498 0.00437199
v -0.46380433 -0.14525786 -0.00697739
v -0.47471708 -0.14589454 -0.00836608
v -0.4753952 -0.14451653 -0.01028063
v -0.47280914 -0.14441437 -0.00992442
v -0.47132483 -0.14570545 -0.00950116
v -0.47548065 -0.14000921 -0.01110577
v -0.47252485 -0.14026339 -0.01073647
v -0.47258222 -0.12142658 -0.0110184
v -0.47493741 -0.1182156 -0.01105175
v -0.46906173 0.21254747 -0.0402747
v -0.4785628 0.21250722 -0.06378
v -0.47079161 0.21240997 -0.056212
v -0.47067052 0.21196334 -0.08441234
v -0.46989009 0.21209992 -0.12039325
v -0.47191122 0.21210791 -0.15949731
v -0.46733215 0.21190065 -0.18226676
v -0.47223103 0.2120772 -0.20230873
v -0.4719907 0.2104743 -0.20577563
v -0.46975839 -0.22345972 -0.22647716
v -0.47094026 -0.22148897 -0.22789098
v -0.46975839 -0.22345972 -0.22647716
v -0.47017664 -0.20582476 -0.22795746
v -0.47002384 -0.1861275 -0.2277717
v -0.46979913 -0.14125863 -0.22761485
v -0.46993092 -0.1065399 -0.22769685
v -0.46963656 -0.04740313 -0.22726151
v -0.46959892 -0.00135665 -0.22724757
v -0.46963084 0.04833748 -0.22723527
v -0.46965334 0.0825447 -0.2272252
v -0.46858427 -0.22357503 0.22551477
v -0.46769041 -0.223884 0.21957332
v -0.46825939 -0.13913694 0.20309798
v -0.4685379 -0.12779061 0.20324709
v -0.46760935 -0.13790886 0.2043082
v -0.46778914 -0.11901368 0.20433341
v -0.46877548 -0.11956166 0.20289622
v -0.46856999 -0.11092807 0.20228255
v -0.46788967 -0.10921015 0.20394291
v -0.46740577 0.16425368 0.20361805
v -0.46830213 0.16865145 0.2039853
v -0.46663582 0.16690993 0.2050238
v -0.46655476 0.17277244 0.20551328
v -0.46670768 0.17800003 0.20564981
v -0.46697426 0.18592437 0.20577356
v -0.4666152 0.18891245 0.20583548
v -0.4662542 0.21219417 0.20269713
v -0.46916321 -0.22210191 0.20320503
v -0.46890289 -0.21581864 0.20206404
v -0.46959364 -0.20333427 0.20075582
v -0.46890289 -0.21581864 0.20206404
v -0.46959364 -0.20333427 0.20075582
v -0.46864882 -0.20299442 0.20174564
v -0.4695594 -0.1700405 0.20067321
v -0.46842539 -0.16378282 0.2018099
v -0.4695594 -0.1700405 0.20067321
v -0.46842539 -0.16378282 0.2018099
v -0.46843907 -0.14757521 0.20267013
v -0.46856999 -0.11092807 0.20228255
v -0.46943361 -0.0901828 0.20050085
v -0.46847713 -0.09483059 0.20161462
v -0.46943361 -0.0901828 0.20050085
v -0.46845645 -0.07104315 0.20170872
v -0.46847713 -0.09483059 0.20161462
v -0.46946698 -0.06992471 0.20056899
v -0.46805894 -0.04477289 0.20170835
v -0.46915871 -0.02650487 0.20037548
v -0.46809992 -0.01862529 0.20166811
v -0.46790481 0.01608027 0.20171043
v -0.46900895 0.03807596 0.20029385
v -0.46780998 0.05445452 0.20173022
v -0.46900895 0.03807596 0.20029385
v -0.46931612 0.06415094 0.20043853
v -0.46780998 0.05445452 0.20173022
v -0.46748438 0.08214273 0.20194051
v -0.46934703 0.11764696 0.2005254
v -0.46748549 0.10927919 0.20185851
v -0.46773818 0.13087939 0.20194378
v -0.46733427 0.15408252 0.20269628
v -0.46209154 0.21271244 0.12606522
v -0.46666297 -0.14540133 0.0063865
v -0.47132483 -0.14570545 -0.00950116
v -0.4683027 -0.14402667 -0.01039734
v -0.46850702 -0.14068891 -0.0107208
v -0.46354431 0.21207832 -0.16188264
v -0.4667044 0.21193622 -0.20235389
v -0.46850783 -0.22375408 -0.2197136
v -0.46917436 -0.22121821 -0.22678563
v -0.46868289 -0.21131292 -0.22717467
v -0.46833622 -0.18660823 -0.22709152
v -0.46789247 -0.14216761 -0.22703545
v -0.46796662 -0.08231949 -0.22689524
v -0.46764228 -0.0452108 -0.22656958
v -0.46760517 -0.00218015 -0.22655454
v -0.46747515 0.04825975 -0.22648238
v -0.46732014 0.07916062 -0.22647469
v -0.4671686 0.13038021 -0.22641879
v -0.46714416 0.18519177 -0.22648787
v -0.46651843 0.18809637 -0.22650179
v -0.4576638 0.19606341 -0.22666882
v -0.46042129 0.20506319 -0.22669251
v -0.44573322 0.2210726 -0.22524111
v -0.46624222 -0.16102497 0.22235759
v -0.46645495 -0.13374855 0.22070691
v -0.4662281 -0.13812143 0.22283791
v -0.46626619 -0.10657503 0.22283585
v -0.46580175 -0.06389415 0.22239995
v -0.46634036 -0.03979618 0.21388012
v -0.46542025 -0.03649982 0.22221489
v -0.46549118 0.16723548 0.21281204
v -0.46574903 0.17640494 0.20849182
v -0.46504942 0.17981164 0.21616682
v -0.46515927 0.18603027 0.21529472
v -0.46538737 0.18802242 0.21092565
v -0.46417594 0.18826371 0.21316555
v -0.46538737 0.18802242 0.21092565
v -0.46542159 0.18836586 0.20780726
v -0.46417594 0.18826371 0.21316555
v -0.4666152 0.18891245 0.20583548
v -0.46335995 0.18942611 0.20593433
v -0.46633393 0.08320418 0.2042022
v -0.46601337 0.10246769 0.20501247
v -0.46599388 0.08331862 0.20564581
v -0.46335995 0.18942611 0.20593433
v -0.46192622 0.21240884 0.17660093
v -0.46168655 0.21264699 0.03178665
v -0.45704225 -0.1438462 0.00702447
v -0.46582893 -0.14554836 0.0057533
v -0.45520839 -0.14475167 -0.00955827
v -0.45909464 -0.14333962 -0.01048131
v -0.45520839 -0.14475167 -0.00955827
v -0.46126169 -0.14017509 -0.01064759
v -0.45741472 -0.11855244 -0.01066079
v -0.47498563 -0.11659793 -0.01030613
v -0.46087128 0.21238299 -0.05772899
v -0.4610942 0.21202603 -0.08434235
v -0.46752313 0.18880524 -0.20530383
v -0.46682882 0.18817705 -0.20740268
v -0.46465179 0.18940799 -0.2054662
v -0.46443442 0.1887363 -0.20802164
v -0.46629778 0.18772052 -0.22082743
v -0.46473572 0.18789785 -0.2222977
v -0.46677196 -0.04990201 -0.22518033
v -0.46677932 -0.00522777 -0.22538036
v -0.46644393 -0.02760401 -0.2243609
v -0.46653023 0.00061665 -0.2243626
v -0.46644077 0.04867472 -0.22419801
v -0.4666785 0.05280317 -0.2251972
v -0.46657854 0.07530036 -0.22550489
v -0.46620768 0.08921365 -0.22484386
v -0.46625552 0.12302402 -0.22537209
v -0.46638498 0.17701559 -0.22577538
v -0.46607956 0.15377162 -0.22483064
v -0.46619189 0.18123844 -0.22509795
v -0.46619263 0.18568435 -0.22502232
v -0.46651843 0.18809637 -0.22650179
v -0.46596721 0.18652137 -0.22439353
v -0.46596721 0.18652137 -0.22439353
v -0.46651843 0.18809637 -0.22650179
v -0.46465224 0.1879053 -0.22534315
v -0.46341127 0.18911445 -0.22657464
v -0.46341127 0.18911445 -0.22657464
v -0.44758061 0.21704577 -0.22685167
v -0.46387142 0.18887873 0.22655629
v -0.46350491 0.18776077 0.22520229
v -0.45849338 0.18839124 0.22532298
v -0.45782804 0.18845673 0.22229262
v -0.46049219 0.18903461 0.2087166
v -0.46433693 0.2069461 0.20740299
v -0.45500815 0.20649458 0.20779
v -0.45777056 0.19682673 0.20708813
v -0.4548896 0.20976454 0.20775774
v -0.45507103 0.21147068 0.20619927
v -0.45850596 0.21227247 0.20265007
v -0.45507103 0.21147068 0.20619927
v -0.45507246 0.21231946 0.19629776
v -0.45517632 0.21275049 0.13583536
v -0.46666297 -0.14540133 0.0063865
v -0.45410788 -0.14509073 0.0043229
v -0.45505387 -0.1167309 -0.01004103
v -0.45404559 0.21268846 0.01478934
v -0.45497262 0.21258806 -0.04562235
v -0.45323446 0.21222138 -0.11897808
v -0.45480382 0.21204016 -0.1967535
v -0.45961154 0.2121032 -0.20228317
v -0.45658848 0.21039502 -0.20610449
v -0.458258 0.18925057 -0.20804235
v -0.45736906 0.18891606 -0.21276204
v -0.46055746 0.18831341 -0.22206073
v -0.45950663 0.188499 -0.22532956
v -0.45591298 0.18895012 0.21375239
v -0.45298177 0.18952081 0.20705625
v -0.45298177 0.18952081 0.20705625
v -0.45350111 0.21275628 0.06818187
v -0.45205221 -0.1443962 -0.01021304
v -0.45278883 -0.12217034 -0.01066003
v -0.45289043 0.21218984 -0.08335079
v -0.45386499 0.21226563 -0.15648203
v -0.4563677 0.18954082 -0.20634682
v -0.45293057 0.18857919 -0.22232343
v -0.44722855 0.21919248 -0.22614516
v -0.45033097 0.19910106 0.20743492
v -0.44063976 -0.14472818 0.00652656
v -0.45079851 -0.14492129 -0.00709525
v -0.44555038 -0.14011279 -0.01060252
v -0.4381901 0.21269974 -0.01962397
v -0.44876781 0.21219073 -0.20250513
v -0.45249203 0.21027683 -0.20621619
v -0.44579917 0.18941237 -0.20699973
v -0.45658848 0.21039502 -0.20610449
v -0.45434871 0.20895138 -0.20729078
v -0.45249203 0.21027683 -0.20621619
v -0.45180112 0.20648076 -0.20720735
v -0.44453266 0.19160281 -0.22663091
v -0.44350722 0.1892491 0.21001169
v -0.44620454 0.18948787 0.20753711
v -0.44402167 0.21140327 0.20591909
v -0.44620454 0.18948787 0.20753711
v -0.44694558 0.19222263 0.20726559
v -0.44519025 0.21234734 0.20242532
v -0.44402167 0.21140327 0.20591909
v -0.44095948 0.21235529 0.1981694
v -0.43675259 0.21253599 0.17456798
v -0.42871243 0.21273461 0.14745167
v -0.44029969 0.21276084 0.11854072
v -0.43968385 0.21278882 0.08011679
v -0.42519665 0.21286528 0.05828375
v -0.44371399 -0.11684286 -0.01008903
v -0.43998918 -0.11772728 -0.01064913
v -0.43356082 0.21255215 -0.05692397
v -0.43846685 0.21230906 -0.11492938
v -0.43908358 0.21229108 -0.17113957
v -0.44859165 0.21094771 -0.20569272
v -0.43738502 0.18928146 -0.20860934
v -0.43088603 0.18879199 -0.22524339
v -0.43792996 0.189282 -0.22634739
v -0.43792996 0.189282 -0.22634739
v -0.43486178 0.18879642 0.22526294
v -0.42763612 0.18924689 0.22649644
v -0.43754151 0.20566733 0.20712675
v -0.43912667 0.20941418 0.20729297
v -0.43096599 0.21279699 0.02187449
v -0.42876026 0.21236907 -0.08395362
v -0.42522717 0.19634485 -0.22679257
v -0.42990318 0.21729082 -0.22686988
v -0.43351778 0.21108991 0.20641543
v -0.43196413 0.19183448 0.20687418
v -0.44248188 0.21242756 0.2049419
v -0.42051849 -0.14468402 -0.00693203
v -0.4333621 -0.14343052 -0.0105151
v -0.42739287 0.2124173 -0.14926332
v -0.41746607 0.21223858 -0.19814557
v -0.4473429 0.21229674 -0.20471321
v -0.41834337 0.21237154 -0.2047375
v -0.43122625 0.18947256 0.20724127
v -0.43122625 0.18947256 0.20724127
v -0.43183896 0.21249184 0.20536524
v -0.44248188 0.21242756 0.2049419
v -0.43183896 0.21249184 0.20536524
v -0.42773706 -0.14474733 0.00491017
v -0.40935624 -0.14048363 -0.0107459
v -0.42043513 0.21270955 -0.04083538
v -0.42011204 0.21235994 -0.1804027
v -0.42916936 0.21932645 -0.22623406
v -0.42918336 0.20903328 0.20709749
v -0.41646963 -0.14449723 -0.00945141
v -0.45205221 -0.1443962 -0.01021304
v -0.40999782 0.202874 -0.22679657
v -0.40956247 0.18881166 0.22533573
v -0.42728552 0.21063273 0.20646107
v -0.42719585 0.20681356 0.2069342
v -0.40894502 0.21253064 0.1822457
v -0.41390312 0.2128451 0.10582938
v -0.4139477 0.21281198 0.00081015
v -0.41656542 0.18917081 -0.21579131
v -0.40783232 0.18931086 0.20897646
v -0.41458905 0.21270823 0.16212802
v -0.41656601 0.21245059 -0.11987635
v -0.41627562 0.21227275 -0.20237003
v -0.40504757 0.20649332 0.20673805
v -0.39705384 0.19630685 0.20663117
v -0.40334219 0.21254402 0.2052716
v -0.40334219 0.21254402 0.2052716
v -0.38147321 -0.14426784 -0.01027869
v -0.38147321 -0.14426784 -0.01027869
v -0.40808213 -0.12228118 -0.0108848
v -0.40380743 0.21256796 -0.0672535
v -0.39724037 -0.11776108 -0.01089887
v -0.40088618 0.21246824 -0.08548336
v -0.40967187 0.2124992 -0.15693904
v -0.41633573 0.21069491 -0.2056601
v -0.38329944 0.21711101 -0.22686027
v -0.38990596 0.22101389 -0.22533043
v -0.39600617 0.18947649 0.20703684
v -0.39903083 0.19152033 0.20668374
v -0.39600617 0.18947649 0.20703684
v -0.38589478 0.21245465 0.19705237
v -0.40414643 0.21296003 0.05377009
v -0.40411818 -0.14467317 0.00464654
v -0.38069502 -0.14463776 0.00645912
v -0.40353435 0.21251369 -0.13274747
v -0.39617497 0.21248093 -0.16589628
v -0.39927018 0.21076223 0.20624669
v -0.39323589 0.21293768 0.02918994
v -0.38002679 -0.1434443 -0.01063589
v -0.39804173 0.21278673 -0.03107693
v -0.38973111 0.21238211 -0.1839778
v -0.38725477 0.18938512 -0.22640234
v -0.38725477 0.18938512 -0.22640234
v -0.38942325 0.21276917 0.1585823
v -0.38367364 0.21295951 0.08863331
v -0.37869459 -0.12926632 -0.0107799
v -0.38664562 0.21284038 -0.01314886
v -0.38283885 0.21267989 -0.05835849
v -0.39073357 0.21247724 -0.10959194
v -0.38852361 0.18932402 -0.21368678
v -0.37456679 0.18903135 -0.22526827
v -0.38459155 0.19156492 -0.22671419
v -0.38157293 0.2192619 -0.22622049
v -0.38719445 0.21287052 0.12451573
v -0.3855609 -0.14474744 -0.00670373
v -0.39204478 0.21252874 -0.14696583
v -0.38928595 0.21221644 -0.20229609
v -0.38131604 0.21054432 -0.20570387
v -0.38812333 0.18948282 -0.20686424
v -0.39224288 0.20638381 0.20681293
v -0.37527761 0.19564818 -0.22678809
v -0.3757745 0.18893789 0.22526571
v -0.3858861 0.21256506 0.20549372
v -0.38292375 0.21300475 0.05546571
v -0.38478369 -0.14456366 -0.00949634
v -0.38470414 -0.14038865 -0.01075955
v -0.38524637 0.21222638 -0.1962768
v -0.3652325 0.18928429 0.22629784
v -0.37404415 0.18938731 0.20962544
v -0.38463235 0.21071294 0.20664065
v -0.3858861 0.21256506 0.20549372
v -0.37722629 0.2125251 -0.10026877
v -0.36964518 0.19153924 0.20688112
v -0.38509822 0.20683016 0.20704612
v -0.37518263 0.21243249 0.20517774
v -0.37159345 0.21261591 0.17882285
v -0.37693286 -0.11936674 -0.01087585
v -0.37210301 0.21253619 -0.13340266
v -0.36574262 0.18946221 -0.20773268
v -0.3561075 0.20342961 -0.22682144
v -0.36671075 0.21293496 0.00430912
v -0.36668691 0.21257667 -0.08494313
v -0.38354006 0.20917778 0.20724346
v -0.37462178 0.20945781 0.20749529
v -0.37518263 0.21243249 0.20517774
v -0.36705023 0.21292427 0.12416732
v -0.35455629 0.21248364 -0.16401102
v -0.36469477 0.21193612 -0.20232792
v -0.35888574 0.18949421 0.20745674
v -0.36902675 0.21140347 0.20619981
v -0.35888574 0.18949421 0.20745674
v -0.36410093 0.204698 0.20732842
v -0.36695284 0.21305676 0.06824502
v -0.36502832 0.21304961 0.04670213
v -0.36216542 -0.14444228 0.0044877
v -0.35866261 -0.14444499 -0.00688473
v -0.3609592 -0.14428972 -0.00949264
v -0.36834311 0.21281433 -0.04038119
v -0.32745257 0.1894847 -0.2077563
v -0.36902675 0.21140347 0.20619981
v -0.36168513 0.21233253 0.20495449
v -0.35629299 0.21275744 0.16256887
v -0.36608779 -0.14432158 0.00646669
v -0.35617456 -0.14050768 -0.01097086
v -0.35559118 -0.11775397 -0.01095135
v -0.35184222 0.21239114 -0.18086515
v -0.36369452 0.196326 0.20704027
v -0.35008085 0.21249443 0.19090581
v -0.34281945 0.21304908 0.07404064
v -0.35035998 -0.12442802 -0.01097109
v -0.35703802 0.21269701 -0.0632145
v -0.36051559 0.21259558 -0.11515705
v -0.35206124 0.21229839 -0.18993847
v -0.3545481 0.20682728 0.20768914
v -0.3526015 0.20986061 0.20781562
v -0.34160978 0.21283698 0.1435886
v -0.34575358 0.2125055 -0.14508449
v -0.34252432 0.21040566 -0.20591553
v -0.32623571 0.21709952 -0.22687651
v -0.3451528 0.18898594 0.22528049
v -0.33932853 0.21160059 0.20649812
v -0.33932853 0.21160059 0.20649812
v -0.34636432 0.2129502 0.11416982
v -0.33693916 0.21303688 0.04059091
v -0.33617029 0.21290767 -0.00865087
v -0.33691749 0.21278283 -0.04707765
v -0.3291744 0.2126381 -0.0754856
v -0.33774531 0.21260399 -0.09813295
v -0.3331348 0.21254279 -0.12810199
v -0.33546546 0.1890507 -0.22528049
v -0.31945628 0.18943667 -0.22641169
v -0.31945628 0.18943667 -0.22641169
v -0.33633453 0.21937674 -0.22624627
v -0.33764046 0.22112192 -0.22546411
v -0.33286244 0.18941505 0.21011931
v -0.33404619 0.21236317 0.20508468
v -0.32991004 0.21238665 0.19777706
v -0.32835269 -0.14434738 0.00644766
v -0.32920131 -0.14328285 -0.01075101
v -0.33624652 -0.12833294 -0.01089528
v -0.33404034 0.20640279 0.207846
v -0.33098063 0.19151036 0.20696092
v -0.3354052 0.19464007 0.20707476
v -0.33383745 0.20412694 0.20758611
v -0.3153294 0.21300037 0.0930679
v -0.32900006 -0.14436957 -0.00693839
v -0.32820675 -0.14039525 -0.0109783
v -0.30844766 0.18940318 -0.21436852
v -0.31780124 0.19161126 -0.22678368
v -0.33531237 0.20995311 0.20798144
v -0.32818061 -0.14414038 -0.01022815
v -0.32818061 -0.14414038 -0.01022815
v -0.33232045 -0.12209466 -0.01096023
v -0.33266479 -0.11773468 -0.01089171
v -0.31176668 0.21194291 -0.20230843
v -0.32289141 0.19583891 -0.2268565
v -0.3175908 0.2127488 0.15834826
v -0.30513403 0.21290264 0.11934248
v -0.32340294 0.21296726 0.01202924
v -0.30814219 0.21289757 -0.02930186
v -0.30662745 0.18904944 0.22538212
v -0.31960416 0.18952903 0.20740275
v -0.32347924 0.21151395 0.20620929
v -0.31960416 0.18952903 0.20740275
v -0.32347924 0.21151395 0.20620929
v -0.32103354 0.21231884 0.20460621
v -0.31657171 0.21240452 -0.17532566
v -0.30381677 0.21247277 -0.15121765
v -0.30505118 0.18932213 0.22649659
v -0.30859968 0.20435163 0.20722972
v -0.30703101 0.19638367 0.20687459
v -0.32299468 0.20981018 0.20782492
v -0.31956363 0.21253982 0.18250225
v -0.29369363 0.18921058 -0.22530474
v -0.28164226 0.18934506 0.21430884
v -0.30621132 0.2064845 0.20754793
v -0.29695359 0.21304864 0.02955296
v -0.30381885 -0.14358737 -0.01051835
v -0.30178359 0.21223345 0.19738065
v -0.30068696 -0.14298552 -0.01105781
v -0.29813173 -0.14067137 -0.0112665
v -0.31589016 -0.11758424 -0.01111916
v -0.30515745 0.21257856 -0.1138479
v -0.29888088 0.21221782 -0.19137898
v -0.29064292 0.21930194 -0.22601661
v -0.29028225 0.22097449 -0.22516085
v -0.30302128 0.2116252 0.20619085
v -0.30302128 0.2116252 0.20619085
v -0.29643011 0.21308994 0.06446026
v -0.29284215 -0.13013655 -0.01122229
v -0.29359755 0.21280392 -0.05676598
v -0.28442401 0.21186285 -0.20228755
v -0.30027422 0.21041353 -0.20596394
v -0.30456719 0.20998859 0.20779806
v -0.29768908 0.21256536 0.174961
v -0.29923549 -0.14369468 -0.00717804
v -0.30457324 0.19640766 -0.22676492
v -0.28520826 0.1895069 0.206981
v -0.29005742 0.19146056 0.20663401
v -0.28520826 0.1895069 0.206981
v -0.30447766 0.21224846 0.20490228
v -0.3018274 0.2121757 0.20264663
v -0.29004765 0.21280906 0.14234909
v -0.29859793 -0.14372917 0.00686503
v -0.30381885 -0.14358737 -0.01051835
v -0.28949344 0.21262534 -0.09705
v -0.28670448 0.21708453 -0.22671749
v -0.27428392 0.21243909 -0.17154832
v -0.28432065 0.18902548 0.22545253
v -0.29105979 0.20476252 0.20700334
v -0.28090346 0.21268186 -0.08023172
v -0.28040606 0.21253777 -0.13707706
v -0.28645059 0.20981389 0.2075756
v -0.28058976 0.21207459 0.20266122
v -0.26878762 0.21267991 0.16975442
v -0.27512795 0.21309578 0.08365892
v -0.28270182 0.2130167 -0.00235205
v -0.28508696 -0.11913226 -0.01129223
v -0.2635518 0.18955441 -0.22644596
v -0.2635518 0.18955441 -0.22644596
v -0.26119274 0.1918502 -0.22679427
v -0.28507084 0.21138015 0.20613885
v -0.28025523 0.19545381 0.20661961
v -0.28507084 0.21138015 0.20613885
v -0.26141894 -0.14347641 -0.01052701
v -0.27814847 0.21039115 -0.20586781
v -0.25592294 0.18924597 -0.22537421
v -0.25865707 0.20696633 0.2073648
v -0.2684727 0.2129401 0.1286948
v -0.26101381 0.21320967 0.04735914
v -0.26834831 0.21295959 -0.04078729
v -0.29436016 0.18952894 -0.20742448
v -0.2525 0.18951678 -0.20745009
v -0.22134459 0.21232724 0.19770807
v -0.2564829 0.21250232 0.18586582
v -0.26141894 -0.14347641 -0.01052701
v -0.25616106 -0.14047958 -0.01129702
v -0.25864434 -0.13006042 -0.01126184
v -0.25640967 -0.11727535 -0.01115816
v -0.25981715 0.19157471 0.20666054
v -0.25789738 0.20478338 0.20700338
v -0.26373729 -0.14364402 -0.00721995
v -0.25735831 0.21267185 -0.11332589
v -0.25101674 0.21254006 -0.15668803
v -0.26215705 0.21189825 -0.20236383
v -0.26149568 0.18947618 0.20708731
v -0.24108827 0.21287692 0.15548578
v -0.25935134 0.21280612 -0.06841657
v -0.25608569 0.21712422 -0.2267918
v -0.23561226 0.18932098 0.22638169
v -0.25605798 0.21136805 0.2061014
v -0.26149568 0.18947618 0.20708731
v -0.25605798 0.21136805 0.2061014
v -0.25640085 0.21315603 0.02050163
v -0.25951463 -0.14368421 0.00686275
v -0.25727686 -0.14296807 -0.01103227
v -0.25216898 0.21307775 -0.01031373
v -0.22455609 0.21283954 -0.08623515
v -0.22746509 0.21222369 -0.19353494
v -0.25365785 0.21936512 -0.22607504
v -0.24951844 0.21211252 0.20252848
v -0.24961489 -0.11946739 -0.01132136
v -0.24201357 0.20502821 -0.22680077
v -0.25351328 0.22103876 -0.22525543
v -0.25487104 0.20978561 0.20754778
v -0.24158247 0.21319458 0.09482929
v -0.24416685 0.21330151 0.05841477
v -0.24199542 -0.14357856 0.00678053
v -0.23494196 0.21295446 -0.05760261
v -0.24649848 0.18951708 0.20690517
v -0.23448554 0.21331836 0.07111554
v -0.22761269 0.21318948 0.00190552
v -0.24089742 -0.14331539 -0.01038595
v -0.23300889 0.21259633 -0.14526346
v -0.22883257 0.21247137 -0.1741998
v -0.23600593 0.21189727 -0.202374
v -0.19702652 0.18909438 0.22542886
v -0.23919445 0.20972906 0.20735456
v -0.24146381 0.20711854 0.20721798
v -0.24336854 0.21128479 0.20596309
v -0.24485177 0.19180487 0.20641345
v -0.24197754 0.20467201 0.20678717
v -0.24336854 0.21128479 0.20596309
v -0.23329332 0.21306209 0.12805048
v -0.2433974 -0.14348856 -0.00719258
v -0.25727686 -0.14296807 -0.01103227
v -0.22217634 0.21232235 -0.18840167
v -0.23351823 0.21038482 -0.20592919
v -0.23598185 0.18951364 -0.2265476
v -0.23598185 0.18951364 -0.2265476
v -0.22638679 0.21331835 0.03152401
v -0.21134515 -0.14039765 -0.01116998
v -0.2206431 0.21310467 -0.03115485
v -0.22537068 0.19167686 -0.22681695
v -0.20224929 0.20307191 -0.22680506
v -0.21941935 0.2122447 0.20259073
v -0.21194777 0.21280256 0.16943941
v -0.2202577 -0.14287092 -0.01085244
v -0.2202577 -0.14287092 -0.01085244
v -0.20798042 -0.11909635 -0.01139007
v -0.21993089 0.21269864 -0.12767151
v -0.20536244 0.19152348 0.20642698
v -0.20858333 0.21308076 0.13553178
v -0.20681024 -0.13076337 -0.01124372
v -0.20473956 0.2128337 -0.10899387
v -0.1973803 0.1892781 -0.22537577
v -0.22133677 0.21138264 0.20601001
v -0.22133677 0.21138264 0.20601001
v -0.21039701 0.2134057 0.04721582
v -0.20435016 0.21702597 -0.22687191
v -0.20740901 0.22107702 -0.2252897
v -0.19220896 0.189382 0.21425207
v -0.24649848 0.18951708 0.20690517
v -0.20473953 0.18954685 0.20688854
v -0.20473953 0.18954685 0.20688854
v -0.20004417 0.19544406 0.20643023
v -0.20372097 0.2125223 0.18962903
v -0.20394933 -0.14342329 -0.00708879
v -0.2082655 0.21937913 -0.22609836
v -0.1996199 0.18931457 0.22641921
v -0.20399305 0.20496014 0.20676373
v -0.20343082 -0.14327241 -0.01033107
v -0.17564696 0.18951502 0.20702735
v -0.20476875 0.20743832 0.20718366
v -0.20614173 0.21330467 0.09505349
v -0.19732946 0.21342427 0.07047957
v -0.20267102 -0.11708453 -0.01127005
v -0.19971195 0.21261197 -0.15631244
v -0.19859496 0.21038638 -0.20598015
v -0.19727948 0.21333513 0.01645599
v -0.20349444 -0.14348494 0.00685721
v -0.19663411 0.2132123 -0.01344683
v -0.19091795 0.21308878 -0.05286461
v -0.20342574 0.2119031 -0.20228934
v -0.20749897 0.18954861 -0.207534
v -0.19166622 0.18948406 -0.21645497
v -0.1937708 0.2113789 0.20597509
v -0.1937708 0.2113789 0.20597509
v -0.17970987 0.21272051 0.17767352
v -0.19122203 0.21250637 -0.17723009
v -0.19530991 0.19178453 -0.22677186
v -0.20026305 0.21219777 0.20330712
v -0.18319666 0.21330664 0.10034028
v -0.18781662 0.21220702 -0.19623512
v -0.16192637 0.18946321 -0.22288314
v -0.18600564 0.18959303 -0.22638232
v -0.18600564 0.18959303 -0.22638232
v -0.1818974 0.20986533 0.20745842
v -0.17806849 0.21302614 0.14881632
v -0.18662503 -0.1427187 -0.01103396
v -0.18662503 -0.1427187 -0.01103396
v -0.18034476 0.21274507 -0.1370607
v -0.17355694 -0.12241156 -0.01176823
v -0.18202649 0.21241179 -0.18726566
v -0.18543066 0.21227673 0.20503306
v -0.14234637 0.21288207 0.16700765
v -0.17355885 0.21347424 0.05334596
v -0.18641567 -0.14042503 -0.01150351
v -0.17179459 -0.11688672 -0.01168684
v -0.1779844 0.21211031 -0.20225061
v -0.18005754 0.20690328 0.20729131
v -0.1690021 0.1914884 0.20658076
v -0.16430369 0.21316379 0.12780532
v -0.17412439 -0.14296602 -0.00567828
v -0.17685114 -0.14300945 0.00698687
v -0.16888514 0.21297625 -0.09135176
v -0.17433816 0.21263921 -0.1635181
v -0.16784579 0.22091693 -0.22514686
v -0.17635787 0.18937203 0.2262568
v -0.17072745 0.19536169 0.20657079
v -0.17835301 0.20446406 0.20687833
v -0.16970465 0.21329159 -0.01345653
v -0.17727987 0.19212376 -0.22664988
v -0.17022692 0.2170715 -0.22676975
v -0.18020046 0.2115608 0.20618777
v -0.17564696 0.18951502 0.20702735
v -0.18020046 0.2115608 0.20618777
v -0.14675617 0.2133525 -0.00135766
v -0.15737148 0.21280667 -0.13164681
v -0.18022586 0.18962066 -0.20731182
v -0.15051377 0.18938297 -0.22533543
v -0.15243728 0.18910506 0.22534078
v -0.14763448 0.21347174 0.07126499
v -0.16537127 0.21345592 0.03039102
v -0.16897091 -0.14283377 -0.01053545
v -0.16736272 -0.14051139 -0.01177494
v -0.16921829 -0.13186827 -0.01171664
v -0.16677447 0.21323287 -0.04004443
v -0.14626649 0.21310648 -0.07031257
v -0.13187523 0.21925066 -0.22591276
v -0.13827831 0.21255764 0.19074608
v -0.16435125 -0.14259984 -0.01132291
v -0.16435125 -0.14259984 -0.01132291
v -0.15845703 0.21255922 -0.17919514
v -0.15635817 0.21053152 -0.20586731
v -0.14094497 0.20767379 0.20725583
v -0.15605541 0.21152531 0.20595743
v -0.15605541 0.21152531 0.20595743
v -0.15764281 0.2123266 0.20477526
v -0.15291961 0.21232912 -0.19476797
v -0.13870463 0.18953264 -0.21642986
v -0.14407827 0.18963361 -0.22637464
v -0.14407827 0.18963361 -0.22637464
v -0.13561185 0.21240635 0.19777286
v -0.14767775 0.21333568 0.09832485
v -0.15066808 0.20285617 -0.22668871
v -0.14973848 0.19177029 -0.2266638
v -0.15703903 0.20974697 0.20745172
v -0.12955064 0.21249962 -0.18708181
v -0.14551368 0.21349075 0.03997662
v -0.14438635 0.21266145 -0.16462812
v -0.14320612 0.18961199 -0.20717762
v -0.13195068 0.1895417 0.20690881
v -0.1488671 0.21230502 0.20388088
v -0.12712395 0.21315269 0.1326865
v -0.10845753 -0.14300279 0.0068379
v -0.13155906 0.21326223 -0.03933891
v -0.14311893 0.21140072 0.20601168
v -0.12605387 0.19146059 0.20644833
v -0.14311893 0.21140072 0.20601168
v -0.12894705 -0.14289267 -0.01034772
v -0.12139198 -0.12190626 -0.01174238
v -0.12314653 0.21284199 -0.13113326
v -0.12877405 0.21214522 -0.20237942
v -0.1121512 0.18938296 0.22604389
v -0.13330249 0.19934379 0.20658301
v -0.13379635 0.20533594 0.20685735
v -0.12244248 0.21350303 0.06534628
v -0.12382966 0.21341187 0.01248385
v -0.1237973 -0.14035536 -0.01176494
v -0.12499878 0.21296875 -0.10985499
v -0.12476325 0.21709368 -0.22670346
v -0.09485337 0.18945307 0.20969039
v -0.13195068 0.1895417 0.20690881
v -0.13873744 0.20959327 0.20734893
v -0.14013276 0.2123501 0.2048696
v -0.12694938 0.19196455 -0.22660306
v -0.11733423 0.18914615 0.22521247
v -0.09095474 0.18939173 0.21536691
v -0.11873449 0.2127455 -0.1522128
v -0.10502982 0.22099654 -0.22502793
v -0.10843614 -0.14300847 -0.00338084
v -0.12267487 0.21262188 -0.17679021
v -0.11865532 0.21234596 0.20460506
v -0.11980899 0.21298583 0.15948766
v -0.10889355 0.2133338 0.09952885
v -0.11581324 0.21351017 0.04224034
v -0.10456574 -0.11685301 -0.01160922
v -0.12434416 -0.11669007 -0.01153533
v -0.10707135 0.21240725 -0.19473469
v -0.1100373 0.2105349 -0.20590395
v -0.11847856 0.21116278 0.20582393
v -0.11847856 0.21116278 0.20582393
v -0.1074037 0.21331707 -0.02494166
v -0.11084633 0.21307299 -0.08996043
v -0.11742254 0.20942262 0.20715019
v -0.11800303 0.19574519 0.2064365
v -0.11907732 0.20085624 0.20650925
v -0.11746114 0.2055673 0.20672467
v -0.10105066 -0.12954606 -0.01175802
v -0.10086257 0.20574246 -0.22670718
v -0.1125635 0.21238184 0.20479882
v -0.09884262 0.21269938 0.1842171
v -0.09759165 0.21264328 -0.17434295
v -0.10565622 0.21220529 -0.20233721
v -0.06858509 0.18952906 -0.22639979
v -0.06858509 0.18952906 -0.22639979
v -0.1063686 0.21421926 -0.22677903
v -0.09546181 0.21132487 0.20615056
v -0.1125635 0.21238184 0.20479882
v -0.09432195 0.2131258 0.13583931
v -0.0882556 0.21349382 0.05484599
v -0.09821117 -0.14293918 -0.01047582
v -0.07268671 -0.14037724 -0.01177927
v -0.08535011 0.21288007 -0.12480512
v -0.10543256 0.18958847 -0.20741515
v -0.08375703 0.18931229 -0.22543296
v -0.08645824 0.20451313 0.20673417
v -0.09220996 0.21293178 0.16467012
v -0.09162779 0.21307051 -0.09332684
v -0.07801776 0.1916922 -0.2266262
v -0.06974296 0.18918602 0.22532925
v -0.07702801 0.19156663 0.20645101
v -0.087458 0.21339926 0.08344197
v -0.08365981 0.21320787 -0.05931378
v -0.08196022 0.2124846 0.19617747
v -0.07474408 -0.14262341 -0.01128944
v -0.07474408 -0.14262341 -0.01128944
v -0.08203696 0.21277237 -0.14632432
v -0.07038157 0.21229474 -0.19607285
v -0.08487779 0.21341889 0.01595905
v -0.06717671 0.18963392 -0.2074459
v -0.07140648 0.18943857 -0.22170919
v -0.08892948 0.20756361 0.20720494
v -0.08520158 0.20976923 0.20733546
v -0.09546181 0.21132487 0.20615056
v -0.08392446 0.21237354 0.20480397
v -0.09254161 -0.11532897 -0.00755068
v -0.08999424 -0.11516174 -0.00977549
v -0.09267733 -0.1157946 -0.01062871
v -0.06445912 0.18958689 0.20683213
v -0.06445912 0.18958689 0.20683213
v -0.07361559 0.195426 0.20640132
v -0.07336841 0.21328256 -0.02315493
v -0.07505537 0.2126765 -0.16420104
v -0.06436393 0.21209258 -0.20234132
v -0.05683133 0.2104755 -0.20611164
v -0.07750148 0.21134174 0.20594913
v -0.07750148 0.21134174 0.20594913
v -0.07323997 0.21272095 0.17744623
v -0.06113795 -0.14286837 -0.009942
v -0.06978434 0.21254486 -0.17941886
v -0.07323419 0.21312864 0.12634251
v -0.06765232 0.21333018 0.08524641
v -0.06251793 0.21342078 0.05355662
v -0.09631417 -0.14275368 0.00740889
v -0.0580592 -0.14295509 0.00610838
v -0.06369946 -0.11560587 -0.01070605
v -0.05386862 0.21317261 -0.04779309
v -0.06971174 0.2130186 -0.09465009
v -0.05968518 0.21717761 -0.22681451
v -0.06845248 0.20945713 0.20724376
v -0.07119425 0.20484658 0.20665781
v -0.07081844 0.21230096 0.20321678
v -0.06493241 0.21222849 0.20236383
v -0.05609179 0.21282697 0.16029471
v -0.05848327 0.21331696 0.01171242
v -0.05377651 -0.14270209 0.00717795
v -0.05706251 -0.14297928 -0.0016103
v -0.06648192 -0.12018607 -0.01172883
v -0.06203073 -0.11637699 -0.01148556
v -0.04147701 0.21917279 -0.22608371
v -0.05147116 0.18942986 0.22627123
v -0.04545831 0.21236944 0.19214375
v -0.06819319 0.21119058 0.20595954
v -0.06819319 0.21119058 0.20595954
v -0.04920484 0.21294153 0.13713482
v -0.03286266 -0.11510045 -0.00981171
v -0.04613352 0.21300986 -0.08019078
v -0.03229877 0.21222867 -0.19119202
v -0.05687451 0.19221164 -0.22655821
v -0.02889005 0.18945099 0.21530092
v -0.02108379 0.18951653 0.20944826
v -0.05386218 0.19164662 0.20639549
v -0.04707757 0.21282706 -0.11566378
v -0.03980618 0.21266539 -0.13723183
v -0.04206398 0.21257155 -0.15874574
v -0.04750055 0.18957089 -0.20742109
v -0.03284943 0.18935806 -0.22183178
v -0.02504923 0.22077611 -0.2251979
v -0.05362409 0.21119687 0.20604227
v -0.05154681 0.20484808 0.20680836
v -0.05362409 0.21119687 0.20604227
v -0.04043502 0.21319322 -0.01658567
v -0.02373615 -0.13598827 -0.01157993
v -0.05077577 0.20772162 0.2072521
v -0.04969985 0.20956603 0.20737579
v -0.04335412 0.21317416 0.09598192
v -0.03077491 0.21328659 0.02624548
v -0.02621345 -0.14265828 -0.01111813
v -0.02621345 -0.14265828 -0.01111813
v -0.03643359 0.21203476 0.2024855
v -0.03272798 0.21331447 0.06230266
v -0.02054723 -0.14060004 -0.01149562
v -0.03097821 -0.11628603 -0.01138794
v -0.03681308 -0.12270454 -0.01161471
v -0.01866977 0.18920329 -0.22540078
v -0.02185935 0.18922716 0.22537903
v -0.03109571 0.21307072 0.10739661
v -0.03185914 0.21242386 -0.17675316
v 0.00391982 0.18944375 -0.21641928
v -0.02891695 0.19139449 -0.22656524
v -0.00843138 0.21717571 -0.22676316
v -0.02006157 0.18959005 0.20664684
v -0.03407111 0.1915237 0.20627527
v -0.02006157 0.18959005 0.20664684
v -0.03940396 0.19977356 0.20648326
v -0.02164751 0.21184634 -0.2023726
v -0.01271406 0.20917469 0.20719482
v -0.02583317 0.21089101 0.20598438
v -0.02583317 0.21089101 0.20598438
v -0.01423538 0.21263817 0.17018065
v -0.00641387 -0.14313427 0.00613567
v -0.01705335 -0.14299627 -0.00992932
v -0.02411088 -0.11555321 -0.01070267
v 0.00294105 0.18944445 0.2262076
v -0.02066866 0.21288721 0.13705479
v -0.03760494 -0.11528832 0.00650603
v -0.03567335 -0.11515249 0.00576333
v -0.0379688 -0.11518452 0.00336856
v -0.02039619 0.21300565 -0.06411172
v -0.02215409 0.2103226 -0.20614474
v -0.01096067 0.18946911 -0.22637886
v -0.01096067 0.18946911 -0.22637886
v -0.02056259 0.20007652 0.20647027
v -0.02005802 0.20589408 0.20678456
v -0.00457424 0.21313834 0.00176308
v -0.00757235 0.21265787 -0.1291687
v -0.00589792 0.21283588 -0.09697427
v -0.01895181 0.2123187 0.1923802
v -0.00844182 0.21330728 0.04646219
v -0.0017102 -0.14282063 0.00697804
v -0.01196218 0.2130848 -0.03519262
v 0.00398833 0.21305864 -0.02552863
v 0.00379594 0.20531487 -0.22661325
v -0.0198884 0.21202198 0.20252378
v 0.00411434 0.21282184 0.14936998
v 0.00693743 -0.11511093 0.0003752
v -0.04177738 0.22185637 -0.13033026
v -0.01660856 0.2217824 -0.08154666
v -0.00688055 0.2218225 -0.12040003
v -0.00690391 0.21314374 0.09550592
v 0.00717439 -0.115059 0.00576396
v 0.0177688 0.21226655 -0.18913189
v -0.00957968 0.212217 -0.19058137
v -0.00110759 0.1915939 0.20642886
v 0.00275603 0.2132885 0.06600681
v 0.01802903 -0.11611193 -0.01136803
v 0.00133665 0.2124702 -0.16294232
v -0.01804387 0.21009368 -0.20637579
v -0.02215409 0.2103226 -0.20614474
v -0.0198677 0.20895578 -0.20750529
v -0.01804387 0.21009368 -0.20637579
v -0.01812031 0.20677836 -0.20739403
v 0.00407513 0.21074812 0.20594707
v 0.00407513 0.21074812 0.20594707
v -0.00018158 -0.14314243 -0.00252745
v 0.00048917 -0.12212358 -0.01155229
v 0.0082055 0.21290025 -0.07543457
v -0.01395045 0.21009482 -0.20637588
v 0.00413073 0.18955016 -0.20760797
v 0.01490354 0.19195932 -0.22654954
v 0.00575745 0.2007293 0.20663685
v -0.00892068 0.21221884 0.19614077
v 0.00602126 -0.11538813 -0.0108359
v -0.00566891 0.2118497 -0.20232573
v -0.01026697 0.21009345 -0.20638111
v -0.01395045 0.21009482 -0.20637588
v -0.01228029 0.20896076 -0.2075197
v -0.01026697 0.21009345 -0.20638111
v -0.01034518 0.20676583 -0.20740849
v 0.01132091 0.21200585 0.20247568
v 0.01681108 0.21320409 0.02177495
v -0.00614983 0.21031013 -0.20621595
v 0.00878863 0.21918643 -0.22597304
v 0.02381576 0.2127177 0.1621407
v 0.00631712 0.21297057 0.1225414
v 0.01519594 0.21316281 0.09111751
v 0.00530027 -0.1368303 -0.01154321
v 0.0216856 0.21296799 -0.0497041
v 0.01770023 0.21202399 -0.19732387
v 0.00834261 0.20921052 0.20726152
v 0.02383932 0.20565835 0.20699592
v 0.03884047 0.21230683 0.19211663
v 0.02344231 -0.11507817 -0.00991379
v 0.02058752 0.22085497 -0.2250462
v 0.02742321 0.18927045 0.22531451
v 0.04450864 0.18952504 0.21429732
v 0.01945659 -0.14305796 -0.00938238
v 0.02743998 0.18959178 0.20709136
v 0.01968785 0.19159025 0.20664363
v 0.02723598 0.21254121 0.17797765
v 0.03414895 0.21326944 0.05624769
v 0.04013193 0.21297523 -0.02651704
v 0.03811205 0.21277487 -0.08770329
v 0.02262819 0.21259613 -0.13027386
v 0.0344862 0.21188211 -0.20231634
v 0.02243921 0.19971411 0.20674501
v 0.0464827 -0.14275116 0.00703358
v 0.04625859 -0.14055564 -0.01144484
v 0.02179281 0.21249557 -0.15282446
v 0.02888059 0.2104689 -0.20615247
v -0.00614983 0.21031013 -0.20621595
v -0.00486813 0.20895031 -0.20749362
v 0.03459729 0.20898457 -0.20754251
v 0.02888059 0.2104689 -0.20615247
v 0.02323122 0.20941053 0.20751032
v 0.02314825 0.21101265 0.20611461
v 0.02743998 0.18959178 0.20709136
v 0.02314825 0.21101265 0.20611461
v 0.02117086 -0.14314343 0.00621634
v 0.0544329 -0.14265554 -0.01105163
v 0.03683683 -0.11542358 -0.01074125
v 0.0544329 -0.14265554 -0.01105163
v 0.04595377 -0.13638787 -0.01156176
v 0.06374186 0.1892211 -0.22536492
v 0.04976901 0.18945836 -0.22635686
v 0.04976901 0.18945836 -0.22635686
v 0.04463385 0.20988762 -0.2266963
v 0.04792219 0.21212208 0.19834469
v 0.03958414 0.21304104 0.10570453
v 0.04523291 0.21283209 0.13915388
v 0.03990976 0.21322995 0.03428388
v 0.05054325 -0.14309351 0.00601707
v 0.05180133 -0.14310026 -0.00269252
v 0.05196453 -0.14299506 -0.00999604
v 0.04746123 -0.121858 -0.01157262
v 0.03717949 0.21234755 -0.17612809
v 0.04425964 0.2130501 -0.00010246
v 0.04526544 0.21216135 -0.19030701
v 0.06858926 0.18955272 -0.20763642
v 0.0845227 0.21913031 -0.22600411
v 0.07378349 0.189448 0.22631665
v 0.03978043 0.2120313 0.2023728
v 0.05565831 0.21316516 0.08006626
v 0.04071153 0.21083857 0.20600712
v 0.03945984 0.20920323 0.20735699
v 0.0476551 0.19765753 0.20658664
v 0.04071153 0.21083857 0.20600712
v 0.04947299 0.21256264 -0.12253261
v 0.05756176 0.19194306 -0.22654818
v 0.0579754 0.1893979 0.22061881
v 0.04968983 0.18962999 0.20694312
v 0.0492962 0.19144915 0.2065395
v 0.05727391 -0.11507545 -0.00976254
v 0.05196546 0.2128751 -0.05284148
v 0.03669311 0.21019901 -0.2063054
v 0.03669311 0.21019901 -0.2063054
v 0.03665082 0.20657416 -0.20743173
v 0.06212963 0.21295808 0.11359744
v 0.06690969 0.21319591 0.0535883
v 0.04197213 -0.11512368 0.00037295
v 0.05363737 -0.11512688 0.00601455
v 0.05210177 0.21236661 -0.16020541
v 0.06725899 0.21706492 -0.22686031
v 0.06566288 0.20508896 0.20696433
v 0.05817391 0.21265006 0.16478267
v 0.05032083 -0.11607365 -0.01136665
v 0.05209583 0.21021451 -0.20622277
v 0.05951923 0.21263792 -0.09612517
v 0.06063363 0.21242006 -0.13536501
v 0.06215394 0.21217963 -0.18030493
v 0.05429752 0.21177369 -0.20222604
v 0.07261445 0.21252115 0.17621748
v 0.06777611 0.21310204 0.02598762
v 0.06307831 0.21294495 -0.00674582
v 0.06162303 -0.11559696 -0.01056679
v 0.0684647 0.21209659 0.20258841
v 0.07172587 -0.1359946 -0.01180459
v 0.07129962 0.21270896 -0.07180071
v 0.05934525 0.21043296 -0.20607403
v 0.05391973 0.20893736 -0.207499
v 0.09547025 0.1894615 -0.21426263
v 0.11287178 0.18924907 -0.22529131
v 0.08917011 0.22069676 -0.22511172
v 0.0651512 0.20953076 0.20745513
v 0.07415729 -0.14295371 0.00717773
v 0.07776809 0.21244437 -0.1169679
v 0.07614326 0.20451601 -0.226706
v 0.09228694 0.18926248 0.22541484
v 0.08311698 0.18964502 0.20762391
v 0.04968983 0.18962999 0.20694312
v 0.08044618 0.19561368 0.20692326
v 0.08187718 0.21273625 0.14766872
v 0.0811424 -0.1434121 0.00667525
v 0.07719924 -0.14318599 -0.01034457
v 0.0816438 -0.12153304 -0.01198869
v 0.0801513 0.21281263 -0.0412426
v 0.07321054 0.20906354 -0.20775354
v 0.07905533 0.21134511 0.20615971
v 0.07905533 0.21134511 0.20615971
v 0.08152702 -0.1433692 -0.0025365
v 0.08189156 -0.11654236 -0.01181241
v 0.07807467 0.21152514 -0.20237549
v 0.08311698 0.18964502 0.20762391
v 0.08263215 0.19155183 0.20713161
v 0.08558679 0.21290222 0.11992435
v 0.08818606 0.21307653 0.02684285
v 0.08120821 0.21290664 -0.00619022
v 0.07861011 0.21227476 -0.14581901
v 0.08007039 0.21175531 -0.19401181
v 0.08120943 0.21036007 -0.20621864
v 0.08458446 0.20679018 0.20748909
v 0.08483453 0.20979372 0.20761868
v 0.10884605 0.21244685 0.18637925
v 0.09231035 0.21316469 0.06476102
v 0.08690049 -0.14053801 -0.01169848
v 0.09837667 0.19173945 -0.22661412
v 0.08552451 0.2044708 0.20716809
v 0.11541406 0.21228872 0.19747926
v 0.08766028 0.21217373 -0.16539215
v 0.10498665 0.21207629 -0.17960483
v 0.10354309 0.21309105 0.08971506
v 0.0955873 0.21246588 -0.11322405
v 0.10142629 0.21267535 -0.07347771
v 0.10204165 0.2122798 -0.14586945
v 0.10205407 0.21137196 0.20614615
v 0.10205407 0.21137196 0.20614615
v 0.11405113 0.21262842 0.16916874
v 0.12234132 0.21276346 0.15314925
v 0.10494104 0.21316168 0.04395075
v 0.12700765 0.21295366 -0.00340628
v 0.10516782 -0.14328873 -0.00928599
v 0.1004995 -0.13646272 -0.01184815
v 0.09863311 0.21286196 -0.02491019
v 0.10559781 0.21698712 -0.22685343
v 0.11327192 0.21283486 0.13669191
v 0.12262639 -0.14278418 -0.01117055
v 0.12262639 -0.14278418 -0.01117055
v 0.11946679 0.18951744 -0.22636414
v 0.11946679 0.18951744 -0.22636414
v 0.11294752 0.19541009 0.20688406
v 0.09913113 0.21211424 0.20262042
v 0.13619319 0.2120447 -0.18318166
v 0.13123572 0.18955784 0.21546218
v 0.11617927 0.20716871 0.20743723
v 0.12459283 0.18966302 0.20756157
v 0.11201513 -0.12225574 -0.01195965
v 0.09205103 0.22124676 -0.22462851
v 0.11963876 0.22125146 -0.22462386
v 0.12459283 0.18966302 0.20756157
v 0.12762076 0.1915459 0.20705874
v 0.10704626 0.20458607 0.20711876
v 0.12303459 0.21285996 -0.03755574
v 0.11756884 0.21254313 -0.10528202
v 0.13031426 0.21141891 -0.20230366
v 0.13095698 0.18954791 -0.20772681
v 0.12288392 0.18950947 0.22623917
v 0.14438175 0.18932121 0.2251814
v 0.13644654 0.21317938 0.06797327
v 0.12642843 0.21318635 0.05340244
v 0.08450541 0.22176275 0.06148082
v 0.11412179 0.22179407 0.07462126
v 0.11468076 0.22171989 0.03778121
v 0.12725368 0.21308067 0.02210313
v 0.12793259 -0.14334334 -0.00670474
v 0.12658703 0.21237071 -0.13426305
v 0.12960616 0.21031904 -0.20618829
v 0.1124334 0.20905575 -0.20764911
v 0.12071729 0.20970476 0.20759739
v 0.12136838 0.21137744 0.20620209
v 0.1205228 0.21226566 0.20263079
v 0.12136838 0.21137744 0.20620209
v 0.17472972 -0.11840533 -0.01180971
v 0.17560665 -0.11658883 -0.01161514
v 0.12743051 0.19210711 -0.22663473
v 0.15402816 0.21699621 -0.22678287
v 0.11897952 0.21924897 -0.22592346
v 0.12961625 -0.14341499 0.00662658
v 0.14123212 -0.13673276 -0.01187765
v 0.13368052 0.21293199 0.12353098
v 0.12951204 -0.14315857 -0.01056789
v 0.13519324 -0.14052889 -0.01174394
v 0.13810915 0.21273278 -0.06947301
v 0.14476332 0.21226758 -0.15632081
v 0.14205188 0.2130965 0.09208931
v 0.14625728 0.21215896 -0.17426997
v 0.14272378 0.18918104 -0.22545266
v 0.12910342 0.21218365 0.20213135
v 0.17999704 0.21243258 0.1896438
v 0.15893923 0.20494318 0.20714304
v 0.15264018 0.21266493 0.16870026
v 0.14987849 0.21242487 -0.12835841
v 0.15335384 0.21185154 -0.1909034
v 0.14422046 0.20968683 0.20752984
v 0.13828321 0.21139906 0.20608087
v 0.13828321 0.21139906 0.20608087
v 0.13845108 0.21224795 0.20273592
v 0.16083243 0.21923947 -0.22587651
v 0.1619841 0.20744222 0.20745027
v 0.17371139 0.18965711 0.20753372
v 0.14647357 -0.12210919 -0.01197932
v 0.16391556 0.21294041 -0.01857102
v 0.11468682 0.22172076 -0.0636941
v 0.15144312 0.22167751 -0.04310597
v 0.14509363 0.22172624 -0.08242089
v 0.16092886 0.21257989 -0.10435178
v 0.16504151 0.22072022 -0.22501798
v 0.20575146 0.18931878 0.22538553
v 0.17351297 0.21232933 0.19569418
v 0.14876369 0.21223116 0.19995494
v 0.16169648 0.21291295 0.1287019
v 0.14978608 -0.14351632 0.00663485
v 0.15749452 0.20909314 -0.20783231
v 0.17371139 0.18965711 0.20753372
v 0.16681184 0.19523603 0.20687619
v 0.17534293 -0.14323881 -0.01063945
v 0.16316777 0.21287711 -0.04520989
v 0.1623981 0.2114297 -0.20222573
v 0.17722631 0.19191161 -0.22672774
v 0.17228015 0.21317944 0.04706907
v 0.17163682 0.21303017 0.00967166
v 0.17582262 -0.14344627 -0.00637777
v 0.16963556 -0.13672423 -0.01183379
v 0.16527081 0.21037795 -0.20615186
v 0.1751579 0.21316727 0.07078436
v 0.17589651 -0.12234839 -0.01190104
v 0.16977058 0.2097525 0.20764391
v 0.17251156 0.21143702 0.20636021
v 0.1397084 0.21227247 0.20483652
v 0.17251156 0.21143702 0.20636021
v 0.17982289 0.2128588 0.14096195
v 0.1724702 -0.14280267 -0.01116011
v 0.1724702 -0.14280267 -0.01116011
v 0.17134371 0.2123242 -0.14823472
v 0.17652681 0.18947546 -0.22645015
v 0.17652681 0.18947546 -0.22645015
v 0.17908372 0.19149427 0.2071204
v 0.17549625 -0.14352763 0.00665832
v 0.17195907 -0.14046218 -0.01168343
v 0.18538611 0.21265915 -0.0858057
v 0.1745674 0.18956198 -0.20776235
v 0.17576368 0.18918392 -0.22539316
v 0.20719567 0.18954301 0.22647735
v 0.22356585 0.18967557 0.21163698
v 0.18497133 0.21224742 0.20502099
v 0.19447237 0.2130477 0.09866377
v 0.18413883 0.2121398 -0.17454478
v 0.19220248 0.21197008 -0.18643808
v 0.17357022 0.20919225 -0.20787138
v 0.19008154 0.21267553 0.16695406
v 0.19634655 0.21287949 -0.02960277
v 0.17968836 0.21240085 -0.12960242
v 0.1853438 0.20431331 -0.22686565
v 0.20586993 0.21305269 0.02344894
v 0.21253119 0.21278965 -0.04992445
v 0.19913676 0.21172079 -0.19544585
v 0.18739878 0.20633821 0.20768835
v 0.18662299 0.20373057 0.20737667
v 0.206586 0.21245836 -0.12069027
v 0.20435877 0.18939428 -0.21156715
v 0.18772285 0.19537307 0.20709136
v 0.20976043 0.21220896 -0.16422097
v 0.21042266 0.21228456 -0.14709312
v 0.19093211 0.21006946 0.20788476
v 0.19725312 0.21177648 0.20640494
v 0.19725312 0.21177648 0.20640494
v 0.20166229 -0.14395732 0.00674486
v 0.19983618 0.21151485 -0.20236656
v 0.20262997 0.20940855 -0.20825055
v 0.20623618 0.21463659 -0.22705233
v 0.20513479 0.21695109 -0.22703592
v 0.23484829 0.21250752 0.18280423
v 0.20210499 0.21292606 -0.00693805
v 0.20451012 -0.1437673 -0.01047479
v 0.20451012 -0.1437673 -0.01047479
v 0.21329346 -0.14316192 -0.01090061
v 0.20522799 0.21068776 -0.20640776
v 0.20452207 0.18898964 -0.22553605
v 0.20722182 0.18928605 -0.22671066
v 0.20722182 0.18928605 -0.22671066
v 0.20257606 0.19148672 -0.22691676
v 0.20316151 0.18969457 0.20814945
v 0.2255566 0.21275643 0.1552614
v 0.21724343 0.21285766 0.13480997
v 0.20407397 -0.14388229 -0.00736142
v 0.20721743 -0.14014967 -0.01125768
v 0.1984919 0.21920486 -0.22612068
v 0.20066835 0.22082376 -0.22522499
v 0.20316151 0.18969457 0.20814945
v 0.20637161 0.19535178 0.20745845
v 0.220525 0.21310687 0.06999187
v 0.21618135 0.21310946 0.04794927
v 0.20824343 -0.12193038 -0.01146554
v 0.2138261 -0.11670537 -0.01124554
v 0.20625485 0.20661439 0.20809983
v 0.20640112 0.20211455 0.20776847
v 0.20645115 0.21018043 0.20811629
v 0.21327512 0.19146706 0.20779127
v 0.24067397 0.21207762 -0.18161586
v 0.22558901 0.21220522 0.20481825
v 0.23560005 0.2128953 -0.00745156
v 0.2232756 0.21299548 0.10236417
v 0.21508244 -0.11842095 -0.01139666
v 0.23587543 0.21261016 -0.0784201
v 0.2373341 0.18949789 -0.20803174
v 0.20645115 0.21018043 0.20811629
v 0.21927644 0.21182798 0.20638856
v 0.23887147 0.18901993 -0.22551183
v 0.22936204 0.18981296 0.20834164
v 0.22936204 0.18981296 0.20834164
v 0.2359328 0.21228538 0.19687521
v 0.23120277 -0.14398918 0.0067715
v 0.23234971 -0.14377016 -0.01049726
v 0.23234971 -0.14377016 -0.01049726
v 0.24219339 -0.12187546 -0.01145796
v 0.23493242 0.21271569 -0.05921181
v 0.25281468 0.21246806 -0.11245727
v 0.27207381 0.22077386 -0.22520648
v 0.22097765 0.21016143 0.20811762
v 0.22097765 0.21016143 0.20811762
v 0.24380884 0.19162896 -0.22697744
v 0.23215038 0.21180457 0.20640014
v 0.23628891 0.21238071 -0.12784211
v 0.24936149 0.20938537 -0.20824668
v 0.27080631 0.21924901 -0.22605027
v 0.2550801 0.18936424 0.22532964
v 0.25517863 0.1896365 0.21451867
v 0.26165196 0.19957036 0.20789143
v 0.24465008 -0.14049876 -0.01128524
v 0.24239437 0.21226147 -0.1530844
v 0.25560719 0.21191078 -0.19003925
v 0.24763799 0.18934804 -0.22674002
v 0.24763799 0.18934804 -0.22674002
v 0.24025644 0.20190074 0.20785376
v 0.23353621 0.21015269 0.20810619
v 0.23353621 0.21015269 0.20810619
v 0.24499868 0.19533448 0.20758982
v 0.25181347 0.21280164 0.13859703
v 0.24854696 0.21290089 0.114356
v 0.25943324 0.21303836 0.04694117
v 0.25142774 -0.14395206 -0.0075994
v 0.25454512 0.21145162 -0.20227897
v 0.25676861 0.21335454 -0.22698537
v 0.26708162 0.1896144 0.22645761
v 0.24841994 0.18972185 0.20814878
v 0.24440758 0.19159918 0.20778467
v 0.25351018 0.21225657 0.20514527
v 0.26304862 -0.13759261 -0.01137168
v 0.25324696 0.21275982 -0.04224188
v 0.26043019 0.21062258 -0.2064158
v 0.27373379 0.1892896 -0.21533032
v 0.24841994 0.18972185 0.20814878
v 0.25185278 0.21260299 0.17414157
v 0.25200498 0.21295908 0.01652349
v 0.27215239 0.18947123 -0.20795669
v 0.26679999 0.20636652 0.2083419
v 0.26138043 0.21298403 0.08699921
v 0.25518125 0.21251868 -0.09239304
v 0.26029345 0.21696545 -0.22693893
v 0.25560012 0.21184127 0.20661388
v 0.27389619 0.21269622 0.16189745
v 0.25918081 -0.14402516 0.00686026
v 0.26085895 -0.14312662 -0.01113702
v 0.26606899 0.21234596 -0.13623157
v 0.23403496 0.2216837 -0.16488583
v 0.27490464 0.22167003 -0.15707672
v 0.24309373 0.22166289 -0.18196736
v 0.25852883 0.21021061 0.20819469
v 0.25560012 0.21184127 0.20661388
v 0.27582425 0.21254465 -0.07908535
v 0.26862165 0.21216196 -0.17579249
v 0.29469243 0.21227846 0.19799331
v 0.269467 0.18893535 -0.22575979
v 0.27230003 0.20317838 -0.2269932
v 0.29029119 -0.11919983 -0.01137599
v 0.27356654 0.2122758 -0.1570079
v 0.28128877 0.19152817 -0.22709177
v 0.2678546 0.21195281 0.20672593
v 0.2678546 0.21195281 0.20672593
v 0.28315157 0.21279784 0.13178703
v 0.27833247 0.21300504 0.05569561
v 0.28325242 0.21287793 0.00678823
v 0.29352847 -0.14064516 -0.01130416
v 0.291107 -0.11663383 -0.01121194
v 0.27182874 0.21147025 -0.20236707
v 0.26956099 0.18909176 -0.22676016
v 0.26956099 0.18909176 -0.22676016
v 0.29086897 0.21222983 0.2050567
v 0.27811208 0.21247549 0.18518586
v 0.28423589 0.21277703 -0.02433843
v 0.29264349 -0.12844843 -0.01133107
v 0.28787678 0.21266539 -0.05319109
v 0.2975876 0.21185735 -0.19171819
v 0.28402966 0.21018797 0.20824251
v 0.29830632 0.21272668 0.15096703
v 0.30328068 -0.14398248 -0.0106221
v 0.30685836 0.21206704 -0.18493733
v 0.29964742 0.1897084 0.20825069
v 0.29569745 0.19540682 0.20772021
v 0.30458975 0.21296841 0.05662639
v 0.30201638 -0.1441552 0.00686285
v 0.30024773 -0.1441174 -0.00732493
v 0.30328068 -0.14398248 -0.0106221
v 0.28880161 0.20937717 -0.20822012
v 0.28197527 0.18891983 -0.22554517
v 0.28150243 0.18929102 -0.22681087
v 0.28150243 0.18929102 -0.22681087
v 0.28804713 0.20649081 0.20832542
v 0.28348085 0.21186142 0.20660755
v 0.29964742 0.1897084 0.20825069
v 0.30425659 0.19145788 0.20793889
v 0.28348085 0.21186142 0.20660755
v 0.2902537 0.21288878 0.09724922
v 0.30083668 0.21243799 -0.10588858
v 0.30217278 0.21218419 -0.17432407
v 0.30306914 0.21461675 -0.22705327
v 0.30985844 0.21693197 -0.22700562
v 0.30578822 0.21229428 -0.15233733
v 0.28543842 0.18891549 -0.22668125
v 0.30732626 0.21294945 0.03182328
v 0.32317084 0.18946919 -0.20797949
v 0.28543842 0.18891549 -0.22668125
v 0.3260532 0.18959865 0.21449365
v 0.3145242 0.1893284 0.22539335
v 0.30219012 -0.14318916 -0.01111251
v 0.30119824 0.21066377 -0.20641892
v 0.30152088 0.21149237 -0.20235883
v 0.29249156 0.18888944 -0.22573096
v 0.29214257 0.18893692 -0.22672164
v 0.29214257 0.18893692 -0.22672164
v 0.32174641 0.21237051 0.1952312
v 0.32405978 0.21247128 0.18695183
v 0.3069163 0.21289906 0.0925096
v 0.31481701 0.2126883 -0.04789867
v 0.2961939 0.18929368 -0.22681907
v 0.3110826 0.18958421 0.22657241
v 0.3054699 0.2065513 0.20860574
v 0.30443323 0.19571245 0.20782976
v 0.308492 0.21037172 0.20849271
v 0.30376962 0.21199419 0.20679998
v 0.30376962 0.21199419 0.20679998
v 0.31199548 0.21261743 0.16826285
v 0.32187483 0.21280845 0.13155153
v 0.30887181 0.21277282 -0.01882871
v 0.31954426 0.20720334 -0.2270472
v 0.30781111 0.21916097 -0.22613433
v 0.32060996 0.21287712 0.00756928
v 0.33160582 -0.14024368 -0.01081075
v 0.33167154 -0.12217122 -0.0107124
v 0.32173231 0.18887667 -0.22539113
v 0.3204321 0.22079952 -0.22528324
v 0.33089858 -0.11720975 -0.01058455
v 0.32061923 0.18928482 -0.21423741
v 0.31851164 0.19173208 -0.22714818
v 0.31916758 0.21213157 0.20721051
v 0.31916758 0.21213157 0.20721051
v 0.32367399 0.21233642 0.20568319
v 0.32838842 0.21293005 0.09295356
v 0.32505116 -0.14467084 -0.00699094
v 0.32744998 -0.144577 -0.00943046
v 0.33023325 -0.12857686 -0.01072625
v 0.32818651 0.21256515 -0.0777415
v 0.32126403 0.21161988 -0.20253323
v 0.31620008 0.20947421 -0.20830339
v 0.2961939 0.18929368 -0.22681907
v 0.33758444 0.18969496 0.20828481
v 0.33032784 0.20108728 0.20813087
v 0.33625659 0.19532636 0.20775951
v 0.33300519 0.19790086 0.20798804
v 0.31688893 -0.14450452 0.00653156
v 0.33194053 0.21238708 -0.1343666
v 0.31509799 0.21244523 -0.11709788
v 0.31866241 0.21074629 -0.20652449
v 0.33758444 0.18969496 0.20828481
v 0.345478 0.2125819 0.17422581
v 0.34530446 0.21269797 0.16031596
v 0.34476331 0.21278338 -0.02192967
v 0.3311491 -0.14348137 -0.01065109
v 0.34451956 0.21234334 -0.15281269
v 0.34665829 0.21295071 0.03191017
v 0.36247283 0.21206494 -0.18760899
v 0.34500912 0.20935082 -0.20806478
v 0.35803211 0.20645437 0.2083611
v 0.34325814 0.21296485 0.04984262
v 0.33268738 -0.14472102 0.00465834
v 0.33612338 -0.1443866 -0.01027205
v 0.33612338 -0.1443866 -0.01027205
v 0.35383195 0.21266662 -0.05285201
v 0.342217 0.21250573 -0.10181703
v 0.35118115 0.21224797 -0.1712105
v 0.34071758 0.21037115 0.20832902
v 0.33855912 0.21205406 0.20709391
v 0.3368549 0.19153465 0.20786974
v 0.33855912 0.21205406 0.20709391
v 0.35078552 0.21231243 0.2007125
v 0.36514634 0.21247369 0.18869637
v 0.36096188 0.21417323 -0.22706333
v 0.36627048 0.18927759 0.22531717
v 0.37058496 0.21274225 0.14582938
v 0.3564952 0.21282531 0.12385267
v 0.3577787 0.19150986 -0.22712299
v 0.36743683 0.1895138 0.22640942
v 0.36399293 0.21250638 -0.08747488
v 0.36431843 0.21165229 -0.2025048
v 0.35316503 0.21290572 0.0856209
v 0.36700237 -0.14478992 0.00199777
v 0.36507535 -0.14479159 -0.00677439
v 0.36039302 -0.14031082 -0.01078991
v 0.358565 -0.12850736 -0.01071945
v 0.36428034 0.18877868 -0.2254281
v 0.36024952 0.19156812 0.20801902
v 0.36429581 -0.14465772 0.00642296
v 0.36643901 -0.11972906 -0.01074993
v 0.36057547 0.19947052 0.20801191
v 0.36052653 0.21200669 0.20695868
v 0.36073971 0.19531399 0.20782882
v 0.36052653 0.21200669 0.20695868
v 0.37161705 0.21240565 0.20549455
v 0.36566553 0.21284822 0.00522417
v 0.38261232 -0.14356482 -0.01056805
v 0.36647505 0.21241172 -0.13554263
v 0.35589737 0.21062596 -0.20635258
v 0.36202708 0.18941522 -0.20795096
v 0.3854889 0.21916458 -0.22607125
v 0.36665916 0.18969628 0.2083437
v 0.36665916 0.18969628 0.2083437
v 0.37445354 -0.11724839 -0.01064566
v 0.36614686 0.21021673 0.208141
v 0.36854941 0.2129249 0.04767226
v 0.38632697 -0.14480844 -0.00932917
v 0.38432693 0.2124173 -0.12087335
v 0.38490701 0.18913476 -0.22673385
v 0.38490701 0.18913476 -0.22673385
v 0.3897047 -0.14464717 -0.0101916
v 0.3897047 -0.14464717 -0.0101916
v 0.37805608 0.19823043 -0.22703579
v 0.38174158 0.21680348 -0.22695094
v 0.39010751 0.22076653 -0.2252375
v 0.37965462 0.2127426 -0.02799014
v 0.37801054 0.21049124 -0.20620334
v 0.38063762 0.20905186 -0.20767796
v 0.38106647 0.20993048 0.20782702
v 0.38737071 0.21276215 0.123604
v 0.3769998 0.21281664 0.09229801
v 0.3863101 0.21284187 0.064446
v 0.38430578 0.21259385 -0.06143659
v 0.38565657 0.19162016 -0.2270337
v 0.38216728 0.20323679 0.20750128
v 0.38169757 0.21179406 0.20688172
v 0.38730508 0.1913936 0.20752706
v 0.39001915 0.19528271 0.20729151
v 0.38169757 0.21179406 0.20688172
v 0.39347571 0.21244653 0.19743222
v 0.38973165 0.21260503 0.17088234
v 0.38083953 0.21282306 0.01926171
v 0.38611776 -0.12946971 -0.01066514
v 0.3815456 0.1892314 -0.20921515
v 0.38783425 0.18938883 -0.20732658
v 0.39534226 0.18945761 0.2264583
v 0.39549652 0.21185677 -0.20259017
v 0.38412514 0.18865445 -0.22543731
v 0.43290216 0.18918851 0.22532336
v 0.39389294 0.21245533 -0.08361541
v 0.40075219 0.18946606 0.21648052
v 0.39908102 0.20406041 0.20732041
v 0.39163348 0.18965979 0.20780824
v 0.39511064 0.21250445 0.20557122
v 0.41205099 0.21278137 0.04748577
v 0.40080664 0.21274135 -0.00731588
v 0.39624795 0.212199 -0.18648846
v 0.41510233 0.18859424 -0.22546165
v 0.40248054 0.2061528 -0.22702977
v 0.39163348 0.18965979 0.20780824
v 0.40033782 0.21268037 0.1547915
v 0.41991362 0.21273115 0.02481624
v 0.39963844 -0.14492443 0.00644623
v 0.39698967 -0.14506179 0.00475877
v 0.39930323 -0.14509663 -0.00681682
v 0.40668336 -0.12141077 -0.01075433
v 0.39867237 -0.14055942 -0.01064719
v 0.40562579 0.21235187 -0.14053029
v 0.40183595 0.21233131 -0.15878284
v 0.402659 0.21164328 0.20685121
v 0.402659 0.21164328 0.20685121
v 0.40950054 -0.11746689 -0.01069336
v 0.41791692 0.21237043 -0.09545115
v 0.39527822 0.21062978 -0.20622221
v 0.44067815 0.18911624 -0.2092717
v 0.40953034 0.20978723 0.20761843
v 0.40518144 0.21270156 0.10409776
v 0.42248887 0.2126486 0.12616371
v 0.40960437 0.22176212 0.0848827
v 0.39227498 0.22172135 0.04614846
v 0.36131203 0.22171551 0.05812891
v 0.41032135 0.22171095 0.00793591
v 0.37649575 0.22169757 0.01552714
v 0.4106912 0.21267493 -0.03860405
v 0.41955429 0.21693529 -0.2270487
v 0.42446244 0.21261887 0.14879659
v 0.42188311 0.21268931 0.07269803
v 0.42891401 0.21252447 -0.05549676
v 0.41172114 0.21222761 -0.17419624
v 0.41344813 0.21053842 -0.20619477
v 0.39527822 0.21062978 -0.20622221
v 0.38063762 0.20905186 -0.20767796
v 0.41344813 0.21053842 -0.20619477
v 0.39069188 0.22177546 0.09313557
v 0.40870231 0.2217744 0.12444172
v 0.44527763 0.21174341 -0.19700801
v 0.41200241 0.20904833 -0.20763558
v 0.42421409 0.19158477 -0.22709128
v 0.42289805 0.21921766 -0.22618979
v 0.4242658 0.20408568 0.2073833
v 0.4279246 0.19156229 0.2076138
v 0.42847461 -0.14507514 0.00455288
v 0.42930982 -0.14059801 -0.0106226
v 0.43245748 0.2123826 -0.07437738
v 0.424063 0.2117839 -0.20239092
v 0.42820191 0.21241631 0.20549195
v 0.43607754 0.21250477 0.16882534
v 0.42955369 0.21262644 0.0954596
v 0.43094516 -0.14485885 -0.0101443
v 0.41233099 -0.1312812 -0.01065184
v 0.4292191 -0.14363207 -0.01054064
v 0.42601565 0.18905158 -0.22677188
v 0.42601565 0.18905158 -0.22677188
v 0.42448741 0.22078587 -0.22533683
v 0.43057567 0.21163985 0.20690355
v 0.43057567 0.21163985 0.20690355
v 0.43518424 -0.1449215 0.00640425
v 0.42810351 -0.1451335 -0.00654959
v 0.43236965 0.21264622 -0.02121794
v 0.42818174 0.21225031 -0.15730932
v 0.4192282 0.22154427 -0.18974367
v 0.39685217 0.22157478 -0.1746887
v 0.42356309 0.22160563 -0.15486476
v 0.42942968 0.1953444 0.20739216
v 0.45009494 -0.12116402 -0.01052878
v 0.43356147 0.21226791 -0.13540709
v 0.43038103 0.20914608 -0.20772645
v 0.43407622 0.21239769 0.18626595
v 0.43094516 -0.14485885 -0.0101443
v 0.44688311 0.18938862 -0.20746127
v 0.43526974 0.21003142 0.20793839
v 0.4371855 0.18964259 0.20794073
v 0.4393971 0.21199374 -0.18289822
v 0.45492211 0.21203762 -0.16850862
v 0.43794018 0.21067159 -0.20622222
v 0.43038103 0.20914608 -0.20772645
v 0.4371855 0.18964259 0.20794073
v 0.43926299 0.20650895 0.20787936
v 0.4451063 0.20116249 0.20769872
v 0.43413815 -0.11759671 -0.01048665
v 0.43029603 0.18861932 -0.22230078
v 0.44340402 0.18937506 0.22639701
v 0.44349417 0.19193196 0.2077236
v 0.45537928 0.2122362 0.20286144
v 0.4510206 -0.14538573 0.00263192
v 0.45391607 -0.11806981 -0.01045688
v 0.44371122 0.2122606 -0.10898904
v 0.4447147 0.2117665 -0.20229994
v 0.45206735 0.18822096 -0.22529151
v 0.44215217 0.21674836 -0.2269534
v 0.45806918 0.21906383 -0.22598368
v 0.44124869 0.21174406 0.20638902
v 0.44487402 0.19499268 0.20760922
v 0.44124869 0.21174406 0.20638902
v 0.45393428 0.2122964 0.20481487
v 0.44914034 0.21255936 0.1247555
v 0.45209128 0.21258628 0.0739248
v 0.45289853 -0.14530884 0.00641788
v 0.45128879 -0.14538655 -0.0068696
v 0.44941908 -0.14517909 -0.01002726
v 0.44851074 -0.14383726 -0.01029754
v 0.44989637 -0.13777122 -0.01048815
v 0.45798233 0.18875815 -0.21292163
v 0.45134607 0.19158608 -0.22688904
v 0.44744563 0.18956342 0.20985039
v 0.44541824 0.19020206 0.20817241
v 0.44541824 0.19020206 0.20817241
v 0.45634007 0.21012494 0.20800781
v 0.45098251 0.21263497 0.02452113
v 0.45570463 0.21256231 -0.01164973
v 0.44941908 -0.14517909 -0.01002726
v 0.42995986 -0.11668295 -0.01009974
v 0.45360324 -0.11667857 -0.00995623
v 0.45921817 0.20935515 -0.20799939
v 0.45837471 0.18886475 -0.2266632
v 0.45837471 0.18886475 -0.2266632
v 0.46438071 0.22127835 -0.22480297
v 0.45322466 0.1889898 0.2252505
v 0.45783401 0.20667534 0.2080477
v 0.45634007 0.21012494 0.20800781
v 0.45565978 0.21183662 0.20616511
v 0.46057984 0.21221888 0.19602972
v 0.45479378 -0.14111297 -0.01046543
v 0.45260245 0.21253349 -0.03481467
v 0.426705 0.22162867 -0.11157241
v 0.45385849 0.22165546 -0.08286065
v 0.45582196 0.22165467 -0.11487713
v 0.45525616 0.21073778 -0.20630018
v 0.4556568 0.18961421 0.20954928
v 0.45237964 0.19160649 0.20789307
v 0.45121595 0.19299908 0.20741002
v 0.45237964 0.19160649 0.20789307
v 0.45377088 0.19622861 0.20744456
v 0.45726931 0.21247168 0.15850455
v 0.45704502 0.21241331 -0.05346814
v 0.4579671 0.21217819 -0.09838629
v 0.46172184 0.21207215 -0.13060494
v 0.4635323 0.18912238 0.22671781
v 0.45638263 0.19153459 0.20779695
v 0.45638263 0.19153459 0.20779695
v 0.46074569 0.20328391 0.20764777
v 0.46559903 0.21245714 0.13752051
v 0.47005537 0.21247302 0.06893919
v 0.45913705 -0.14564025 -0.00954931
v 0.4612827 -0.14553297 -0.01022528
v 0.4651235 0.21215416 -0.07759047
v 0.46080408 0.21196903 -0.16349013
v 0.45947987 0.18911318 -0.20844366
v 0.46091747 0.18949234 -0.20684785
v 0.46279576 0.21682993 -0.22695528
v 0.46059829 0.18878041 0.22524889
v 0.46417817 0.18906966 0.21536966
v 0.46442646 0.189503 0.20779982
v 0.4556568 0.18961421 0.20954928
v 0.46054617 0.19154912 0.20712066
v 0.46442646 0.189503 0.20779982
v 0.46424609 0.1961776 0.20671102
v 0.4651376 0.21218596 0.20254792
v 0.46497357 -0.14588231 0.00634911
v 0.4612827 -0.14553297 -0.01022528
v 0.46441919 -0.122853 -0.01091371
v 0.46442288 0.21161112 -0.197621
v 0.4591786 0.21164057 -0.2022078
v 0.46050915 0.18796372 -0.22531429
v 0.46737441 0.19130354 -0.2270657
v 0.46628755 0.00342979 0.22592784
v 0.46611258 0.05626616 0.2259713
v 0.46584174 0.06866597 0.22513543
v 0.4661065 0.00876198 0.22508201
v 0.46582794 0.10802701 0.22608107
v 0.46557748 0.10600799 0.22521746
v 0.46567759 0.14036217 0.22604567
v 0.4653838 0.15047912 0.22513454
v 0.46604279 0.17178972 0.22640611
v 0.46596864 0.18596156 0.22541463
v 0.4645457 0.18829641 0.22557797
v 0.46629432 -0.05403258 0.2256559
v 0.46618649 -0.02878674 0.2226502
v 0.46647859 -0.08117694 0.22408316
v 0.46615911 0.00959365 0.22236034
v 0.46595788 0.06854069 0.22233588
v 0.46576962 0.08351309 0.2223938
v 0.46571207 0.11455911 0.22225484
v 0.46554065 0.14953214 0.2222925
v 0.46579424 0.15551622 0.22149162
v 0.46600011 0.18624136 0.22410835
v 0.46473926 0.18854946 0.2227353
v 0.4645457 0.18829641 0.22557797
v 0.46473926 0.18854946 0.2227353
v 0.466683 0.08608785 0.21633708
v 0.46656889 0.13729753 0.2163398
v 0.46347675 0.19156516 0.20649847
v 0.4657619 0.18975683 0.20607348
v 0.47088447 0.21246967 0.15981025
v 0.46986443 0.21255021 0.04785824
v 0.46841547 0.2125175 -0.00311416
v 0.46731198 -0.1402775 -0.01090596
v 0.47549954 -0.11643002 -0.01025949
v 0.46686625 -0.14439683 -0.01056202
v 0.47220159 0.21240091 -0.04578657
v 0.47082126 0.21077785 -0.20609793
v 0.46675262 0.18924105 -0.20638883
v 0.46405515 0.18882158 -0.20814022
v 0.46620306 0.18791072 -0.21359548
v 0.46598196 0.18780768 -0.22062479
v 0.46621272 -0.03505054 -0.22229196
v 0.46641967 -0.00997059 -0.21980467
v 0.46610603 0.02444506 -0.22221899
v 0.46648344 0.03726686 -0.21852744
v 0.46578443 0.06522697 -0.22203958
v 0.46639669 0.06956615 -0.21612783
v 0.46548733 0.08455851 -0.22205304
v 0.46624511 0.08682069 -0.21451001
v 0.46553335 0.09914289 -0.22212243
v 0.46630031 0.10757606 -0.213745
v 0.46548826 0.13383947 -0.22206518
v 0.4663108 0.13711625 -0.21351962
v 0.46558025 0.15657395 -0.22209649
v 0.4662143 0.15664706 -0.21488853
v 0.46637112 0.17236106 -0.21722575
v 0.46596503 0.17326991 -0.22228618
v 0.4644545 0.18782154 -0.22220853
v 0.46650717 -0.0886695 -0.22405219
v 0.4664759 -0.07621258 -0.22616017
v 0.46657762 -0.11813086 -0.22464836
v 0.4663668 -0.06974528 -0.22335599
v 0.46617669 -0.03967883 -0.22510308
v 0.46607041 -0.00808841 -0.22509104
v 0.46593103 0.05256299 -0.22492875
v 0.46562958 0.08431685 -0.22483574
v 0.46556631 0.14588392 -0.22485197
v 0.46602869 0.17039244 -0.22520322
v 0.46587485 0.18446523 -0.22523431
v 0.46585932 0.18155672 -0.22295456
v 0.46377987 0.18764445 -0.22534321
v 0.46548015 0.1862555 -0.22478931
v 0.4664357 -0.04188296 -0.22602195
v 0.46630189 0.02513992 -0.22593455
v 0.46611446 0.07745077 -0.22579919
v 0.46596694 0.1362405 -0.22583137
v 0.46626315 0.17530973 -0.22600698
v 0.4645929 0.18802848 -0.22658473
v 0.4645929 0.18802848 -0.22658473
v 0.46901438 -0.22287464 0.226344
v 0.46830386 -0.21323481 0.227097
v 0.46785215 -0.22114944 0.22478281
v 0.46718055 -0.19688085 0.22535942
v 0.46751863 -0.17557815 0.22729847
v 0.46670872 -0.16318324 0.2254948
v 0.4673723 -0.13603032 0.22737308
v 0.46671304 -0.12789519 0.22556402
v 0.46662363 -0.08578192 0.22541918
v 0.4672772 -0.08023044 0.22716802
v 0.46701261 -0.04570746 0.22682975
v 0.46684539 0.01259414 0.22674213
v 0.46679351 0.17521277 0.22689813
v 0.46678096 0.18858021 0.2268163
v 0.46604279 0.17178972 0.22640611
v 0.4658756 0.18782715 0.22625114
v 0.4658756 0.18782715 0.22625114
v 0.4635323 0.18912238 0.22671781
v 0.46781394 -0.22172892 0.22149862
v 0.46724135 -0.1994772 0.22203347
v 0.46703923 -0.17657116 0.22172819
v 0.46685109 -0.16224183 0.22218502
v 0.46689925 -0.13090917 0.22228409
v 0.46680671 -0.11459927 0.22199985
v 0.46678153 -0.08784142 0.22157435
v 0.46865627 -0.22317779 0.21511987
v 0.46801144 -0.22182408 0.21527657
v 0.46804947 -0.21466479 0.21455781
v 0.46781674 -0.19547936 0.21422859
v 0.4681316 -0.17464414 0.21046849
v 0.46836919 -0.15238637 0.20844655
v 0.46662742 -0.0589148 0.22031122
v 0.46758446 0.04389914 0.21035203
v 0.46679842 0.17918828 0.21852517
v 0.46760228 0.18631813 0.21525362
v 0.46651149 0.18850929 0.2212743
v 0.46651149 0.18850929 0.2212743
v 0.46907115 -0.1648349 0.20152669
v 0.46828318 -0.1222131 0.20810579
v 0.46854618 -0.09855653 0.20501067
v 0.4686982 -0.05041217 0.20382786
v 0.46861497 -0.02713362 0.20405357
v 0.46780547 0.06646761 0.20904732
v 0.46778551 0.08735885 0.20801611
v 0.46775645 0.11674637 0.2076952
v 0.46780804 0.16053188 0.20871104
v 0.46740699 0.17206217 0.21325172
v 0.46720761 0.18860245 0.20786105
v 0.46720761 0.18860245 0.20786105
v 0.46984589 -0.22314408 0.20395064
v 0.4687371 -0.22155476 0.20808561
v 0.46860981 -0.20309263 0.20734739
v 0.46830812 -0.13842824 0.20774414
v 0.46857914 -0.0757147 0.20365018
v 0.46853569 0.01035732 0.20383327
v 0.46864361 0.06202089 0.20367163
v 0.46822339 0.18573491 0.20757742
v 0.46995878 -0.22263177 0.20294869
v 0.46926075 -0.21823916 0.20407416
v 0.46932274 -0.20068604 0.2017529
v 0.46927765 -0.17894582 0.20158619
v 0.46939254 -0.14568202 0.20248532
v 0.46889669 -0.14262697 0.20411035
v 0.46882933 -0.11979274 0.20452744
v 0.46917182 -0.1086228 0.20170599
v 0.46836177 0.10736013 0.20362684
v 0.46849707 0.14717966 0.20365453
v 0.46864593 0.16894396 0.20469727
v 0.46850592 0.17802213 0.2055102
v 0.4686529 0.18570672 0.20583668
v 0.4657619 0.18975683 0.20607348
v 0.46783149 0.1888639 0.20601381
v 0.46783149 0.1888639 0.20601381
v 0.46864709 0.20067643 0.20698653
v 0.47431198 0.20729293 0.2079962
v 0.47226822 0.21145672 0.20626138
v 0.46962979 -0.21623807 0.20200264
v 0.46897054 -0.07507753 0.20150696
v 0.46916327 -0.03464666 0.20149755
v 0.46901977 0.03558755 0.2014259
v 0.46922347 0.07550029 0.20144624
v 0.46895161 0.10984944 0.20133813
v 0.46912721 0.13281684 0.20124811
v 0.46893939 0.14983088 0.20156203
v 0.46997163 0.2123397 0.18699645
v 0.47085896 0.21244822 0.11815108
v 0.45775884 -0.14393048 0.00691362
v 0.46497357 -0.14588231 0.00634911
v 0.47181752 -0.14167334 0.00697038
v 0.47149065 -0.14470306 0.00630044
v 0.47250015 -0.14624761 0.0054388
v 0.47208318 -0.1463192 -0.00922497
v 0.47208318 -0.1463192 -0.00922497
v 0.47501147 -0.12884529 -0.0113696
v 0.47495392 -0.11810026 -0.01097245
v 0.47162881 0.21212207 -0.08711442
v 0.47140649 0.21211152 -0.13445643
v 0.47245455 0.21171795 -0.20217179
v 0.46944475 -0.22341754 -0.20333515
v 0.46930912 -0.21505328 -0.20173952
v 0.46878824 -0.21752509 -0.20389736
v 0.46906778 -0.16227958 -0.20152318
v 0.46859562 -0.16600643 -0.20357397
v 0.4687472 -0.14663422 -0.20200215
v 0.4680379 -0.1371889 -0.20397396
v 0.46847799 -0.13905202 -0.20247483
v 0.46850798 -0.12623733 -0.20271443
v 0.46889853 -0.1176296 -0.2021953
v 0.46902481 -0.09337524 -0.20149514
v 0.46864629 -0.10855652 -0.20354012
v 0.4682492 -0.06921585 -0.20381279
v 0.46872932 -0.04729211 -0.20163578
v 0.46804684 -0.04143123 -0.20391575
v 0.46871325 -0.01039534 -0.20165733
v 0.46797082 -0.01249215 -0.2039589
v 0.46805382 0.0255821 -0.20376584
v 0.46876535 0.05612754 -0.20156009
v 0.4678911 0.055523 -0.20393175
v 0.46829373 0.08295663 -0.201956
v 0.46726105 0.08251637 -0.20412923
v 0.46708968 0.11466306 -0.20412599
v 0.46810785 0.11603481 -0.20191425
v 0.46826264 0.13635398 -0.20227194
v 0.46730271 0.1381807 -0.20444323
v 0.46783999 0.15818495 -0.20332961
v 0.46722844 0.1620588 -0.20498781
v 0.46827888 -0.22198063 -0.20826161
v 0.46870512 -0.22368672 -0.20928261
v 0.46826828 -0.20341039 -0.20797572
v 0.46811104 -0.17489417 -0.20804864
v 0.4679825 -0.1559087 -0.20764183
v 0.4678086 -0.13964976 -0.20715629
v 0.46793228 -0.1243737 -0.20751025
v 0.46794537 -0.10315212 -0.20792289
v 0.46766999 -0.06864136 -0.20792061
v 0.46766937 -0.05420703 -0.20784028
v 0.46753126 -0.03982942 -0.20785899
v 0.46751922 -0.02633341 -0.20803896
v 0.46743858 -0.01112645 -0.20791948
v 0.46746498 0.03128931 -0.20780392
v 0.46717858 0.05864903 -0.20801432
v 0.46670353 0.08357237 -0.20766914
v 0.46667939 0.11241671 -0.20748161
v 0.46671098 0.13656774 -0.20815828
v 0.46658498 0.16121852 -0.20851482
v 0.46713284 0.16924444 -0.20557867
v 0.46688649 0.17915973 -0.20805396
v 0.46728739 0.18097346 -0.2059716
v 0.467507 0.18585429 -0.20751491
v 0.4669348 0.18800877 -0.20759995
v 0.46794289 -0.22207069 -0.21720678
v 0.46759954 -0.21229094 -0.22173913
v 0.46757087 -0.14730494 -0.21290003
v 0.46768406 -0.12263218 -0.21270059
v 0.4663713 0.17741317 -0.2165626
v 0.46685007 0.18558982 -0.21227069
v 0.4669348 0.18800877 -0.20759995
v 0.46620306 0.18791072 -0.21359548
v 0.46863493 -0.22373001 -0.22037917
v 0.46735173 -0.20015471 -0.22211896
v 0.46714669 -0.18282667 -0.22241369
v 0.46688405 -0.16542214 -0.22214706
v 0.46692595 -0.13206097 -0.22111875
v 0.46734801 -0.12095694 -0.21705532
v 0.46658143 -0.05038125 -0.22009286
v 0.46602437 0.18593597 -0.22175755
v 0.46598196 0.18780768 -0.22062479
v 0.46792415 -0.22200438 -0.22171031
v 0.46653974 -0.15421216 -0.22528543
v 0.46944883 -0.22332045 -0.22660689
v 0.46807089 -0.22137976 -0.22515808
v 0.46734855 -0.20163655 -0.22541098
v 0.46671119 -0.16499083 -0.2255514
v 0.46663865 -0.12046319 -0.22558016
v 0.46653011 -0.13355234 -0.22520816
v 0.46548015 0.1862555 -0.22478931
v 0.46859834 -0.21681631 -0.22703561
v 0.46768418 -0.1795135 -0.22707099
v 0.46726814 -0.14366275 -0.22716838
v 0.4666065 -0.14175431 -0.22590744
v 0.46742252 -0.1139659 -0.22716902
v 0.46660545 -0.09480831 -0.22598675
v 0.46722883 -0.07152052 -0.2268462
v 0.46626315 0.17530973 -0.22600698
v 0.46681193 0.18540636 -0.22665939
v 0.46690592 0.16898218 -0.22654992
v 0.46681193 0.18540636 -0.22665939
v 0.4645929 0.18802848 -0.22658473
v 0.4664357 -0.04188296 -0.22602195
v 0.46714172 0.01938638 -0.22670934
v 0.46722883 -0.07152052 -0.2268462
v 0.46630189 0.02513992 -0.22593455
v 0.46692368 0.07402939 -0.22662902
v 0.46611446 0.07745077 -0.22579919
v 0.46679839 0.12873992 -0.2266209
v 0.46596694 0.1362405 -0.22583137
v 0.46686846 0.18852982 -0.22692333
v 0.47875828 0.20580927 -0.22708869
v 0.46901438 -0.22287464 0.226344
v 0.47042143 -0.22327991 0.22492926
v 0.47158739 -0.22295965 0.2273446
v 0.46865627 -0.22317779 0.21511987
v 0.47051889 -0.22335367 0.20896661
v 0.46984589 -0.22314408 0.20395064
v 0.47436425 0.2013694 0.20703693
v 0.47559956 0.2095696 0.20819567
v 0.47559956 0.2095696 0.20819567
v 0.46995878 -0.22263177 0.20294869
v 0.47140586 -0.22298574 0.20202869
v 0.46939254 -0.14568202 0.20248532
v 0.47131884 -0.13427474 0.20169085
v 0.47087201 -0.14963335 0.20091827
v 0.46959776 -0.12444905 0.20304666
v 0.46959776 -0.12444905 0.20304666
v 0.47115171 -0.11944531 0.20147729
v 0.46917182 -0.1086228 0.20170599
v 0.47035852 -0.10973802 0.20082632
v 0.46908569 0.16731714 0.20341903
v 0.47084823 0.16431007 0.20108967
v 0.47134963 0.15922797 0.1997214
v 0.47084823 0.16431007 0.20108967
v 0.46908569 0.16731714 0.20341903
v 0.47111675 0.17189492 0.20261358
v 0.46955568 0.17243405 0.20389988
v 0.46955568 0.17243405 0.20389988
v 0.46850592 0.17802213 0.2055102
v 0.47133362 0.17725284 0.20385398
v 0.47088531 0.18135704 0.2047541
v 0.4686529 0.18570672 0.20583668
v 0.46783149 0.1888639 0.20601381
v 0.47087449 0.1892615 0.20587179
v 0.47415489 0.21236002 0.20166495
v 0.46995878 -0.22263177 0.20294869
v 0.46962979 -0.21623807 0.20200264
v 0.47140586 -0.22298574 0.20202869
v 0.47115591 -0.21725661 0.20086531
v 0.46932274 -0.20068604 0.2017529
v 0.47104475 -0.19253173 0.20041391
v 0.46987879 -0.16476983 0.20074566
v 0.46987879 -0.16476983 0.20074566
v 0.47115988 -0.16230376 0.20010543
v 0.47222814 -0.15497823 0.19966072
v 0.46972677 -0.09313495 0.20064069
v 0.47087279 -0.09315456 0.19992888
v 0.47135857 -0.10675008 0.20001848
v 0.46972677 -0.09313495 0.20064069
v 0.47075158 -0.06909573 0.20008184
v 0.46994489 -0.03089903 0.20063585
v 0.46994489 -0.03089903 0.20063585
v 0.47099 -0.01629929 0.19997832
v 0.46978137 0.03745922 0.20051982
v 0.46978137 0.03745922 0.20051982
v 0.47087052 0.03877684 0.19982925
v 0.47005269 0.08546973 0.20054096
v 0.47005269 0.08546973 0.20054096
v 0.47114998 0.09462062 0.19999103
v 0.46972185 0.11678531 0.20031983
v 0.46972185 0.11678531 0.20031983
v 0.47094098 0.14303038 0.19954312
v 0.46981975 0.14666998 0.20030659
v 0.46981975 0.14666998 0.20030659
v 0.47134963 0.15922797 0.1997214
v 0.4717958 0.16282985 0.19981956
v 0.47243863 -0.14440863 -0.01023307
v 0.47507185 -0.13976897 -0.01113958
v 0.47515923 -0.12294003 -0.01121222
v 0.47657436 0.21210611 -0.1685047
v 0.47639281 0.21176851 -0.20197971
v 0.47186059 -0.22348157 -0.20054697
v 0.47088423 -0.21233635 -0.20013876
v 0.47034231 -0.22072403 -0.2012469
v 0.46992159 -0.21307845 -0.20089611
v 0.46981719 -0.18276055 -0.2006042
v 0.47078916 -0.18166068 -0.19989818
v 0.47132325 -0.15909973 -0.19982862
v 0.46985465 -0.16186146 -0.20073611
v 0.47084993 -0.1490155 -0.20043342
v 0.47113973 -0.10363884 -0.20007253
v 0.470736 -0.08933164 -0.19978213
v 0.46973956 -0.0876227 -0.2005166
v 0.47070587 -0.04946376 -0.19995445
v 0.46957383 -0.04519323 -0.20064618
v 0.47087771 -0.00410919 -0.1998601
v 0.46969312 0.01172681 -0.20049268
v 0.47087735 0.03950829 -0.1996042
v 0.46976244 0.0491074 -0.20047276
v 0.4713645 0.07070126 -0.19979298
v 0.46986854 0.07679503 -0.20064451
v 0.47130656 0.11359687 -0.1997918
v 0.46976089 0.11754224 -0.20058312
v 0.47199377 0.1463192 -0.20013565
v 0.46972767 0.15501481 -0.20181672
v 0.46944475 -0.22341754 -0.20333515
v 0.47041938 -0.22385599 -0.20591608
v 0.47186059 -0.22348157 -0.20054697
v 0.46870512 -0.22368672 -0.20928261
v 0.46675262 0.18924105 -0.20638883
v 0.46839958 0.18749769 -0.20616721
v 0.47535861 0.20908223 -0.2079592
v 0.46996516 -0.22399844 -0.2147589
v 0.46863493 -0.22373001 -0.22037917
v 0.47139481 -0.22403176 -0.22531046
v 0.46944883 -0.22332045 -0.22660689
v 0.4720498 -0.22358738 -0.22722937
v 0.46944883 -0.22332045 -0.22660689
v 0.47050515 -0.22076276 -0.22778375
v 0.4720498 -0.22358738 -0.22722937
v 0.46859834 -0.21681631 -0.22703561
v 0.46768418 -0.1795135 -0.22707099
v 0.46983641 -0.18731873 -0.22779311
v 0.46966958 -0.15849589 -0.22777469
v 0.46726814 -0.14366275 -0.22716838
v 0.46979085 -0.12311184 -0.22779433
v 0.46742252 -0.1139659 -0.22716902
v 0.46978399 -0.10132723 -0.22782937
v 0.46972814 -0.07386435 -0.22768585
v 0.46973857 -0.05072021 -0.22756751
v 0.46971065 -0.00757548 -0.22753665
v 0.46974775 0.03610881 -0.22738583
v 0.46968898 0.08528212 -0.2273559
v 0.46953765 0.11528164 -0.2273546
v 0.4696345 0.1360995 -0.22725341
v 0.46964887 0.15927948 -0.22729923
v 0.46985462 0.1751949 -0.22716638
v 0.47000569 0.18591678 -0.22715008
v 0.48364186 0.21700358 -0.22713374
v 0.49351513 0.22089566 -0.22562459
v 0.47747457 0.20693418 0.20756173
v 0.47591627 0.20037816 0.20676465
v 0.47673684 0.21043788 0.20667465
v 0.47673684 0.21043788 0.20667465
v 0.47625846 0.18194021 0.20335121
v 0.47442082 0.17388007 0.20178914
v 0.47764826 0.18576433 0.20389706
v 0.47605506 0.19231184 0.20575579
v 0.47611478 0.21222998 0.20179167
v 0.47391206 -0.22110747 0.20091246
v 0.47429097 -0.15042241 0.19932935
v 0.47391075 -0.14337756 0.19967051
v 0.47600597 -0.14424905 0.19769613
v 0.47627708 -0.14769347 0.19818097
v 0.47625124 -0.13833798 0.19827129
v 0.47431007 -0.13338514 0.20009832
v 0.47622445 -0.12758029 0.19845055
v 0.47429636 -0.11847063 0.20012949
v 0.47622445 -0.12758029 0.19845055
v 0.47429636 -0.11847063 0.20012949
v 0.47623271 -0.12201644 0.19798905
v 0.47644055 -0.11792849 0.19805194
v 0.47446522 -0.11444257 0.19982921
v 0.47308061 -0.10841902 0.19993827
v 0.47372258 0.16551444 0.19998446
v 0.47667071 0.16657253 0.19947219
v 0.47472319 0.16428013 0.19955625
v 0.47444317 -0.16450815 0.19992149
v 0.47627708 -0.14769347 0.19818097
v 0.47600597 -0.14424905 0.19769613
v 0.47685245 -0.14686903 0.19456732
v 0.4767229 -0.14439316 0.19472353
v 0.47656772 -0.12275197 0.1970015
v 0.47294822 -0.07383599 0.19994846
v 0.47338381 -0.02559668 0.19978014
v 0.47317201 0.00596913 0.19970751
v 0.47313341 0.04043107 0.19957475
v 0.47346038 0.09868272 0.19973733
v 0.47307017 0.13312677 0.19940157
v 0.47379282 0.15596943 0.19933231
v 0.47692257 -0.13797097 0.19386667
v 0.47704259 -0.13352948 0.18301068
v 0.47767654 0.21246301 0.19009179
v 0.47704732 -0.14467138 0.18541284
v 0.47740123 -0.14711337 0.18303636
v 0.47678924 -0.11895642 0.18196337
v 0.47670111 -0.11617318 0.1936285
v 0.47707286 -0.11680897 0.18283214
v 0.47685131 -0.14452662 0.16697685
v 0.47850889 0.21258625 0.18269807
v 0.47693372 -0.13069485 0.16426563
v 0.47707176 -0.11709201 0.16504389
v 0.47691271 -0.14439905 0.1384601
v 0.47866011 0.21264338 0.13778497
v 0.47753456 -0.14697716 0.13792467
v 0.476915 -0.12531452 0.1218405
v 0.47675866 -0.1187916 0.11109577
v 0.47693768 -0.1171209 0.11504315
v 0.47672865 -0.14452223 0.11066778
v 0.47863376 0.21255083 0.11279984
v 0.47733086 -0.14685993 0.11285629
v 0.47678405 -0.12765689 0.10381575
v 0.47672349 -0.14441772 0.07452846
v 0.47875199 0.21258162 0.08982418
v 0.47672737 -0.11888065 0.08437199
v 0.47668362 -0.12598683 0.05587121
v 0.47683519 -0.1171546 0.06652845
v 0.47726688 -0.14679115 0.05076754
v 0.47867176 0.2125321 0.07092313
v 0.47662002 -0.14449379 0.04993997
v 0.47647113 -0.11875455 0.03868118
v 0.47883934 0.21264489 0.0534137
v 0.47658452 -0.12380774 0.03307751
v 0.47665703 -0.14437354 0.03296549
v 0.47674999 -0.1168508 0.03062854
v 0.47658545 -0.13356701 0.01774693
v 0.47715572 -0.14656228 0.00925982
v 0.47661012 -0.14443962 0.01934658
v 0.47634321 -0.1183454 0.01761588
v 0.47859234 0.21259122 0.01528512
v 0.47665024 -0.11645985 0.01225788
v 0.47668555 -0.14433388 0.01232993
v 0.47659311 -0.12801471 0.01225131
v 0.47642791 -0.11872586 0.0123688
v 0.47614744 -0.14413269 0.00864474
v 0.47615808 -0.13343376 0.00885171
v 0.4758983 -0.12311525 0.00888907
v 0.47529611 -0.11818371 0.00871724
v 0.47588339 -0.1163521 0.00878408
v 0.47494605 -0.14391819 0.00680205
v 0.47604951 -0.14648074 0.00597212
v 0.47506014 -0.13346271 0.00748405
v 0.4745678 -0.11925453 0.00770689
v 0.47282127 -0.11819404 0.00786766
v 0.4745678 -0.11925453 0.00770689
v 0.47529611 -0.11818371 0.00871724
v 0.47885343 0.21264219 -0.00132524
v 0.4758946 -0.14651652 -0.0096465
v 0.47604951 -0.14648074 0.00597212
v 0.47870389 0.21254899 -0.02824963
v 0.4751491 -0.14445888 -0.01058137
v 0.4758946 -0.14651652 -0.0096465
v 0.4758946 -0.14651652 -0.0096465
v 0.4751491 -0.14445888 -0.01058137
v 0.47665158 -0.14657734 -0.01277283
v 0.4760462 -0.14442678 -0.01259894
v 0.47507185 -0.13976897 -0.01113958
v 0.47501147 -0.12884529 -0.0113696
v 0.47599903 -0.12516266 -0.01263115
v 0.47515923 -0.12294003 -0.01121222
v 0.47495392 -0.11810026 -0.01097245
v 0.47597715 -0.11806603 -0.01301889
v 0.47549954 -0.11643002 -0.01025949
v 0.47616798 -0.11650421 -0.01253354
v 0.47632053 -0.14468388 -0.01646132
v 0.47628167 -0.13203093 -0.01671463
v 0.47713119 -0.14673704 -0.03329949
v 0.47651193 -0.11670857 -0.02558907
v 0.47645563 -0.14442262 -0.02991118
v 0.47641844 -0.12954739 -0.02937509
v 0.47625825 -0.11864626 -0.02716021
v 0.47659838 -0.11699921 -0.04947038
v 0.47652245 -0.12595277 -0.05771094
v 0.47854388 0.21249759 -0.04776808
v 0.47648916 0.21242777 -0.05030217
v 0.47657648 -0.14444935 -0.06658523
v 0.47662693 -0.1264388 -0.07445626
v 0.47653633 -0.11882143 -0.07877398
v 0.47656417 0.21221083 -0.11109729
v 0.47717521 -0.14680456 -0.11357928
v 0.47659141 -0.12590536 -0.10177457
v 0.47665668 -0.11706885 -0.11780238
v 0.47657648 -0.14451432 -0.11730315
v 0.47648802 -0.11893862 -0.1189943
v 0.47660422 -0.12650838 -0.12050825
v 0.47650927 0.21224956 -0.13056314
v 0.47644639 -0.11860183 -0.16797358
v 0.47722563 -0.14693443 -0.15037978
v 0.47656175 -0.14445707 -0.15422447
v 0.47666237 -0.11679032 -0.15814807
v 0.47662726 -0.14449304 -0.17478053
v 0.47661844 -0.13187748 -0.185528
v 0.47706386 -0.14697705 -0.18249482
v 0.47668111 -0.11677576 -0.18471973
v 0.47647759 -0.14446652 -0.18387747
v 0.47639087 -0.11850365 -0.18773146
v 0.47585914 -0.14457798 -0.19422258
v 0.47618249 -0.14019124 -0.19430973
v 0.47598764 -0.11622837 -0.19790019
v 0.47615269 -0.14705043 -0.19459181
v 0.47623354 -0.13315077 -0.19448406
v 0.47599801 -0.11812656 -0.19427457
v 0.47498685 -0.14442149 -0.19787939
v 0.47512451 -0.14773118 -0.19809671
v 0.47563571 -0.14029801 -0.19790179
v 0.47588056 -0.13275366 -0.19780919
v 0.47547594 -0.11814021 -0.19814003
v 0.4748567 -0.15074806 -0.19916444
v 0.47512451 -0.14773118 -0.19809671
v 0.47311738 -0.14776415 -0.199296
v 0.47498685 -0.14442149 -0.19787939
v 0.47563571 -0.14029801 -0.19790179
v 0.47403666 -0.13929777 -0.19981106
v 0.47403666 -0.13929777 -0.19981106
v 0.47401133 -0.12446791 -0.20020476
v 0.47419614 -0.11588396 -0.19983482
v 0.47592825 0.15236239 -0.19966429
v 0.47437415 0.15644035 -0.20014578
v 0.47418988 0.16866274 -0.20253462
v 0.47629181 0.1731085 -0.20320575
v 0.46993715 0.16884196 -0.20395604
v 0.47654095 0.21008609 -0.2064157
v 0.47609001 0.19487727 -0.20648792
v 0.47733176 0.20680216 -0.20753787
v 0.47482914 0.19841458 -0.20718804
v 0.47535861 0.20908223 -0.2079592
v 0.47654095 0.21008609 -0.2064157
v 0.47451818 -0.22192886 -0.22802325
v 0.47353858 -0.19435874 -0.22798024
v 0.47825903 -0.17168632 -0.22797659
v 0.47909597 -0.1001569 -0.22801247
v 0.4764519 -0.0169066 -0.22766253
v 0.48016924 0.07042515 -0.22751197
v 0.48181981 0.04846455 -0.2275853
v 0.48578379 -0.22325881 0.22770385
v 0.48493218 -0.22351043 0.20330764
v 0.48112205 -0.22311112 0.20078442
v 0.47764826 0.18576433 0.20389706
v 0.47859266 0.18977438 0.20229968
v 0.47802272 0.18258899 0.20181285
v 0.47827154 0.19416288 0.20510903
v 0.47827154 0.19416288 0.20510903
v 0.47918627 0.20264892 0.20273815
v 0.47858477 0.20264056 0.20565522
v 0.47858477 0.20264056 0.20565522
v 0.47747457 0.20693418 0.20756173
v 0.47889304 0.20695114 0.20609406
v 0.47971565 0.20704655 0.20241839
v 0.47883955 0.20980795 0.20583293
v 0.47883955 0.20980795 0.20583293
v 0.47883955 0.20980795 0.20583293
v 0.47916141 0.21040592 0.20264503
v 0.47916141 0.21040592 0.20264503
v 0.48112205 -0.22311112 0.20078442
v 0.4853569 -0.21252319 0.20035602
v 0.47657013 -0.1165026 0.19943966
v 0.47817791 -0.11509386 0.19956972
v 0.47657013 -0.1165026 0.19943966
v 0.47817791 -0.11509386 0.19956972
v 0.47838387 -0.1155284 0.19816862
v 0.48424837 -0.10887504 0.19965631
v 0.48543468 -0.10579386 0.19954093
v 0.47757933 0.17000766 0.19990836
v 0.47806975 0.16796158 0.19832805
v 0.47757933 0.17000766 0.19990836
v 0.47871065 0.1751425 0.19798124
v 0.47796094 0.17703782 0.20082216
v 0.47796094 0.17703782 0.20082216
v 0.47802272 0.18258899 0.20181285
v 0.47882253 0.18547399 0.19853587
v 0.47933593 0.20182343 0.19783308
v 0.48484755 -0.18227088 0.20005317
v 0.47975776 -0.15454505 0.19912413
v 0.47989571 -0.15114047 0.1987828
v 0.47871464 -0.14865711 0.19779256
v 0.47627708 -0.14769347 0.19818097
v 0.47685245 -0.14686903 0.19456732
v 0.47871464 -0.14865711 0.19779256
v 0.47875649 -0.14807151 0.19481936
v 0.47625124 -0.13833798 0.19827129
v 0.47688031 -0.14283966 0.19660467
v 0.4818027 -0.07033421 0.1997458
v 0.48246756 0.07288546 0.19933499
v 0.47733843 0.15117101 0.19911477
v 0.4791469 0.16162769 0.1988101
v 0.4792302 0.16444536 0.19805558
v 0.47806975 0.16796158 0.19832805
v 0.4792302 0.16444536 0.19805558
v 0.48021522 0.16491234 0.19484788
v 0.47909597 0.16803434 0.19453338
v 0.47907001 0.17253505 0.19435316
v 0.47917441 0.19187388 0.19167931
v 0.47921041 0.21058141 0.19430268
v 0.47921041 0.21058141 0.19430268
v 0.48029348 0.16481793 0.1879696
v 0.47924095 0.1678737 0.18901971
v 0.4794569 0.20238015 0.18132575
v 0.47967112 0.20689557 0.18394691
v 0.47740123 -0.14711337 0.18303636
v 0.4785102 -0.1481677 0.18734598
v 0.4792825 0.19098558 0.1804634
v 0.47767654 0.21246301 0.19009179
v 0.47918138 0.2108745 0.18533099
v 0.47909561 0.16798639 0.17957762
v 0.48055485 0.16480963 0.17847577
v 0.47924548 0.17390388 0.18031664
v 0.47850889 0.21258625 0.18269807
v 0.47813791 -0.1476368 0.17284112
v 0.47896671 0.1747463 0.16484821
v 0.47924438 0.19136013 0.16822584
v 0.48022914 0.16514327 0.16764887
v 0.4788121 0.16798538 0.16363843
v 0.47950542 0.21074979 0.14959112
v 0.47807094 -0.11576539 0.16561879
v 0.47869968 -0.11508384 0.16311458
v 0.47785145 -0.11568303 0.13818228
v 0.47994137 0.20690607 0.14808773
v 0.48040524 0.16509363 0.1462383
v 0.47893468 0.16798005 0.14760526
v 0.47915217 0.18437546 0.14773971
v 0.47943303 0.19534649 0.14504415
v 0.47971544 0.2017906 0.13880359
v 0.47753456 -0.14697716 0.13792467
v 0.47866011 0.21264338 0.13778497
v 0.47810411 -0.14740606 0.11947115
v 0.47900674 -0.14761135 0.13256806
v 0.47912914 0.18343216 0.12438077
v 0.48014215 0.20688403 0.13424729
v 0.47969374 0.21076311 0.1303795
v 0.47887543 0.1680167 0.12496012
v 0.47785145 -0.11568303 0.13818228
v 0.47869968 -0.11508384 0.16311458
v 0.47862586 -0.11517648 0.11292639
v 0.48189473 0.16425677 0.14812927
v 0.48040524 0.16509363 0.1462383
v 0.48042858 0.16504458 0.12388569
v 0.48181006 0.16418022 0.11873376
v 0.48042858 0.16504458 0.12388569
v 0.47937021 0.19311124 0.11712075
v 0.47899848 0.1717082 0.08884008
v 0.47977409 0.20258285 0.10723227
v 0.47791043 -0.11576959 0.11102203
v 0.48006985 0.20679487 0.10454088
v 0.47863376 0.21255083 0.11279984
v 0.47733086 -0.14685993 0.11285629
v 0.48023647 0.16511674 0.117349
v 0.47957098 0.21071133 0.10804159
v 0.47915137 0.18505467 0.09027829
v 0.47897464 0.1680312 0.07830826
v 0.47806612 -0.14734747 0.07124917
v 0.47892451 -0.14751378 0.0805084
v 0.47947866 0.19599381 0.07739246
v 0.47965747 0.21076831 0.0885997
v 0.47875199 0.21258162 0.08982418
v 0.48043543 0.16484624 0.08029871
v 0.47977731 0.20241116 0.07692284
v 0.48013499 0.20693927 0.07561491
v 0.47726688 -0.14679115 0.05076754
v 0.4793101 0.17229873 0.0499101
v 0.47965613 0.21072109 0.07178544
v 0.47867176 0.2125321 0.07092313
v 0.48177698 0.16384825 0.08085474
v 0.48043543 0.16484624 0.08029871
v 0.48015887 0.16497208 0.06222732
v 0.48015887 0.16497208 0.06222732
v 0.47948581 0.18354967 0.04465467
v 0.4802289 0.20225616 0.0488441
v 0.48053768 0.20695098 0.05378836
v 0.47883934 0.21264489 0.0534137
v 0.47996986 0.21081761 0.05249478
v 0.48169672 0.16388173 0.04117298
v 0.47913253 0.16797218 0.04335872
v 0.47975606 0.19232909 0.04461011
v 0.478632 -0.14725912 0.031418
v 0.48017377 0.16496694 0.03874084
v 0.48017377 0.16496694 0.03874084
v 0.47951943 0.18633901 0.01662291
v 0.48051485 0.20687629 0.02376368
v 0.47715572 -0.14656228 0.00925982
v 0.48019254 0.20248343 0.01973543
v 0.48173451 0.16391362 0.00505503
v 0.47937217 0.17218612 0.02016148
v 0.47859234 0.21259122 0.01528512
v 0.47973418 0.19368118 0.00428333
v 0.47977215 0.21074592 0.01646255
v 0.47811696 -0.14673388 0.00363242
v 0.48159862 -0.14695959 0.00032131
v 0.48024303 0.16499498 -0.00140803
v 0.48024303 0.16499498 -0.00140803
v 0.48061046 0.20695642 0.00644074
v 0.47917822 0.16798919 -0.01562394
v 0.4793748 0.17238325 -0.01607057
v 0.4794676 0.1846706 -0.00990092
v 0.48003379 0.21080191 0.0013583
v 0.48021403 0.20228143 -0.01238989
v 0.47885343 0.21264219 -0.00132524
v 0.48173559 0.16382729 -0.02050145
v 0.47891715 -0.14703211 -0.01920554
v 0.47975835 0.19400799 -0.03549514
v 0.4799509 0.21072869 -0.02308925
v 0.47665158 -0.14657734 -0.01277283
v 0.48020327 0.16494122 -0.03063035
v 0.48020327 0.16494122 -0.03063035
v 0.48065421 0.20691513 -0.02979703
v 0.47870389 0.21254899 -0.02824963
v 0.47942483 0.18036053 -0.03664104
v 0.47713119 -0.14673704 -0.03329949
v 0.47819513 -0.14716807 -0.03448838
v 0.47956374 0.18628299 -0.0457592
v 0.48019007 0.20177212 -0.04585937
v 0.4797841 0.21073404 -0.03524414
v 0.48174581 0.16374686 -0.0520786
v 0.47947901 0.17351846 -0.04657095
v 0.47925043 0.1679523 -0.04444933
v 0.47854388 0.21249759 -0.04776808
v 0.47967732 0.21075292 -0.04924747
v 0.47826037 -0.14722195 -0.06542087
v 0.4805795 0.16480465 -0.06555206
v 0.4805795 0.16480465 -0.06555206
v 0.48068658 0.20694028 -0.04971546
v 0.4798393 0.19184341 -0.07326981
v 0.48028743 0.20163435 -0.06701478
v 0.48200786 0.16357417 -0.06783311
v 0.47967318 0.18262757 -0.07553873
v 0.47969386 0.16800381 -0.07482395
v 0.47810677 -0.14721054 -0.10316362
v 0.4808251 0.16482599 -0.07297333
v 0.4808251 0.16482599 -0.07297333
v 0.47967732 0.21075292 -0.04924747
v 0.47970343 0.21063547 -0.10074929
v 0.47970343 0.21063547 -0.10074929
v 0.48027724 0.20169778 -0.08928455
v 0.47717521 -0.14680456 -0.11357928
v 0.47975501 0.1831039 -0.10355099
v 0.48069224 0.20690985 -0.09302456
v 0.47980443 0.16788155 -0.11536841
v 0.4803634 0.20187767 -0.10555542
v 0.47992525 0.19225855 -0.10695657
v 0.48088878 0.16476351 -0.12212644
v 0.47969541 0.18437706 -0.1188091
v 0.48076349 0.20695707 -0.13701749
v 0.48023328 0.20128562 -0.14077617
v 0.47792864 -0.14743324 -0.13699941
v 0.47970068 0.16799831 -0.12343612
v 0.47976607 0.21062821 -0.13534559
v 0.47976607 0.21062821 -0.13534559
v 0.47955155 0.17252202 -0.13872753
v 0.47951853 0.18305437 -0.14334233
v 0.47774634 -0.11571537 -0.12496217
v 0.4785634 -0.11514829 -0.12882891
v 0.47761703 -0.11553728 -0.13735278
v 0.48214504 0.16356885 -0.11772909
v 0.48088878 0.16476351 -0.12212644
v 0.4817768 0.16336568 -0.13603306
v 0.48052779 0.16470009 -0.13948141
v 0.48052779 0.16470009 -0.13948141
v 0.47722563 -0.14693443 -0.15037978
v 0.47938529 0.16802868 -0.15962502
v 0.47971374 0.19203234 -0.14470373
v 0.47856763 -0.11517804 -0.16007173
v 0.48178351 0.16364823 -0.15112509
v 0.48068914 0.20691603 -0.16765296
v 0.48051164 0.1648694 -0.16304301
v 0.48051164 0.1648694 -0.16304301
v 0.47779596 -0.11560549 -0.16241629
v 0.47980192 0.19418259 -0.16790807
v 0.47944757 0.17414336 -0.16294044
v 0.47957963 0.1875872 -0.17303002
v 0.48030156 0.20244096 -0.1671052
v 0.48179737 0.16358836 -0.17106897
v 0.47967646 0.21054356 -0.1739777
v 0.47967646 0.21054356 -0.1739777
v 0.47798103 -0.14744633 -0.1763353
v 0.47959799 0.17342557 -0.17742583
v 0.47706386 -0.14697705 -0.18249482
v 0.48065764 0.16448493 -0.18465079
v 0.47955585 0.16794521 -0.18423691
v 0.48065764 0.16448493 -0.18465079
v 0.47990221 0.20318659 -0.19010493
v 0.48171881 0.16321425 -0.18537357
v 0.47942391 0.18708655 -0.19094726
v 0.47870138 -0.14774661 -0.18415175
v 0.47961321 0.17196222 -0.19375907
v 0.47939563 0.19298346 -0.19497509
v 0.47808772 -0.14802615 -0.19481134
v 0.48034123 0.1648702 -0.19429071
v 0.47989371 0.20695621 -0.20225614
v 0.47615269 -0.14705043 -0.19459181
v 0.47954279 0.16806708 -0.19442159
v 0.47512451 -0.14773118 -0.19809671
v 0.47868031 -0.14877012 -0.1978018
v 0.47919932 0.16814786 -0.19833423
v 0.47991538 0.16432226 -0.19837217
v 0.47939304 0.17439657 -0.1981757
v 0.47930199 0.18193795 -0.19813354
v 0.47947299 0.20123309 -0.20227122
v 0.47924414 0.21024799 -0.20222756
v 0.47924414 0.21024799 -0.20222756
v 0.48403612 -0.22381614 -0.20007876
v 0.48463893 -0.2240174 -0.20114505
v 0.47782102 0.15763615 -0.19956177
v 0.47989488 0.16125305 -0.19926257
v 0.47810575 0.16454585 -0.20023233
v 0.47991538 0.16432226 -0.19837217
v 0.47821397 0.16827218 -0.20075178
v 0.47821397 0.16827218 -0.20075178
v 0.47837466 0.17377937 -0.20176186
v 0.47886977 0.18177223 -0.20186843
v 0.4789902 0.19132535 -0.20233639
v 0.47786281 0.17586677 -0.20335335
v 0.47832268 0.18852675 -0.20443821
v 0.47859412 0.19709675 -0.20538227
v 0.47898701 0.20665653 -0.20598292
v 0.47888634 0.20971593 -0.2054677
v 0.47888634 0.20971593 -0.2054677
v 0.48456249 -0.22380671 -0.22785412
v 0.48456249 -0.22380671 -0.22785412
v 0.48549953 -0.22228582 -0.22824709
v 0.48094109 -0.04847695 -0.22770233
v 0.48119211 0.01216114 -0.22766195
v 0.49142593 0.13262942 -0.22759053
v 0.47972021 0.1626903 -0.22752853
v 0.4920398 0.19290411 -0.22752561
v 0.49068451 0.21948491 -0.22633037
v 0.4845944 -0.22338468 0.22608328
v 0.49520057 -0.22345988 0.20465052
v 0.48492402 -0.11407372 0.19969623
v 0.48492402 -0.11407372 0.19969623
v 0.48271701 -0.11470949 0.19811262
v 0.48726287 -0.22180158 0.20046441
v 0.48324224 -0.14921892 0.19764957
v 0.48303783 -0.14866932 0.19358766
v 0.48324224 -0.14921892 0.19764957
v 0.48398098 -0.01137976 0.19937268
v 0.48279139 0.03785599 0.19923638
v 0.49094865 0.1000905 0.19890793
v 0.4828369 0.13227011 0.19906318
v 0.49214348 0.15167144 0.19837944
v 0.48455954 0.15780696 0.19862804
v 0.48468015 0.16156349 0.19817975
v 0.48316538 0.16336936 0.19743973
v 0.4792302 0.16444536 0.19805558
v 0.48021522 0.16491234 0.19484788
v 0.48316538 0.16336936 0.19743973
v 0.48029348 0.16481793 0.1879696
v 0.48373824 0.16356936 0.19059496
v 0.48205626 0.16377713 0.18441838
v 0.48214915 -0.14789815 0.17467113
v 0.48055485 0.16480963 0.17847577
v 0.48022914 0.16514327 0.16764887
v 0.4817366 0.16424398 0.17207929
v 0.4821344 -0.14777425 0.13403967
v 0.48188737 -0.14761122 0.10970241
v 0.48023647 0.16511674 0.117349
v 0.48068482 -0.11520042 0.11119009
v 0.48246396 -0.14771105 0.08088902
v 0.48194945 -0.14746524 0.03457495
v 0.48175561 -0.14738469 -0.03646775
v 0.4819411 -0.14745373 -0.06952956
v 0.48206303 0.16369677 -0.09761049
v 0.4818593 -0.14746463 -0.11412952
v 0.48202139 -0.14763586 -0.14015555
v 0.48165724 -0.14761364 -0.17543329
v 0.48070094 -0.11522119 -0.16150516
v 0.48212108 -0.14824785 -0.19444919
v 0.48171881 0.16321425 -0.18537357
v 0.48034123 0.1648702 -0.19429071
v 0.4824957 0.1631847 -0.19039804
v 0.48350561 0.16331044 -0.19468468
v 0.47991538 0.16432226 -0.19837217
v 0.48330715 0.16314222 -0.19754913
v 0.48917335 -0.2239871 -0.21673256
v 0.49532956 -0.22409715 -0.22545564
v 0.48741987 -0.19782975 -0.22820078
v 0.48944321 -0.12632862 -0.22805807
v 0.49155474 -0.09613046 -0.22809026
v 0.48557851 -0.01937243 -0.22771262
v 0.49139509 0.0973502 -0.22758581
v 0.49193764 0.15867339 -0.22770055
v 0.48958826 -0.22325803 0.20162737
v 0.49115053 -0.16386776 0.19935919
v 0.49031055 -0.15513432 0.19889723
v 0.49065292 -0.15088873 0.19859882
v 0.48714095 -0.11473721 0.19738533
v 0.48964483 -0.07211244 0.19950406
v 0.49172282 -0.03871452 0.19911247
v 0.49177298 0.03580679 0.19877693
v 0.49176648 0.06634321 0.19888122
v 0.49034333 0.12852393 0.19871186
v 0.49029282 0.16292216 0.19720082
v 0.49029282 0.16292216 0.19720082
v 0.49185774 -0.14817142 0.18544099
v 0.49243912 -0.14853829 0.1923648
v 0.49191025 0.16388206 0.15318646
v 0.49532256 0.16350725 0.13070223
v 0.49052867 -0.14764917 0.11490933
v 0.49147844 -0.14778146 0.12998019
v 0.49529704 0.16348626 0.11302395
v 0.49546492 0.16327877 0.09161329
v 0.49087247 0.16346493 0.06258235
v 0.494371 -0.14758438 0.06096162
v 0.49077448 -0.1475348 0.02933594
v 0.48790666 0.16356039 0.03810103
v 0.49473575 -0.1473898 0.01425558
v 0.48832887 0.16359746 0.00311951
v 0.48752373 0.16347632 -0.04915189
v 0.49422821 -0.1474759 -0.0577958
v 0.49512613 0.16289565 -0.07296026
v 0.49428877 -0.14757505 -0.07707489
v 0.49052382 -0.14750475 -0.11138658
v 0.48874015 0.16316859 -0.13246398
v 0.49090123 -0.14769016 -0.17648689
v 0.49161473 0.1633094 -0.17189871
v 0.4919734 0.16284624 -0.19504158
v 0.49330124 -0.14814767 -0.19448975
v 0.48991194 0.16306569 -0.19716002
v 0.49582264 -0.10705207 -0.19918771
v 0.47380617 -0.10711075 -0.19980502
v 0.48983714 -0.11469167 -0.1999554
v 0.48862231 -0.21509483 -0.22820286
v 0.49571502 -0.15844163 -0.228109
v 0.49090061 -0.04872263 -0.22772399
v 0.49175113 0.03276809 -0.2277123
v 0.49126792 0.21684842 -0.22719982
v 0.49552551 -0.22340319 0.22486593
v 0.4952265 -0.22257867 0.20105778
v 0.49205855 -0.1146332 0.19982131
v 0.49582851 -0.11102249 0.19986133
v 0.49810076 -0.10790175 0.19968316
v 0.4952265 -0.22257867 0.20105778
v 0.49191749 -0.20342571 0.20018375
v 0.49477488 -0.18121728 0.19992757
v 0.49193934 -0.14890629 0.19764949
v 0.49193934 -0.14890629 0.19764949
v 0.49578908 -0.07526337 0.19936706
v 0.4912698 -0.00167478 0.1990059
v 0.49479991 0.15868586 0.19839849
v 0.49179554 0.16190219 0.19770783
v 0.49179554 0.16190219 0.19770783
v 0.49177778 0.16292289 0.19533779
v 0.49552304 0.16346468 0.18521909
v 0.49428198 -0.1478821 0.17195329
v 0.49510562 0.16376221 0.17570485
v 0.49202839 -0.11517686 0.087198
v 0.49425527 -0.11505806 0.12366506
v 0.494086 -0.11513639 0.08869749
v 0.49458125 -0.14767009 0.0763216
v 0.495556 0.16309553 0.04050966
v 0.4949418 -0.14727291 -0.00783012
v 0.49187765 -0.14746013 -0.03753982
v 0.49546838 0.16315182 -0.00394167
v 0.49549165 0.16300984 -0.03123194
v 0.4953205 0.16302466 -0.05682001
v 0.49193227 -0.1152386 -0.07140291
v 0.49411857 -0.11511878 -0.07425291
v 0.49195147 -0.11522327 -0.09656443
v 0.49410227 -0.11513126 -0.09479003
v 0.49503708 0.16301031 -0.10925219
v 0.49223417 -0.11521213 -0.11547954
v 0.49406481 -0.11513726 -0.11739961
v 0.49430519 -0.1150145 -0.13449843
v 0.48855624 -0.11519227 -0.14282534
v 0.49191767 -0.14766248 -0.14334279
v 0.49505067 0.16311479 -0.15365352
v 0.49412924 -0.11510567 -0.16883381
v 0.49212515 -0.11518156 -0.17032209
v 0.49176711 -0.14850321 -0.19780765
v 0.49168968 0.16183162 -0.19771834
v 0.49548042 -0.22391257 -0.20211384
v 0.49166396 -0.11498202 -0.19845971
v 0.49285433 -0.11295606 -0.19946837
v 0.49580798 -0.17852564 -0.22806154
v 0.49636489 -0.22290559 0.22675879
v 0.49780473 -0.22312658 0.20333715
v 0.49632496 -0.11540202 0.2000875
v 0.49711955 -0.22072189 0.20102374
v 0.4973523 -0.19998935 0.20033845
v 0.49553967 -0.1508666 0.19881919
v 0.49585462 -0.14836161 0.19777089
v 0.49571604 -0.14784919 0.19503568
v 0.49585462 -0.14836161 0.19777089
v 0.49594522 -0.09734911 0.19938737
v 0.49571013 -0.03760088 0.19904961
v 0.49572241 -0.00650889 0.19899684
v 0.49573001 0.03081033 0.19867818
v 0.49554023 0.09162132 0.19883652
v 0.49560446 0.11310347 0.19865863
v 0.49564341 0.13078195 0.198643
v 0.49563453 0.15292023 0.19840279
v 0.49622998 0.16214408 0.19773474
v 0.49622998 0.16214408 0.19773474
v 0.49621323 0.16299325 0.19555639
v 0.49548009 -0.14822994 0.19008796
v 0.49613428 -0.147949 0.186709
v 0.49547479 0.16387467 0.1545659
v 0.49470681 -0.14758524 0.11774441
v 0.49512717 -0.11573288 0.08732933
v 0.49550018 0.16329604 0.06968451
v 0.49511591 -0.11569659 -0.09661552
v 0.49524593 -0.14736675 -0.11142748
v 0.49512607 0.16283734 -0.13194872
v 0.49450308 -0.14760527 -0.15497316
v 0.49527332 0.16323228 -0.17717345
v 0.49558148 -0.14773101 -0.18836787
v 0.49512064 -0.11560932 -0.17053607
v 0.49591735 0.16279808 -0.19522612
v 0.49531999 -0.14761503 -0.19471134
v 0.49603236 -0.14744058 -0.19800229
v 0.49597517 0.16187263 -0.19770069
v 0.49761325 -0.22342022 -0.20059115
v 0.49746951 -0.22353026 -0.22695249
v 0.49746951 -0.22353026 -0.22695249
v 0.49534437 -0.22176477 -0.22787286
v 0.495906 -0.20277961 -0.22814582
v 0.49590367 -0.12436812 -0.22801411
v 0.49596164 -0.09358341 -0.22805738
v 0.49592414 -0.04944852 -0.22765812
v 0.49584413 -0.00659768 -0.22760893
v 0.49590823 0.05224788 -0.2276686
v 0.49584049 0.0943087 -0.22754824
v 0.49578783 0.13176243 -0.22748296
v 0.49581072 0.1651509 -0.22763725
v 0.49570709 0.19575028 -0.22742982
v 0.49540666 0.21649872 -0.22709398
v 0.49749285 -0.22300318 0.22440267
v 0.49835601 -0.22318783 0.21583574
v 0.49780473 -0.22312658 0.20333715
v 0.49815366 -0.11716112 0.20041554
v 0.49847147 -0.11548828 0.20108004
v 0.49858579 -0.10927662 0.20058985
v 0.49782956 -0.18024901 0.20014977
v 0.49784175 -0.15063114 0.19919115
v 0.49783379 -0.1475025 0.19837125
v 0.49783379 -0.1475025 0.19837125
v 0.49740231 -0.14669494 0.194314
v 0.49744985 -0.14138301 0.19608808
v 0.49784467 -0.13741258 0.19939649
v 0.49771738 -0.14452831 0.19771492
v 0.49767029 -0.12706664 0.19780771
v 0.49835265 -0.09511038 0.19953921
v 0.49830052 -0.07159903 0.19957244
v 0.49825767 -0.03772447 0.19936776
v 0.49820155 -0.01099943 0.19939807
v 0.49822393 0.02559498 0.19909151
v 0.49796963 0.08331756 0.19923225
v 0.49798334 0.1268402 0.19903347
v 0.49791709 0.15899929 0.19892423
v 0.49794617 0.16206533 0.19878274
v 0.49773461 0.16310452 0.19725299
v 0.49794617 0.16206533 0.19878274
v 0.49794617 0.16206533 0.19878274
v 0.49773461 0.16310452 0.19725299
v 0.49815303 0.16436228 0.1978399
v 0.49740231 -0.14669494 0.194314
v 0.49613428 -0.147949 0.186709
v 0.49628833 -0.14711334 0.18271664
v 0.49744377 0.1640019 0.17894261
v 0.49563128 -0.14760505 0.17513792
v 0.49741551 0.16417673 0.15240155
v 0.49740061 0.16383584 0.12652205
v 0.49556091 -0.14734095 0.11193949
v 0.49740529 0.16353919 0.09010214
v 0.49553809 -0.1474188 0.07459293
v 0.49740404 0.16359563 0.06683641
v 0.49732435 0.16331866 0.04004772
v 0.49552479 -0.14723276 0.02418614
v 0.49727136 0.16335884 -0.0068004
v 0.49571106 -0.14716068 -0.0181884
v 0.49701789 0.16330262 -0.05838254
v 0.49531358 -0.14734119 -0.07338063
v 0.49664533 0.1633368 -0.09513283
v 0.49656332 0.16317756 -0.12838583
v 0.49660519 0.16347733 -0.15248455
v 0.49525473 -0.14744222 -0.17388876
v 0.49684137 0.16347255 -0.18128364
v 0.49525473 -0.14744222 -0.17388876
v 0.49558148 -0.14773101 -0.18836787
v 0.49605456 -0.14707316 -0.18600191
v 0.49743438 -0.14644332 -0.19685152
v 0.49733236 0.162965 -0.19722675
v 0.49743438 -0.14644332 -0.19685152
v 0.49603236 -0.14744058 -0.19800229
v 0.49719959 -0.14443918 -0.19816996
v 0.49736324 -0.11803905 -0.1980129
v 0.49585405 -0.11575558 -0.19821703
v 0.49750784 -0.11659785 -0.19690892
v 0.49578631 -0.1126391 -0.19944857
v 0.49683625 -0.11543353 -0.19975229
v 0.49816781 -0.10993618 -0.19950986
v 0.49816781 -0.10993618 -0.19950986
v 0.49683625 -0.11543353 -0.19975229
v 0.49850684 -0.11392248 -0.20064625
v 0.49876386 -0.2237401 -0.20623451
v 0.49865487 -0.2238058 -0.22086534
v 0.49835399 -0.2147558 -0.22764063
v 0.49849778 -0.18500103 -0.22771893
v 0.49843854 -0.12463388 -0.22767554
v 0.49849591 -0.07540392 -0.22754255
v 0.49843785 -0.0109316 -0.22726767
v 0.49835664 0.04581219 -0.22734524
v 0.49812412 0.07785396 -0.22730443
v 0.49832362 0.12708411 -0.22712757
v 0.49815077 0.16607848 -0.22727534
v 0.49777618 0.21618707 -0.22676949
v -0.49614927 -0.22345902 0.22580464
v -0.49459219 -0.22147809 0.22701807
v -0.4971844 -0.21441028 0.22628079
v -0.4955236 -0.19967112 0.22710215
v -0.49763235 -0.17610897 0.22652295
v -0.4956046 -0.16164756 0.22714815
v -0.49771613 -0.12641567 0.22660413
v -0.49555409 -0.10589582 0.22720134
v -0.49778473 -0.0717519 0.22654986
v -0.49567658 -0.01694515 0.22695917
v -0.49794054 -0.01748777 0.22644883
v -0.49802756 0.04893204 0.22658026
v -0.49584064 0.05383863 0.22704901
v -0.49771455 0.07129251 0.22635384
v -0.49565864 0.07428917 0.22691846
v -0.49560264 0.11056602 0.22688657
v -0.4977833 0.1143611 0.22630556
v -0.49564564 0.17115267 0.22717823
v -0.49770841 0.17005989 0.22664146
v -0.49572593 0.19990714 0.22689177
v -0.49767417 0.21727847 0.22638407
v -0.49549657 0.21723442 0.22687855
v -0.49428099 0.21963677 0.22637838
v -0.49611571 0.2214012 0.22515512
v -0.49419031 0.22213168 0.22448897
v -0.49516988 0.22198616 0.22103341
v -0.49611571 0.2214012 0.22515512
v -0.49621853 0.2211563 0.20642973
v -0.49793905 -0.14792836 0.20018271
v -0.49485496 0.22187313 0.1853575
v -0.49802238 -0.11683386 0.19989432
v -0.4977605 -0.1162169 0.19773927
v -0.49705753 -0.11646321 0.18208139
v -0.49606359 -0.11537453 0.16636413
v -0.49457213 0.22164147 0.13919099
v -0.49546123 0.22091077 0.13468286
v -0.49636713 -0.11525022 0.13757727
v -0.4961096 -0.11536317 0.11351519
v -0.49569023 0.22084466 0.10109294
v -0.49477687 0.22152589 0.0697173
v -0.49599546 -0.11541272 0.06866264
v -0.49574685 0.22097068 0.04930252
v -0.49683738 -0.11648212 0.04174308
v -0.49477515 0.22150876 0.00519034
v -0.49714535 -0.11665001 0.01688163
v -0.49566433 0.22092208 -0.00448001
v -0.49733627 -0.11655291 -0.00686105
v -0.49604824 -0.11544178 -0.01420896
v -0.49575293 0.2209803 -0.04412793
v -0.49572325 -0.11541139 -0.0561619
v -0.49477023 0.22160149 -0.05523751
v -0.4947322 0.22156055 -0.10638619
v -0.49576113 -0.1153809 -0.11168494
v -0.49553245 0.22092102 -0.14373961
v -0.49638519 -0.11520543 -0.13407862
v -0.49460277 0.22170614 -0.16340502
v -0.49622378 -0.11526123 -0.18071695
v -0.49595901 0.2210239 -0.19712928
v -0.49697661 -0.11621532 -0.18595244
v -0.49483588 0.22174002 -0.19920209
v -0.49575374 -0.11534023 -0.19816852
v -0.4979448 -0.11647465 -0.19808118
v -0.4937343 -0.18039906 -0.19996956
v -0.49665084 -0.11515681 -0.19941956
v -0.49822733 -0.11618539 -0.20012964
v -0.49592626 -0.07985098 -0.19927806
v -0.49836364 -0.0865291 -0.19953592
v -0.49819252 -0.04879669 -0.19943073
v -0.49567977 -0.03885019 -0.19902834
v -0.49810883 -0.01064403 -0.19937083
v -0.49580833 0.02449672 -0.19884142
v -0.49786836 0.06945947 -0.19909519
v -0.49563575 0.07065631 -0.19870469
v -0.49567422 0.11371464 -0.1982881
v -0.49788761 0.11417949 -0.19871521
v -0.49562395 0.13222151 -0.19840254
v -0.49768141 0.14368264 -0.19891268
v -0.49551821 0.15021572 -0.19823703
v -0.49590397 0.16224197 -0.19797286
v -0.49781221 0.1624703 -0.19832659
v -0.4955337 0.16418658 -0.19731826
v -0.49789867 0.16497976 -0.19779474
v -0.49851733 -0.14933182 -0.20046732
v -0.49634129 -0.14733166 -0.19826776
v -0.49789459 -0.14419293 -0.19910058
v -0.49822733 -0.11618539 -0.20012964
v -0.49643999 0.2212242 -0.22160406
v -0.4950054 0.22203657 -0.22263838
v -0.49394509 0.22189178 -0.22485365
v -0.49624613 0.22089469 -0.2254694
v -0.49039158 -0.22373891 0.22711889
v -0.49099502 -0.22214051 0.22757782
v -0.49193192 -0.20739619 0.22744519
v -0.49168578 -0.17868994 0.22738694
v -0.49167022 -0.14440505 0.22736721
v -0.49192768 -0.1023987 0.22741836
v -0.4917801 -0.04325294 0.22720122
v -0.49200454 0.0195277 0.22714595
v -0.49221539 0.05652331 0.22717881
v -0.49142084 0.08845703 0.22714972
v -0.49168491 0.13338543 0.22717963
v -0.49194142 0.1732378 0.22732128
v -0.49161112 0.20312259 0.22702561
v -0.49102861 0.2147986 0.22705713
v -0.48988163 0.21734472 0.22720209
v -0.49226582 0.22233328 0.22235794
v -0.49157324 -0.11489701 0.19490311
v -0.4921259 0.22227839 0.18514016
v -0.4916696 -0.11484712 0.158305
v -0.49208429 0.2221615 0.1571313
v -0.49191055 -0.11483893 0.12740014
v -0.49205983 0.22208153 0.11088489
v -0.49261531 -0.11494119 0.08235724
v -0.49076858 -0.11503671 0.07572989
v -0.49209985 0.22206029 0.07149222
v -0.49208489 0.22191688 0.02352811
v -0.49204579 -0.11525454 -0.00545575
v -0.49101028 -0.11521356 -0.02902554
v -0.49215356 0.22200167 -0.06351221
v -0.49144304 -0.11518338 -0.09526002
v -0.49198553 0.22204152 -0.13492005
v -0.49010181 -0.11504105 -0.14518508
v -0.49243841 -0.11490229 -0.14189202
v -0.49291384 -0.11500044 -0.18710183
v -0.48973143 -0.11513926 -0.17274256
v -0.49206614 0.22212547 -0.1909935
v -0.49127856 -0.11466014 -0.19796792
v -0.49387956 -0.22331062 -0.20088926
v -0.49078342 -0.22203693 -0.20053029
v -0.49177366 -0.20009218 -0.20018892
v -0.49143091 -0.16215515 -0.19942825
v -0.49103001 -0.15057664 -0.19901757
v -0.49150145 -0.14818141 -0.19800594
v -0.49127856 -0.11466014 -0.19796792
v -0.4906691 -0.10096325 -0.19910449
v -0.49098542 -0.07643287 -0.19919638
v -0.49167153 -0.03647036 -0.19890411
v -0.4917829 0.00705233 -0.19880694
v -0.49170879 0.03647506 -0.19876061
v -0.49159575 0.06884075 -0.1986281
v -0.49158221 0.09094291 -0.19839188
v -0.49157637 0.11452693 -0.19818954
v -0.491864 0.13143684 -0.19821741
v -0.49210724 0.16217521 -0.1978341
v -0.49246898 0.22211301 -0.21528645
v -0.49224314 0.22234944 -0.22247656
v -0.48456904 -0.21642639 0.22762428
v -0.4858903 -0.19176657 0.2275002
v -0.4841373 -0.03253198 0.22724748
v -0.48403671 0.18049052 0.22721724
v -0.48692536 0.22181046 0.22463644
v -0.49419031 0.22213168 0.22448897
v -0.48692536 0.22181046 0.22463644
v -0.48531744 0.22215134 0.22236072
v -0.48644102 0.22205149 0.21873453
v -0.48614481 0.22218977 0.20907892
v -0.48138615 -0.11480788 0.19498688
v -0.4809863 -0.11497174 0.18748127
v -0.48321402 0.22215195 0.17287055
v -0.48628837 -0.11543304 0.01844724
v -0.48744011 -0.11541238 0.00121105
v -0.48070931 -0.11553688 -0.01361154
v -0.48591098 -0.11528067 -0.04770073
v -0.48584098 -0.11527047 -0.09990527
v -0.48119909 -0.22370754 -0.20049222
v -0.48327118 -0.21601857 -0.20039132
v -0.48500142 -0.17409499 -0.19982496
v -0.47842988 -0.14794415 -0.19838612
v -0.4850316 -0.06259736 -0.19924963
v -0.48619345 0.14848532 -0.19806033
v -0.48302084 0.16210364 -0.19808748
v -0.48241016 0.16427833 -0.19749963
v -0.48515874 0.22197409 -0.21853207
v -0.49394509 0.22189178 -0.22485365
v -0.48057613 -0.22396754 0.2273556
v -0.48131385 -0.22216736 0.22779961
v -0.48522377 -0.16482496 0.22735195
v -0.48365971 -0.10227348 0.22746077
v -0.48145694 -0.00073855 0.2272298
v -0.48404434 0.04417047 0.2272048
v -0.47653696 0.1172358 0.22704901
v -0.46995124 0.18720101 0.22697924
v -0.47764617 -0.11460809 0.19979018
v -0.4807623 -0.11485363 0.14832181
v -0.48172557 0.22208601 0.12323353
v -0.48214969 0.22197898 0.03883057
v -0.48058778 -0.11537515 0.03340864
v -0.48058003 -0.11552266 0.01195912
v -0.48104584 0.2219761 -0.02143708
v -0.48141381 -0.11569238 0.0004884
v -0.48065618 -0.11535466 -0.03929264
v -0.48059326 -0.11523676 -0.07374153
v -0.4811874 0.22203189 -0.13584764
v -0.48129553 -0.11480424 -0.19856834
v -0.4774299 -0.16260988 -0.19975555
v -0.47922307 -0.15031435 -0.19944946
v -0.48497769 -0.11399498 -0.19990267
v -0.47297975 -0.06185323 -0.19953832
v -0.48418909 0.00431989 -0.19902742
v -0.48191148 0.03663959 -0.19898985
v -0.48300394 0.06991276 -0.1988125
v -0.4830555 0.09368866 -0.19858368
v -0.48096311 0.1142052 -0.19844908
v -0.47790039 0.13635077 -0.19849695
v -0.47295046 0.14506283 -0.19859253
v -0.47971898 0.22204491 -0.22246556
v -0.46939799 -0.13784461 0.22737634
v -0.46930939 -0.12244336 0.22735329
v -0.4693552 -0.10218843 0.22738932
v -0.46916693 -0.05823014 0.22726579
v -0.46906015 -0.01731874 0.22725098
v -0.47427109 0.05740947 0.22699609
v -0.4750874 0.13627553 0.22696429
v -0.46180019 0.20930105 0.22684278
v -0.45923227 0.21920501 0.22615241
v -0.47296238 0.22178349 0.22455446
v -0.47296238 0.22178349 0.22455446
v -0.47452903 0.22215149 0.21266058
v -0.47972032 0.18258141 0.20220315
v -0.47875324 0.18550223 0.2045351
v -0.48037285 0.2024077 0.20297435
v -0.47910571 0.19541395 0.20535637
v -0.47933438 0.20671517 0.20590766
v -0.48077375 0.20695591 0.20279494
v -0.47951001 0.21101277 0.20228851
v -0.47918019 0.20994505 0.20554829
v -0.47748321 -0.11532758 0.19800727
v -0.48004001 0.16496103 0.19864266
v -0.47983307 0.16811587 0.19865334
v -0.48036933 0.17506881 0.19862375
v -0.48035097 0.18183798 0.1988271
v -0.48044768 0.19100058 0.19884142
v -0.48076883 0.20223659 0.19787705
v -0.48125377 0.2069813 0.19801301
v -0.48015589 0.2107202 0.19750386
v -0.47839233 0.21259265 0.20061956
v -0.47658297 -0.11974943 0.19123796
v -0.48088917 0.1655765 0.19516949
v -0.48057899 0.16798598 0.19476935
v -0.48069963 0.1726459 0.19462854
v -0.48062131 0.18494549 0.1941793
v -0.47698087 -0.14032656 0.18905787
v -0.47778571 -0.11577346 0.18760176
v -0.48133206 0.16568543 0.18380654
v -0.48088273 0.1940963 0.1870673
v -0.48107398 0.20259115 0.18280408
v -0.48083726 0.16783835 0.18684892
v -0.48091105 0.18088073 0.17947815
v -0.48132586 0.20683831 0.18512647
v -0.48065528 0.21077703 0.18105941
v -0.47783142 -0.11584935 0.18127321
v -0.47911075 0.21269348 0.17952548
v -0.47851405 -0.11515146 0.17986153
v -0.48064902 0.16802584 0.16656978
v -0.48099479 0.18963332 0.17320955
v -0.48081759 0.17258251 0.16435413
v -0.48078263 0.21079078 0.16244049
v -0.47732139 -0.11594381 0.16180912
v -0.47921333 0.21269311 0.14977233
v -0.48109356 0.20218296 0.15533972
v -0.48098898 0.19166964 0.13569348
v -0.48151088 0.16566552 0.14150579
v -0.48097396 0.18317327 0.1516681
v -0.48132539 0.20677975 0.14440732
v -0.47814679 -0.11503131 0.13602461
v -0.48085281 0.16799003 0.14703323
v -0.48097104 0.17168249 0.14404298
v -0.48067844 0.210783 0.1465812
v -0.47720927 -0.11585391 0.13297607
v -0.480795 0.17951201 0.11995193
v -0.48117492 0.2026917 0.12336276
v -0.4809148 0.21080722 0.13146234
v -0.47931555 0.21281244 0.13674775
v -0.48059317 0.16798861 0.11868856
v -0.48134077 0.20676407 0.11950156
v -0.48078153 0.17199031 0.12038881
v -0.47961545 0.21280545 0.10387685
v -0.47740045 -0.11603015 0.106322
v -0.48100793 0.19342476 0.10411875
v -0.48135489 0.1656889 0.07563405
v -0.48063093 0.172093 0.09349134
v -0.48115209 0.21081686 0.09991828
v -0.48050249 0.16800624 0.08878597
v -0.48067507 0.18039905 0.09497108
v -0.48114493 0.20233373 0.08213192
v -0.4813855 0.20678361 0.09551036
v -0.48074231 0.18133225 0.07745451
v -0.48098797 0.21078919 0.07808207
v -0.47947666 0.2127464 0.078125
v -0.48096707 0.19368526 0.0679199
v -0.48133692 0.20682934 0.06565646
v -0.48064098 0.16799945 0.06355657
v -0.48075527 0.17199484 0.06630949
v -0.48141193 0.16579497 0.04661565
v -0.48074621 0.18088886 0.03750656
v -0.48114517 0.20177034 0.04750694
v -0.47937748 0.21283111 0.05130965
v -0.48076624 0.21080723 0.03341595
v -0.48077497 0.17185354 0.02280945
v -0.48117945 0.20693791 0.03210961
v -0.47928792 0.2127223 0.02422929
v -0.47749606 -0.11592598 0.03161186
v -0.48064438 0.16799636 -0.00529377
v -0.4806349 0.18099199 0.01624252
v -0.48097768 0.20139903 0.03096206
v -0.47733027 -0.11594081 0.01542805
v -0.48098418 0.20261055 0.00184923
v -0.4806121 0.21080723 0.00247347
v -0.48108909 0.20693778 -0.00432373
v -0.47724637 -0.11604754 0.0050628
v -0.48138011 0.16577925 -0.01101709
v -0.47920626 0.21270564 -0.00877147
v -0.48077679 0.19062404 -0.01108341
v -0.47704986 -0.11600124 -0.00937317
v -0.4806799 0.180685 -0.01949301
v -0.48078015 0.17205468 -0.0178824
v -0.48088434 0.20246173 -0.01751379
v -0.4808487 0.20295598 -0.04554839
v -0.47745785 -0.11595772 -0.03263672
v -0.48051959 0.16795297 -0.0529835
v -0.48062211 0.1805464 -0.04762067
v -0.48073626 0.1929847 -0.0447754
v -0.48029262 0.21074767 -0.04844994
v -0.48129651 0.16576195 -0.05711519
v -0.48089954 0.20684054 -0.05434214
v -0.47902361 0.21264425 -0.04658349
v -0.48066807 0.17227195 -0.04960359
v -0.47753662 -0.11586494 -0.07443302
v -0.48047313 0.19264926 -0.06513231
v -0.47696626 0.22200689 -0.09498692
v -0.48032704 0.18068233 -0.06744015
v -0.47970101 0.21078423 -0.06526355
v -0.4785628 0.21250722 -0.06378
v -0.4811756 0.16567287 -0.08159355
v -0.48041451 0.20043613 -0.08823139
v -0.48082349 0.20682336 -0.06464938
v -0.48021689 0.16796358 -0.08807257
v -0.4802053 0.18010731 -0.08933207
v -0.47964066 0.21058336 -0.08837857
v -0.48059541 0.20684157 -0.08824421
v -0.48022512 0.17163433 -0.10973918
v -0.48031193 0.19337839 -0.1175629
v -0.48051101 0.2019694 -0.10315546
v -0.48069888 0.20674855 -0.10492225
v -0.48009712 0.17973524 -0.10921573
v -0.47753146 -0.11576082 -0.11926283
v -0.48115158 0.1656113 -0.13227941
v -0.48023182 0.1679295 -0.1412845
v -0.48016337 0.18128124 -0.12958096
v -0.48047456 0.20259228 -0.13235395
v -0.47966534 0.21060632 -0.13103144
v -0.47713929 -0.1156166 -0.15690356
v -0.480189 0.19417578 -0.13873933
v -0.48005173 0.17956859 -0.16283862
v -0.48067269 0.20669651 -0.15670232
v -0.48089373 0.16562909 -0.16652684
v -0.4801515 0.19158097 -0.16536914
v -0.47965661 0.21063672 -0.15849715
v -0.48042655 0.20163269 -0.1580011
v -0.48005211 0.16791382 -0.16224812
v -0.48030737 0.20200673 -0.17577802
v -0.48015049 0.16791336 -0.18290973
v -0.48021144 0.17204452 -0.17731331
v -0.48040637 0.20681392 -0.1872077
v -0.47950521 0.21060659 -0.18478951
v -0.4808079 0.16548094 -0.18369623
v -0.4802132 0.19549 -0.1892367
v -0.48016098 0.17272291 -0.18847953
v -0.47540635 0.22209635 -0.20573775
v -0.47729877 -0.11533656 -0.19819522
v -0.48013219 0.1654924 -0.19504829
v -0.47967115 0.1680011 -0.19399765
v -0.47982913 0.17236921 -0.1947251
v -0.47973263 0.17406768 -0.19816118
v -0.47994074 0.18668362 -0.19855571
v -0.48019168 0.20144553 -0.19828777
v -0.48050433 0.2068903 -0.19856274
v -0.47961378 0.21048939 -0.19814181
v -0.47880527 0.16500562 -0.19827646
v -0.47902954 0.16817628 -0.1982614
v -0.47714549 -0.21542859 -0.20045975
v -0.47347018 -0.15561476 -0.19988833
v -0.47678173 -0.14830241 -0.19968636
v -0.47781152 -0.11493614 -0.1999654
v -0.47335589 -0.09452292 -0.19954298
v -0.47279516 -0.03158447 -0.19938871
v -0.47293693 0.00072865 -0.19928218
v -0.47298098 0.01955828 -0.19914189
v -0.47281918 0.06126293 -0.19897859
v -0.47280672 0.08371062 -0.19877353
v -0.47293019 0.09886099 -0.19874577
v -0.47897661 0.16194741 -0.19842283
v -0.47880527 0.16500562 -0.19827646
v -0.47805938 0.16687946 -0.19971113
v -0.47875717 0.17268227 -0.20083803
v -0.47900328 0.1781022 -0.20175083
v -0.47977626 0.19208141 -0.20237246
v -0.48032326 0.2069041 -0.20248388
v -0.47950307 0.21019262 -0.20248848
v -0.47781152 -0.11493614 -0.1999654
v -0.47838593 0.17998381 -0.20299073
v -0.47867364 0.18595341 -0.20371133
v -0.47909957 0.19447392 -0.20456438
v -0.4793002 0.20666465 -0.20523068
v -0.47906694 0.20959395 -0.20506832
v -0.46469235 0.22176658 -0.22465128
v -0.46469235 0.22176658 -0.22465128
v -0.47127268 -0.22380395 0.22671026
v -0.47094119 -0.22163555 0.22747293
v -0.46961451 -0.19171546 0.22739539
v -0.4693687 -0.16040786 0.22726092
v -0.46903729 0.00448308 0.22722951
v -0.46905676 0.0413832 0.22719955
v -0.46898973 0.09300677 0.2270007
v -0.46682924 0.22203219 0.21855895
v -0.4761031 -0.14683527 0.19812478
v -0.47384334 -0.1441537 0.20040622
v -0.47455353 -0.14763746 0.20013273
v -0.47598633 -0.14406013 0.19807757
v -0.47633034 -0.14012745 0.19908868
v -0.47655484 -0.13462256 0.19976401
v -0.47634891 -0.12640485 0.19953673
v -0.47385743 -0.12119383 0.2009791
v -0.47595349 -0.11608291 0.19820993
v -0.47436336 -0.1153717 0.20025331
v -0.47595349 -0.11608291 0.19820993
v -0.47436336 -0.1153717 0.20025331
v -0.47671965 -0.14447923 0.19349153
v -0.47718909 -0.14662808 0.18722023
v -0.47676918 -0.11699994 0.18428259
v -0.47676918 -0.11699994 0.18428259
v -0.47700623 -0.12964039 0.17925008
v -0.47665405 -0.11839704 0.18309541
v -0.47754687 -0.14666386 0.17757817
v -0.47710201 -0.14440361 0.18037029
v -0.47036323 0.22209568 0.15323438
v -0.47665498 -0.1171694 0.16524664
v -0.47783142 -0.11584935 0.18127321
v -0.4769417 -0.14436305 0.16358206
v -0.47684848 -0.12861131 0.16388518
v -0.47732139 -0.11594381 0.16180912
v -0.4770323 -0.14427488 0.13928507
v -0.47658914 -0.1187006 0.14616968
v -0.47687703 -0.12844206 0.14378007
v -0.47720927 -0.11585391 0.13297607
v -0.47755143 -0.14662427 0.12826078
v -0.47392938 0.22206965 0.09592615
v -0.47643179 -0.11724835 0.11884795
v -0.47676933 -0.12876377 0.12164647
v -0.4769201 -0.14438598 0.11868216
v -0.47740045 -0.11603015 0.106322
v -0.47750491 -0.14650917 0.06477357
v -0.47670212 -0.12880895 0.08667748
v -0.47685516 -0.14428991 0.06644595
v -0.47634119 -0.11718803 0.06143945
v -0.47751519 -0.11585242 0.05987453
v -0.47658482 -0.12797303 0.05196749
v -0.47671843 -0.13988705 0.05018879
v -0.47360799 0.22198673 0.02760508
v -0.47633737 -0.11693676 0.0381852
v -0.47678789 -0.14434704 0.03471322
v -0.47733757 -0.1464507 0.02453262
v -0.47632763 -0.11870723 0.03076143
v -0.47633737 -0.11693676 0.0381852
v -0.47668323 -0.1444784 0.01971783
v -0.47614378 -0.1167597 0.02007839
v -0.47614378 -0.1167597 0.02007839
v -0.47659534 -0.13538833 0.01817524
v -0.47600311 -0.11652602 0.01204651
v -0.47738364 -0.14629738 0.00876704
v -0.47680944 -0.1443543 0.01184501
v -0.4766176 -0.1359866 0.0121959
v -0.47614965 -0.12206296 0.0119764
v -0.47600311 -0.11652602 0.01204651
v -0.47663361 -0.14436653 0.00866812
v -0.4765203 -0.14008176 0.00882119
v -0.47610539 -0.12322573 0.0087665
v -0.47521296 -0.117881 0.00853777
v -0.47543067 -0.11654489 0.00855298
v -0.47543067 -0.11654489 0.00855298
v -0.4769586 -0.14622401 0.00593053
v -0.47539589 -0.14464538 0.00609312
v -0.47543064 -0.14019369 0.00701592
v -0.4749437 -0.11897624 0.00743726
v -0.47443071 -0.11635884 0.00660247
v -0.4769586 -0.14622401 0.00593053
v -0.47375914 -0.11619511 -0.00775549
v -0.47679842 -0.14611693 -0.01004573
v -0.47498563 -0.11659793 -0.01030613
v -0.47714525 -0.1462017 -0.01271354
v -0.47652155 -0.14428577 -0.01292197
v -0.4753952 -0.14451653 -0.01028063
v -0.47679842 -0.14611693 -0.01004573
v -0.47639117 -0.1403992 -0.01309207
v -0.47548065 -0.14000921 -0.01110577
v -0.47622862 -0.13062516 -0.01280366
v -0.47565821 -0.11674735 -0.0129274
v -0.47493741 -0.1182156 -0.01105175
v -0.47565821 -0.11674735 -0.0129274
v -0.47498563 -0.11659793 -0.01030613
v -0.47744662 -0.14645451 -0.03767161
v -0.47625911 -0.12686189 -0.02477599
v -0.47627223 -0.1188387 -0.03576215
v -0.4763419 -0.11689152 -0.03389468
v -0.4763419 -0.11689152 -0.03389468
v -0.47676206 -0.14419794 -0.0359247
v -0.47662157 -0.12976201 -0.06557111
v -0.4763253 -0.11843756 -0.06301802
v -0.47646755 -0.11689845 -0.08238117
v -0.47646755 -0.11689845 -0.08238117
v -0.47693002 -0.14428961 -0.07624757
v -0.47155589 0.22199136 -0.05595085
v -0.47756669 -0.14646477 -0.12973991
v -0.47644293 -0.11878897 -0.08273955
v -0.47671658 -0.12972781 -0.10150677
v -0.47698787 -0.14424592 -0.11052053
v -0.47640753 -0.11683878 -0.12574004
v -0.47640753 -0.11683878 -0.12574004
v -0.47692338 -0.14422555 -0.14327821
v -0.47671956 -0.12889838 -0.13322347
v -0.47375047 0.22205821 -0.1470492
v -0.4766748 -0.12998539 -0.16337773
v -0.47628322 -0.11834923 -0.16394129
v -0.47679684 -0.14435086 -0.17856395
v -0.47632033 -0.11667497 -0.17503576
v -0.47713929 -0.1156166 -0.15690356
v -0.47728771 -0.14656496 -0.18183476
v -0.47667104 -0.12941602 -0.17764786
v -0.47643802 -0.11648818 -0.18360451
v -0.47643802 -0.11648818 -0.18360451
v -0.47619686 -0.11842667 -0.18709958
v -0.47645563 -0.14432977 -0.18760517
v -0.47650018 -0.14003791 -0.18854263
v -0.47632322 -0.1254732 -0.19052333
v -0.47581166 -0.14676513 -0.19825894
v -0.47547722 -0.14445819 -0.19830789
v -0.47592166 -0.13813114 -0.19835626
v -0.475979 -0.12879387 -0.19826202
v -0.47556585 -0.11608055 -0.19842499
v -0.47556585 -0.11608055 -0.19842499
v -0.47543415 -0.11812613 -0.1983472
v -0.47259498 -0.22342055 -0.20088194
v -0.47134885 -0.22098543 -0.20080556
v -0.47085872 -0.19846192 -0.2004943
v -0.47420606 -0.14719613 -0.19981647
v -0.47417089 -0.13896522 -0.20036723
v -0.47407195 -0.1246902 -0.20052917
v -0.47400597 -0.11575992 -0.20016965
v -0.47400597 -0.11575992 -0.20016965
v -0.47329766 -0.10796271 -0.19980948
v -0.47293392 0.11486068 -0.19852506
v -0.47346428 0.15799542 -0.19875684
v -0.47391561 0.16259839 -0.19907288
v -0.47384122 0.16487214 -0.19980039
v -0.47805938 0.16687946 -0.19971113
v -0.47122914 0.16220619 -0.19934739
v -0.47420606 -0.14719613 -0.19981647
v -0.47400597 -0.11575992 -0.20016965
v -0.47041476 0.16876861 -0.201924
v -0.47446424 0.17623679 -0.20284384
v -0.47875717 0.17268227 -0.20083803
v -0.47900328 0.1781022 -0.20175083
v -0.47838593 0.17998381 -0.20299073
v -0.47867364 0.18595341 -0.20371133
v -0.4766725 0.19406728 -0.20513254
v -0.47909957 0.19447392 -0.20456438
v -0.47639379 0.2068568 -0.20632431
v -0.4793002 0.20666465 -0.20523068
v -0.4765164 0.2102049 -0.20555152
v -0.47906694 0.20959395 -0.20506832
v -0.46573353 0.22200882 -0.21793576
v -0.46987388 -0.21700056 0.22742824
v -0.46908408 0.05742612 0.22702868
v -0.46908277 0.13845506 0.22696303
v -0.46735045 0.19150546 0.22694942
v -0.45554292 0.21706332 0.22701837
v -0.47218877 -0.22374319 0.200973
v -0.46916321 -0.22210191 0.20320503
v -0.4693417 -0.22382221 0.20392787
v -0.46946698 -0.06992471 0.20056899
v -0.46915871 -0.02650487 0.20037548
v -0.46238944 0.22209845 0.19704342
v -0.47235081 -0.11669876 0.00750258
v -0.47543067 -0.11654489 0.00855298
v -0.47235081 -0.11669876 0.00750258
v -0.47543064 -0.14019369 0.00701592
v -0.47044253 -0.11612259 0.00307295
v -0.4641878 0.22195694 -0.00692012
v -0.46938676 -0.21588138 -0.20197985
v -0.46933335 -0.19500434 -0.20154513
v -0.47022218 -0.15750811 -0.20068078
v -0.4712131 -0.16009399 -0.2001448
v -0.4709973 -0.10408334 -0.19994421
v -0.47033432 -0.1068147 -0.20076738
v -0.46953669 -0.09721317 -0.20092647
v -0.47045374 -0.09279826 -0.19980504
v -0.46953669 -0.09721317 -0.20092647
v -0.46937007 -0.06186333 -0.20049481
v -0.47045374 -0.09279826 -0.19980504
v -0.4703142 -0.06302573 -0.19980089
v -0.46937007 -0.06186333 -0.20049481
v -0.46930254 0.00170788 -0.20041125
v -0.47029251 0.00094586 -0.19958493
v -0.46914229 0.06796087 -0.20008792
v -0.47020862 0.07458033 -0.1991785
v -0.47031137 0.10736702 -0.19899578
v -0.46923003 0.10621598 -0.19994542
v -0.47053668 0.1485239 -0.19892672
v -0.46923003 0.10621598 -0.19994542
v -0.46931165 0.14760214 -0.20019494
v -0.47053668 0.1485239 -0.19892672
v -0.46828163 0.15804939 -0.20201226
v -0.47122914 0.16220619 -0.19934739
v -0.46982706 -0.22367069 -0.20307234
v -0.47066236 -0.14769866 -0.20084807
v -0.47039706 -0.137209 -0.20187978
v -0.47417089 -0.13896522 -0.20036723
v -0.46859416 -0.13228761 -0.20279279
v -0.47407195 -0.1246902 -0.20052917
v -0.47070962 -0.12095694 -0.20178463
v -0.46896961 -0.121046 -0.20280638
v -0.47043541 -0.11414945 -0.20127068
v -0.46904248 -0.10877447 -0.20204853
v -0.4681071 0.16415612 -0.20280084
v -0.46982139 0.16491589 -0.20137054
v -0.4681071 0.16415612 -0.20280084
v -0.46831217 0.17101362 -0.20359246
v -0.47082922 0.17384198 -0.20287724
v -0.47007754 0.17820273 -0.20390931
v -0.47085673 0.19030197 -0.2051235
v -0.47228161 0.20680042 -0.20674561
v -0.4719907 0.2104743 -0.20577563
v -0.46858427 -0.22357503 0.22551477
v -0.46847683 -0.22113478 0.22631343
v -0.46858427 -0.22357503 0.22551477
v -0.46740133 -0.22098209 0.22493924
v -0.46847683 -0.22113478 0.22631343
v -0.46798286 -0.21149331 0.22674668
v -0.46798286 -0.21149331 0.22674668
v -0.46683344 -0.1945767 0.22516906
v -0.46660712 -0.16566522 0.22596274
v -0.46725056 -0.17070235 0.22665951
v -0.46725056 -0.17070235 0.22665951
v -0.46651551 -0.12994219 0.22610432
v -0.46714276 -0.1382079 0.22671258
v -0.46651551 -0.12994219 0.22610432
v -0.46710929 -0.10434334 0.22669786
v -0.46695301 -0.06453932 0.22669369
v -0.46678561 -0.00747666 0.22672355
v -0.46663797 0.04865851 0.22660209
v -0.46643913 0.10655423 0.22658174
v -0.46647847 0.16286139 0.22664697
v -0.46646443 0.18394157 0.22650549
v -0.44561744 0.21473338 0.22688478
v -0.46769041 -0.223884 0.21957332
v -0.46718302 -0.22208728 0.22181584
v -0.46659967 -0.19206944 0.22411068
v -0.467316 -0.22223689 0.21655363
v -0.46701628 -0.19665842 0.2166077
v -0.46744382 -0.17843379 0.20871542
v -0.4669424 -0.15928663 0.21213269
v -0.46700785 -0.1211565 0.21275683
v -0.46734565 -0.10365561 0.20797035
v -0.46623012 -0.09013998 0.22213553
v -0.46731669 -0.08271869 0.20812997
v -0.46711048 -0.06072588 0.20827836
v -0.46784842 -0.22202781 0.20906143
v -0.46762809 -0.19780397 0.20794865
v -0.46715048 -0.15701784 0.20783769
v -0.46703175 -0.14046779 0.20798135
v -0.46721533 -0.11430088 0.20810567
v -0.46677187 -0.03578577 0.20862372
v -0.46615842 -0.00839425 0.21437298
v -0.4665198 0.00793067 0.20889397
v -0.46635339 0.05473226 0.2082556
v -0.46616048 0.03393521 0.21307155
v -0.46577761 0.154615 0.2081849
v -0.46568787 0.16531122 0.20853992
v -0.46595249 0.18565425 0.20792891
v -0.46542159 0.18836586 0.20780726
v -0.46829006 -0.21672967 0.20410912
v -0.46808821 -0.2022129 0.2038735
v -0.46771452 -0.16238652 0.20388822
v -0.4677178 -0.07071593 0.20399414
v -0.46729234 -0.04031798 0.20410328
v -0.46709359 0.00328988 0.20421542
v -0.46683088 0.05213358 0.20409465
v -0.46609497 0.06955103 0.20822732
v -0.46631277 0.11302686 0.20412627
v -0.46591052 0.11481692 0.20720701
v -0.46600941 0.13176724 0.20807679
v -0.46651042 0.13429846 0.20435363
v -0.46636394 0.15774442 0.20468314
v -0.46663582 0.16690993 0.2050238
v -0.46655476 0.17277244 0.20551328
v -0.46670768 0.17800003 0.20564981
v -0.46697426 0.18592437 0.20577356
v -0.4666152 0.18891245 0.20583548
v -0.46843907 -0.14757521 0.20267013
v -0.46748438 0.08214273 0.20194051
v -0.46748549 0.10927919 0.20185851
v -0.46773818 0.13087939 0.20194378
v -0.46733427 0.15408252 0.20269628
v -0.46740577 0.16425368 0.20361805
v -0.46329796 0.22207004 0.17322008
v -0.45701939 0.22202519 0.12646307
v -0.44975033 0.22201023 0.08653144
v -0.46015781 0.22196516 0.04833755
v -0.46868801 -0.14075613 0.00713395
v -0.46714222 -0.13718207 0.00708077
v -0.46703812 -0.12621498 0.00738585
v -0.45023787 0.22195868 -0.08145455
v -0.46128643 0.22198738 -0.10950684
v -0.4643096 0.22202581 -0.17078181
v -0.46982706 -0.22367069 -0.20307234
v -0.46938676 -0.21588138 -0.20197985
v -0.47134885 -0.22098543 -0.20080556
v -0.46898571 -0.21983595 -0.20421392
v -0.46933335 -0.19500434 -0.20154513
v -0.46888191 -0.19313087 -0.20360379
v -0.4692513 -0.17223249 -0.20170385
v -0.4692513 -0.17223249 -0.20170385
v -0.46888971 -0.15739757 -0.20166628
v -0.46851641 -0.15665299 -0.20360413
v -0.46888971 -0.15739757 -0.20166628
v -0.46869627 -0.14478001 -0.20222215
v -0.46869627 -0.14478001 -0.20222215
v -0.46826342 -0.13618504 -0.20395778
v -0.46859416 -0.13228761 -0.20279279
v -0.46904248 -0.10877447 -0.20204853
v -0.46892431 -0.06157388 -0.2013668
v -0.46870497 -0.08881576 -0.20347743
v -0.4684808 -0.05178856 -0.20344906
v -0.46882075 -0.01588315 -0.20130284
v -0.46930254 0.00170788 -0.20041125
v -0.46837389 0.00833464 -0.203761
v -0.46887922 0.00793277 -0.20138568
v -0.4685618 0.06532267 -0.20118771
v -0.46914229 0.06796087 -0.20008792
v -0.46817172 0.05133247 -0.20353748
v -0.46796164 0.06958694 -0.20352434
v -0.46859723 0.09786694 -0.20122713
v -0.46787634 0.10919435 -0.20358278
v -0.46869034 0.13731447 -0.20134319
v -0.46800441 0.13842779 -0.20376898
v -0.46778303 0.15996166 -0.20393708
v -0.46928674 -0.2238536 -0.20579216
v -0.46858403 -0.22199813 -0.20827207
v -0.46839353 -0.21462126 -0.2086098
v -0.46825218 -0.19226915 -0.2086377
v -0.46821854 -0.1771055 -0.20912141
v -0.46809137 -0.1595663 -0.20804521
v -0.4680075 -0.14882341 -0.20929661
v -0.46799061 -0.13624434 -0.20783477
v -0.46896961 -0.121046 -0.20280638
v -0.46806186 -0.11909965 -0.20849876
v -0.46861032 -0.11450975 -0.20390022
v -0.46812713 -0.10996218 -0.20793244
v -0.46801537 -0.08685379 -0.20855446
v -0.46784717 -0.06588174 -0.20828429
v -0.46777052 -0.04952421 -0.20945662
v -0.46780494 -0.0351714 -0.20842482
v -0.46785069 -0.01240845 -0.20797728
v -0.46767348 0.04495586 -0.20789084
v -0.46740139 0.06641886 -0.20792517
v -0.46713457 0.08636905 -0.20853893
v -0.46714327 0.11540545 -0.20835505
v -0.46719003 0.13300373 -0.20878404
v -0.46705797 0.16188842 -0.20871615
v -0.46737808 0.17178728 -0.20491135
v -0.46831217 0.17101362 -0.20359246
v -0.46702668 0.1738005 -0.20782471
v -0.46748465 0.17851447 -0.20505758
v -0.46748465 0.17851447 -0.20505758
v -0.46741974 0.18574998 -0.2081265
v -0.46789649 0.18593436 -0.20521499
v -0.46789649 0.18593436 -0.20521499
v -0.46752313 0.18880524 -0.20530383
v -0.46682882 0.18817705 -0.20740268
v -0.46752313 0.18880524 -0.20530383
v -0.46022615 0.20158504 -0.20682387
v -0.46850783 -0.22375408 -0.2197136
v -0.46798071 -0.22215027 -0.21974406
v -0.46715397 0.00594051 -0.21559238
v -0.46692875 0.04771135 -0.21685129
v -0.4666788 0.17267703 -0.21412525
v -0.46792626 -0.21161099 -0.21734449
v -0.46746382 -0.17962435 -0.22193512
v -0.46717849 -0.15946636 -0.22242659
v -0.46727246 -0.12593552 -0.2223274
v -0.46708453 -0.08891977 -0.22234242
v -0.46674174 -0.05099858 -0.22243647
v -0.46607479 0.09169681 -0.22189535
v -0.46608394 0.12629554 -0.22201803
v -0.46595639 0.15156703 -0.22182627
v -0.46611789 0.18069939 -0.22344297
v -0.46629778 0.18772052 -0.22082743
v -0.46768719 -0.20425874 -0.22187559
v -0.466297 0.07437469 -0.22274388
v -0.46610638 0.16758277 -0.22237562
v -0.46975839 -0.22345972 -0.22647716
v -0.46831626 -0.22166319 -0.22506936
v -0.4678905 -0.20886064 -0.225409
v -0.46720025 -0.16330381 -0.22554332
v -0.46722504 -0.11556569 -0.22551601
v -0.46917436 -0.22121821 -0.22678563
v -0.46868289 -0.21131292 -0.22717467
v -0.46833622 -0.18660823 -0.22709152
v -0.46789247 -0.14216761 -0.22703545
v -0.46796662 -0.08231949 -0.22689524
v -0.46764228 -0.0452108 -0.22656958
v -0.46760517 -0.00218015 -0.22655454
v -0.46747515 0.04825975 -0.22648238
v -0.46732014 0.07916062 -0.22647469
v -0.4671686 0.13038021 -0.22641879
v -0.46638498 0.17701559 -0.22577538
v -0.46714416 0.18519177 -0.22648787
v -0.46652731 -0.08952902 0.2260786
v -0.46628249 -0.13598496 0.22527321
v -0.46633467 -0.09759308 0.22535247
v -0.46652731 -0.08952902 0.2260786
v -0.46555915 -0.03839907 0.2249748
v -0.46603191 -0.03770008 0.22591449
v -0.46603191 -0.03770008 0.22591449
v -0.46559042 0.04041289 0.22488037
v -0.46599206 0.04666999 0.22586669
v -0.46599206 0.04666999 0.22586669
v -0.46511632 0.08267488 0.22470978
v -0.46562162 0.11426424 0.22583833
v -0.46562162 0.11426424 0.22583833
v -0.46510053 0.12575136 0.22476488
v -0.46500483 0.14757061 0.22466278
v -0.46565694 0.17213319 0.22592507
v -0.46565694 0.17213319 0.22592507
v -0.46512693 0.17357488 0.22480136
v -0.46544692 0.18563648 0.22612183
v -0.4649446 0.18565083 0.22529082
v -0.46544692 0.18563648 0.22612183
v -0.46387142 0.18887873 0.22655629
v -0.46350491 0.18776077 0.22520229
v -0.46387142 0.18887873 0.22655629
v -0.46630424 -0.1618299 0.22520317
v -0.46541396 0.00306757 0.22206914
v -0.46548119 0.03822348 0.2221209
v -0.46492371 0.0838421 0.22204457
v -0.46497992 0.12916631 0.2221714
v -0.46485209 0.14831993 0.22203057
v -0.46492067 0.16758601 0.22195576
v -0.4646374 0.18584849 0.22239321
v -0.46547526 0.11247448 0.21455723
v -0.460345 -0.1182169 0.00767557
v -0.44610745 -0.11595485 -0.00270604
v -0.44660786 -0.11598308 -0.00756749
v -0.45671615 0.22193141 -0.03577225
v -0.46465179 0.18940799 -0.2054662
v -0.45505181 0.22193678 -0.21874824
v -0.44862729 0.22204681 0.18386588
v -0.45331523 -0.13528632 0.00723885
v -0.44596934 -0.11586434 0.00356276
v -0.45505387 -0.1167309 -0.01004103
v -0.44708666 0.22192788 0.00659187
v -0.45335895 0.22198206 -0.14478056
v -0.44182771 0.22200891 -0.18167964
v -0.45652014 0.20674078 -0.20719948
v -0.45345265 0.191559 0.22681969
v -0.45007953 -0.14073241 0.00723548
v -0.44599938 -0.11833003 0.00752926
v -0.44488806 -0.11681835 0.00731238
v -0.44488806 -0.11681835 0.00731238
v -0.44081527 0.2219339 -0.05692865
v -0.43987882 0.2219741 -0.13562362
v -0.4563677 0.18954082 -0.20634682
v -0.41757882 0.22198766 -0.21067484
v -0.43610001 0.22102705 0.22500671
v -0.40331325 0.2215865 0.22440292
v -0.40331325 0.2215865 0.22440292
v -0.43904918 0.22199804 0.20285934
v -0.44313037 0.22196686 0.06298371
v -0.44063976 -0.14472818 0.00652656
v -0.44506046 -0.11604703 0.00639357
v -0.44579917 0.18941237 -0.20699973
v -0.44843614 0.19172293 -0.20681852
v -0.45104632 0.20116434 -0.20711251
v -0.43180993 0.19644885 0.2268675
v -0.42333019 0.22193898 0.22230951
v -0.43654543 0.22199774 0.16825961
v -0.44371399 -0.11684286 -0.01008903
v -0.44859165 0.21094771 -0.20569272
v -0.42763612 0.18924689 0.22649644
v -0.43146047 0.22190665 0.21829663
v -0.42506078 0.22198933 0.13595475
v -0.42424357 0.2219727 0.10287862
v -0.42979819 0.22194074 0.02555657
v -0.43910256 0.20619616 -0.2069903
v -0.44122508 0.21054487 -0.20597975
v -0.4473429 0.21229674 -0.20471321
v -0.42956287 0.22193451 -0.01846879
v -0.4232825 0.21723844 0.22699744
v -0.4253917 0.21927151 0.22617356
v -0.41592708 -0.14355692 0.0069609
v -0.41457632 -0.12506081 0.00728998
v -0.42559278 -0.11829411 0.0075245
v -0.40387887 -0.1158892 0.00359132
v -0.41834337 0.21237154 -0.2047375
v -0.41430455 0.20784746 0.22682153
v -0.41500506 0.2219626 0.19682039
v -0.42162484 0.22195747 0.06548865
v -0.42798409 0.19167009 -0.20677966
v -0.37357673 0.19154376 0.22665983
v -0.41550028 0.22198914 0.17153205
v -0.40015334 -0.11594125 -0.00212286
v -0.40378749 -0.11593753 -0.00775162
v -0.42243347 0.221945 -0.06303376
v -0.40541494 0.22195955 -0.09890315
v -0.42203248 0.22198406 -0.13077649
v -0.41598076 0.20595327 -0.20674789
v -0.39059982 0.22177196 -0.22470157
v -0.39059982 0.22177196 -0.22470157
v -0.40609083 -0.13665086 0.00713284
v -0.40831727 0.22193867 -0.00847734
v -0.3923229 -0.11669806 -0.01023237
v -0.3923229 -0.11669806 -0.01023237
v -0.40666002 0.22198257 -0.15517396
v -0.40269253 0.1964495 -0.20660713
v -0.40130103 0.22199097 -0.18824244
v -0.41633573 0.21069491 -0.2056601
v -0.38668722 0.22198361 0.18202668
v -0.40058082 0.22192755 0.03758951
v -0.38458982 -0.11686759 0.00744012
v -0.38458982 -0.11686759 0.00744012
v -0.39556688 0.22194238 -0.05968892
v -0.38561523 0.22205727 -0.22244371
v -0.37151009 0.19720125 0.22676466
v -0.39040676 0.22096637 0.2250222
v -0.37757385 0.22184718 0.2185805
v -0.37814292 0.22198817 0.15506375
v -0.3881771 0.22195527 0.09422261
v -0.38069502 -0.14463776 0.00645912
v -0.38483426 -0.14068194 0.00715314
v -0.37248415 -0.11595479 0.00649469
v -0.39940876 0.19152376 -0.20660912
v -0.36670679 0.22197293 -0.21868539
v -0.38735202 0.2219767 0.12409979
v -0.3836143 0.22193182 0.06165453
v -0.39217719 -0.12384792 0.00736757
v -0.3897354 -0.11840058 0.00757945
v -0.37359905 0.22193463 0.22238749
v -0.39390159 0.22194192 0.00483176
v -0.38101712 -0.14350882 0.00699441
v -0.38812333 0.18948282 -0.20686424
v -0.39013922 0.20609589 -0.20668443
v -0.38131604 0.21054432 -0.20570387
v -0.3792609 0.22190832 0.21192522
v -0.35994428 0.22194852 0.19420496
v -0.3735553 0.22199069 -0.14925128
v -0.36097345 0.2137008 0.22681908
v -0.38038579 0.2219336 -0.02792427
v -0.38523209 0.19547753 -0.20667799
v -0.3652325 0.18928429 0.22629784
v -0.37381688 0.22195813 -0.10813019
v -0.38241473 0.19135024 -0.20676513
v -0.36864176 0.21929745 0.22619066
v -0.3621701 0.22189693 0.03087235
v -0.36338255 0.2172036 0.22693755
v -0.36749405 -0.13433003 0.00714421
v -0.36651778 -0.11563387 0.0034798
v -0.36981156 -0.11574046 -0.00241056
v -0.37387255 -0.11576498 -0.00773225
v -0.36469635 0.22192691 -0.05922911
v -0.36624897 0.22190492 0.00069293
v -0.36574262 0.18946221 -0.20773268
v -0.36994222 0.19548479 -0.20689529
v -0.37026182 0.20622964 -0.20695397
v -0.35221377 0.22199857 -0.20793089
v -0.33853948 0.2218059 0.22454461
v -0.33853948 0.2218059 0.22454461
v -0.36608779 -0.14432158 0.00646669
v -0.34015206 -0.11843804 0.00737737
v -0.35490906 0.22197089 -0.12784413
v -0.36306161 0.22199011 -0.19096431
v -0.36684871 0.19145989 -0.20720017
v -0.34189865 0.22117423 0.22516918
v -0.34871271 0.22195372 0.12412932
v -0.3499217 0.22191374 0.062609
v -0.33680353 0.22185929 -0.2248185
v -0.33680353 0.22185929 -0.2248185
v -0.32717866 0.22183974 0.21830614
v -0.32333377 0.22192448 0.19889696
v -0.33889174 0.22198731 0.17516452
v -0.34103578 0.22193679 0.09468006
v -0.34192136 -0.11687115 0.00723011
v -0.37248415 -0.11595479 0.00649469
v -0.34504336 0.2218942 -0.01311641
v -0.34242895 0.20636228 -0.20707837
v -0.34252432 0.21040566 -0.20591553
v -0.33324289 -0.13678658 0.0071377
v -0.32594851 -0.11661755 -0.01021259
v -0.32594851 -0.11661755 -0.01021259
v -0.34130588 0.22193493 -0.09872332
v -0.34398741 0.22199735 -0.16365889
v -0.32756132 0.22209273 -0.22252612
v -0.34302336 0.19152474 0.22678316
v -0.34099329 0.19659604 0.22689231
v -0.34041834 -0.11596892 0.00637036
v -0.34041834 -0.11596892 0.00637036
v -0.32308519 0.21722607 0.22695556
v -0.32835269 -0.14434738 0.00644766
v -0.33448747 -0.14340623 0.0069654
v -0.33366597 -0.1405828 0.0071428
v -0.33432826 -0.12901311 0.00721151
v -0.32735881 0.21927257 0.2262067
v -0.33161911 0.22198045 0.15697068
v -0.3241581 0.22189739 0.02906875
v -0.32138881 -0.11565215 0.00348094
v -0.32256827 0.22202517 -0.18528184
v -0.32557347 -0.11572739 -0.00771918
v -0.32521847 0.22192347 -0.05939961
v -0.32080922 0.19150813 -0.20719966
v -0.3331579 0.19520526 -0.20691092
v -0.32049957 0.20782825 0.22687154
v -0.30861861 0.22197296 0.12727952
v -0.32599217 0.22190589 -0.02208574
v -0.32290378 0.22195897 -0.11683125
v -0.32585153 0.22200176 -0.14815894
v -0.31049317 0.19688271 0.22691034
v -0.28877294 0.2220163 -0.20191598
v -0.30568767 0.22181867 0.22207689
v -0.32745257 0.1894847 -0.2077563
v -0.30505118 0.18932213 0.22649659
v -0.30472231 0.19151074 0.22683606
v -0.31083548 0.2219353 0.06408775
v -0.30259967 -0.11821999 0.00772389
v -0.29979441 -0.11660682 0.00754018
v -0.29979441 -0.11660682 0.00754018
v -0.30836722 -0.11585465 0.00650445
v -0.30911478 0.19518574 -0.2069764
v -0.29619274 0.22192541 -0.21876843
v -0.29880807 -0.14307621 0.00748929
v -0.296325 -0.1407523 0.00763805
v -0.30012888 0.22195125 0.09708075
v -0.30315667 0.22191319 0.02283996
v -0.30633321 -0.11578396 -0.00237698
v -0.30261162 -0.11579306 -0.00766195
v -0.30004871 0.22198117 -0.10954086
v -0.290326 0.22166122 -0.22462343
v -0.290326 0.22166122 -0.22462343
v -0.29337016 0.22077194 0.22493218
v -0.29558778 0.22200572 0.16881819
v -0.29859793 -0.14372917 0.00686503
v -0.3035304 0.22202414 -0.14337507
v -0.29436016 0.18952894 -0.20742448
v -0.30174416 0.20617627 -0.20720387
v -0.30027422 0.21041353 -0.20596394
v -0.29276007 0.2143355 0.22683656
v -0.29337016 0.22077194 0.22493218
v -0.29378882 0.22140092 0.224273
v -0.29493243 0.22172152 0.21852487
v -0.29539263 0.22193117 -0.03173749
v -0.28494447 0.22196275 0.18825299
v -0.29156432 -0.13646893 0.00759606
v -0.29201213 -0.12320425 0.00767131
v -0.27798972 0.22198147 -0.22240832
v -0.2883434 0.21912667 0.22604796
v -0.28256303 0.22191827 0.00842738
v -0.29254097 0.22195309 -0.06897404
v -0.27899936 0.22202972 -0.15677777
v -0.27714193 0.20353511 0.22686756
v -0.26699552 0.22180742 0.21337911
v -0.26114985 0.2218785 0.20195921
v -0.2688719 0.22192571 0.06335637
v -0.28795105 0.19636774 0.22691377
v -0.26442581 0.21711464 0.22698639
v -0.26127943 -0.11577582 0.00337921
v -0.27810428 -0.11640932 -0.01036056
v -0.27810428 -0.11640932 -0.01036056
v -0.26663101 0.22205272 -0.18332344
v -0.28195387 0.19519496 -0.20679812
v -0.27964249 0.20623843 -0.20700644
v -0.26991862 0.22198103 -0.10719833
v -0.27814847 0.21039115 -0.20586781
v -0.26207095 0.2219808 0.12855735
v -0.26392671 0.22194 -0.05899988
v -0.27334443 0.19149163 -0.20695004
v -0.2522009 0.22199352 0.15053484
v -0.25806764 0.22190034 0.02897751
v -0.25735477 0.22192211 -0.01518152
v -0.25925782 -0.11589789 0.00651062
v -0.24111082 0.21934862 0.22622803
v -0.25379887 0.22177093 0.22235046
v -0.25187841 0.22199762 0.17239419
v -0.25951463 -0.14368421 0.00686275
v -0.24285053 -0.14303552 0.00745492
v -0.25048301 -0.14059477 0.00765305
v -0.23722211 -0.12887362 0.00765411
v -0.25301746 -0.11833696 0.00775991
v -0.26443249 -0.11585384 -0.0022799
v -0.2525 0.18951678 -0.20745009
v -0.23798625 0.22193071 -0.21858934
v -0.24265368 0.19678646 0.22686456
v -0.2585032 -0.11583542 -0.00767528
v -0.2616533 0.1953122 -0.2068311
v -0.23561226 0.18932098 0.22638169
v -0.24593736 0.21417286 0.22687159
v -0.24980035 -0.11660342 0.00757609
v -0.24980035 -0.11660342 0.00757609
v -0.22685593 0.22196506 0.11404192
v -0.24052593 0.22196457 -0.08575432
v -0.24997173 0.2061794 -0.20702626
v -0.2337393 0.19155788 0.22670579
v -0.24011914 0.22201008 -0.13482931
v -0.22630841 0.22198701 -0.21178725
v -0.24415903 0.2217437 -0.22469573
v -0.24415903 0.2217437 -0.22469573
v -0.22198041 0.22115034 0.22517993
v -0.22198041 0.22115034 0.22517993
v -0.24533769 0.22163816 0.22447331
v -0.24413988 0.22196284 0.18492272
v -0.2385886 0.22189331 0.01170077
v -0.23536305 0.22201902 -0.19615729
v -0.21846649 0.2217859 0.21638212
v -0.24048127 0.1915056 -0.20691215
v -0.23641725 0.19537129 -0.20673728
v -0.24285053 -0.14303552 0.00745492
v -0.22590894 -0.1158014 -0.00218522
v -0.2210642 0.22204587 -0.1603066
v -0.23351823 0.21038482 -0.20592919
v -0.23204917 0.22192284 0.06022578
v -0.2174464 -0.11629451 -0.01043585
v -0.2174464 -0.11629451 -0.01043585
v -0.21940266 0.22200494 -0.22253519
v -0.21437754 0.22188528 0.02534179
v -0.2085917 -0.14069158 0.00762329
v -0.23498535 0.22192746 -0.03969428
v -0.20971902 0.19712284 0.22688964
v -0.21659926 0.22198193 0.15283266
v -0.21227366 0.2219592 0.09230278
v -0.22122765 -0.11832623 0.00778862
v -0.20276338 -0.11558496 0.00332859
v -0.20620212 0.22200549 -0.11861777
v -0.21215788 0.22185531 0.20286621
v -0.20749897 0.18954861 -0.207534
v -0.20336251 0.22193027 0.19203307
v -0.19990835 0.22197817 0.17730163
v -0.19732173 -0.11566336 0.00656301
v -0.21617334 -0.11572535 -0.00768671
v -0.20730364 0.22192985 -0.04311892
v -0.20933649 0.2220642 -0.18177402
v -0.19348991 0.22177127 0.22234382
v -0.19058596 -0.11636452 0.00770013
v -0.19058596 -0.11636452 0.00770013
v -0.2011539 0.22190598 -0.00762573
v -0.20146862 0.22197542 -0.07979039
v -0.1996199 0.18931457 0.22641921
v -0.20371546 0.19147913 0.22672763
v -0.20156592 0.2215974 0.22451968
v -0.2087737 0.221917 0.05787232
v -0.20051736 0.19158584 -0.20697717
v -0.20117342 0.21371505 0.22686838
v -0.20340076 0.21933161 0.22627585
v -0.19642732 0.22205704 -0.1477868
v -0.20178571 0.22204468 -0.19761184
v -0.19859496 0.21038638 -0.20598015
v -0.19133319 0.22171807 -0.22467953
v -0.19133319 0.22171807 -0.22467953
v -0.2002809 -0.11564854 -0.00235622
v -0.18393205 0.20618884 -0.20713508
v -0.18012483 0.21715634 0.22701649
v -0.17995675 0.22172053 0.21825479
v -0.19683063 0.22197911 0.15173492
v -0.18993649 -0.14284037 0.00757133
v -0.18993649 -0.14284037 0.00757133
v -0.18661946 -0.12475476 0.0078487
v -0.18494308 -0.11602938 -0.01054117
v -0.18494308 -0.11602938 -0.01054117
v -0.18487008 0.22193292 0.06319033
v -0.18242991 0.19515334 -0.20678787
v -0.18050586 -0.14056492 0.00793829
v -0.18037678 -0.13640514 0.00784944
v -0.18814479 -0.1181381 0.0079489
v -0.17857793 -0.11560982 -0.0078685
v -0.17110553 0.22204337 -0.20581177
v -0.16964379 0.22206023 -0.2224104
v -0.17304419 0.19714379 0.22671014
v -0.17353189 0.20998071 0.22677435
v -0.18178394 0.22198102 0.12590697
v -0.17401804 0.22188768 0.02873559
v -0.17893232 0.22195473 -0.0626874
v -0.17371854 0.22202882 -0.11491073
v -0.16991995 0.22197302 -0.21827921
v -0.17452204 0.21918245 0.22616968
v -0.17392761 0.22088756 0.22500138
v -0.17392761 0.22088756 0.22500138
v -0.1719442 -0.11567844 -0.00213404
v -0.16876754 0.22189668 -0.03555603
v -0.17635787 0.18937203 0.2262568
v -0.17405136 0.19149666 0.22653377
v -0.16586019 0.22199205 0.15437855
v -0.16718069 -0.1155791 0.00651522
v -0.18022586 0.18962066 -0.20731182
v -0.13490307 0.22177228 0.21228805
v -0.15718596 0.2218917 0.19617426
v -0.16128442 0.22194859 0.09965424
v -0.15147582 0.22187909 -0.00419018
v -0.16095865 0.22208828 -0.18431874
v -0.13593854 0.21407394 0.22677769
v -0.14468476 0.22195695 0.12691903
v -0.16047265 0.22192062 0.07174157
v -0.16385302 0.22207382 -0.15789261
v -0.15265703 0.22141458 0.2243648
v -0.15738332 0.22196433 0.17991261
v -0.15635817 0.21053152 -0.20586731
v -0.15678363 -0.13656859 0.007847
v -0.1607457 -0.11812631 0.00788551
v -0.14329568 -0.11617833 0.00770147
v -0.14329568 -0.11617833 0.00770147
v -0.12526248 -0.11578147 -0.01057876
v -0.17179459 -0.11688672 -0.01168684
v -0.1525759 0.22193903 -0.06914853
v -0.14320612 0.18961199 -0.20717762
v -0.15421455 0.19521649 -0.20666333
v -0.13671905 0.22184916 0.02646853
v -0.1350024 -0.14272465 0.00749431
v -0.1350024 -0.14272465 0.00749431
v -0.14097103 0.22199324 -0.11448352
v -0.15431331 0.19154131 -0.20675185
v -0.13253173 -0.12551147 0.00787525
v -0.12680241 -0.11537944 0.00389432
v -0.12451028 -0.11546153 -0.00222339
v -0.12372851 -0.11538281 -0.00769357
v -0.12434416 -0.11669007 -0.01153533
v -0.12456827 0.22202045 -0.20472838
v -0.14602497 0.20608875 -0.20688397
v -0.14545836 0.19649845 0.22668029
v -0.12926023 -0.11543484 0.00664725
v -0.09916888 0.2216118 -0.22459666
v -0.09916888 0.2216118 -0.22459666
v -0.11935315 0.1915586 0.22638398
v -0.08312389 0.2217672 0.22234304
v -0.12684084 0.22194839 0.16081843
v -0.12577936 0.22191063 0.09679949
v -0.11945963 0.22194235 -0.21851158
v -0.1121512 0.18938296 0.22604389
v -0.08090004 0.22171767 0.21816719
v -0.13638997 0.2218599 0.05538335
v -0.12985347 0.22186235 -0.02696622
v -0.13191234 0.22203228 -0.14903113
v -0.12419707 0.22187431 0.1932361
v -0.12267602 -0.14059247 0.00791983
v -0.12588987 0.22193153 -0.07545134
v -0.10720035 0.22204323 -0.18251824
v -0.09548336 0.22100927 0.22498809
v -0.09548336 0.22100927 0.22498809
v -0.10652633 -0.11805799 0.0079086
v -0.11552107 0.19156314 -0.20688938
v -0.12042703 0.19724111 0.22659926
v -0.10689762 0.2218262 0.0441831
v -0.09787576 0.21928452 0.22611731
v -0.1100373 0.2105349 -0.20590395
v -0.11107536 0.22189257 0.07500724
v -0.07466297 0.21715258 0.22698212
v -0.10470194 0.22185589 -0.03879483
v -0.10395611 0.22202048 -0.1570694
v -0.11695601 0.20593967 -0.20697838
v -0.09906773 0.22192444 0.13461146
v -0.10543256 0.18958847 -0.20741515
v -0.09199232 0.22181877 0.19736901
v -0.0960878 0.22190312 0.17130995
v -0.09511196 0.22182098 0.00858597
v -0.09524922 0.2219618 -0.113829
v -0.09631417 -0.14275368 0.00740889
v -0.09354831 -0.14057367 0.00797358
v -0.10139359 -0.11543158 0.00665196
v -0.08015955 0.2073157 0.22669286
v -0.08524602 0.22150609 0.22439182
v -0.10064543 -0.11535553 0.00350871
v -0.09569453 -0.11541996 -0.0023197
v -0.08380876 0.19540524 -0.20679013
v -0.08322901 0.22206663 -0.2224271
v -0.0818987 0.22183296 0.0612417
v -0.09267733 -0.1157946 -0.01062871
v -0.0787858 0.22185293 -0.05645084
v -0.08580071 0.22195987 -0.218457
v -0.08294064 0.20628025 -0.20703398
v -0.0682444 0.21459188 0.22681144
v -0.06810704 0.22184926 0.11896662
v -0.08989215 0.22188735 0.09040293
v -0.07908526 0.22191304 -0.0864422
v -0.07745153 -0.11780335 0.00790384
v -0.07688493 0.22197899 -0.1527735
v -0.08235782 0.19150586 -0.20694329
v -0.06592453 0.19689585 0.22663495
v -0.07232961 -0.11598653 0.00772543
v -0.07232961 -0.11598653 0.00772543
v -0.05858025 0.22176762 -0.00846675
v -0.0583737 0.22176921 -0.03151413
v -0.06717671 0.18963392 -0.2074459
v -0.05683133 0.2104755 -0.20611164
v -0.05692223 0.1915205 0.22647181
v -0.0671974 0.22185554 0.14538035
v -0.0642051 0.22182968 0.17455506
v -0.0679168 -0.14060399 0.00781658
v -0.06203073 -0.11637699 -0.01148556
v -0.10456574 -0.11685301 -0.01160922
v -0.06836817 0.22197467 -0.1859346
v -0.05709079 0.21911143 0.22606231
v -0.06384599 0.22172603 0.19985962
v -0.04843966 0.22179675 0.08523063
v -0.058373 0.22176188 0.04648457
v -0.05377651 -0.14270209 0.00717795
v -0.06471851 -0.12820016 0.0077448
v -0.04712699 0.22183168 -0.09467353
v -0.05819652 0.22188836 -0.11936568
v -0.05147116 0.18942986 0.22627123
v -0.04525729 -0.11520064 -0.00740398
v -0.05169015 0.22180402 -0.06335257
v -0.05103672 0.22185096 -0.2051094
v -0.0529627 0.19147959 -0.20713516
v -0.05151742 0.22142395 -0.2246819
v -0.05151742 0.22142395 -0.2246819
v -0.04845423 0.22173515 0.02492749
v -0.05120261 0.19531056 -0.2071207
v -0.05005063 0.22110394 0.22461514
v -0.05005063 0.22110394 0.22461514
v -0.04570721 -0.11781576 0.00754925
v -0.04295487 0.22166237 -0.21891586
v -0.05020027 0.22148633 0.22223885
v -0.04666371 0.22146469 0.21831961
v -0.0404438 -0.1158429 0.00740446
v -0.0404438 -0.1158429 0.00740446
v -0.0473304 -0.11525188 -0.00195964
v -0.0388336 0.22171994 -0.2225114
v -0.02948291 0.20201188 0.22663447
v -0.03897211 0.22178072 0.1650849
v -0.04880422 0.20627655 -0.20744275
v -0.02202599 0.21398214 0.2267125
v -0.03781032 0.2216631 0.19667727
v -0.04521612 -0.14056621 0.00756682
v -0.04416334 -0.13551813 0.00753192
v -0.04373068 0.22188126 -0.17226139
v -0.0387468 0.22179273 0.12572694
v -0.04750055 0.18957089 -0.20742109
v -0.01835243 0.22171474 0.01313385
v -0.02503167 0.22172521 -0.03927725
v -0.02539625 0.22185096 -0.14674193
v -0.02213603 0.20632197 -0.20738164
v 0.00294105 0.18944445 0.2262076
v -0.01684837 0.22177783 0.09429079
v -0.01640673 0.22173078 0.05590024
v -0.02411088 -0.11555321 -0.01070267
v -0.025235 0.1956812 -0.20712762
v 0.00643865 0.19620696 0.22654924
v -0.0175278 0.22110647 0.22442313
v -0.01580514 0.22143747 0.22225954
v -0.02418866 -0.11764733 0.00754812
v -0.0219211 0.22183569 -0.18088393
v -0.01928834 0.21702337 0.22694489
v -0.0161109 0.21917826 0.22596617
v 0.00061696 0.22069699 0.22485861
v 0.00061696 0.22069699 0.22485861
v -0.01248692 0.22161663 0.20291084
v -0.01953628 0.22178537 0.14843765
v -0.00195843 0.22180253 0.13362648
v -0.0017102 -0.14282063 0.00697804
v -0.0060622 0.22174966 0.17555603
v 0.00689051 0.2217412 -0.20776123
v 0.00413073 0.18955016 -0.20760797
v 0.01780888 0.19148053 0.2264207
v 0.04184551 0.22145611 0.21862148
v 0.0161738 0.22154108 0.21317978
v 0.01045629 0.22171813 -0.04795301
v 0.00170439 0.19152871 -0.20725648
v 0.01630244 0.19525388 -0.20722061
v 0.03127166 0.22135532 -0.22462563
v 0.03127166 0.22135532 -0.22462563
v 0.00646199 -0.14057058 0.00742788
v -0.00276026 0.22171679 -0.01644392
v -0.0140258 0.20676604 -0.20739891
v 0.00046827 -0.11522166 0.00671331
v 0.00741796 -0.11506956 -0.00749331
v 0.00602126 -0.11538813 -0.0108359
v 0.005722 0.22182673 -0.16335881
v 0.00548361 0.22180052 -0.18702579
v 0.01299829 0.2134956 0.22658074
v 0.01052117 0.21702391 0.2267884
v -0.00622059 0.20674042 -0.20742546
v 0.04526841 0.22164203 -0.21847378
v 0.04559454 0.22174148 -0.22245987
v 0.04295896 0.22115362 0.22418927
v 0.02481198 0.22172637 0.18401638
v 0.03155323 0.22171372 0.04213606
v 0.02950609 0.22181782 -0.13595368
v 0.01448483 -0.11754252 0.00753131
v 0.01682923 0.22178715 -0.10075361
v 0.0167344 0.21911299 0.22583298
v 0.02754197 0.22179258 0.15348394
v 0.02892084 0.22179416 0.12162159
v 0.03029675 0.22175547 0.06484102
v 0.02915027 0.22171119 0.01722862
v 0.03013125 0.22170219 -0.01149621
v 0.02320397 0.22176689 -0.0779116
v 0.03822863 0.22162485 0.20114657
v 0.01526268 0.22178945 0.08718789
v 0.03096626 0.22178617 -0.11162914
v 0.03580906 0.20925218 0.2265619
v 0.0464827 -0.14275116 0.00703358
v 0.04891815 -0.13336752 0.00764549
v 0.0504385 -0.11570333 0.00743984
v 0.0504385 -0.11570333 0.00743984
v 0.04172145 0.22147147 0.22215562
v 0.03683683 -0.11542358 -0.01074125
v 0.04011983 0.2217838 -0.18890673
v 0.04370632 0.19633928 0.2266071
v 0.03982672 0.21448322 0.2266351
v 0.0369685 0.22177988 0.09464314
v 0.05463124 -0.11522897 0.00663395
v 0.04004505 -0.11513285 -0.00534474
v 0.07378349 0.189448 0.22631665
v 0.06862137 0.22059791 0.22482775
v 0.06862137 0.22059791 0.22482775
v 0.06865059 0.21700943 0.22690026
v 0.04328858 0.2217364 -0.06525902
v 0.04286591 0.22181536 -0.15387063
v 0.04312722 0.19153203 -0.20723779
v 0.05079496 0.19562832 -0.2071742
v 0.05648073 0.22180296 0.16071007
v 0.04872388 -0.14055793 0.00752604
v 0.04824038 -0.11773507 0.00761833
v 0.0547369 0.22169313 -0.02862935
v 0.06858926 0.18955272 -0.20763642
v 0.07617325 0.22177181 -0.19703336
v 0.06545931 0.22170341 0.01395721
v 0.07887787 0.22158071 0.2179257
v 0.06114484 0.221764 0.185692
v 0.05205216 0.20642008 -0.2074333
v 0.05209583 0.21021451 -0.20622277
v 0.07997809 0.20892397 0.2267701
v 0.08156353 0.22183481 0.17349896
v 0.06516556 0.22182277 0.12972173
v 0.07235278 0.22172835 0.04883281
v 0.0753914 0.22176653 -0.08342762
v 0.07238368 0.22178158 -0.11199961
v 0.07398275 0.22170426 0.20055333
v 0.0752198 -0.11545576 -0.00238748
v 0.0621203 -0.11527104 -0.0075435
v 0.05032083 -0.11607365 -0.01136665
v 0.07717031 0.22169796 -0.03994023
v 0.07811153 0.22181749 -0.12991382
v 0.05391973 0.20893736 -0.207499
v 0.07151042 0.21898869 0.22598378
v 0.07733951 0.22180745 0.0910665
v 0.07882439 -0.14050268 0.00777737
v 0.07890885 0.22181477 0.11165261
v 0.07415729 -0.14295371 0.00717773
v 0.07400338 0.2218321 -0.15499049
v 0.08071257 0.19658375 0.22674991
v 0.07540049 0.21439987 0.22680423
v 0.08141223 0.22160776 0.22199732
v 0.07825421 -0.11801886 0.00795218
v 0.08189156 -0.11654236 -0.01181241
v 0.07321054 0.20906354 -0.20775354
v 0.07998379 -0.11541517 0.00319101
v 0.07409242 0.19528101 -0.20729859
v 0.09146572 -0.11611488 0.00768661
v 0.09146572 -0.11611488 0.00768661
v 0.08561375 -0.1154969 0.00657944
v 0.09781385 0.22181547 -0.17974573
v 0.08354129 0.19146061 -0.20731431
v 0.09790808 0.22170523 -0.21165965
v 0.09691314 0.22170734 -0.02241809
v 0.11176675 0.19172676 0.22655854
v 0.10062537 0.22187594 0.14812848
v 0.10707352 0.22171478 0.01095581
v 0.09404183 -0.14058159 0.00773401
v 0.11297598 -0.11549891 -0.00766199
v 0.12935726 -0.11590634 -0.01066034
v 0.10699994 0.2218183 -0.15582106
v 0.08999947 0.22175634 -0.22236358
v 0.09205103 0.22124676 -0.22462851
v 0.10732804 0.22186837 0.13305664
v 0.09403009 0.19527979 -0.20720755
v 0.1246888 0.2216263 -0.21855244
v 0.13397211 0.22164318 0.21423644
v 0.11808582 0.22173873 0.2023541
v 0.10333568 0.22182679 0.18561409
v 0.11219361 -0.1155593 -0.00239103
v 0.1215881 0.22169161 -0.03583273
v 0.10781241 0.22177497 -0.10647333
v 0.12059906 0.22180578 -0.1349096
v 0.1124334 0.20905575 -0.20764911
v 0.11230466 0.22176981 -0.1969237
v 0.13966773 0.21907617 0.22595365
v 0.11628968 0.22185916 0.16987714
v 0.11627389 0.19667524 0.2267414
v 0.12177444 0.22182503 0.1068368
v 0.12590228 -0.14296192 0.00723486
v 0.12590228 -0.14296192 0.00723486
v 0.12047157 -0.14041851 0.00778946
v 0.13095698 0.18954791 -0.20772681
v 0.11963876 0.22125146 -0.22462386
v 0.14897759 0.22160627 0.22194904
v 0.12288392 0.18950947 0.22623917
v 0.13186516 0.21700893 0.22692238
v 0.16303857 0.22061822 0.22483775
v 0.16303857 0.22061822 0.22483775
v 0.13067235 0.19143763 -0.20741317
v 0.12775896 0.19498433 -0.20732974
v 0.13795295 0.21413349 0.22680862
v 0.14051488 0.22119318 0.22410719
v 0.13778819 0.2217381 0.05267122
v 0.17560665 -0.11658883 -0.01161514
v 0.11903743 0.22171035 -0.22239648
v 0.13819544 -0.11792843 0.00786653
v 0.16642566 0.22156887 0.21824765
v 0.13916986 -0.11558267 0.0064477
v 0.14452407 0.22181162 -0.16239519
v 0.14357202 0.22181621 0.19128683
v 0.159215 0.22188187 0.15559264
v 0.15241732 0.2218647 0.12892495
v 0.14532523 -0.14053553 0.00770232
v 0.14509645 0.22169913 -0.00678063
v 0.15177423 0.22178818 -0.19221656
v 0.13735093 0.20592751 -0.20778437
v 0.14665185 0.22174816 -0.20715012
v 0.1491331 0.19158013 0.22666651
v 0.15865354 0.22182316 0.09505879
v 0.14090601 0.22176224 -0.11615708
v 0.15508182 0.22178337 0.06855552
v 0.15562458 0.22172044 0.02506578
v 0.16103157 0.22173336 -0.22232148
v 0.17227814 0.1969371 0.22689693
v 0.16010043 0.22177097 0.19911467
v 0.16054279 0.22186744 0.17786467
v 0.15691015 0.22179817 -0.1335016
v 0.16276136 0.22165877 -0.21848717
v 0.16950373 -0.11569124 -0.00245185
v 0.16397744 0.19541843 -0.20730968
v 0.15749452 0.20909314 -0.20783231
v 0.15864965 0.22123402 -0.22458099
v 0.15864965 0.22123402 -0.22458099
v 0.16952851 -0.14037666 0.00776279
v 0.16990329 -0.11563185 -0.00773942
v 0.16706131 0.19148615 -0.20738298
v 0.17526107 -0.11806942 0.0078778
v 0.19349515 -0.11601655 0.00765966
v 0.19349515 -0.11601655 0.00765966
v 0.17438753 -0.11556309 0.00649687
v 0.17899752 0.22174062 -0.1085926
v 0.1745674 0.18956198 -0.20776235
v 0.18963504 0.20720044 0.22690134
v 0.1882375 0.22165716 0.21073821
v 0.18536294 -0.14305355 0.0073278
v 0.18536294 -0.14305355 0.0073278
v 0.17381117 0.22168493 -0.02689826
v 0.16935879 0.2218124 -0.16732588
v 0.20719567 0.18954301 0.22647735
v 0.18808064 0.22177333 0.06559529
v 0.18153611 0.22171101 0.01802144
v 0.18074915 0.2217057 -0.06591266
v 0.18648931 0.22177443 -0.13393089
v 0.18668325 0.2217505 -0.18849933
v 0.17493306 0.20625442 -0.20790179
v 0.18173602 0.22170319 -0.2067475
v 0.17357022 0.20919225 -0.20787138
v 0.17525722 0.22128537 -0.22459584
v 0.17525722 0.22128537 -0.22459584
v 0.19095477 0.21698421 0.22705325
v 0.1949525 0.22118461 0.22423147
v 0.18782575 0.22186199 0.14022601
v 0.18988565 -0.12887478 0.00778131
v 0.1935309 -0.11590341 -0.01048263
v 0.19571212 0.19580984 -0.20759553
v 0.19665611 0.221746 0.19735214
v 0.19311112 0.22181164 0.10416301
v 0.20850836 0.22167179 0.00242296
v 0.19641 0.1913708 -0.20762824
v 0.19589403 0.22154148 -0.2225467
v 0.21054551 0.21434025 0.22696444
v 0.19405572 0.21918245 0.22595493
v 0.19738241 0.22157112 0.22207558
v 0.19291276 0.22184561 0.16990721
v 0.19292833 -0.11542796 0.00655225
v 0.1993973 0.22168879 -0.08353014
v 0.20286326 0.22174205 -0.16093881
v 0.20826092 0.22145332 -0.21880096
v 0.20642494 0.19158298 0.22683808
v 0.20354563 0.1962752 0.22696097
v 0.19611819 -0.1407454 0.00758173
v 0.19393475 -0.11783797 0.00791158
v 0.1938491 -0.11555474 -0.00235767
v 0.19984405 -0.11548185 -0.00770689
v 0.20262997 0.20940855 -0.20825055
v 0.20542055 0.22169204 0.03810598
v 0.20043221 0.22165734 -0.03855736
v 0.20147918 0.20644979 -0.20832089
v 0.21491957 0.22170307 -0.12660044
v 0.2138261 -0.11670537 -0.01124554
v 0.23151979 0.22157067 -0.21019518
v 0.22041748 0.22182369 0.15465397
v 0.21168709 -0.11799938 0.00779782
v 0.21449278 0.22166006 -0.19645607
v 0.23970577 0.19693123 0.22696593
v 0.22654885 0.22177351 0.19086216
v 0.23859306 0.22180837 0.17546284
v 0.22031423 0.22180624 0.12449517
v 0.23123974 0.2216619 -0.00778648
v 0.22018203 0.22166447 -0.08885944
v 0.21749964 0.19146134 -0.20762296
v 0.22122796 0.19593444 -0.20762056
v 0.24489264 0.21700843 0.22708304
v 0.23753712 0.22177047 0.09502535
v 0.22542961 -0.11550441 0.00651111
v 0.22525999 -0.1154616 0.00319376
v 0.23010841 0.22164509 -0.03622133
v 0.2373341 0.18949789 -0.20803174
v 0.25012088 0.22156337 0.21850206
v 0.24442825 0.22169116 0.20545886
v 0.23126101 0.22173837 0.06860296
v 0.23932667 0.22167113 0.0249805
v 0.23477748 0.22075531 0.22490525
v 0.23477748 0.22075531 0.22490525
v 0.20166229 -0.14395732 0.00674486
v 0.24956797 -0.14323415 0.00742002
v 0.23000997 -0.14066863 0.00755766
v 0.24138217 -0.11615644 0.00758393
v 0.24138217 -0.11615644 0.00758393
v 0.24841319 0.2215139 -0.22250153
v 0.24473558 0.2212451 -0.22474431
v 0.27207381 0.22077386 -0.22520648
v 0.20066835 0.22082376 -0.22522499
v 0.2494604 0.21921438 0.22601108
v 0.23120277 -0.14398918 0.0067715
v 0.24587998 0.20733121 0.22693148
v 0.25106901 -0.11804152 0.00780854
v 0.23910989 0.22168103 -0.12861875
v 0.24936149 0.20938537 -0.20824668
v 0.2463333 0.19160202 0.22684783
v 0.24657479 0.22179894 0.12789766
v 0.26640451 -0.11551096 -0.00208818
v 0.24376439 -0.11593366 -0.01043597
v 0.24790648 0.20023435 -0.20806921
v 0.25189087 0.22118327 0.22426842
v 0.26078826 0.22163635 -0.06557257
v 0.2460068 0.20636378 -0.20846722
v 0.26708162 0.1896144 0.22645761
v 0.25181723 0.22156912 0.22210392
v 0.24293005 0.22165361 -0.095238
v 0.23958448 0.19147851 -0.20778574
v 0.24616821 0.19538093 -0.20775492
v 0.26238418 0.22163585 0.2143295
v 0.25448722 -0.14063075 0.00761056
v 0.27348343 0.20213918 0.22696376
v 0.26828876 -0.11544536 0.00642183
v 0.27211121 0.22176981 0.19304124
v 0.27432439 0.22181004 0.15230593
v 0.27526286 0.22167346 0.04034217
v 0.25918081 -0.14402516 0.00686026
v 0.27059659 -0.11542676 -0.00774105
v 0.26636937 0.22164369 -0.01996757
v 0.26684538 0.22162883 -0.19129696
v 0.28020298 0.22171788 0.06621835
v 0.27196443 0.22162816 -0.04366147
v 0.27240092 0.22166072 -0.12455658
v 0.27446485 0.19139116 -0.20769995
v 0.28002039 0.19862793 -0.20789628
v 0.27422538 0.22177634 0.12164632
v 0.28003454 0.22174673 0.09298435
v 0.28641865 0.22162056 -0.19276448
v 0.27789018 0.20643063 -0.20843807
v 0.30192462 0.21700585 0.22707225
v 0.27519196 -0.12820843 0.00769209
v 0.27565753 0.2216337 -0.09544086
v 0.27215239 0.18947123 -0.20795669
v 0.32124576 0.22152755 -0.21098229
v 0.30021906 0.22159231 0.2220339
v 0.29517561 -0.14063138 0.00758894
v 0.29025432 -0.11603395 0.00751073
v 0.29025432 -0.11603395 0.00751073
v 0.28005213 0.22165973 0.01388893
v 0.28071779 -0.1158892 -0.01048889
v 0.28071779 -0.1158892 -0.01048889
v 0.28283185 0.19534017 -0.20771351
v 0.30164599 0.21904919 0.22607723
v 0.28817779 0.22170196 0.20497701
v 0.28295812 0.20197834 -0.20817526
v 0.30522117 0.22144963 -0.21887991
v 0.31209528 0.19160521 0.22695199
v 0.29184836 0.22179945 0.17815706
v 0.29214197 0.19625105 0.2270107
v 0.29233474 0.21420465 0.22692497
v 0.29544482 -0.14330788 0.00747443
v 0.28880161 0.20937717 -0.20822012
v 0.29632387 0.22164734 -0.0217409
v 0.30378276 0.22123596 -0.22472727
v 0.31188136 0.22160408 0.2181032
v 0.30201638 -0.1441552 0.00686285
v 0.29881719 -0.11810648 0.00766725
v 0.31573001 -0.11557112 0.00644101
v 0.30957738 -0.11548996 0.00379229
v 0.29746798 0.22163332 -0.07609296
v 0.30220756 0.22163698 -0.1155012
v 0.30254677 0.22110507 0.22447695
v 0.30254677 0.22110507 0.22447695
v 0.30371237 0.22179601 0.16062289
v 0.30824187 0.22176938 0.12913525
v 0.31248719 -0.11557 -0.00269943
v 0.32248831 0.22167173 0.01656835
v 0.32404941 0.22156084 -0.22249654
v 0.31579316 0.22169228 0.04718223
v 0.32018113 -0.11554774 -0.00764078
v 0.30201077 0.22166964 -0.15017025
v 0.31367537 0.2064442 -0.20843591
v 0.3110826 0.18958421 0.22657241
v 0.32016987 0.21255317 0.22701111
v 0.31460181 0.19141853 -0.20774145
v 0.31071252 0.22159068 -0.19375487
v 0.32515389 0.22173184 0.19308385
v 0.32291663 0.2217419 0.09249954
v 0.32069314 0.22166052 -0.01326323
v 0.32567653 0.22162378 -0.16141249
v 0.31493095 0.1952458 -0.20770884
v 0.31450188 0.19981985 -0.20797847
v 0.3204321 0.22079952 -0.22528324
v 0.32254562 0.19597919 0.22704953
v 0.31985408 0.22169326 0.22217558
v 0.32559347 -0.11622477 -0.01003668
v 0.291107 -0.11663383 -0.01121194
v 0.3268508 0.22161862 -0.07465401
v 0.32882413 -0.1435499 0.00692915
v 0.32559347 -0.11622477 -0.01003668
v 0.32317084 0.18946919 -0.20797949
v 0.31620008 0.20947421 -0.20830339
v 0.33929035 0.2209525 0.22502263
v 0.33929035 0.2209525 0.22502263
v 0.32979763 0.22143824 0.22437648
v 0.33922535 0.22173427 0.07363131
v 0.3290168 -0.14060618 0.00705559
v 0.33026147 0.22162262 -0.13359103
v 0.345339 0.22168455 0.21133842
v 0.3364892 0.2217669 0.16832504
v 0.33657783 0.22175151 0.12834485
v 0.31688893 -0.14450452 0.00653156
v 0.33693638 -0.11649834 0.00716756
v 0.33693638 -0.11649834 0.00716756
v 0.33238012 -0.11555588 0.00346512
v 0.34297442 0.22163479 -0.04516582
v 0.3348006 0.22159088 -0.18271741
v 0.34500912 0.20935082 -0.20806478
v 0.36636922 0.19761786 0.22697091
v 0.33760825 -0.1261353 0.00709754
v 0.33401465 -0.11821213 0.00727268
v 0.33343989 -0.11566037 -0.00227273
v 0.35062945 0.22155085 -0.19277193
v 0.37730825 0.21356532 0.22697389
v 0.36619243 0.2192876 0.2261391
v 0.35904333 0.22176716 0.15885603
v 0.33688244 -0.11576189 0.00636403
v 0.3500275 0.22160444 -0.11002633
v 0.3409676 0.1953095 -0.20751177
v 0.33735853 0.20264882 -0.20785423
v 0.36033797 0.22144577 -0.21840356
v 0.37058195 0.21708401 0.22709388
v 0.34058863 0.19145375 -0.20760165
v 0.36743683 0.1895138 0.22640942
v 0.36833149 0.19159977 0.22681229
v 0.36299869 0.22175696 0.10956261
v 0.35603678 0.22166923 -0.00929034
v 0.35884547 0.22127621 -0.22478731
v 0.36418498 0.22173849 0.19295745
v 0.35718825 0.20580024 -0.20788373
v 0.37935963 -0.12326657 0.00716617
v 0.36416501 -0.11563756 -0.00771621
v 0.36771786 -0.1164198 -0.01013167
v 0.36771786 -0.1164198 -0.01013167
v 0.37204444 0.22162649 -0.07033527
v 0.36500749 0.22159566 -0.16647059
v 0.36429581 -0.14465772 0.00642296
v 0.37019956 -0.13418579 0.00705503
v 0.38142666 -0.11828249 0.00731717
v 0.36134866 -0.11557946 0.0034966
v 0.42839661 0.22166811 0.2191989
v 0.40178189 -0.1407042 0.00707354
v 0.36456051 -0.11568952 -0.00212608
v 0.37874469 0.22161216 -0.1341089
v 0.36202708 0.18941522 -0.20795096
v 0.36206913 0.19154236 -0.20761611
v 0.3856968 0.22169223 0.22225545
v 0.40609401 -0.14372045 0.00692908
v 0.37462372 -0.11654032 0.00720749
v 0.37462372 -0.11654032 0.00720749
v 0.36455646 0.19574438 -0.20746738
v 0.37906903 0.22149749 -0.22247355
v 0.39448741 -0.11599464 0.00642047
v 0.37119186 0.2216478 -0.04048622
v 0.39010751 0.22076653 -0.2252375
v 0.42360914 0.22140461 0.22446179
v 0.38185906 0.22153027 -0.19520293
v 0.3914125 0.22162077 -0.10313307
v 0.40821794 0.22175036 0.18964514
v 0.39449239 0.22177655 0.14900517
v 0.38783425 0.18938883 -0.20732658
v 0.39534226 0.18945761 0.2264583
v 0.41222245 0.22170831 0.20983891
v 0.38471246 -0.11579616 0.00363325
v 0.39076614 -0.11593134 -0.00262766
v 0.39011726 -0.11594369 -0.00767256
v 0.38723105 0.1917816 -0.2071815
v 0.40124905 0.19156118 0.22681703
v 0.39255756 0.221683 -0.0279482
v 0.399847 0.19634165 0.22695795
v 0.40863687 0.22176394 0.17027631
v 0.43472221 0.22139226 -0.21821016
v 0.39963844 -0.14492443 0.00644623
v 0.42066404 0.22117655 -0.22483256
v 0.42464522 0.21922298 0.22623029
v 0.41016614 -0.11669235 0.00725735
v 0.41016614 -0.11669235 0.00725735
v 0.4159238 -0.11582057 0.00348724
v 0.40588528 0.22161998 -0.08183654
v 0.40883854 0.19182801 -0.20717634
v 0.42036879 0.22148634 -0.20759569
v 0.41987884 0.20769355 0.22697325
v 0.43056267 0.22087441 0.22506213
v 0.43056267 0.22087441 0.22506213
v 0.42336333 0.22171015 0.03156946
v 0.417 -0.13179126 0.00712358
v 0.42995986 -0.11668295 -0.01009974
v 0.41320547 0.22167066 -0.03927846
v 0.40735093 0.22160655 -0.14526719
v 0.42424431 -0.11816222 0.00740817
v 0.42986533 0.22146212 -0.2225194
v 0.42453921 0.22164693 -0.06845246
v 0.44030383 0.19799021 0.22696604
v 0.44532627 0.21381357 0.22699854
v 0.43347216 0.22172257 0.05421672
v 0.42149675 -0.11595102 0.00647145
v 0.42801717 -0.11591443 -0.00763943
v 0.42885756 0.2217015 -0.00662137
v 0.42448741 0.22078587 -0.22533683
v 0.4284423 0.22177365 0.14324969
v 0.43518424 -0.1449215 0.00640425
v 0.42857862 0.19166557 -0.20721222
v 0.44412276 0.21703872 0.22713639
v 0.43608043 0.22176068 0.11295375
v 0.44688311 0.18938862 -0.20746127
v 0.43731719 0.22174108 0.19408715
v 0.44490081 0.22176468 0.08723633
v 0.44690943 -0.11588083 0.00360757
v 0.44902313 0.22152352 -0.21176612
v 0.44782621 0.22176477 0.16665676
v 0.4469552 -0.11826797 0.00741535
v 0.45075047 0.22169396 0.00032687
v 0.44340402 0.18937506 0.22639701
v 0.45831007 0.21905982 0.22618476
v 0.47370723 0.22183904 0.22238131
v 0.44332573 -0.14066057 0.00705317
v 0.45123467 -0.11666918 0.00722891
v 0.45123467 -0.11666918 0.00722891
v 0.45576608 0.22166714 -0.04536641
v 0.44366512 0.22162887 -0.14462686
v 0.45458466 0.22159809 -0.20267116
v 0.43956584 0.20623201 -0.20763354
v 0.44600189 0.19159232 0.22677703
v 0.45296279 -0.11605076 -0.00771026
v 0.45442539 0.22162694 -0.16908202
v 0.4531413 0.19226263 -0.20730712
v 0.46830556 0.22147007 0.22455607
v 0.46830556 0.22147007 0.22455607
v 0.46204773 0.22173359 0.21867116
v 0.45897573 -0.11607897 0.00643709
v 0.45360324 -0.11667857 -0.00995623
v 0.45921817 0.20935515 -0.20799939
v 0.46438071 0.22127835 -0.22480297
v 0.46049455 0.19770852 0.2270409
v 0.45783547 0.22178781 0.12973051
v 0.45953515 -0.14049622 0.00719687
v 0.45640397 -0.13627683 0.00721115
v 0.45465285 0.20357203 -0.20769995
v 0.45688477 0.20627828 -0.20790428
v 0.45615661 0.22171488 0.04729357
v 0.45289853 -0.14530884 0.00641788
v 0.47020236 0.19208241 0.22719595
v 0.46733677 0.22182265 0.19821145
v 0.46930993 0.22172496 0.0488316
v 0.46091747 0.18949234 -0.20684785
v 0.49098969 0.21728662 0.22736636
v 0.46885663 0.22183183 0.1685881
v 0.47008872 0.22179921 0.10015661
v 0.46649885 -0.1180222 0.00789223
v 0.47381026 0.22167045 -0.13484827
v 0.46561733 0.20280884 -0.20748408
v 0.47357637 0.21320799 0.22709429
v 0.46701944 -0.13744918 0.00718324
v 0.47552297 -0.11604605 0.00377869
v 0.4685097 -0.11614554 -0.0078902
v 0.47549954 -0.11643002 -0.01025949
v 0.47448546 0.22166342 -0.01761694
v 0.46675262 0.18924105 -0.20638883
v 0.48249632 0.22161703 -0.22257648
v 0.46673134 0.06080607 0.22674647
v 0.46664509 0.08661191 0.22673018
v 0.46664509 0.08661191 0.22673018
v 0.46648747 0.11513528 0.22689663
v 0.46582794 0.10802701 0.22608107
v 0.4664813 0.13916461 0.22680771
v 0.46567759 0.14036217 0.22604567
v 0.46648747 0.11513528 0.22689663
v 0.4658756 0.18782715 0.22625114
v 0.47003537 -0.12743481 0.00767771
v 0.47225651 -0.11652408 0.00784055
v 0.47225651 -0.11652408 0.00784055
v 0.47158739 -0.22295965 0.2273446
v 0.47090638 -0.22168359 0.22788203
v 0.46901438 -0.22287464 0.226344
v 0.47029755 -0.21682765 0.22803435
v 0.46830386 -0.21323481 0.227097
v 0.46965981 -0.18770526 0.22805773
v 0.46751863 -0.17557815 0.22729847
v 0.46964213 -0.16384208 0.22807109
v 0.4673723 -0.13603032 0.22737308
v 0.46957162 -0.10151541 0.22814731
v 0.4672772 -0.08023044 0.22716802
v 0.46931508 -0.04298386 0.22768225
v 0.46701261 -0.04570746 0.22682975
v 0.46948925 -0.01129407 0.22775866
v 0.46684539 0.01259414 0.22674213
v 0.46936768 0.0103651 0.22761673
v 0.46931437 0.06029717 0.2275486
v 0.46673134 0.06080607 0.22674647
v 0.46937671 0.08783521 0.22750881
v 0.46935457 0.1087776 0.2276098
v 0.46929309 0.13301615 0.22743544
v 0.4693124 0.16048592 0.22752097
v 0.46958974 0.1790691 0.22739334
v 0.48691061 0.22190049 0.21807663
v 0.4761655 -0.11605889 0.00645775
v 0.47250015 -0.14624761 0.0054388
v 0.47483566 0.22164838 -0.08669317
v 0.4753556 0.22165737 -0.18203852
v 0.47186059 -0.22348157 -0.20054697
v 0.47034231 -0.22072403 -0.2012469
v 0.46992159 -0.21307845 -0.20089611
v 0.46981719 -0.18276055 -0.2006042
v 0.46906778 -0.16227958 -0.20152318
v 0.4687472 -0.14663422 -0.20200215
v 0.46847799 -0.13905202 -0.20247483
v 0.47012499 -0.11310216 -0.20118193
v 0.46902481 -0.09337524 -0.20149514
v 0.46889853 -0.1176296 -0.2021953
v 0.46973956 -0.0876227 -0.2005166
v 0.46957383 -0.04519323 -0.20064618
v 0.46969312 0.01172681 -0.20049268
v 0.46976244 0.0491074 -0.20047276
v 0.46876535 0.05612754 -0.20156009
v 0.46829373 0.08295663 -0.201956
v 0.46810785 0.11603481 -0.20191425
v 0.46826264 0.13635398 -0.20227194
v 0.46783999 0.15818495 -0.20332961
v 0.46889433 0.16368042 -0.20336427
v 0.46889433 0.16368042 -0.20336427
v 0.46713284 0.16924444 -0.20557867
v 0.46953911 0.17512998 -0.20489547
v 0.46728739 0.18097346 -0.2059716
v 0.46839958 0.18749769 -0.20616721
v 0.47287893 0.20643158 -0.20787936
v 0.48528799 0.22157013 -0.21868446
v 0.4736712 -0.22169262 0.22819315
v 0.47322109 -0.19155185 0.22819369
v 0.47460169 -0.16724336 0.22817504
v 0.47399664 -0.11203154 0.22823159
v 0.47472042 -0.08307123 0.22815008
v 0.47396165 -0.04287349 0.22782534
v 0.47620431 0.00693272 0.22777484
v 0.47390509 0.06435277 0.22768004
v 0.47710308 0.08701873 0.22772503
v 0.47700852 0.13321693 0.22760552
v 0.47658196 0.16540246 0.22768991
v 0.47639504 0.18443622 0.22752893
v 0.49108034 0.2082743 0.22735956
v 0.48057866 0.22184217 0.14217988
v 0.48750719 0.2217823 0.08544955
v 0.48861045 0.22163185 0.04831356
v 0.47588339 -0.1163521 0.00878408
v 0.47588339 -0.1163521 0.00878408
v 0.47604951 -0.14648074 0.00597212
v 0.47494605 -0.14391819 0.00680205
v 0.47506014 -0.13346271 0.00748405
v 0.47718358 -0.1160605 -0.00800651
v 0.48839548 0.22155736 -0.05785212
v 0.4738349 -0.22106235 -0.19993398
v 0.4728891 -0.19051628 -0.19973524
v 0.4733054 -0.16649206 -0.19969928
v 0.47327435 -0.09008903 -0.19953327
v 0.47329798 -0.05489429 -0.19961096
v 0.47366261 -0.004497 -0.19946525
v 0.47303995 0.03987291 -0.19931594
v 0.47371015 0.06995876 -0.1994096
v 0.47385988 0.09130145 -0.19927509
v 0.47387075 0.12719865 -0.1994524
v 0.47401133 -0.12446791 -0.20020476
v 0.46850798 -0.12623733 -0.20271443
v 0.47419614 -0.11588396 -0.19983482
v 0.47372577 -0.11202636 -0.19987661
v 0.47482997 0.16284218 -0.20081683
v 0.47786281 0.17586677 -0.20335335
v 0.47580573 0.18717428 -0.20515297
v 0.48578379 -0.22325881 0.22770385
v 0.48288789 -0.22195351 0.22817472
v 0.48239121 -0.13498819 0.22818841
v 0.48302299 -0.04655948 0.22791159
v 0.48235452 0.04282941 0.22776502
v 0.47657013 -0.1165026 0.19943966
v 0.47670111 -0.11617318 0.1936285
v 0.47809699 -0.11586873 0.18488726
v 0.47707286 -0.11680897 0.18283214
v 0.47809699 -0.11586873 0.18488726
v 0.47791043 -0.11576959 0.11102203
v 0.47785619 -0.11592517 0.06465519
v 0.47771701 -0.1158811 0.01415722
v 0.47771701 -0.1158811 0.01415722
v 0.47616798 -0.11650421 -0.01253354
v 0.47770566 -0.1158855 -0.02945295
v 0.47651193 -0.11670857 -0.02558907
v 0.47659838 -0.11699921 -0.04947038
v 0.47775412 -0.11568683 -0.07321047
v 0.47775412 -0.11568683 -0.07321047
v 0.47774634 -0.11571537 -0.12496217
v 0.48819241 0.22160581 -0.11314794
v 0.47761703 -0.11553728 -0.13735278
v 0.47779596 -0.11560549 -0.16241629
v 0.47777903 -0.11581023 -0.18595447
v 0.47668111 -0.11677576 -0.18471973
v 0.47758737 -0.11559208 -0.19781911
v 0.47598764 -0.11622837 -0.19790019
v 0.48403612 -0.22381614 -0.20007876
v 0.47842678 -0.22188224 -0.19978566
v 0.4780843 -0.16842651 -0.1995203
v 0.47988936 -0.15510136 -0.19915019
v 0.47853532 -0.15080923 -0.19890648
v 0.47868031 -0.14877012 -0.1978018
v 0.47789815 -0.11510786 -0.19975586
v 0.47419614 -0.11588396 -0.19983482
v 0.48273796 -0.1017177 -0.19943379
v 0.48030847 -0.05148802 -0.19939721
v 0.48060924 -0.02853668 -0.19932884
v 0.48444602 0.04452672 -0.19904178
v 0.47786495 0.06909079 -0.19918555
v 0.4785966 0.08596051 -0.19894537
v 0.47867301 0.11616334 -0.19897699
v 0.47834891 0.14128025 -0.19923301
v 0.48788512 0.221708 -0.20809399
v 0.47789815 -0.11510786 -0.19975586
v 0.47837466 0.17377937 -0.20176186
v 0.47832268 0.18852675 -0.20443821
v 0.47859412 0.19709675 -0.20538227
v 0.47898701 0.20665653 -0.20598292
v 0.47888634 0.20971593 -0.2054677
v 0.49188367 0.22148265 -0.22504543
v 0.49188367 0.22148265 -0.22504543
v 0.48474592 -0.20909275 0.22820166
v 0.4957757 -0.18299642 0.22810243
v 0.49579555 -0.16644141 0.22813611
v 0.4959003 -0.12392967 0.22815819
v 0.49593931 -0.10842217 0.22822128
v 0.49588722 -0.03618943 0.2278579
v 0.49190435 -0.01399583 0.22789131
v 0.49138534 0.09336573 0.22785701
v 0.49191651 0.1318856 0.2277264
v 0.49210846 0.1901499 0.22764501
v 0.4920707 0.21938735 0.22651833
v 0.49453369 0.22155266 0.22497499
v 0.49453369 0.22155266 0.22497499
v 0.49224237 0.22191462 0.22453815
v 0.48151529 -0.11514353 0.18522048
v 0.48817986 0.22189377 0.193875
v 0.48066121 -0.11526331 0.16663472
v 0.47807094 -0.11576539 0.16561879
v 0.48385981 -0.11515001 0.15172103
v 0.48074943 -0.11532747 0.07794961
v 0.487997 0.2218623 0.12912777
v 0.47785619 -0.11592517 0.06465519
v 0.48077509 -0.11552706 0.0537118
v 0.48068124 -0.11558159 0.01619397
v 0.48406929 0.22163963 -0.01499254
v 0.48206401 -0.11577176 -0.00019017
v 0.48121554 -0.11567272 -0.0139389
v 0.48080817 -0.11548619 -0.04592003
v 0.48064676 -0.11529808 -0.07632478
v 0.48076722 -0.11540974 -0.10596413
v 0.48054916 -0.11524616 -0.12679122
v 0.48810449 0.22165887 -0.19125512
v 0.48109493 -0.11537424 -0.18703923
v 0.48295075 -0.11512409 -0.19791527
v 0.48591214 -0.22229101 -0.1997934
v 0.48501751 -0.20951501 -0.19964336
v 0.49558377 -0.18336606 -0.19949745
v 0.49099809 -0.16174559 -0.19926518
v 0.48361257 -0.11479712 -0.20004518
v 0.4869079 -0.07553814 -0.19930783
v 0.48510256 0.01386384 -0.19904181
v 0.4858816 0.06698291 -0.19894487
v 0.49194497 0.11723807 -0.19826545
v 0.48362914 0.15746632 -0.198998
v 0.48397645 0.16140521 -0.19850416
v 0.48330715 0.16314222 -0.19754913
v 0.48361257 -0.11479712 -0.20004518
v 0.4944157 -0.22154114 0.22782174
v 0.4959605 -0.06640577 0.22798932
v 0.4877401 0.08355095 0.22778635
v 0.49195617 0.16582423 0.22781245
v 0.492295 0.22232397 0.22221461
v 0.4919675 -0.11530622 0.17432721
v 0.4859899 -0.11532365 0.07736414
v 0.49198937 -0.11543144 0.05350286
v 0.48803997 0.22161289 -0.0050785
v 0.49217394 -0.11552146 -0.00304427
v 0.48689565 -0.11530106 -0.07664862
v 0.48625591 -0.11538307 -0.10607405
v 0.49201703 -0.11522784 -0.18342245
v 0.49150294 -0.15037782 -0.19895168
v 0.48983714 -0.11469167 -0.1999554
v 0.49185839 -0.04207139 -0.19890594
v 0.49177918 -0.02297039 -0.19890662
v 0.49206734 0.00908902 -0.19871782
v 0.49135235 0.08718718 -0.19844241
v 0.49169266 0.14810538 -0.1984213
v 0.49019876 0.15798627 -0.19859767
v 0.48991194 0.16306569 -0.19716002
v 0.4921256 0.22187896 -0.22263472
v 0.4954707 -0.2178721 0.22786921
v 0.49564445 -0.20500885 0.22811189
v 0.49595243 -0.08321016 0.22817929
v 0.4919562 0.02680588 0.22781046
v 0.49222204 0.22214973 0.2170265
v 0.49205855 -0.1146332 0.19982131
v 0.49215481 0.22205898 0.18516086
v 0.4916189 -0.11499865 0.19426937
v 0.49217311 -0.11518657 0.16180851
v 0.49207056 0.22200561 0.12911737
v 0.49410203 -0.11513633 0.15989849
v 0.49211153 0.22190939 0.07585709
v 0.49214074 0.22165218 0.04245216
v 0.49200431 -0.11539174 0.02354606
v 0.49212795 0.22170144 -0.0084828
v 0.4921667 0.22164316 -0.05867865
v 0.49212596 0.2217256 -0.12580557
v 0.49227244 0.22175731 -0.19099271
v 0.49166396 -0.11498202 -0.19845971
v 0.49519363 -0.22163108 -0.20001046
v 0.49583742 -0.2066388 -0.1996585
v 0.49566683 -0.15110184 -0.19918874
v 0.49176711 -0.14850321 -0.19780765
v 0.49600986 -0.08699143 -0.19895655
v 0.49573532 -0.05404674 -0.19888718
v 0.49177077 0.03282152 -0.19875127
v 0.49101722 0.06365352 -0.19869244
v 0.49168968 0.16183162 -0.19771834
v 0.49636489 -0.22290559 0.22675879
v 0.49590215 0.01550941 0.22776476
v 0.49575409 0.07195654 0.22780386
v 0.49583939 0.10593605 0.22772491
v 0.49584651 0.13042209 0.22767137
v 0.49587366 0.17090459 0.22777303
v 0.49583119 0.19885816 0.22747546
v 0.49564147 0.21740107 0.22723803
v 0.49701568 0.22106388 0.22459458
v 0.49542838 0.2218993 0.22245862
v 0.49522883 0.22170706 0.1927819
v 0.49632496 -0.11540202 0.2000875
v 0.49615023 -0.11581314 0.19857553
v 0.49815366 -0.11716112 0.20041554
v 0.49530253 -0.11582254 0.18250224
v 0.49516702 -0.11574281 0.16197
v 0.49539551 -0.11568105 0.13002281
v 0.4950096 0.22158296 0.12171137
v 0.49513161 0.2214143 0.06181035
v 0.4951247 -0.11597417 0.05155655
v 0.49517953 -0.11594877 0.02366686
v 0.4950994 0.22134106 0.01724927
v 0.49539536 -0.11608041 -0.00456905
v 0.49525592 0.22135431 -0.04225826
v 0.49510932 -0.11590761 -0.05253202
v 0.49509934 -0.11567145 -0.07214005
v 0.49504501 0.22135915 -0.12123255
v 0.49500969 -0.11563712 -0.11567501
v 0.49540588 -0.1155625 -0.13316306
v 0.49522656 0.22146493 -0.18324591
v 0.49529195 -0.11568179 -0.18635052
v 0.49585405 -0.11575558 -0.19821703
v 0.49658194 -0.14327911 -0.18821292
v 0.49715796 -0.12490965 -0.19820863
v 0.49683782 -0.1266126 -0.19085686
v 0.49761325 -0.22342022 -0.20059115
v 0.49603236 -0.14744058 -0.19800229
v 0.49717268 -0.14798385 -0.19926623
v 0.49745288 -0.14436541 -0.19949719
v 0.49745288 -0.14436541 -0.19949719
v 0.49750552 -0.11886938 -0.19998971
v 0.49585405 -0.11575558 -0.19821703
v 0.49562049 -0.0163231 -0.19886842
v 0.49564371 0.01088317 -0.19866443
v 0.49571621 0.0365469 -0.19865966
v 0.49546745 0.0690768 -0.19864544
v 0.49536768 0.11663326 -0.19825739
v 0.49573207 0.15818533 -0.19860522
v 0.49597517 0.16187263 -0.19770069
v 0.49524269 0.22157949 -0.22215782
v 0.49628952 0.22100809 -0.22480364
v 0.49351513 0.22089566 -0.22562459
v 0.49715206 -0.22083504 0.22700261
v 0.49749285 -0.22300318 0.22440267
v 0.49806738 -0.22149587 0.22480404
v 0.49636489 -0.22290559 0.22675879
v 0.49715206 -0.22083504 0.22700261
v 0.49835077 -0.21516179 0.22568907
v 0.49770495 -0.21343715 0.22749715
v 0.49770495 -0.21343715 0.22749715
v 0.4982084 -0.18654899 0.2275911
v 0.4982084 -0.18654899 0.2275911
v 0.49898157 -0.18111539 0.22576272
v 0.49842769 -0.15312071 0.22763501
v 0.49842769 -0.15312071 0.22763501
v 0.49922919 -0.14183901 0.22589402
v 0.49839237 -0.1158482 0.22773089
v 0.49839237 -0.1158482 0.22773089
v 0.49910393 -0.11373027 0.22587629
v 0.4984777 -0.08221179 0.22770618
v 0.4984777 -0.08221179 0.22770618
v 0.49915817 -0.08557713 0.2259102
v 0.49930319 -0.06102875 0.22574848
v 0.49849567 -0.04364417 0.22735667
v 0.49849567 -0.04364417 0.22735667
v 0.49926269 -0.00370572 0.22561181
v 0.49840185 0.00372389 0.22723098
v 0.49840185 0.00372389 0.22723098
v 0.49921739 0.05549688 0.22557734
v 0.49838132 0.05317322 0.2272222
v 0.49838132 0.05317322 0.2272222
v 0.49808925 0.08774947 0.22714268
v 0.49808925 0.08774947 0.22714268
v 0.49897397 0.0872758 0.22551762
v 0.49909228 0.11673515 0.22553399
v 0.49826387 0.12373059 0.22710945
v 0.49826387 0.12373059 0.22710945
v 0.49827278 0.17331801 0.22719267
v 0.49900967 0.18559457 0.22562021
v 0.49827278 0.17331801 0.22719267
v 0.49796847 0.21700229 0.22668517
v 0.49796847 0.21700229 0.22668517
v 0.49867225 0.21693826 0.22530165
v 0.49701568 0.22106388 0.22459458
v 0.4992024 -0.16547711 0.21875401
v 0.49914914 -0.12236905 0.21034642
v 0.49917635 -0.11288631 0.21703385
v 0.49945992 -0.07956578 0.20347171
v 0.4994134 -0.04058921 0.22211872
v 0.49941811 0.00487439 0.2218554
v 0.49939984 0.05709336 0.22178474
v 0.49922749 0.08948642 0.22190249
v 0.4992609 0.13148534 0.22227415
v 0.49911994 0.16507627 0.22261164
v 0.49908945 0.1901893 0.22262885
v 0.49883589 0.21715868 0.22217554
v 0.49789774 0.21946368 0.22203799
v 0.49701568 0.22106388 0.22459458
v 0.49835601 -0.22318783 0.21583574
v 0.49873352 -0.22180893 0.21738189
v 0.49873832 -0.2084737 0.21747734
v 0.49905565 -0.19311693 0.21024811
v 0.49910703 -0.14115526 0.20988801
v 0.49942929 -0.098956 0.20334551
v 0.49948114 -0.04137043 0.21299568
v 0.49922296 0.10696315 0.21395564
v 0.49909574 0.14827982 0.21378793
v 0.49878573 0.17645034 0.21041384
v 0.49870422 0.20903011 0.20831804
v 0.49885991 -0.22179331 0.21029979
v 0.49880439 -0.21716583 0.20819379
v 0.49906418 -0.13049591 0.20873283
v 0.49943668 -0.02395709 0.21312113
v 0.49945062 0.04483224 0.21354812
v 0.49929541 0.07576182 0.21241866
v 0.49780473 -0.22312658 0.20333715
v 0.49928272 -0.16821039 0.20355476
v 0.49918577 -0.15285331 0.20356652
v 0.49933732 -0.11042947 0.20352228
v 0.49961519 -0.0423865 0.20344147
v 0.4995822 -0.00848088 0.20358376
v 0.4995155 0.04357406 0.20368014
v 0.49936783 0.08279609 0.2036891
v 0.49913719 0.14558688 0.2034972
v 0.49888679 0.16382276 0.20415461
v 0.49850401 0.19195324 0.19869925
v 0.49874669 0.21473005 0.20466127
v 0.49867037 -0.22089946 0.20416786
v 0.49911878 -0.18849091 0.20351234
v 0.49883503 -0.13909054 0.20432423
v 0.49890107 -0.12515342 0.20446742
v 0.49826631 0.21699634 0.18507718
v 0.49711955 -0.22072189 0.20102374
v 0.49790913 -0.21807322 0.20156795
v 0.49828947 -0.2023149 0.20117752
v 0.49889737 -0.16300546 0.20070484
v 0.49858451 -0.15035217 0.20062436
v 0.49815366 -0.11716112 0.20041554
v 0.49847147 -0.11548828 0.20108004
v 0.49858579 -0.10927662 0.20058985
v 0.49913394 -0.10156202 0.20062362
v 0.49927154 -0.05746149 0.20068094
v 0.49924403 -0.009458 0.20069116
v 0.4992317 0.03160496 0.20055182
v 0.49901596 0.07329793 0.20058478
v 0.49899471 0.10576786 0.20051447
v 0.49886888 0.14451101 0.20039411
v 0.49849364 0.16328895 0.20030893
v 0.49850684 0.16808489 0.19943723
v 0.49709144 0.21983682 0.18981361
v 0.4964712 0.22099699 0.19028588
v 0.4964712 0.22099699 0.19028588
v 0.49790913 -0.21807322 0.20156795
v 0.49828947 -0.2023149 0.20117752
v 0.49782956 -0.18024901 0.20014977
v 0.49784175 -0.15063114 0.19919115
v 0.49783379 -0.1475025 0.19837125
v 0.49791658 -0.11802275 0.19888359
v 0.49810076 -0.10790175 0.19968316
v 0.49835265 -0.09511038 0.19953921
v 0.49830052 -0.07159903 0.19957244
v 0.49825767 -0.03772447 0.19936776
v 0.49820155 -0.01099943 0.19939807
v 0.49822393 0.02559498 0.19909151
v 0.49796963 0.08331756 0.19923225
v 0.49798334 0.1268402 0.19903347
v 0.49791709 0.15899929 0.19892423
v 0.49762717 -0.11644752 0.19614781
v 0.49762717 -0.11644752 0.19614781
v 0.4984031 0.21462394 0.18266079
v 0.49702698 -0.11896087 0.18318439
v 0.49842873 0.19766009 0.18702348
v 0.49681428 -0.14383847 0.18454435
v 0.4967027 -0.11679555 0.18221146
v 0.4967027 -0.11679555 0.18221146
v 0.49744377 0.1640019 0.17894261
v 0.49793759 0.16507599 0.17978448
v 0.49824306 0.16854137 0.18089961
v 0.49823621 0.1791499 0.18204644
v 0.49563128 -0.14760505 0.17513792
v 0.49674559 -0.13151036 0.17897363
v 0.49636835 -0.1444132 0.17251575
v 0.49656877 -0.13972826 0.17231476
v 0.49840623 0.21468556 0.15935907
v 0.49602517 -0.14693105 0.16937785
v 0.4967227 -0.12242004 0.16496138
v 0.49664715 -0.11866174 0.16105464
v 0.49825332 0.18178292 0.16408893
v 0.49818242 0.21707883 0.16193883
v 0.49642509 -0.11689181 0.1593533
v 0.49642509 -0.11689181 0.1593533
v 0.4983806 0.16843443 0.15922999
v 0.49836224 0.19597545 0.15613979
v 0.49741551 0.16417673 0.15240155
v 0.49652722 -0.13986596 0.12748191
v 0.49806258 0.16519552 0.13349554
v 0.49608886 -0.14688015 0.14294249
v 0.49829805 0.21442616 0.13453518
v 0.49823037 0.1783731 0.13965574
v 0.49609187 0.22091898 0.13197614
v 0.49609187 0.22091898 0.13197614
v 0.49833471 0.20136738 0.11902088
v 0.49797109 0.21699581 0.12557204
v 0.49626762 -0.14436321 0.10462751
v 0.49668887 -0.12143417 0.10715176
v 0.49740061 0.16383584 0.12652205
v 0.49832922 0.16810204 0.12179947
v 0.49835217 0.1730741 0.11051486
v 0.49693123 0.21927519 0.12733431
v 0.49823263 0.21462919 0.11192571
v 0.49556091 -0.14734095 0.11193949
v 0.49654481 -0.13221483 0.11024801
v 0.49826154 0.18170628 0.10443144
v 0.49666172 -0.1185434 0.11153714
v 0.49594274 -0.14684825 0.08733926
v 0.49646333 -0.11692891 0.09192041
v 0.49539551 -0.11568105 0.13002281
v 0.49810463 0.16502061 0.10744473
v 0.49828768 0.21037439 0.08304002
v 0.49643588 -0.13907473 0.08683086
v 0.49646333 -0.11692891 0.09192041
v 0.49740529 0.16353919 0.09010214
v 0.49839059 0.16879429 0.08304308
v 0.49835542 0.20084441 0.0843183
v 0.4983061 0.21455772 0.07895828
v 0.49810344 0.21698527 0.08099984
v 0.4962835 0.2207689 0.068396
v 0.49553809 -0.1474188 0.07459293
v 0.49790597 0.16482094 0.04146599
v 0.49816844 0.18021977 0.0709734
v 0.49612585 -0.14449115 0.0471028
v 0.49656874 -0.12229281 0.05725077
v 0.49740404 0.16359563 0.06683641
v 0.49820504 0.19877551 0.05812665
v 0.4962835 0.2207689 0.068396
v 0.49649322 -0.1188473 0.03644225
v 0.49814227 0.17234442 0.050083
v 0.49780095 0.21699904 0.05601463
v 0.49630511 -0.13938938 0.04511392
v 0.49801624 0.21037774 0.05550594
v 0.49630347 0.22087272 0.05401008
v 0.4962635 -0.11707312 0.03924699
v 0.4962635 -0.11707312 0.03924699
v 0.49809438 0.16802889 0.04340709
v 0.49800655 0.2145346 0.05519317
v 0.49584386 -0.14674717 0.03904996
v 0.49630347 0.22087272 0.05401008
v 0.49732435 0.16331866 0.04004772
v 0.49812889 0.19052219 0.03360508
v 0.49552479 -0.14723276 0.02418614
v 0.49804533 0.17820655 0.01699269
v 0.49695739 0.21900389 0.00833234
v 0.49655303 -0.12261473 0.03134008
v 0.4981589 0.19537723 0.01184679
v 0.49793467 0.21100557 0.00867898
v 0.49628085 -0.14453986 -0.00252049
v 0.49771622 0.2168951 0.00378639
v 0.49647927 -0.13980991 0.00151376
v 0.49658737 -0.13055098 0.00178933
v 0.4979361 0.21438473 0.00648345
v 0.49618545 0.22085097 0.01052003
v 0.49618545 0.22085097 0.01052003
v 0.4980934 0.16894077 0.01346975
v 0.49727136 0.16335884 -0.0068004
v 0.49672729 -0.1171575 -0.00285006
v 0.49672729 -0.1171575 -0.00285006
v 0.49812508 0.1978849 -0.00162207
v 0.49607643 -0.14670591 -0.00659286
v 0.49681851 -0.118974 -0.00284225
v 0.49777231 0.1648512 -0.00140465
v 0.49801528 0.1688118 -0.00670887
v 0.49571106 -0.14716068 -0.0181884
v 0.49795088 0.17997712 -0.04249835
v 0.49808431 0.1938701 -0.02880654
v 0.49794739 0.21124047 -0.04709743
v 0.49633029 -0.13996269 -0.02658488
v 0.4966419 -0.11915792 -0.02383509
v 0.49635839 -0.11714023 -0.0400525
v 0.49635839 -0.11714023 -0.0400525
v 0.49637926 -0.13208288 -0.04024313
v 0.49642229 0.22083209 -0.04415146
v 0.49642229 0.22083209 -0.04415146
v 0.49772948 0.16474909 -0.04251222
v 0.49802428 0.17186716 -0.04097235
v 0.49799833 0.21458785 -0.06483573
v 0.49656051 -0.12245212 -0.04383066
v 0.49792749 0.16778022 -0.04646883
v 0.49573463 -0.14678623 -0.07631636
v 0.49600124 -0.14446536 -0.07232917
v 0.49701789 0.16330262 -0.05838254
v 0.49801123 0.20600905 -0.07065499
v 0.49640423 -0.11838946 -0.08469429
v 0.49799094 0.19787601 -0.07503358
v 0.49778977 0.21685731 -0.06457689
v 0.49621016 -0.13846786 -0.0702581
v 0.49531358 -0.14734119 -0.07338063
v 0.49626467 0.22080764 -0.07205308
v 0.49623591 -0.11665608 -0.08222654
v 0.49623591 -0.11665608 -0.08222654
v 0.4976837 0.17904893 -0.07937469
v 0.49626467 0.22080764 -0.07205308
v 0.49726981 0.16482133 -0.08021925
v 0.49641451 -0.12223185 -0.09948651
v 0.49664533 0.1633368 -0.09513283
v 0.49760818 0.16804428 -0.08246265
v 0.49771124 0.17213079 -0.09200414
v 0.49803859 0.19808266 -0.104246
v 0.49770334 0.21676314 -0.11445191
v 0.49608284 0.22082324 -0.13937026
v 0.49769846 0.17983034 -0.12339284
v 0.49804473 0.19992092 -0.12328345
v 0.49524593 -0.14736675 -0.11142748
v 0.49795577 0.21441394 -0.1146891
v 0.49608284 0.22082324 -0.13937026
v 0.49620733 -0.1392585 -0.13164075
v 0.49646407 -0.11899167 -0.13635062
v 0.49602228 -0.14448197 -0.13061823
v 0.49719608 0.16490294 -0.14338705
v 0.49624518 -0.11668159 -0.12650776
v 0.49624518 -0.11668159 -0.12650776
v 0.4957009 -0.14690594 -0.17668959
v 0.49656332 0.16317756 -0.12838583
v 0.497554 0.16814774 -0.14134175
v 0.49803677 0.21440552 -0.13169314
v 0.49800453 0.19684294 -0.15130205
v 0.4976472 0.17249566 -0.14657503
v 0.49770406 0.21702302 -0.1451744
v 0.49801135 0.21430688 -0.14554946
v 0.49616894 -0.13920614 -0.16076903
v 0.49660519 0.16347733 -0.15248455
v 0.49655688 -0.11890193 -0.17788874
v 0.49599668 -0.14436726 -0.17666583
v 0.49771038 0.16867362 -0.16430819
v 0.49777871 0.17919196 -0.18190157
v 0.49628365 -0.11670747 -0.16872902
v 0.49628365 -0.11670747 -0.16872902
v 0.49807191 0.21688621 -0.19569817
v 0.49818328 0.21459781 -0.18512124
v 0.49730381 0.16486417 -0.18032141
v 0.4981344 0.19753981 -0.19016206
v 0.49658924 0.22097026 -0.20840147
v 0.49658924 0.22097026 -0.20840147
v 0.49630752 -0.13901561 -0.17956053
v 0.49645102 -0.11656161 -0.18359649
v 0.49645102 -0.11656161 -0.18359649
v 0.49684137 0.16347255 -0.18128364
v 0.49767423 0.16864304 -0.18082327
v 0.49685395 -0.11880027 -0.18710345
v 0.49795493 0.16766828 -0.19678266
v 0.49733236 0.162965 -0.19722675
v 0.49769935 0.16417882 -0.19772223
v 0.49803472 0.18220232 -0.19679931
v 0.49750784 -0.11659785 -0.19690892
v 0.49810451 -0.21083735 -0.19999194
v 0.49870113 -0.22137792 -0.20149179
v 0.49892417 -0.21230096 -0.20089957
v 0.49810451 -0.21083735 -0.19999194
v 0.49761325 -0.22342022 -0.20059115
v 0.49810183 -0.18171346 -0.19980574
v 0.49896559 -0.16548742 -0.20065555
v 0.49810183 -0.18171346 -0.19980574
v 0.49775431 -0.15245987 -0.19934504
v 0.49775431 -0.15245987 -0.19934504
v 0.49845996 -0.14930341 -0.20028751
v 0.49845996 -0.14930341 -0.20028751
v 0.49919584 -0.10551509 -0.20060661
v 0.49843213 -0.09209216 -0.19925526
v 0.49843213 -0.09209216 -0.19925526
v 0.49928644 -0.08365823 -0.20057008
v 0.49821669 -0.05899459 -0.19933601
v 0.49821669 -0.05899459 -0.19933601
v 0.49896437 -0.02783453 -0.20066583
v 0.49798486 -0.01344092 -0.1993434
v 0.49798486 -0.01344092 -0.1993434
v 0.49789706 0.01249836 -0.19918582
v 0.49789706 0.01249836 -0.19918582
v 0.49884099 0.04185693 -0.20055743
v 0.49793351 0.04031482 -0.19911382
v 0.49793351 0.04031482 -0.19911382
v 0.49763909 0.07069912 -0.1991846
v 0.49763909 0.07069912 -0.1991846
v 0.4983514 0.08200376 -0.20046565
v 0.49736536 0.11402622 -0.19883433
v 0.49736536 0.11402622 -0.19883433
v 0.49825773 0.1556665 -0.20040312
v 0.49748912 0.14902839 -0.19907413
v 0.49748912 0.14902839 -0.19907413
v 0.49755073 0.16105448 -0.19865951
v 0.49755073 0.16105448 -0.19865951
v 0.49815372 0.16663939 -0.20054519
v 0.49733236 0.162965 -0.19722675
v 0.49859789 0.20229903 -0.21627356
v 0.49866667 0.21426894 -0.22075804
v 0.49876386 -0.2237401 -0.20623451
v 0.49939558 -0.22196519 -0.20522089
v 0.49925575 -0.21878172 -0.20361336
v 0.49935198 -0.18894033 -0.20334616
v 0.49937138 -0.16394573 -0.20339721
v 0.49941632 -0.15135315 -0.20336172
v 0.49819791 -0.13435566 -0.20149639
v 0.49892262 -0.13367742 -0.20419517
v 0.49818641 -0.12022113 -0.20097777
v 0.49901313 -0.12022186 -0.20377591
v 0.49946469 -0.11064845 -0.2034734
v 0.49948972 -0.10362948 -0.20335077
v 0.49941123 -0.05886774 -0.20355423
v 0.4992629 -0.01917177 -0.20339866
v 0.49925086 0.01456628 -0.20371197
v 0.49914238 0.05364076 -0.20362371
v 0.49885038 0.07837507 -0.20361991
v 0.49872479 0.1262185 -0.20377882
v 0.49860463 0.16080074 -0.20340204
v 0.49844605 0.17452553 -0.20784274
v 0.49934685 -0.1441316 -0.20767251
v 0.49925336 -0.12647495 -0.20857148
v 0.49934128 -0.11588788 -0.20806491
v 0.4994311 -0.06096708 -0.20978576
v 0.49838728 0.21701971 -0.21700104
v 0.49935761 -0.2181437 -0.21904637
v 0.49948889 -0.18877295 -0.21916687
v 0.49950853 -0.16111167 -0.21950763
v 0.49935627 -0.12307806 -0.21890363
v 0.49949419 -0.09540461 -0.21748383
v 0.49955553 -0.0635168 -0.22003853
v 0.49950612 -0.02878949 -0.21769977
v 0.4995144 0.01758314 -0.21773085
v 0.49936336 0.05816924 -0.21720877
v 0.49921739 0.07767291 -0.21664827
v 0.49918014 0.12443005 -0.22113964
v 0.4989934 0.1550218 -0.21975036
v 0.49865487 -0.2238058 -0.22086534
v 0.49940473 -0.22211024 -0.2199439
v 0.49828297 0.21720511 -0.22505119
v 0.49628952 0.22100809 -0.22480364
v 0.49932826 -0.11450769 -0.22303188
v 0.49945459 -0.02244589 -0.22221343
v 0.49943969 0.03017228 -0.22226354
v 0.49920636 0.08011835 -0.22160168
v 0.49876976 0.17568035 -0.22337842
v 0.49746951 -0.22353026 -0.22695249
v 0.49877888 -0.22161476 -0.2253824
v 0.49916491 -0.2112388 -0.22594638
v 0.49936849 -0.16489314 -0.22596405
v 0.49923909 -0.10281872 -0.22596064
v 0.49935326 -0.06183872 -0.22576174
v 0.49931359 0.02360488 -0.22574598
v 0.49913156 0.05805442 -0.22577034
v 0.49902338 0.08328767 -0.22571424
v 0.49899337 0.14819087 -0.22570723
v 0.49847084 0.21401669 -0.22549392
v 0.49835399 -0.2147558 -0.22764063
v 0.49849778 -0.18500103 -0.22771893
v 0.49843854 -0.12463388 -0.22767554
v 0.49849591 -0.07540392 -0.22754255
v 0.49843785 -0.0109316 -0.22726767
v 0.49835664 0.04581219 -0.22734524
v 0.49812412 0.07785396 -0.22730443
v 0.49832362 0.12708411 -0.22712757
v 0.49815077 0.16607848 -0.22727534
v 0.49777618 0.21618707 -0.22676949
v 0.49628952 0.22100809 -0.22480364
vt 0.80042 0.99944
vt 0.79572 0.99957
vt 0.79929 0.99866
vt 0.7949 0.99894
vt 0.7761 0.99968
vt 0.7772 0.99901
vt 0.75812 0.99904
vt 0.75065 0.99969
vt 0.73025 0.99903
vt 0.72264 0.99967
vt 0.71099 0.99898
vt 0.69484 0.99963
vt 0.66461 0.99903
vt 0.66082 0.99967
vt 0.64935 0.99962
vt 0.64223 0.99897
vt 0.62728 0.99957
vt 0.6215 0.99895
vt 0.59872 0.99968
vt 0.59355 0.999
vt 0.57449 0.99889
vt 0.57445 0.99956
vt 0.57312 0.99868
vt 0.57207 0.99897
vt 0.79946 0.99722
vt 0.80047 0.99689
vt 0.77969 0.99765
vt 0.75522 0.99772
vt 0.7266 0.99763
vt 0.70366 0.99759
vt 0.66644 0.99769
vt 0.64096 0.99763
vt 0.62373 0.9976
vt 0.58898 0.99773
vt 0.57609 0.99677
vt 0.79964 0.99576
vt 0.78556 0.99549
vt 0.77254 0.99536
vt 0.75524 0.99582
vt 0.74265 0.99559
vt 0.72953 0.99525
vt 0.70881 0.99574
vt 0.69484 0.99551
vt 0.66645 0.99551
vt 0.65105 0.99564
vt 0.62648 0.99579
vt 0.61208 0.99549
vt 0.59001 0.99562
vt 0.57799 0.99537
vt 0.57451 0.9943
vt 0.57325 0.99472
vt 0.80053 0.99194
vt 0.79976 0.99196
vt 0.79117 0.99098
vt 0.77377 0.99097
vt 0.72845 0.99123
vt 0.70192 0.99145
vt 0.67929 0.99108
vt 0.66093 0.99118
vt 0.62988 0.9913
vt 0.61206 0.99227
vt 0.60192 0.98898
vt 0.57217 0.9904
vt 0.76327 0.98908
vt 0.75786 0.99157
vt 0.74678 0.99124
vt 0.74187 0.98891
vt 0.65158 0.98915
vt 0.7996 0.98932
vt 0.80055 0.98933
vt 0.79729 0.98914
vt 0.772 0.98896
vt 0.75841 0.98914
vt 0.74789 0.98921
vt 0.72718 0.98907
vt 0.70341 0.98903
vt 0.6727 0.98903
vt 0.62978 0.98899
vt 0.61595 0.98909
vt 0.59319 0.98797
vt 0.58415 0.98051
vt 0.80043 0.98837
vt 0.79918 0.98813
vt 0.79453 0.98797
vt 0.77222 0.98778
vt 0.76168 0.98757
vt 0.75988 0.98678
vt 0.75729 0.98673
vt 0.74575 0.98743
vt 0.74466 0.98774
vt 0.74181 0.98761
vt 0.73911 0.98772
vt 0.72545 0.98777
vt 0.70918 0.98771
vt 0.67291 0.98768
vt 0.64866 0.98769
vt 0.62805 0.98769
vt 0.61676 0.98765
vt 0.60296 0.98742
vt 0.59971 0.98728
vt 0.57597 0.97815
vt 0.79646 0.98765
vt 0.2464 0.22877
vt 0.24456 0.22837
vt 0.23236 0.22875
vt 0.2228 0.22818
vt 0.22009 0.22871
vt 0.76944 0.98722
vt 0.76393 0.987
vt 0.76114 0.9866
vt 0.74891 0.98668
vt 0.74543 0.98645
vt 0.7411 0.98722
vt 0.72445 0.98713
vt 0.7104 0.98705
vt 0.69718 0.98703
vt 0.6733 0.98697
vt 0.64555 0.98693
vt 0.61997 0.98692
vt 0.60859 0.98679
vt 0.6025 0.98662
vt 0.60126 0.98646
vt 0.57766 0.97797
vt 0.74646 0.98368
vt 0.60107 0.98406
vt 0.57319 0.97882
vt 0.75987 0.97998
vt 0.76113 0.97973
vt 0.5998 0.98147
vt 0.57452 0.97766
vt 0.74554 0.97932
vt 0.59487 0.97671
vt 0.75247 0.97761
vt 0.08692 0.88334
vt 0.08523 0.88297
vt 0.09297 0.88328
vt 0.74848 0.97094
vt 0.74671 0.97107
vt 0.25715 0.78079
vt 0.2567 0.78286
vt 0.25678 0.77385
vt 0.76111 0.97071
vt 0.75981 0.97229
vt 0.75176 0.96925
vt 0.59974 0.97278
vt 0.74555 0.97059
vt 0.59446 0.96472
vt 0.1089 0.8829
vt 0.60099 0.96308
vt 0.58236 0.96359
vt 0.11147 0.8833
vt 0.57595 0.95441
vt 0.57468 0.95535
vt 0.25721 0.76755
vt 0.59968 0.95995
vt 0.57227 0.95773
vt 0.57341 0.95671
vt 0.74551 0.95437
vt 0.57769 0.95211
vt 0.59418 0.95065
vt 0.74923 0.94718
vt 0.58342 0.95274
vt 0.76 0.94728
vt 0.75387 0.94624
vt 0.74668 0.94041
vt 0.25674 0.7511
vt 0.76106 0.94796
vt 0.12421 0.88274
vt 0.60102 0.9495
vt 0.14068 0.883
vt 0.25705 0.75283
vt 0.58303 0.93692
vt 0.57239 0.94246
vt 0.57797 0.94346
vt 0.57595 0.94288
vt 0.25713 0.73496
vt 0.74559 0.93545
vt 0.57472 0.93135
vt 0.59981 0.92732
vt 0.76 0.9329
vt 0.59393 0.9275
vt 0.74935 0.93509
vt 0.57824 0.93281
vt 0.57321 0.92424
vt 0.74921 0.92428
vt 0.57594 0.92954
vt 0.74669 0.92554
vt 0.60145 0.9349
vt 0.60103 0.92516
vt 0.25686 0.71464
vt 0.76103 0.91153
vt 0.74562 0.91549
vt 0.57844 0.92536
vt 0.57238 0.9189
vt 0.58407 0.92014
vt 0.57592 0.9196
vt 0.57457 0.91925
vt 0.74935 0.91293
vt 0.59376 0.91452
vt 0.75985 0.9112
vt 0.74672 0.91205
vt 0.60105 0.89558
vt 0.59905 0.89688
vt 0.58257 0.90873
vt 0.25703 0.70231
vt 0.58871 0.90335
vt 0.60137 0.90165
vt 0.74687 0.90072
vt 0.74572 0.90418
vt 0.57942 0.89629
vt 0.57338 0.89888
vt 0.75995 0.89685
vt 0.75308 0.89825
vt 0.57464 0.89665
vt 0.57599 0.89322
vt 0.57242 0.89441
vt 0.25681 0.69867
vt 0.76103 0.89558
vt 0.59352 0.89418
vt 0.58422 0.88665
vt 0.7468 0.89456
vt 0.74568 0.89338
vt 0.74959 0.88084
vt 0.7599 0.88507
vt 0.5961 0.87724
vt 0.74682 0.88064
vt 0.5779 0.87264
vt 0.25725 0.68136
vt 0.74571 0.87726
vt 0.59319 0.87709
vt 0.58912 0.87958
vt 0.57241 0.87635
vt 0.60145 0.86568
vt 0.59994 0.86543
vt 0.57594 0.87257
vt 0.57463 0.87234
vt 0.75325 0.8721
vt 0.60109 0.87104
vt 0.25701 0.66722
vt 0.7611 0.86417
vt 0.57336 0.86896
vt 0.75994 0.86521
vt 0.58642 0.8651
vt 0.74867 0.85706
vt 0.57597 0.86264
vt 0.25733 0.66266
vt 0.5784 0.86152
vt 0.5747 0.86353
vt 0.7545 0.85585
vt 0.57345 0.83476
vt 0.74673 0.85075
vt 0.74567 0.85373
vt 0.59447 0.84579
vt 0.60145 0.84622
vt 0.60107 0.84254
vt 0.58753 0.84998
vt 0.57603 0.84685
vt 0.75999 0.84097
vt 0.74933 0.83844
vt 0.57834 0.8371
vt 0.57476 0.83607
vt 0.57236 0.83102
vt 0.76115 0.8389
vt 0.74561 0.84026
vt 0.59978 0.8372
vt 0.60158 0.83486
vt 0.75421 0.83119
vt 0.5845 0.82624
vt 0.57602 0.83336
vt 0.60111 0.82532
vt 0.25764 0.64914
vt 0.25695 0.6419
vt 0.25725 0.63488
vt 0.74678 0.81676
vt 0.74566 0.82384
vt 0.59174 0.82695
vt 0.76007 0.82741
vt 0.74928 0.81767
vt 0.60148 0.81998
vt 0.59985 0.82266
vt 0.25697 0.61842
vt 0.76125 0.81544
vt 0.75995 0.81903
vt 0.57604 0.814
vt 0.57335 0.80911
vt 0.59249 0.81647
vt 0.57463 0.81388
vt 0.57235 0.80671
vt 0.25751 0.61768
vt 0.59984 0.81417
vt 0.76013 0.81345
vt 0.74564 0.81185
vt 0.60125 0.81148
vt 0.74695 0.81045
vt 0.60162 0.81169
vt 0.5843 0.8101
vt 0.59664 0.80752
vt 0.76013 0.80783
vt 0.76131 0.8067
vt 0.75697 0.80872
vt 0.59993 0.809
vt 0.60118 0.80819
vt 0.57476 0.80377
vt 0.74662 0.80796
vt 0.7458 0.80632
vt 0.76001 0.80588
vt 0.75704 0.80584
vt 0.60147 0.80644
vt 0.59986 0.80521
vt 0.57616 0.80029
vt 0.80023 0.80504
vt 0.7978 0.8047
vt 0.80067 0.80395
vt 0.00222 0.00734
vt 0.00206 0.00967
vt 0.00158 0.00928
vt 0.00203 0.01646
vt 0.00208 0.03208
vt 0.00152 0.01494
vt 0.0015 0.02587
vt 0.77022 0.80557
vt 0.76837 0.80513
vt 0.77773 0.805
vt 0.74565 0.80538
vt 0.74112 0.80577
vt 0.73219 0.80514
vt 0.74299 0.80519
vt 0.73044 0.80574
vt 0.71109 0.80579
vt 0.69989 0.80516
vt 0.69152 0.80583
vt 0.68362 0.80517
vt 0.65046 0.80596
vt 0.65533 0.80522
vt 0.62828 0.80535
vt 0.62752 0.8061
vt 0.61239 0.806
vt 0.61149 0.80525
vt 0.60276 0.80621
vt 0.60421 0.80543
vt 0.58652 0.79767
vt 0.57342 0.79891
vt 0.7998 0.80307
vt 0.79517 0.80358
vt 0.79095 0.80485
vt 0.78718 0.80365
vt 0.77834 0.80375
vt 0.76478 0.80376
vt 0.76266 0.80521
vt 0.75671 0.80356
vt 0.74813 0.80356
vt 0.7426 0.80375
vt 0.73046 0.80381
vt 0.71241 0.80381
vt 0.69928 0.80376
vt 0.69127 0.80374
vt 0.66067 0.8036
vt 0.65156 0.80369
vt 0.63922 0.80383
vt 0.62394 0.80379
vt 0.60379 0.80384
vt 0.80074 0.80035
vt 0.79991 0.8002
vt 0.79806 0.8004
vt 0.75911 0.80142
vt 0.75088 0.80145
vt 0.74508 0.80216
vt 0.72525 0.79756
vt 0.70775 0.79771
vt 0.69906 0.79551
vt 0.66065 0.7978
vt 0.63737 0.79555
vt 0.62712 0.7954
vt 0.59364 0.79543
vt 0.57873 0.79553
vt 0.57237 0.79555
vt 0.79706 0.79698
vt 0.78437 0.79736
vt 0.7761 0.79545
vt 0.76707 0.79562
vt 0.75809 0.79533
vt 0.74467 0.79695
vt 0.65075 0.79701
vt 0.61212 0.79539
vt 0.57465 0.79615
vt 0.79991 0.79596
vt 0.80076 0.79581
vt 0.68967 0.7955
vt 0.5762 0.79543
vt 0.79796 0.79536
vt 0.74005 0.79527
vt 0.72387 0.79518
vt 0.66124 0.79522
vt 0.65177 0.79526
vt 0.57341 0.79411
vt 0.80065 0.79284
vt 0.79965 0.79361
vt 0.79529 0.79353
vt 0.7769 0.79362
vt 0.75684 0.79361
vt 0.73897 0.79358
vt 0.71716 0.79368
vt 0.69172 0.79373
vt 0.66141 0.79373
vt 0.65091 0.79379
vt 0.63687 0.79381
vt 0.61255 0.79382
vt 0.59201 0.79382
vt 0.57482 0.79394
vt 0.57253 0.79374
vt 0.79682 0.79269
vt 0.78353 0.79272
vt 0.75906 0.79276
vt 0.73598 0.79273
vt 0.7131 0.7929
vt 0.68508 0.79296
vt 0.66021 0.79296
vt 0.64933 0.793
vt 0.63476 0.79311
vt 0.6181 0.79314
vt 0.60026 0.7931
vt 0.58504 0.79321
vt 0.57489 0.79326
vt 0.06029 0.14657
vt 0.0611 0.14909
vt 0.0596 0.14701
vt 0.06133 0.15423
vt 0.06009 0.15464
vt 0.06089 0.15689
vt 0.25032 0.22865
vt 0.2491 0.2286
vt 0.25002 0.2297
vt 0.7621 0.98711
vt 0.25676 0.79053
vt 0.25611 0.78972
vt 0.25716 0.78986
vt 0.21371 0.22966
vt 0.21285 0.22884
vt 0.21244 0.22945
vt 0.19692 0.22836
vt 0.19582 0.22814
vt 0.19624 0.22928
vt 0.19494 0.22953
vt 0.19574 0.23015
vt 0.193 0.22809
vt 0.1925 0.22937
vt 0.19222 0.22829
vt 0.24054 0.22942
vt 0.23075 0.22947
vt 0.22 0.22958
vt 0.21473 0.22883
vt 0.17849 0.22936
vt 0.17553 0.2284
vt 0.16141 0.22822
vt 0.15656 0.22926
vt 0.14814 0.22817
vt 0.12868 0.22909
vt 0.12415 0.22806
vt 0.10292 0.22908
vt 0.09629 0.22808
vt 0.08824 0.22894
vt 0.0706 0.22787
vt 0.06598 0.22887
vt 0.05918 0.22779
vt 0.05314 0.22878
vt 0.05308 0.22768
vt 0.05183 0.22758
vt 0.05214 0.22857
vt 0.08251 0.88303
vt 0.08271 0.8841
vt 0.25742 0.78534
vt 0.0856 0.88409
vt 0.55609 0.8821
vt 0.55511 0.88121
vt 0.55571 0.87071
vt 0.55632 0.87308
vt 0.11663 0.88402
vt 0.55648 0.86002
vt 0.55581 0.85625
vt 0.55636 0.84909
vt 0.25873 0.76313
vt 0.14311 0.88397
vt 0.55563 0.82965
vt 0.55629 0.82873
vt 0.15417 0.88388
vt 0.5561 0.8086
vt 0.2585 0.71371
vt 0.55535 0.80581
vt 0.17818 0.88284
vt 0.17827 0.88379
vt 0.55595 0.80499
vt 0.55603 0.7951
vt 0.5553 0.79433
vt 0.55627 0.791
vt 0.55533 0.77873
vt 0.21877 0.88279
vt 0.55612 0.77187
vt 0.21871 0.88357
vt 0.55537 0.75277
vt 0.2407 0.88283
vt 0.55615 0.74656
vt 0.55585 0.73591
vt 0.55647 0.73634
vt 0.55575 0.7125
vt 0.55635 0.71509
vt 0.2703 0.88279
vt 0.27964 0.88281
vt 0.27593 0.88362
vt 0.25606 0.60972
vt 0.25735 0.61072
vt 0.28358 0.88237
vt 0.28372 0.88355
vt 0.28111 0.88483
vt 0.2569 0.60925
vt 0.28556 0.88242
vt 0.28535 0.88361
vt 0.44595 0.14404
vt 0.44755 0.14401
vt 0.44816 0.14304
vt 0.00314 0.03246
vt 0.00272 0.03791
vt 0.76186 0.80597
vt 0.0032 0.05248
vt 0.00399 0.05368
vt 0.00259 0.05275
vt 0.00205 0.05608
vt 0.00161 0.05452
vt 0.00271 0.0551
vt 0.44872 0.13939
vt 0.4471 0.1423
vt 0.44871 0.13475
vt 0.44657 0.13233
vt 0.44804 0.13178
vt 0.44512 0.13135
vt 0.52388 0.63473
vt 0.52475 0.63341
vt 0.52372 0.6322
vt 0.52765 0.63522
vt 0.53175 0.63417
vt 0.5409 0.63535
vt 0.54618 0.63411
vt 0.56534 0.63542
vt 0.55725 0.63416
vt 0.56813 0.63418
vt 0.58838 0.63544
vt 0.58849 0.63421
vt 0.61197 0.6342
vt 0.61122 0.63544
vt 0.62845 0.6343
vt 0.63921 0.63541
vt 0.64943 0.63429
vt 0.66407 0.63536
vt 0.67608 0.63416
vt 0.67494 0.6352
vt 0.6895 0.63525
vt 0.69782 0.63424
vt 0.70615 0.63524
vt 0.72496 0.63423
vt 0.72398 0.63519
vt 0.73921 0.6351
vt 0.74942 0.63416
vt 0.7493 0.63509
vt 0.75155 0.63448
vt 0.75063 0.63358
vt 0.05727 0.14596
vt 0.05545 0.15748
vt 0.06051 0.1578
vt 0.05589 0.15836
vt 0.05949 0.15846
vt 0.05486 0.15878
vt 0.24935 0.23121
vt 0.25048 0.23363
vt 0.23994 0.23096
vt 0.22964 0.23105
vt 0.22053 0.2315
vt 0.21665 0.23127
vt 0.21269 0.23138
vt 0.25959 0.78838
vt 0.25943 0.78978
vt 0.55632 0.88798
vt 0.55524 0.88813
vt 0.55364 0.88756
vt 0.18799 0.23113
vt 0.17675 0.23122
vt 0.15537 0.23114
vt 0.14514 0.23098
vt 0.1264 0.23084
vt 0.10902 0.23077
vt 0.09181 0.23067
vt 0.08305 0.2305
vt 0.06904 0.23053
vt 0.05858 0.23049
vt 0.05224 0.23047
vt 0.25919 0.78498
vt 0.0867 0.88548
vt 0.08266 0.8861
vt 0.09132 0.88686
vt 0.2594 0.77863
vt 0.09613 0.88631
vt 0.11322 0.88589
vt 0.12289 0.88581
vt 0.26107 0.75193
vt 0.26049 0.73595
vt 0.14356 0.88603
vt 0.26082 0.72661
vt 0.15638 0.88561
vt 0.17651 0.88604
vt 0.26079 0.70819
vt 0.55397 0.80478
vt 0.25974 0.69732
vt 0.19188 0.88552
vt 0.26051 0.68016
vt 0.21219 0.88547
vt 0.224 0.88553
vt 0.26059 0.65869
vt 0.24113 0.88548
vt 0.2531 0.88552
vt 0.25351 0.88288
vt 0.25941 0.63391
vt 0.2682 0.88577
vt 0.25982 0.61864
vt 0.27621 0.88659
vt 0.25947 0.61071
vt 0.28428 0.88598
vt 0.25941 0.60933
vt 0.4414 0.14369
vt 0.44282 0.13774
vt 0.53641 0.63261
vt 0.62854 0.6322
vt 0.66694 0.63256
vt 0.6845 0.63247
vt 0.70551 0.63255
vt 0.7286 0.63282
vt 0.74683 0.63256
vt 0.74956 0.63149
vt 0.05075 0.14658
vt 0.05278 0.15057
vt 0.24967 0.23385
vt 0.24713 0.23439
vt 0.22892 0.23624
vt 0.21649 0.23472
vt 0.21391 0.23474
vt 0.21269 0.23565
vt 0.26436 0.78988
vt 0.54972 0.88831
vt 0.19192 0.23624
vt 0.05788 0.23334
vt 0.0675 0.23666
vt 0.05328 0.23423
vt 0.05215 0.2344
vt 0.08412 0.88853
vt 0.08244 0.89023
vt 0.26428 0.78405
vt 0.26358 0.77957
vt 0.5531 0.87309
vt 0.54829 0.87974
vt 0.55104 0.86837
vt 0.26377 0.77096
vt 0.26376 0.75895
vt 0.12594 0.88946
vt 0.15671 0.88927
vt 0.26389 0.71634
vt 0.16462 0.88928
vt 0.19197 0.88816
vt 0.26448 0.68365
vt 0.21099 0.88919
vt 0.21952 0.88917
vt 0.22863 0.88919
vt 0.26371 0.66435
vt 0.24031 0.88932
vt 0.26394 0.65105
vt 0.26382 0.63611
vt 0.2545 0.88938
vt 0.26205 0.88944
vt 0.26424 0.62046
vt 0.28002 0.88979
vt 0.26446 0.61069
vt 0.26609 0.60912
vt 0.28548 0.88985
vt 0.43917 0.14401
vt 0.54698 0.63001
vt 0.56517 0.62946
vt 0.5895 0.62962
vt 0.61617 0.6294
vt 0.64823 0.62962
vt 0.67163 0.63025
vt 0.68304 0.62977
vt 0.7041 0.63007
vt 0.72105 0.63016
vt 0.73648 0.62984
vt 0.75064 0.6289
vt 0.75162 0.62949
vt 0.05212 0.14588
vt 0.19513 0.23507
vt 0.22102 0.23611
vt 0.26473 0.78823
vt 0.54858 0.88768
vt 0.18148 0.23577
vt 0.16967 0.23761
vt 0.13341 0.23561
vt 0.10105 0.23637
vt 0.09222 0.23588
vt 0.08366 0.23653
vt 0.08401 0.89031
vt 0.09377 0.88995
vt 0.11262 0.88962
vt 0.2659 0.75259
vt 0.55258 0.85444
vt 0.54838 0.85134
vt 0.54731 0.8343
vt 0.26473 0.73299
vt 0.26587 0.70769
vt 0.26426 0.69765
vt 0.54835 0.74334
vt 0.54725 0.74168
vt 0.54982 0.73407
vt 0.54717 0.72375
vt 0.27372 0.88962
vt 0.28421 0.88996
vt 0.01158 0.05682
vt 0.0051 0.05472
vt 0.00844 0.05326
vt 0.52456 0.6251
vt 0.52645 0.62462
vt 0.19569 0.23763
vt 0.24964 0.2375
vt 0.2381 0.24039
vt 0.21386 0.2371
vt 0.21254 0.2373
vt 0.26637 0.78835
vt 0.26629 0.79009
vt 0.18403 0.2408
vt 0.15349 0.24069
vt 0.13621 0.24064
vt 0.11854 0.23887
vt 0.06196 0.23715
vt 0.05338 0.23606
vt 0.05181 0.23565
vt 0.08392 0.89125
vt 0.08212 0.89158
vt 0.08973 0.89097
vt 0.26596 0.78047
vt 0.26602 0.76371
vt 0.11142 0.8908
vt 0.14523 0.89079
vt 0.14315 0.88946
vt 0.26605 0.73358
vt 0.16013 0.89072
vt 0.54836 0.82458
vt 0.54732 0.82552
vt 0.54675 0.82474
vt 0.2661 0.71623
vt 0.18972 0.89066
vt 0.26601 0.69819
vt 0.26607 0.68346
vt 0.21338 0.89064
vt 0.26597 0.67043
vt 0.22595 0.89067
vt 0.26606 0.65118
vt 0.25197 0.89061
vt 0.26603 0.62138
vt 0.26956 0.89067
vt 0.27837 0.8907
vt 0.26639 0.61079
vt 0.54841 0.7138
vt 0.54729 0.71524
vt 0.54678 0.71403
vt 0.28418 0.89102
vt 0.28586 0.89158
vt 0.43459 0.14367
vt 0.43684 0.13857
vt 0.43348 0.13447
vt 0.43441 0.13219
vt 0.43675 0.13114
vt 0.52365 0.62505
vt 0.54102 0.624
vt 0.55213 0.62423
vt 0.56733 0.62449
vt 0.58219 0.62416
vt 0.59442 0.62433
vt 0.61593 0.62422
vt 0.63578 0.62437
vt 0.66514 0.62465
vt 0.68045 0.62489
vt 0.70814 0.62238
vt 0.72126 0.62239
vt 0.74595 0.62564
vt 0.04724 0.14622
vt 0.04664 0.14716
vt 0.04644 0.15117
vt 0.04695 0.15644
vt 0.04782 0.15846
vt 0.0462 0.23714
vt 0.04105 0.23698
vt 0.04089 0.23827
vt 0.03597 0.23689
vt 0.03586 0.23821
vt 0.03017 0.23683
vt 0.03006 0.23832
vt 0.02846 0.23686
vt 0.02824 0.23821
vt 0.96577 0.07934
vt 0.96401 0.07912
vt 0.96369 0.08057
vt 0.96604 0.08065
vt 0.21647 0.23926
vt 0.21297 0.23787
vt 0.2125 0.23898
vt 0.26662 0.79076
vt 0.26741 0.78976
vt 0.26796 0.79085
vt 0.19089 0.23965
vt 0.19607 0.23915
vt 0.18966 0.24054
vt 0.05435 0.23841
vt 0.05076 0.23662
vt 0.05162 0.23835
vt 0.31647 0.08357
vt 0.31742 0.07908
vt 0.31891 0.08119
vt 0.04768 0.23832
vt 0.31822 0.07958
vt 0.96288 0.07974
vt 0.25052 0.23959
vt 0.24746 0.24015
vt 0.21733 0.2402
vt 0.63626 0.8817
vt 0.6376 0.88053
vt 0.63556 0.88095
vt 0.63988 0.88196
vt 0.64043 0.88025
vt 0.64654 0.88087
vt 0.64465 0.88038
vt 0.16617 0.24075
vt 0.10594 0.2404
vt 0.08675 0.24016
vt 0.0742 0.24001
vt 0.05935 0.23956
vt 0.26683 0.78482
vt 0.2666 0.78043
vt 0.95206 0.07943
vt 0.9368 0.07939
vt 0.93542 0.08131
vt 0.93013 0.07934
vt 0.26664 0.75801
vt 0.91328 0.0792
vt 0.91274 0.0806
vt 0.26671 0.72911
vt 0.90007 0.07927
vt 0.90049 0.08101
vt 0.88633 0.07931
vt 0.26679 0.71078
vt 0.87244 0.07935
vt 0.87734 0.08089
vt 0.86179 0.08059
vt 0.26677 0.7036
vt 0.26699 0.70231
vt 0.85553 0.07938
vt 0.26811 0.7016
vt 0.26816 0.6958
vt 0.26708 0.69503
vt 0.26691 0.69381
vt 0.26677 0.68244
vt 0.83616 0.07947
vt 0.26665 0.64046
vt 0.82649 0.07893
vt 0.81559 0.08057
vt 0.82664 0.08053
vt 0.81468 0.079
vt 0.7987 0.0806
vt 0.79284 0.07898
vt 0.79066 0.08059
vt 0.77876 0.079
vt 0.76716 0.08057
vt 0.26677 0.61671
vt 0.76528 0.07906
vt 0.26753 0.60923
vt 0.75842 0.07901
vt 0.7587 0.08062
vt 0.43315 0.1426
vt 0.26681 0.60842
vt 0.26823 0.60842
vt 0.75614 0.07909
vt 0.75631 0.08062
vt 0.43292 0.14131
vt 0.75474 0.07928
vt 0.75453 0.08051
vt 0.69639 0.62233
vt 0.73246 0.6223
vt 0.73648 0.62263
vt 0.02899 0.23891
vt 0.02773 0.24079
vt 0.04632 0.15707
vt 0.04761 0.24083
vt 0.0443 0.2409
vt 0.03866 0.24099
vt 0.03574 0.24273
vt 0.03145 0.24312
vt 0.96577 0.08321
vt 0.21623 0.24068
vt 0.21128 0.24088
vt 0.21075 0.23933
vt 0.20817 0.23917
vt 0.20823 0.24212
vt 0.20343 0.23925
vt 0.20246 0.24207
vt 0.19907 0.23948
vt 0.19825 0.24194
vt 0.1909 0.24114
vt 0.05411 0.24076
vt 0.06005 0.2405
vt 0.0497 0.24044
vt 0.11636 0.24061
vt 0.06065 0.23966
vt 0.94973 0.08302
vt 0.92454 0.08283
vt 0.88479 0.08415
vt 0.50499 0.015
vt 0.50577 0.01377
vt 0.50596 0.01581
vt 0.50728 0.00301
vt 0.50708 0.00371
vt 0.50582 0.0032
vt 0.85737 0.08369
vt 0.50737 0.01585
vt 0.50707 0.01689
vt 0.27376 0.69644
vt 0.02308 0.11947
vt 0.02267 0.11843
vt 0.02402 0.11845
vt 0.02481 0.11905
vt 0.02263 0.11635
vt 0.02415 0.11648
vt 0.0241 0.10783
vt 0.02289 0.10636
vt 0.83938 0.08399
vt 0.82738 0.07967
vt 0.83122 0.08319
vt 0.81673 0.08324
vt 0.79829 0.08361
vt 0.77825 0.08269
vt 0.76658 0.08477
vt 0.75635 0.08253
vt 0.7544 0.08261
vt 0.43358 0.13159
vt 0.52487 0.62295
vt 0.52372 0.62228
vt 0.53286 0.62261
vt 0.54294 0.62254
vt 0.5659 0.62245
vt 0.58367 0.62253
vt 0.61395 0.62238
vt 0.63754 0.62236
vt 0.663 0.62237
vt 0.68053 0.62238
vt 0.04584 0.1468
vt 0.04539 0.14963
vt 0.70546 0.54317
vt 0.70545 0.53801
vt 0.70473 0.54261
vt 0.70471 0.53403
vt 0.70564 0.53428
vt 0.70587 0.53035
vt 0.70492 0.52957
vt 0.05212 0.24191
vt 0.04984 0.24155
vt 0.05067 0.24249
vt 0.04766 0.24252
vt 0.04498 0.24245
vt 0.04092 0.24236
vt 0.03939 0.24255
vt 0.96394 0.08527
vt 0.24985 0.24132
vt 0.24662 0.24129
vt 0.24034 0.24085
vt 0.70599 0.57802
vt 0.70687 0.57235
vt 0.70615 0.57219
vt 0.70697 0.55722
vt 0.70613 0.55437
vt 0.22372 0.24104
vt 0.2206 0.24175
vt 0.21249 0.24194
vt 0.19381 0.24198
vt 0.18312 0.24134
vt 0.18552 0.24197
vt 0.70698 0.52092
vt 0.70615 0.51222
vt 0.7062 0.52304
vt 0.70697 0.51172
vt 0.70611 0.50029
vt 0.70707 0.49199
vt 0.70619 0.48841
vt 0.7062 0.47262
vt 0.70721 0.46263
vt 0.70625 0.45517
vt 0.11711 0.2412
vt 0.10368 0.241
vt 0.10866 0.24195
vt 0.09441 0.24201
vt 0.07614 0.24081
vt 0.08044 0.24189
vt 0.06932 0.24172
vt 0.05738 0.2419
vt 0.92465 0.08717
vt 0.50282 0.01622
vt 0.2699 0.69528
vt 0.02634 0.11819
vt 0.02622 0.11666
vt 0.77702 0.08649
vt 0.7563 0.08503
vt 0.43278 0.13475
vt 0.52493 0.62201
vt 0.53005 0.62185
vt 0.54269 0.62172
vt 0.56544 0.62155
vt 0.59607 0.62158
vt 0.61507 0.62142
vt 0.63711 0.6214
vt 0.66296 0.62133
vt 0.67879 0.62126
vt 0.70504 0.6212
vt 0.73313 0.62121
vt 0.73462 0.62094
vt 0.73871 0.61693
vt 0.74333 0.61818
vt 0.75173 0.61152
vt 0.69509 0.55312
vt 0.69595 0.54073
vt 0.69481 0.54272
vt 0.69479 0.52838
vt 0.69499 0.50897
vt 0.69955 0.49802
vt 0.69507 0.49651
vt 0.70013 0.40387
vt 0.70243 0.39969
vt 0.69831 0.39814
vt 0.69878 0.39531
vt 0.70112 0.39443
vt 0.69984 0.39415
vt 0.50915 0.02799
vt 0.50914 0.02944
vt 0.50851 0.02696
vt 0.5097 0.03041
vt 0.50803 0.03037
vt 0.70484 0.44208
vt 0.70438 0.43332
vt 0.70405 0.44203
vt 0.03914 0.24403
vt 0.95056 0.08725
vt 0.87632 0.08735
vt 0.4979 0.01544
vt 0.2727 0.70224
vt 0.27818 0.69526
vt 0.03104 0.11787
vt 0.03302 0.11865
vt 0.02993 0.11642
vt 0.03187 0.10649
vt 0.02287 0.10555
vt 0.83043 0.08771
vt 0.81677 0.0876
vt 0.02044 0.43581
vt 0.01932 0.43607
vt 0.02038 0.43713
vt 0.01903 0.43719
vt 0.01247 0.43634
vt 0.0117 0.43701
vt 0.66424 0.12471
vt 0.6413 0.12484
vt 0.65279 0.12433
vt 0.6383 0.12435
vt 0.6136 0.1243
vt 0.61148 0.12478
vt 0.59992 0.12495
vt 0.59277 0.12462
vt 0.57541 0.1249
vt 0.54767 0.12514
vt 0.55961 0.12466
vt 0.5455 0.12481
vt 0.5432 0.12478
vt 0.54196 0.12549
vt 0.54276 0.12449
vt 0.01065 0.43621
vt 0.0094 0.43632
vt 0.01013 0.43703
vt 0.00936 0.43767
vt 0.73514 0.61953
vt 0.74949 0.61236
vt 0.50836 0.02058
vt 0.50821 0.02137
vt 0.50562 0.02126
vt 0.50527 0.02269
vt 0.5066 0.02904
vt 0.03017 0.2437
vt 0.03043 0.2479
vt 0.03536 0.24662
vt 0.02876 0.24796
vt 0.02758 0.24789
vt 0.96391 0.08879
vt 0.96577 0.09035
vt 0.96066 0.09036
vt 0.92966 0.09032
vt 0.27228 0.70254
vt 0.27872 0.7016
vt 0.03307 0.10561
vt 0.8676 0.09082
vt 0.83663 0.09039
vt 0.79901 0.09118
vt 0.75915 0.09045
vt 0.75633 0.08826
vt 0.75418 0.08961
vt 0.01902 0.43999
vt 0.01659 0.44039
vt 0.01181 0.43893
vt 0.01012 0.43941
vt 0.50426 0.02668
vt 0.50275 0.0298
vt 0.03911 0.24877
vt 0.89498 0.09108
vt 0.03465 0.11835
vt 0.03424 0.10815
vt 0.81728 0.09133
vt 0.77979 0.09089
vt 0.0199 0.44085
vt 0.01167 0.4424
vt 0.75065 0.6122
vt 0.03421 0.25
vt 0.28564 0.70262
vt 0.28044 0.69639
vt 0.03797 0.11637
vt 0.84996 0.09803
vt 0.75618 0.09319
vt 0.75409 0.09146
vt 0.01956 0.44565
vt 0.02178 0.19581
vt 0.02295 0.19501
vt 0.02392 0.19574
vt 0.02426 0.19393
vt 0.73643 0.61096
vt 0.4979 0.02841
vt 0.49928 0.02957
vt 0.02766 0.25291
vt 0.03916 0.25185
vt 0.03775 0.25152
vt 0.96381 0.09485
vt 0.96568 0.09535
vt 0.96162 0.09678
vt 0.94952 0.09869
vt 0.93561 0.10235
vt 0.92079 0.09708
vt 0.90109 0.09736
vt 0.8899 0.10394
vt 0.03888 0.10563
vt 0.04079 0.1061
vt 0.83083 0.10013
vt 0.80109 0.0979
vt 0.77227 0.09761
vt 0.75443 0.0932
vt 0.01873 0.44947
vt 0.01018 0.45243
vt 0.00954 0.44923
vt 0.73524 0.60795
vt 0.49346 0.0213
vt 0.48975 0.0207
vt 0.03088 0.25581
vt 0.02896 0.2551
vt 0.87123 0.10132
vt 0.81697 0.10231
vt 0.73887 0.60218
vt 0.74961 0.60432
vt 0.02805 0.25765
vt 0.03797 0.25833
vt 0.02696 0.25362
vt 0.29598 0.6965
vt 0.04422 0.11788
vt 0.78349 0.10293
vt 0.75841 0.10744
vt 0.75509 0.09388
vt 0.75508 0.10699
vt 0.4916 0.02972
vt 0.0392 0.25866
vt 0.02717 0.25843
vt 0.96508 0.09611
vt 0.9653 0.10093
vt 0.29226 0.70189
vt 0.0565 0.1165
vt 0.83908 0.1061
vt 0.76752 0.10624
vt 0.7507 0.60399
vt 0.02917 0.2596
vt 0.29807 0.69535
vt 0.2798 0.69493
vt 0.74223 0.59527
vt 0.48048 0.02129
vt 0.02831 0.26048
vt 0.0303 0.26052
vt 0.95345 0.11134
vt 0.91427 0.10908
vt 0.86043 0.10905
vt 0.01505 0.45893
vt 0.4796 0.02891
vt 0.94314 0.10877
vt 0.79855 0.10785
vt 0.75624 0.10798
vt 0.03049 0.27059
vt 0.03573 0.27422
vt 0.02725 0.27138
vt 0.96526 0.11388
vt 0.31604 0.69501
vt 0.07079 0.11824
vt 0.05713 0.10815
vt 0.82553 0.11366
vt 0.06268 0.10606
vt 0.81619 0.11499
vt 0.77955 0.11099
vt 0.75437 0.10801
vt 0.74954 0.58314
vt 0.7517 0.58614
vt 0.47353 0.02982
vt 0.03819 0.27331
vt 0.03926 0.27468
vt 0.96104 0.12182
vt 0.88758 0.11351
vt 0.30439 0.7018
vt 0.31641 0.70266
vt 0.79195 0.11378
vt 0.77495 0.11712
vt 0.02829 0.27323
vt 0.87498 0.11847
vt 0.07153 0.11783
vt 0.84408 0.11628
vt 0.76568 0.12005
vt 0.00958 0.47226
vt 0.73531 0.58493
vt 0.94132 0.12021
vt 0.90546 0.12282
vt 0.07219 0.11132
vt 0.85327 0.12147
vt 0.83009 0.12319
vt 0.80382 0.1196
vt 0.01615 0.47168
vt 0.0102 0.47802
vt 0.73644 0.58372
vt 0.75069 0.58236
vt 0.92385 0.12122
vt 0.31393 0.69665
vt 0.78466 0.119
vt 0.7563 0.12025
vt 0.75437 0.12388
vt 0.01966 0.47186
vt 0.03057 0.27642
vt 0.73854 0.57949
vt 0.46315 0.02132
vt 0.02724 0.27931
vt 0.88845 0.12316
vt 0.31433 0.69538
vt 0.06913 0.11643
vt 0.75938 0.12209
vt 0.45774 0.02082
vt 0.46227 0.02862
vt 0.02835 0.27989
vt 0.96537 0.12182
vt 0.8086 0.12574
vt 0.03824 0.28668
vt 0.03036 0.27968
vt 0.96521 0.12669
vt 0.9517 0.12832
vt 0.07308 0.10677
vt 0.79161 0.12807
vt 0.01922 0.48203
vt 0.74254 0.57078
vt 0.86222 0.13053
vt 0.81646 0.13054
vt 0.02917 0.28041
vt 0.02903 0.28445
vt 0.02711 0.28417
vt 0.92367 0.13038
vt 0.77592 0.13605
vt 0.75626 0.13144
vt 0.45449 0.02963
vt 0.0278 0.28698
vt 0.03934 0.29158
vt 0.03149 0.28923
vt 0.895 0.13043
vt 0.88396 0.1313
vt 0.32592 0.70179
vt 0.32774 0.69661
vt 0.32657 0.69541
vt 0.83931 0.12979
vt 0.01923 0.49943
vt 0.96591 0.12949
vt 0.9651 0.13283
vt 0.94336 0.13528
vt 0.3239 0.70269
vt 0.08374 0.11645
vt 0.08402 0.10601
vt 0.76727 0.13728
vt 0.03579 0.2894
vt 0.95789 0.1381
vt 0.89797 0.1414
vt 0.0867 0.10907
vt 0.8276 0.13493
vt 0.80097 0.13334
vt 0.76262 0.13718
vt 0.03041 0.29358
vt 0.02885 0.29446
vt 0.93363 0.14195
vt 0.78562 0.14005
vt 0.75427 0.14152
vt 0.74956 0.55721
vt 0.44744 0.02132
vt 0.02768 0.30049
vt 0.96598 0.14299
vt 0.91855 0.13979
vt 0.88082 0.14407
vt 0.85558 0.14442
vt 0.83587 0.14408
vt 0.82131 0.1476
vt 0.8097 0.1437
vt 0.79433 0.14579
vt 0.01022 0.4958
vt 0.00962 0.50308
vt 0.73536 0.55411
vt 0.75077 0.5618
vt 0.75175 0.56239
vt 0.44114 0.02839
vt 0.96515 0.14539
vt 0.96141 0.14727
vt 0.34327 0.70275
vt 0.09756 0.11771
vt 0.09394 0.11085
vt 0.03064 0.3029
vt 0.0383 0.30429
vt 0.03669 0.30227
vt 0.03181 0.30299
vt 0.90773 0.1539
vt 0.34297 0.69664
vt 0.09807 0.11638
vt 0.01584 0.50808
vt 0.73649 0.55336
vt 0.02882 0.30232
vt 0.3434 0.69514
vt 0.09808 0.11817
vt 0.09595 0.10798
vt 0.09577 0.10597
vt 0.75628 0.15551
vt 0.73866 0.55568
vt 0.9412 0.15287
vt 0.9212 0.15854
vt 0.86618 0.15023
vt 0.84499 0.15716
vt 0.42767 0.02128
vt 0.43434 0.02966
vt 0.02767 0.30771
vt 0.03936 0.30947
vt 0.96584 0.1502
vt 0.96491 0.15131
vt 0.77011 0.15332
vt 0.78247 0.15912
vt 0.42687 0.02074
vt 0.0317 0.31448
vt 0.0358 0.3152
vt 0.02888 0.30793
vt 0.95358 0.15198
vt 0.01022 0.5148
vt 0.41486 0.02645
vt 0.03059 0.31557
vt 0.87516 0.16225
vt 0.11056 0.11793
vt 0.96121 0.16006
vt 0.11217 0.11756
vt 0.11348 0.11649
vt 0.10437 0.10592
vt 0.80164 0.15852
vt 0.76188 0.16137
vt 0.75077 0.54103
vt 0.75173 0.54086
vt 0.02761 0.31703
vt 0.96576 0.1595
vt 0.89306 0.16249
vt 0.11618 0.11166
vt 0.8309 0.16378
vt 0.75628 0.16794
vt 0.75425 0.16073
vt 0.02879 0.31632
vt 0.94972 0.16192
vt 0.35825 0.69659
vt 0.73896 0.54735
vt 0.41669 0.02986
vt 0.03833 0.32293
vt 0.03935 0.32514
vt 0.96505 0.15883
vt 0.96391 0.16004
vt 0.933 0.1654
vt 0.35855 0.70299
vt 0.35591 0.69505
vt 0.81025 0.16564
vt 0.74957 0.53924
vt 0.77205 0.17255
vt 0.41623 0.02125
vt 0.0315 0.32247
vt 0.81887 0.16955
vt 0.78972 0.16977
vt 0.02887 0.32457
vt 0.96392 0.1697
vt 0.94705 0.17506
vt 0.9029 0.17218
vt 0.8588 0.16873
vt 0.12014 0.1066
vt 0.00963 0.52851
vt 0.73545 0.5287
vt 0.73664 0.52763
vt 0.02778 0.3252
vt 0.03628 0.3274
vt 0.96574 0.16766
vt 0.13229 0.11786
vt 0.7543 0.17079
vt 0.01021 0.53198
vt 0.03032 0.33723
vt 0.92599 0.17521
vt 0.88429 0.1786
vt 0.8391 0.17526
vt 0.01942 0.51442
vt 0.01943 0.53353
vt 0.96138 0.19664
vt 0.95531 0.18066
vt 0.37768 0.69513
vt 0.13498 0.11638
vt 0.1337 0.1116
vt 0.13483 0.10572
vt 0.03825 0.33671
vt 0.03146 0.33758
vt 0.37648 0.69664
vt 0.8019 0.18025
vt 0.77967 0.18313
vt 0.75625 0.17807
vt 0.40452 0.02982
vt 0.93973 0.18766
vt 0.82493 0.17935
vt 0.74961 0.52532
vt 0.39123 0.0208
vt 0.02776 0.33841
vt 0.03936 0.33595
vt 0.96572 0.18085
vt 0.87052 0.18069
vt 0.37862 0.70307
vt 0.13441 0.11752
vt 0.85472 0.18262
vt 0.81579 0.19517
vt 0.76077 0.19384
vt 0.75081 0.52421
vt 0.96385 0.18383
vt 0.13832 0.10673
vt 0.74341 0.51891
vt 0.75177 0.52415
vt 0.02887 0.33895
vt 0.90863 0.18743
vt 0.88996 0.18626
vt 0.38761 0.70307
vt 0.83047 0.19045
vt 0.03933 0.34279
vt 0.89647 0.19066
vt 0.86098 0.19378
vt 0.38822 0.69523
vt 0.78552 0.19132
vt 0.77069 0.19322
vt 0.75624 0.18996
vt 0.37144 0.02126
vt 0.02887 0.3461
vt 0.03022 0.34507
vt 0.02779 0.3442
vt 0.03812 0.34354
vt 0.0315 0.34484
vt 0.96567 0.18662
vt 0.92566 0.1912
vt 0.38693 0.69668
vt 0.37981 0.69483
vt 0.7634 0.19625
vt 0.75425 0.19109
vt 0.0096 0.54105
vt 0.73544 0.51617
vt 0.87617 0.19434
vt 0.15795 0.11631
vt 0.84403 0.19695
vt 0.73656 0.51134
vt 0.74242 0.50083
vt 0.96388 0.19751
vt 0.94688 0.20091
vt 0.39882 0.695
vt 0.15338 0.11746
vt 0.15966 0.10652
vt 0.79454 0.19727
vt 0.03824 0.36155
vt 0.9295 0.20244
vt 0.16027 0.11188
vt 0.80412 0.20418
vt 0.01024 0.55862
vt 0.02775 0.35424
vt 0.96569 0.19664
vt 0.88422 0.20161
vt 0.74957 0.5018
vt 0.7518 0.50319
vt 0.36897 0.02648
vt 0.39682 0.0299
vt 0.37538 0.02991
vt 0.03928 0.36183
vt 0.03622 0.36397
vt 0.95724 0.20465
vt 0.40718 0.69684
vt 0.75084 0.50358
vt 0.37277 0.02079
vt 0.03132 0.36216
vt 0.40746 0.69536
vt 0.36047 0.02985
vt 0.03003 0.36181
vt 0.90874 0.20355
vt 0.89614 0.20756
vt 0.16238 0.10559
vt 0.77986 0.20646
vt 0.75422 0.20697
vt 0.86844 0.20758
vt 0.40737 0.7032
vt 0.85311 0.20787
vt 0.8329 0.21047
vt 0.75628 0.20477
vt 0.01941 0.554
vt 0.01483 0.56121
vt 0.02769 0.36682
vt 0.96571 0.20917
vt 0.95111 0.21557
vt 0.76913 0.21032
vt 0.73663 0.49767
vt 0.96426 0.20622
vt 0.91145 0.21398
vt 0.75939 0.21187
vt 0.01153 0.57475
vt 0.0097 0.56379
vt 0.7355 0.49344
vt 0.02876 0.37224
vt 0.93631 0.21632
vt 0.4161 0.69505
vt 0.17062 0.11739
vt 0.78973 0.21527
vt 0.17732 0.10805
vt 0.76399 0.21451
vt 0.96513 0.21297
vt 0.94563 0.23256
vt 0.88736 0.21836
vt 0.17073 0.11632
vt 0.17822 0.10551
vt 0.75631 0.21634
vt 0.03029 0.37308
vt 0.03823 0.37813
vt 0.92553 0.22257
vt 0.4225 0.69758
vt 0.42105 0.70336
vt 0.81317 0.22048
vt 0.77616 0.218
vt 0.75177 0.4852
vt 0.36084 0.02086
vt 0.03624 0.37734
vt 0.03156 0.37386
vt 0.85311 0.22011
vt 0.73681 0.48947
vt 0.74962 0.48628
vt 0.02767 0.37301
vt 0.03928 0.3751
vt 0.96584 0.21535
vt 0.85931 0.23055
vt 0.7925 0.22572
vt 0.01954 0.56642
vt 0.01028 0.57995
vt 0.34856 0.02131
vt 0.89654 0.23015
vt 0.87559 0.22209
vt 0.42516 0.69537
vt 0.18049 0.11636
vt 0.17954 0.11239
vt 0.83947 0.22145
vt 0.82395 0.23077
vt 0.75083 0.46883
vt 0.9578 0.23441
vt 0.42754 0.69501
vt 0.18203 0.11734
vt 0.76812 0.22522
vt 0.75427 0.22617
vt 0.02986 0.39092
vt 0.0276 0.38403
vt 0.96572 0.22633
vt 0.965 0.22561
vt 0.76014 0.22774
vt 0.01487 0.58532
vt 0.00973 0.58288
vt 0.73554 0.47438
vt 0.96141 0.23563
vt 0.91042 0.23013
vt 0.74233 0.47738
vt 0.73664 0.47695
vt 0.0288 0.38358
vt 0.76408 0.23837
vt 0.8805 0.23112
vt 0.77559 0.23162
vt 0.01963 0.58327
vt 0.03922 0.39504
vt 0.96456 0.2296
vt 0.92804 0.23948
vt 0.45622 0.70344
vt 0.83983 0.23746
vt 0.0277 0.38993
vt 0.0382 0.39773
vt 0.96578 0.23222
vt 0.44572 0.69555
vt 0.20407 0.10782
vt 0.79277 0.24128
vt 0.75623 0.23872
vt 0.32789 0.02097
vt 0.03415 0.39442
vt 0.03107 0.39418
vt 0.89351 0.24161
vt 0.8664 0.24098
vt 0.20284 0.11629
vt 0.80368 0.24044
vt 0.74965 0.4656
vt 0.31902 0.02861
vt 0.33805 0.02991
vt 0.02887 0.39193
vt 0.96504 0.23358
vt 0.73675 0.46659
vt 0.33055 0.02137
vt 0.31702 0.02596
vt 0.78196 0.24329
vt 0.75184 0.45662
vt 0.45625 0.69877
vt 0.76936 0.24149
vt 0.96491 0.24333
vt 0.94178 0.24281
vt 0.91103 0.24777
vt 0.88166 0.24462
vt 0.2127 0.1055
vt 0.20256 0.10541
vt 0.76015 0.24859
vt 0.75424 0.24724
vt 0.02781 0.40117
vt 0.96578 0.24341
vt 0.84722 0.24844
vt 0.81388 0.24688
vt 0.02893 0.40165
vt 0.03599 0.4014
vt 0.03336 0.40091
vt 0.03093 0.40164
vt 0.2145 0.11133
vt 0.74382 0.45472
vt 0.96501 0.2461
vt 0.95445 0.25234
vt 0.77061 0.2529
vt 0.75625 0.24923
vt 0.00975 0.61725
vt 0.7355 0.44004
vt 0.74817 0.45723
vt 0.02776 0.41167
vt 0.02697 0.40386
vt 0.92965 0.25439
vt 0.88812 0.25715
vt 0.46152 0.69555
vt 0.22905 0.11631
vt 0.79601 0.25847
vt 0.01952 0.60047
vt 0.01025 0.61034
vt 0.03146 0.41578
vt 0.94443 0.25535
vt 0.81215 0.25562
vt 0.73661 0.44433
vt 0.30613 0.02131
vt 0.03811 0.42009
vt 0.90279 0.25751
vt 0.82959 0.25924
vt 0.96058 0.26001
vt 0.47359 0.6952
vt 0.22799 0.11736
vt 0.78498 0.25997
vt 0.75946 0.26527
vt 0.86819 0.25869
vt 0.01952 0.61788
vt 0.01218 0.61596
vt 0.02988 0.41465
vt 0.02874 0.41635
vt 0.96589 0.25388
vt 0.965 0.25912
vt 0.34921 0.79391
vt 0.34789 0.79292
vt 0.34928 0.79248
vt 0.30342 0.02994
vt 0.03914 0.42583
vt 0.03613 0.42165
vt 0.84813 0.26392
vt 0.77581 0.26315
vt 0.75625 0.26801
vt 0.75415 0.27144
vt 0.02767 0.41986
vt 0.96574 0.26205
vt 0.95098 0.26398
vt 0.48058 0.69586
vt 0.768 0.26554
vt 0.92478 0.26398
vt 0.90371 0.26652
vt 0.88746 0.26886
vt 0.46246 0.70374
vt 0.48213 0.7032
vt 0.33442 0.79241
vt 0.8355 0.27279
vt 0.81147 0.26558
vt 0.74969 0.436
vt 0.02887 0.42399
vt 0.03127 0.42274
vt 0.9642 0.26507
vt 0.96377 0.26775
vt 0.94219 0.27178
vt 0.86601 0.27069
vt 0.48433 0.70371
vt 0.48266 0.69967
vt 0.23223 0.10703
vt 0.23452 0.10528
vt 0.75078 0.42772
vt 0.29676 0.02086
vt 0.95852 0.27661
vt 0.02776 0.42411
vt 0.9657 0.26628
vt 0.93032 0.27491
vt 0.31861 0.79283
vt 0.81888 0.2763
vt 0.76196 0.28259
vt 0.73688 0.43471
vt 0.28517 0.02599
vt 0.28116 0.02872
vt 0.03805 0.43066
vt 0.80069 0.27587
vt 0.78963 0.27918
vt 0.7786 0.27815
vt 0.01954 0.62684
vt 0.01213 0.63352
vt 0.75172 0.42024
vt 0.02773 0.43075
vt 0.03125 0.43171
vt 0.96571 0.2729
vt 0.8515 0.2789
vt 0.25416 0.11429
vt 0.02976 0.43206
vt 0.02881 0.43255
vt 0.90922 0.27757
vt 0.87346 0.28329
vt 0.49854 0.69537
vt 0.25289 0.11737
vt 0.96383 0.28072
vt 0.89195 0.2824
vt 0.25579 0.11641
vt 0.25044 0.10524
vt 0.24745 0.10819
vt 0.0103 0.63997
vt 0.28156 0.02129
vt 0.91507 0.28314
vt 0.76937 0.28279
vt 0.01493 0.65025
vt 0.73647 0.422
vt 0.7497 0.41269
vt 0.28064 0.03003
vt 0.03809 0.43969
vt 0.03909 0.44609
vt 0.03385 0.43725
vt 0.75623 0.28744
vt 0.02896 0.44943
vt 0.02787 0.44344
vt 0.96571 0.28554
vt 0.94726 0.29081
vt 0.50868 0.70332
vt 0.50325 0.69595
vt 0.31413 0.79236
vt 0.26883 0.0209
vt 0.93028 0.28789
vt 0.32102 0.80027
vt 0.32003 0.79993
vt 0.32121 0.79884
vt 0.82713 0.28801
vt 0.75414 0.28721
vt 0.00978 0.64348
vt 0.73548 0.41383
vt 0.03368 0.44585
vt 0.03067 0.44608
vt 0.86091 0.2952
vt 0.79377 0.29384
vt 0.81028 0.2946
vt 0.95865 0.28866
vt 0.88383 0.29345
vt 0.5111 0.70374
vt 0.84196 0.29184
vt 0.84691 0.2991
vt 0.74362 0.40712
vt 0.96385 0.28824
vt 0.93659 0.29915
vt 0.2982 0.79742
vt 0.27506 0.56382
vt 0.28796 0.54163
vt 0.29295 0.5593
vt 0.90897 0.29414
vt 0.29808 0.79987
vt 0.76302 0.30536
vt 0.76228 0.29292
vt 0.03803 0.45473
vt 0.89385 0.29854
vt 0.27558 0.10516
vt 0.77645 0.29789
vt 0.75399 0.28908
vt 0.25058 0.19443
vt 0.25179 0.19363
vt 0.25274 0.1943
vt 0.2527 0.19268
vt 0.02792 0.45709
vt 0.96572 0.29914
vt 0.5119 0.69937
vt 0.26659 0.10792
vt 0.82132 0.30101
vt 0.75399 0.29094
vt 0.01947 0.65035
vt 0.73677 0.40207
vt 0.03333 0.45786
vt 0.96057 0.29323
vt 0.29868 0.7923
vt 0.75625 0.2947
vt 0.75398 0.29261
vt 0.25489 0.1943
vt 0.25578 0.19363
vt 0.25684 0.19431
vt 0.2568 0.19267
vt 0.96382 0.30243
vt 0.87117 0.30493
vt 0.7541 0.29448
vt 0.75082 0.40486
vt 0.94314 0.30811
vt 0.92283 0.30016
vt 0.90672 0.30419
vt 0.26905 0.11468
vt 0.83452 0.30714
vt 0.75882 0.30533
vt 0.02895 0.45904
vt 0.03078 0.46611
vt 0.95851 0.31495
vt 0.28975 0.79273
vt 0.7518 0.39949
vt 0.25627 0.02132
vt 0.24751 0.02646
vt 0.52202 0.69628
vt 0.25627 0.02982
vt 0.03803 0.46423
vt 0.95126 0.30967
vt 0.88884 0.31281
vt 0.8464 0.31553
vt 0.81503 0.31461
vt 0.7932 0.30757
vt 0.75626 0.31296
vt 0.03385 0.46548
vt 0.53588 0.70386
vt 0.29007 0.11639
vt 0.78164 0.30719
vt 0.75416 0.31041
vt 0.25903 0.19445
vt 0.25975 0.19363
vt 0.28045 0.19363
vt 0.27746 0.19459
vt 0.02884 0.46584
vt 0.02774 0.4658
vt 0.03908 0.46777
vt 0.96576 0.30781
vt 0.52288 0.7034
vt 0.54001 0.69555
vt 0.28289 0.79231
vt 0.29426 0.11738
vt 0.28991 0.11448
vt 0.01035 0.67749
vt 0.00982 0.67113
vt 0.73549 0.38622
vt 0.74598 0.38856
vt 0.96171 0.31907
vt 0.9142 0.31528
vt 0.93135 0.31785
vt 0.87758 0.31543
vt 0.53797 0.70338
vt 0.53863 0.6994
vt 0.53874 0.69606
vt 0.29068 0.1078
vt 0.76969 0.31419
vt 0.85995 0.31741
vt 0.76242 0.31787
vt 0.01948 0.67969
vt 0.75082 0.37043
vt 0.23249 0.02085
vt 0.96377 0.31537
vt 0.90106 0.32259
vt 0.02784 0.47381
vt 0.02894 0.47324
vt 0.03489 0.47699
vt 0.96573 0.31579
vt 0.79717 0.31978
vt 0.73678 0.38267
vt 0.2406 0.02352
vt 0.03904 0.47792
vt 0.03808 0.47774
vt 0.27241 0.79279
vt 0.83291 0.32091
vt 0.75404 0.31397
vt 0.28159 0.19435
vt 0.28157 0.19255
vt 0.91825 0.32554
vt 0.88748 0.32771
vt 0.28025 0.7974
vt 0.27426 0.79996
vt 0.77785 0.32098
vt 0.74967 0.37827
vt 0.03105 0.4852
vt 0.94449 0.32374
vt 0.29215 0.10514
vt 0.7541 0.32098
vt 0.81071 0.32435
vt 0.79059 0.32486
vt 0.76754 0.32555
vt 0.7563 0.32197
vt 0.95036 0.3303
vt 0.87333 0.3281
vt 0.85654 0.32597
vt 0.27018 0.79238
vt 0.96388 0.32842
vt 0.30313 0.11429
vt 0.82318 0.32971
vt 0.75422 0.32427
vt 0.75317 0.32181
vt 0.01608 0.69193
vt 0.01041 0.69985
vt 0.75174 0.36831
vt 0.02874 0.48497
vt 0.55009 0.70401
vt 0.80002 0.33265
vt 0.74323 0.37423
vt 0.22299 0.02128
vt 0.2277 0.02958
vt 0.24485 0.02989
vt 0.03592 0.49195
vt 0.93572 0.33452
vt 0.55368 0.70372
vt 0.55169 0.69596
vt 0.30821 0.10765
vt 0.83885 0.33373
vt 0.75312 0.33058
vt 0.02754 0.4913
vt 0.96575 0.33323
vt 0.5539 0.69953
vt 0.30834 0.10535
vt 0.75622 0.33279
vt 0.03902 0.49317
vt 0.03801 0.49295
vt 0.92149 0.3362
vt 0.87377 0.33739
vt 0.85683 0.33421
vt 0.78523 0.33303
vt 0.76051 0.3337
vt 0.75416 0.33422
vt 0.03016 0.49383
vt 0.02861 0.49394
vt 0.95557 0.34678
vt 0.89321 0.33926
vt 0.31091 0.11637
vt 0.73669 0.36412
vt 0.03136 0.49426
vt 0.96126 0.34976
vt 0.77519 0.33715
vt 0.7679 0.34503
vt 0.906 0.34437
vt 0.80194 0.34075
vt 0.82232 0.34341
vt 0.7852 0.34369
vt 0.02749 0.50179
vt 0.96575 0.34369
vt 0.94674 0.34915
vt 0.93853 0.35292
vt 0.88254 0.345
vt 0.85826 0.35504
vt 0.56604 0.69648
vt 0.31788 0.1145
vt 0.84723 0.34214
vt 0.74964 0.36085
vt 0.93009 0.34879
vt 0.575 0.69558
vt 0.32923 0.11744
vt 0.00984 0.70286
vt 0.73555 0.35453
vt 0.03599 0.50677
vt 0.9639 0.34236
vt 0.76607 0.35922
vt 0.203 0.02592
vt 0.02992 0.50823
vt 0.03897 0.51208
vt 0.32379 0.10797
vt 0.75212 0.367
vt 0.75212 0.35447
vt 0.20641 0.02961
vt 0.03796 0.51346
vt 0.03127 0.50407
vt 0.84075 0.35323
vt 0.80602 0.35075
vt 0.75625 0.35655
vt 0.01946 0.70808
vt 0.2073 0.02089
vt 0.19626 0.0214
vt 0.89486 0.35933
vt 0.88739 0.35478
vt 0.33977 0.47656
vt 0.35495 0.47058
vt 0.35524 0.48734
vt 0.87134 0.35515
vt 0.57771 0.69768
vt 0.79115 0.35485
vt 0.75418 0.35623
vt 0.75319 0.34842
vt 0.02861 0.51029
vt 0.02749 0.51059
vt 0.9639 0.35209
vt 0.96578 0.35247
vt 0.35595 0.1062
vt 0.3564 0.10536
vt 0.73689 0.35091
vt 0.74966 0.33883
vt 0.7509 0.35476
vt 0.57856 0.70376
vt 0.33877 0.11462
vt 0.92334 0.35807
vt 0.57853 0.69592
vt 0.33567 0.11637
vt 0.82438 0.36009
vt 0.77984 0.36312
vt 0.90722 0.36188
vt 0.77064 0.3638
vt 0.01034 0.71344
vt 0.96365 0.35599
vt 0.95724 0.37913
vt 0.03103 0.52772
vt 0.9465 0.36669
vt 0.79418 0.36544
vt 0.76211 0.36703
vt 0.02859 0.52101
vt 0.02745 0.5183
vt 0.96575 0.36017
vt 0.96396 0.36025
vt 0.75091 0.33574
vt 0.02973 0.52911
vt 0.03891 0.53447
vt 0.34146 0.10791
vt 0.85048 0.37182
vt 0.35525 0.5335
vt 0.37409 0.52413
vt 0.37084 0.54201
vt 0.80649 0.37047
vt 0.75179 0.33382
vt 0.16471 0.02132
vt 0.96034 0.37619
vt 0.96252 0.36494
vt 0.92599 0.37081
vt 0.58891 0.70379
vt 0.75313 0.36891
vt 0.18125 0.02962
vt 0.03601 0.53132
vt 0.60205 0.69594
vt 0.83682 0.37148
vt 0.7563 0.37114
vt 0.7368 0.32828
vt 0.88414 0.37563
vt 0.86496 0.37533
vt 0.6023 0.69789
vt 0.35334 0.11462
vt 0.75421 0.37245
vt 0.8963 0.37693
vt 0.35654 0.10801
vt 0.02853 0.53266
vt 0.02743 0.5339
vt 0.96501 0.36083
vt 0.96592 0.37573
vt 0.93228 0.37905
vt 0.60058 0.69564
vt 0.35479 0.11744
vt 0.78399 0.37521
vt 0.00981 0.72882
vt 0.73554 0.32859
vt 0.03793 0.53692
vt 0.60212 0.70384
vt 0.35453 0.11634
vt 0.81601 0.38159
vt 0.01945 0.72793
vt 0.01038 0.72848
vt 0.16397 0.0208
vt 0.15571 0.02772
vt 0.96513 0.38139
vt 0.91059 0.38572
vt 0.7705 0.38103
vt 0.7644 0.3847
vt 0.75312 0.37622
vt 0.94561 0.38372
vt 0.84483 0.38657
vt 0.79355 0.379
vt 0.74316 0.32459
vt 0.87203 0.3909
vt 0.83441 0.39393
vt 0.75978 0.38785
vt 0.03028 0.5407
vt 0.03163 0.54035
vt 0.79812 0.39123
vt 0.0175 0.74149
vt 0.03593 0.54085
vt 0.7758 0.39268
vt 0.78458 0.39298
vt 0.02836 0.54231
vt 0.02715 0.54518
vt 0.96587 0.38697
vt 0.61555 0.70388
vt 0.75623 0.38817
vt 0.75297 0.38944
vt 0.74846 0.3151
vt 0.74965 0.3156
vt 0.95374 0.40407
vt 0.85645 0.38919
vt 0.61702 0.69603
vt 0.37123 0.11793
vt 0.37573 0.11758
vt 0.75412 0.39062
vt 0.01031 0.74156
vt 0.00969 0.74279
vt 0.73546 0.31464
vt 0.73659 0.31676
vt 0.03888 0.54791
vt 0.93961 0.39985
vt 0.92913 0.39607
vt 0.61679 0.69745
vt 0.37262 0.11619
vt 0.75089 0.31862
vt 0.75184 0.31763
vt 0.16616 0.02934
vt 0.03593 0.54936
vt 0.89589 0.39756
vt 0.88459 0.39559
vt 0.37313 0.10781
vt 0.37599 0.10541
vt 0.03012 0.5493
vt 0.03244 0.54937
vt 0.02829 0.54939
vt 0.03793 0.55251
vt 0.76688 0.40674
vt 0.96502 0.39986
vt 0.85619 0.40442
vt 0.91249 0.39881
vt 0.37664 0.1062
vt 0.8198 0.40455
vt 0.01933 0.75649
vt 0.96707 0.39116
vt 0.96585 0.39699
vt 0.01033 0.75719
vt 0.15274 0.02926
vt 0.03879 0.55985
vt 0.96095 0.40456
vt 0.63071 0.7039
vt 0.6313 0.69602
vt 0.38551 0.11792
vt 0.39054 0.10777
vt 0.82965 0.40412
vt 0.80234 0.41226
vt 0.75182 0.28517
vt 0.02828 0.55601
vt 0.96708 0.39776
vt 0.73667 0.29802
vt 0.96586 0.40284
vt 0.79445 0.40474
vt 0.75298 0.41069
vt 0.75093 0.28575
vt 0.13957 0.02135
vt 0.13953 0.02638
vt 0.03368 0.57457
vt 0.39181 0.11632
vt 0.78151 0.40752
vt 0.76256 0.41353
vt 0.00968 0.76118
vt 0.7355 0.29627
vt 0.03251 0.56481
vt 0.02827 0.56174
vt 0.96708 0.40347
vt 0.03589 0.56698
vt 0.93107 0.41179
vt 0.91864 0.4103
vt 0.88408 0.41526
vt 0.64108 0.69735
vt 0.75628 0.41305
vt 0.74782 0.29213
vt 0.13345 0.02082
vt 0.14299 0.02934
vt 0.03781 0.56671
vt 0.96519 0.41256
vt 0.40124 0.11497
vt 0.83835 0.41245
vt 0.75411 0.41573
vt 0.01558 0.77305
vt 0.03879 0.56855
vt 0.9493 0.4118
vt 0.86848 0.41188
vt 0.01937 0.77233
vt 0.03017 0.57691
vt 0.90462 0.41614
vt 0.81263 0.41333
vt 0.74967 0.29053
vt 0.96597 0.41351
vt 0.94302 0.42183
vt 0.64506 0.70394
vt 0.40012 0.11751
vt 0.79015 0.41829
vt 0.41644 0.57951
vt 0.43739 0.57596
vt 0.42109 0.58728
vt 0.02821 0.57313
vt 0.02705 0.57179
vt 0.81946 0.42272
vt 0.76986 0.41945
vt 0.96153 0.43128
vt 0.01021 0.77111
vt 0.7426 0.28507
vt 0.4152 0.10651
vt 0.7795 0.4217
vt 0.73663 0.28098
vt 0.02702 0.57738
vt 0.96602 0.41908
vt 0.92758 0.42604
vt 0.88857 0.42385
vt 0.86349 0.42609
vt 0.41687 0.11636
vt 0.41562 0.10533
vt 0.75623 0.42091
vt 0.00969 0.77116
vt 0.73537 0.28631
vt 0.96515 0.42954
vt 0.95496 0.42374
vt 0.84753 0.42654
vt 0.41641 0.11076
vt 0.83274 0.4282
vt 0.7617 0.43263
vt 0.02819 0.58476
vt 0.93742 0.43293
vt 0.42188 0.11795
vt 0.76518 0.43684
vt 0.1168 0.0293
vt 0.03578 0.5901
vt 0.88905 0.43579
vt 0.66703 0.70395
vt 0.66612 0.69748
vt 0.66768 0.69598
vt 0.75298 0.42863
vt 0.01033 0.7768
vt 0.00965 0.77658
vt 0.73547 0.28088
vt 0.03008 0.5866
vt 0.02698 0.5845
vt 0.03873 0.59191
vt 0.03781 0.59401
vt 0.96597 0.42618
vt 0.90987 0.42927
vt 0.80572 0.4341
vt 0.77062 0.43471
vt 0.74847 0.27108
vt 0.74966 0.268
vt 0.7819 0.43635
vt 0.00975 0.77838
vt 0.87633 0.43704
vt 0.01937 0.79552
vt 0.73527 0.27909
vt 0.10331 0.02641
vt 0.1092 0.02134
vt 0.42132 0.11753
vt 0.75411 0.43427
vt 0.75624 0.43442
vt 0.01024 0.78158
vt 0.00973 0.78142
vt 0.73528 0.27605
vt 0.96011 0.44358
vt 0.95587 0.44463
vt 0.90744 0.43684
vt 0.83545 0.44045
vt 0.73547 0.27421
vt 0.11095 0.02078
vt 0.03003 0.59454
vt 0.03562 0.59408
vt 0.02806 0.59591
vt 0.02688 0.59375
vt 0.96606 0.43541
vt 0.94628 0.43915
vt 0.92746 0.44364
vt 0.85036 0.43774
vt 0.74467 0.26359
vt 0.75088 0.26893
vt 0.8639 0.44308
vt 0.4364 0.11616
vt 0.43643 0.10786
vt 0.01042 0.79487
vt 0.75183 0.26319
vt 0.43604 0.10557
vt 0.01615 0.79436
vt 0.73674 0.26406
vt 0.02693 0.60078
vt 0.96626 0.44241
vt 0.96547 0.44446
vt 0.90767 0.44661
vt 0.67884 0.69764
vt 0.68007 0.69653
vt 0.4357 0.1108
vt 0.82015 0.44653
vt 0.75616 0.4434
vt 0.75295 0.44109
vt 0.00965 0.78327
vt 0.09742 0.0293
vt 0.0328 0.60588
vt 0.03576 0.6086
vt 0.03443 0.60711
vt 0.67466 0.7038
vt 0.79112 0.44824
vt 0.79997 0.44058
vt 0.75406 0.44221
vt 0.03868 0.60921
vt 0.94934 0.45437
vt 0.94221 0.4543
vt 0.84877 0.45406
vt 0.43617 0.11765
vt 0.78166 0.45397
vt 0.87638 0.45492
vt 0.76382 0.46213
vt 0.75303 0.45419
vt 0.02998 0.6185
vt 0.88557 0.45337
vt 0.68276 0.70295
vt 0.68452 0.69613
vt 0.43873 0.1181
vt 0.83292 0.45819
vt 0.80781 0.45291
vt 0.77222 0.457
vt 0.028 0.6106
vt 0.02692 0.60962
vt 0.03771 0.60887
vt 0.96621 0.45123
vt 0.96292 0.45679
vt 0.95676 0.46332
vt 0.74825 0.24477
vt 0.08275 0.02139
vt 0.93479 0.46579
vt 0.92352 0.45938
vt 0.73663 0.24621
vt 0.08215 0.02087
vt 0.81516 0.46282
vt 0.75617 0.46297
vt 0.90392 0.45787
vt 0.70035 0.70174
vt 0.69936 0.69774
vt 0.45117 0.11619
vt 0.45023 0.11077
vt 0.01043 0.81421
vt 0.03764 0.61955
vt 0.69896 0.70375
vt 0.45427 0.10673
vt 0.03357 0.61968
vt 0.02692 0.61963
vt 0.03571 0.61976
vt 0.96615 0.46122
vt 0.96538 0.46626
vt 0.8627 0.46357
vt 0.46257 0.11768
vt 0.79052 0.46395
vt 0.75413 0.45914
vt 0.01941 0.81317
vt 0.7509 0.23362
vt 0.08256 0.02928
vt 0.03861 0.62247
vt 0.45838 0.10559
vt 0.02803 0.62219
vt 0.88446 0.46487
vt 0.71025 0.69657
vt 0.79804 0.47207
vt 0.00973 0.82358
vt 0.7354 0.23388
vt 0.71198 0.69617
vt 0.46621 0.1182
vt 0.74007 0.23699
vt 0.7496 0.23532
vt 0.75183 0.23152
vt 0.84567 0.46993
vt 0.75417 0.4692
vt 0.75311 0.47039
vt 0.02812 0.62899
vt 0.92339 0.47342
vt 0.90734 0.46871
vt 0.89306 0.47295
vt 0.82852 0.47205
vt 0.73668 0.23354
vt 0.03157 0.62951
vt 0.02705 0.62928
vt 0.03764 0.63189
vt 0.03563 0.63312
vt 0.96616 0.47084
vt 0.96124 0.4762
vt 0.94763 0.47449
vt 0.8699 0.47046
vt 0.46436 0.1112
vt 0.01877 0.82204
vt 0.01975 0.82489
vt 0.06789 0.02086
vt 0.75614 0.47715
vt 0.01044 0.82322
vt 0.0487 0.02141
vt 0.81715 0.47641
vt 0.06513 0.02551
vt 0.03108 0.63722
vt 0.03853 0.63387
vt 0.96541 0.47694
vt 0.88437 0.48465
vt 0.85627 0.47955
vt 0.7644 0.47749
vt 0.01046 0.83729
vt 0.74414 0.22589
vt 0.06979 0.02953
vt 0.93938 0.47932
vt 0.87275 0.48823
vt 0.71707 0.70376
vt 0.71572 0.70299
vt 0.7169 0.69772
vt 0.4749 0.1075
vt 0.4708 0.11629
vt 0.78796 0.48175
vt 0.7786 0.48003
vt 0.02709 0.63883
vt 0.9662 0.48037
vt 0.47634 0.10569
vt 0.81108 0.48734
vt 0.75417 0.47706
vt 0.0188 0.84888
vt 0.0281 0.64197
vt 0.91339 0.48152
vt 0.92471 0.48939
vt 0.50641 0.46589
vt 0.49754 0.48351
vt 0.48166 0.47807
vt 0.50679 0.50089
vt 0.48945 0.49744
vt 0.84023 0.48405
vt 0.74967 0.21812
vt 0.93631 0.49028
vt 0.8973 0.48912
vt 0.83157 0.49234
vt 0.7707 0.48453
vt 0.75418 0.48532
vt 0.47123 0.19623
vt 0.46354 0.19506
vt 0.48081 0.19641
vt 0.49672 0.46214
vt 0.50595 0.4479
vt 0.75901 0.49979
vt 0.48008 0.19542
vt 0.73666 0.216
vt 0.75092 0.2166
vt 0.03099 0.6487
vt 0.03742 0.6504
vt 0.73185 0.70289
vt 0.48651 0.11629
vt 0.82189 0.49395
vt 0.75624 0.49014
vt 0.96537 0.49198
vt 0.94658 0.49556
vt 0.90897 0.4926
vt 0.73311 0.69619
vt 0.4778 0.11202
vt 0.48647 0.11768
vt 0.00974 0.84224
vt 0.73535 0.21518
vt 0.75183 0.21588
vt 0.02695 0.65155
vt 0.96619 0.49306
vt 0.73529 0.70374
vt 0.73166 0.69784
vt 0.84915 0.4939
vt 0.77936 0.49201
vt 0.51137 0.59081
vt 0.4999 0.58396
vt 0.51359 0.57494
vt 0.03547 0.65108
vt 0.49715 0.10734
vt 0.79059 0.49446
vt 0.48976 0.19569
vt 0.95552 0.49465
vt 0.48736 0.11827
vt 0.01975 0.85169
vt 0.0279 0.6537
vt 0.03839 0.65463
vt 0.76624 0.49711
vt 0.77362 0.50417
vt 0.7542 0.49646
vt 0.75311 0.49301
vt 0.04652 0.02948
vt 0.0297 0.65553
vt 0.03242 0.6582
vt 0.48896 0.10571
vt 0.0121 0.84418
vt 0.04333 0.0209
vt 0.03718 0.6575
vt 0.96402 0.50434
vt 0.7434 0.70201
vt 0.4991 0.10591
vt 0.80414 0.49907
vt 0.75629 0.49953
vt 0.01058 0.85407
vt 0.74958 0.20784
vt 0.75087 0.2006
vt 0.02668 0.65641
vt 0.0356 0.65812
vt 0.96591 0.49791
vt 0.96502 0.50368
vt 0.92399 0.5015
vt 0.89793 0.50285
vt 0.74436 0.70373
vt 0.74353 0.69768
vt 0.49683 0.11838
vt 0.49636 0.11775
vt 0.49707 0.11496
vt 0.01694 0.85674
vt 0.73666 0.20366
vt 0.04127 0.0286
vt 0.04232 0.02943
vt 0.03809 0.65838
vt 0.02777 0.66329
vt 0.87261 0.50235
vt 0.85406 0.50451
vt 0.74257 0.69624
vt 0.48682 0.10525
vt 0.49894 0.10523
vt 0.75305 0.50614
vt 0.00979 0.85692
vt 0.73526 0.20046
vt 0.75216 0.19772
vt 0.03831 0.02144
vt 0.02953 0.66398
vt 0.96703 0.50479
vt 0.96574 0.50447
vt 0.96052 0.5067
vt 0.49958 0.1165
vt 0.84219 0.50311
vt 0.5152 0.55525
vt 0.52912 0.54219
vt 0.53013 0.55675
vt 0.75418 0.50433
vt 0.03708 0.02874
vt 0.03876 0.02992
vt 0.03659 0.66101
vt 0.03733 0.66155
vt 0.03493 0.66217
vt 0.94129 0.5052
vt 0.83262 0.50514
vt 0.80958 0.50556
vt 0.79305 0.50726
vt 0.03305 0.02071
vt 0.03672 0.02994
vt 0.03735 0.66336
vt 0.03126 0.66533
vt 0.93053 0.50899
vt 0.89538 0.51102
vt 0.74755 0.69646
vt 0.50291 0.11852
vt 0.82025 0.50882
vt 0.77619 0.50684
vt 0.01925 0.85741
vt 0.02011 0.85804
vt 0.74962 0.19844
vt 0.03453 0.02144
vt 0.03272 0.02604
vt 0.0326 0.02956
vt 0.0386 0.6629
vt 0.03735 0.66528
vt 0.03867 0.66691
vt 0.03493 0.66699
vt 0.96385 0.50877
vt 0.75055 0.70369
vt 0.74864 0.69614
vt 0.5045 0.1081
vt 0.7587 0.50849
vt 0.75634 0.50612
vt 0.01057 0.85791
vt 0.73651 0.19637
vt 0.31904 0.31438
vt 0.34613 0.31425
vt 0.35249 0.31462
vt 0.32178 0.31476
vt 0.37265 0.31408
vt 0.37162 0.31449
vt 0.38919 0.31402
vt 0.39437 0.31444
vt 0.40526 0.31381
vt 0.4125 0.31423
vt 0.0325 0.02131
vt 0.28957 0.31464
vt 0.30253 0.31595
vt 0.27565 0.31541
vt 0.32221 0.316
vt 0.35243 0.31589
vt 0.36011 0.31583
vt 0.376 0.31582
vt 0.39389 0.31573
vt 0.39695 0.31609
vt 0.41267 0.31486
vt 0.03242 0.02262
vt 0.41383 0.31411
vt 0.41407 0.31527
vt 0.36144 0.31861
vt 0.38765 0.3185
vt 0.03735 0.66668
vt 0.03822 0.66778
vt 0.94196 0.51138
vt 0.88457 0.51094
vt 0.85844 0.51028
vt 0.506 0.11609
vt 0.51016 0.10506
vt 0.50577 0.11798
vt 0.83657 0.51203
vt 0.75431 0.51143
vt 0.02044 0.86067
vt 0.01942 0.8595
vt 0.01658 0.86048
vt 0.01298 0.86038
vt 0.22298 0.85773
vt 0.2101 0.85892
vt 0.19242 0.85784
vt 0.18584 0.85958
vt 0.17147 0.85798
vt 0.16925 0.86074
vt 0.16154 0.858
vt 0.1604 0.86151
vt 0.15407 0.858
vt 0.14976 0.86191
vt 0.13628 0.85809
vt 0.13461 0.86206
vt 0.12463 0.85811
vt 0.1246 0.86145
vt 0.11654 0.86039
vt 0.11607 0.85804
vt 0.01216 0.85971
vt 0.25051 0.85689
vt 0.24411 0.85592
vt 0.26564 0.85659
vt 0.24079 0.85722
vt 0.22535 0.85643
vt 0.20912 0.85647
vt 0.17797 0.85662
vt 0.16166 0.85672
vt 0.1301 0.85682
vt 0.11754 0.85669
vt 0.11031 0.85668
vt 0.11182 0.85774
vt 0.01053 0.85941
vt 0.01076 0.86041
vt 0.22649 0.85598
vt 0.19206 0.8561
vt 0.16518 0.85621
vt 0.13504 0.85631
vt 0.11502 0.85631
vt 0.00981 0.85968
vt 0.73482 0.19764
vt 0.20286 0.31461
vt 0.20789 0.31427
vt 0.20386 0.3154
vt 0.21628 0.3151
vt 0.2272 0.31412
vt 0.23356 0.31498
vt 0.24749 0.314
vt 0.25167 0.31486
vt 0.27328 0.31481
vt 0.27613 0.31394
vt 0.29384 0.31398
vt 0.32374 0.31391
vt 0.02107 0.22054
vt 0.02109 0.21446
vt 0.02152 0.22209
vt 0.02161 0.21483
vt 0.03177 0.02109
vt 0.02275 0.21419
vt 0.20358 0.31688
vt 0.21496 0.31662
vt 0.2267 0.31673
vt 0.23405 0.31649
vt 0.25013 0.31637
vt 0.2585 0.31645
vt 0.27224 0.31658
vt 0.2027 0.31979
vt 0.20349 0.31971
vt 0.20717 0.32004
vt 0.21701 0.32018
vt 0.22771 0.32188
vt 0.23914 0.32277
vt 0.28708 0.31709
vt 0.33983 0.32145
vt 0.40906 0.31742
vt 0.41268 0.31894
vt 0.41376 0.31619
vt 0.03152 0.0233
vt 0.23277 0.32596
vt 0.25463 0.32285
vt 0.26678 0.3242
vt 0.29147 0.32464
vt 0.30341 0.3245
vt 0.3514 0.32201
vt 0.36211 0.32243
vt 0.37715 0.32251
vt 0.39955 0.32195
vt 0.40543 0.31985
vt 0.03112 0.02951
vt 0.41397 0.32223
vt 0.20276 0.32495
vt 0.20363 0.32301
vt 0.21311 0.32335
vt 0.24631 0.32305
vt 0.2785 0.32476
vt 0.32264 0.32451
vt 0.34913 0.3245
vt 0.41242 0.32242
vt 0.20304 0.32542
vt 0.20532 0.32486
vt 0.21435 0.32592
vt 0.22552 0.32598
vt 0.2426 0.32551
vt 0.24417 0.32474
vt 0.25589 0.32449
vt 0.26163 0.32576
vt 0.37236 0.3244
vt 0.39273 0.3243
vt 0.40386 0.32379
vt 0.40849 0.32338
vt 0.4124 0.32323
vt 0.03199 0.03041
vt 0.03084 0.03038
vt 0.41405 0.32311
vt 0.03256 0.66896
vt 0.02906 0.67147
vt 0.96577 0.51201
vt 0.20635 0.32583
vt 0.27883 0.32574
vt 0.29956 0.3257
vt 0.33558 0.32558
vt 0.35605 0.32553
vt 0.37364 0.32546
vt 0.3854 0.32548
vt 0.3941 0.32526
vt 0.95589 0.51096
vt 0.92061 0.51138
vt 0.02846 0.01565
vt 0.02476 0.01659
vt 0.02124 0.01458
vt 0.02141 0.01605
vt 0.75441 0.70327
vt 0.75418 0.6966
vt 0.50844 0.11902
vt 0.50994 0.11083
vt 0.50989 0.1059
vt 0.81536 0.51178
vt 0.79107 0.51167
vt 0.75638 0.51215
vt 0.3196 0.86654
vt 0.3153 0.86726
vt 0.31656 0.86623
vt 0.28827 0.86736
vt 0.29018 0.86639
vt 0.28026 0.86713
vt 0.27542 0.86618
vt 0.27637 0.8669
vt 0.26981 0.86678
vt 0.26539 0.86705
vt 0.25295 0.8674
vt 0.26074 0.86642
vt 0.24054 0.86631
vt 0.22929 0.86737
vt 0.22628 0.86628
vt 0.21035 0.86741
vt 0.21142 0.86629
vt 0.19187 0.86644
vt 0.17618 0.86757
vt 0.17649 0.8664
vt 0.16242 0.86744
vt 0.16263 0.86633
vt 0.14614 0.86638
vt 0.14544 0.86751
vt 0.13502 0.86739
vt 0.13408 0.86629
vt 0.12382 0.86687
vt 0.12183 0.86606
vt 0.31884 0.8642
vt 0.31976 0.86375
vt 0.30933 0.86434
vt 0.29473 0.86431
vt 0.28501 0.86449
vt 0.27668 0.8647
vt 0.26885 0.86455
vt 0.25796 0.86437
vt 0.24024 0.86439
vt 0.23283 0.86444
vt 0.22545 0.86444
vt 0.21852 0.86437
vt 0.21071 0.86444
vt 0.18893 0.86456
vt 0.17487 0.86449
vt 0.16208 0.86468
vt 0.14729 0.86481
vt 0.1349 0.86455
vt 0.12226 0.8644
vt 0.11815 0.86578
vt 0.11308 0.86463
vt 0.11215 0.8656
vt 0.10963 0.86493
vt 0.01962 0.86087
vt 0.31888 0.86006
vt 0.31387 0.85798
vt 0.2806 0.86205
vt 0.26795 0.86214
vt 0.11395 0.8607
vt 0.10978 0.8627
vt 0.10849 0.8648
vt 0.10857 0.86206
vt 0.31982 0.85858
vt 0.30766 0.8578
vt 0.29879 0.85766
vt 0.28988 0.85777
vt 0.27279 0.85824
vt 0.26709 0.86013
vt 0.23086 0.85875
vt 0.10959 0.85831
vt 0.10865 0.85883
vt 0.31884 0.85798
vt 0.28414 0.85631
vt 0.31962 0.8556
vt 0.3185 0.8564
vt 0.30842 0.85629
vt 0.28966 0.8562
vt 0.26684 0.85616
vt 0.27355 0.85634
vt 0.10939 0.85695
vt 0.3162 0.85545
vt 0.29711 0.85543
vt 0.27874 0.85536
vt 0.27776 0.85602
vt 0.2635 0.85534
vt 0.25366 0.85598
vt 0.24171 0.85544
vt 0.72829 0.197
vt 0.73348 0.19664
vt 0.72504 0.19662
vt 0.10991 0.85586
vt 0.10831 0.8563
vt 0.61661 0.19692
vt 0.64815 0.19649
vt 0.60136 0.1964
vt 0.65111 0.19701
vt 0.67624 0.19659
vt 0.678 0.19712
vt 0.70436 0.19665
vt 0.70822 0.19717
vt 0.73508 0.1966
vt 0.74395 0.19118
vt 0.66241 0.8663
vt 0.66314 0.86697
vt 0.66375 0.86586
vt 0.66216 0.87143
vt 0.66308 0.87425
vt 0.6627 0.87654
vt 0.03214 0.67156
vt 0.02788 0.67203
vt 0.96707 0.51357
vt 0.66269 0.87706
vt 0.66349 0.87743
vt 0.21081 0.66963
vt 0.20497 0.67043
vt 0.21281 0.67062
vt 0.2535 0.32526
vt 0.19998 0.66933
vt 0.19738 0.67027
vt 0.19182 0.66934
vt 0.19238 0.67002
vt 0.40303 0.32441
vt 0.40154 0.32578
vt 0.39895 0.32647
vt 0.05148 0.6707
vt 0.04979 0.66952
vt 0.0475 0.67063
vt 0.40566 0.3243
vt 0.04715 0.66973
vt 0.04421 0.66908
vt 0.04467 0.67056
vt 0.04252 0.67025
vt 0.04027 0.66914
vt 0.03866 0.66873
vt 0.03841 0.67011
vt 0.96339 0.51285
vt 0.24999 0.67014
vt 0.24665 0.67002
vt 0.2501 0.67093
vt 0.24712 0.6709
vt 0.23873 0.66992
vt 0.23458 0.67088
vt 0.23281 0.32647
vt 0.2205 0.67031
vt 0.21925 0.67095
vt 0.21553 0.67143
vt 0.18386 0.66974
vt 0.18387 0.67035
vt 0.19083 0.67056
vt 0.26957 0.32629
vt 0.17151 0.67032
vt 0.30149 0.32623
vt 0.15188 0.66994
vt 0.14438 0.67052
vt 0.33655 0.32612
vt 0.11675 0.66998
vt 0.11607 0.67057
vt 0.36116 0.32607
vt 0.09207 0.67024
vt 0.08737 0.67082
vt 0.3772 0.32603
vt 0.07598 0.6702
vt 0.06249 0.67088
vt 0.39249 0.32597
vt 0.06061 0.67028
vt 0.05417 0.67109
vt 0.05233 0.67131
vt 0.50863 0.11803
vt 0.50998 0.11585
vt 0.51 0.10812
vt 0.77362 0.51401
vt 0.7565 0.51392
vt 0.52367 0.00031
vt 0.52291 0.0053
vt 0.52271 0.00149
vt 0.52231 0.00493
vt 0.5215 0.01855
vt 0.52208 0.01907
vt 0.52177 0.0292
vt 0.52097 0.02792
vt 0.52111 0.03372
vt 0.51964 0.05411
vt 0.51903 0.06054
vt 0.51835 0.06128
vt 0.51793 0.07852
vt 0.51715 0.08041
vt 0.51683 0.099
vt 0.51572 0.10612
vt 0.51574 0.11871
vt 0.51478 0.12302
vt 0.51517 0.13283
vt 0.51415 0.13556
vt 0.51414 0.15228
vt 0.51317 0.15403
vt 0.51375 0.16712
vt 0.51218 0.17103
vt 0.42965 0.63151
vt 0.42912 0.6327
vt 0.42839 0.6302
vt 0.43001 0.63428
vt 0.10776 0.8652
vt 0.10881 0.8657
vt 0.75308 0.51354
vt 0.4293 0.63681
vt 0.42997 0.63943
vt 0.42848 0.64171
vt 0.4295 0.64232
vt 0.42812 0.64259
vt 0.5238 0.19549
vt 0.52518 0.19489
vt 0.52367 0.19425
vt 0.52718 0.19584
vt 0.54624 0.19621
vt 0.54225 0.19518
vt 0.55699 0.19524
vt 0.56457 0.19635
vt 0.57508 0.19516
vt 0.57976 0.19627
vt 0.5862 0.19516
vt 0.60014 0.1952
vt 0.6121 0.19521
vt 0.63428 0.19525
vt 0.65675 0.19526
vt 0.68203 0.19529
vt 0.69744 0.19536
vt 0.70814 0.19533
vt 0.72005 0.19532
vt 0.72823 0.19524
vt 0.73374 0.19517
vt 0.74969 0.18896
vt 0.75183 0.18446
vt 0.02924 0.67291
vt 0.03264 0.67229
vt 0.96612 0.51408
vt 0.02736 0.67285
vt 0.04223 0.67278
vt 0.04649 0.67218
vt 0.04022 0.67332
vt 0.0368 0.67242
vt 0.96346 0.51372
vt 0.24907 0.67213
vt 0.21318 0.67235
vt 0.20957 0.67202
vt 0.20998 0.67332
vt 0.21174 0.67333
vt 0.20697 0.67319
vt 0.20447 0.67195
vt 0.20149 0.67305
vt 0.19687 0.67182
vt 0.39802 0.78146
vt 0.39674 0.77731
vt 0.39824 0.7789
vt 0.39825 0.77699
vt 0.1948 0.67194
vt 0.1917 0.67133
vt 0.0509 0.67213
vt 0.05033 0.67349
vt 0.05155 0.67263
vt 0.22036 0.67243
vt 0.39807 0.79081
vt 0.39828 0.7892
vt 0.39996 0.79042
vt 0.39988 0.78926
vt 0.39879 0.77924
vt 0.17395 0.67131
vt 0.14916 0.6716
vt 0.13294 0.67156
vt 0.11523 0.67161
vt 0.08529 0.67189
vt 0.06759 0.67182
vt 0.05585 0.67222
vt 0.40036 0.78629
vt 0.40597 0.78427
vt 0.95748 0.51447
vt 0.40469 0.78942
vt 0.40591 0.79057
vt 0.40655 0.77752
vt 0.40055 0.77622
vt 0.40611 0.77651
vt 0.4142 0.7894
vt 0.9537 0.51485
vt 0.41563 0.783
vt 0.41527 0.77669
vt 0.42889 0.78942
vt 0.93067 0.51492
vt 0.42916 0.79066
vt 0.43752 0.78063
vt 0.44308 0.77763
vt 0.44105 0.77685
vt 0.44322 0.78956
vt 0.91786 0.51492
vt 0.44208 0.79067
vt 0.4468 0.78176
vt 0.46185 0.78961
vt 0.90609 0.51497
vt 0.45686 0.77775
vt 0.47153 0.78112
vt 0.46606 0.77699
vt 0.4741 0.79082
vt 0.8964 0.51494
vt 0.47453 0.78972
vt 0.48042 0.77782
vt 0.88742 0.51502
vt 0.4833 0.78018
vt 0.48329 0.78972
vt 0.48458 0.77694
vt 0.49117 0.78475
vt 0.49549 0.79085
vt 0.49031 0.78979
vt 0.4913 0.77769
vt 0.86788 0.51491
vt 0.49408 0.77682
vt 0.49395 0.78976
vt 0.49401 0.78219
vt 0.49401 0.77789
vt 0.49588 0.78966
vt 0.49576 0.7847
vt 0.49578 0.77995
vt 0.49599 0.77768
vt 0.4959 0.77682
vt 0.49701 0.78952
vt 0.49723 0.79081
vt 0.49667 0.78471
vt 0.49665 0.77816
vt 0.02072 0.00347
vt 0.01984 0.00399
vt 0.01938 0.00336
vt 0.85936 0.51503
vt 0.75614 0.69641
vt 0.75623 0.70351
vt 0.84556 0.51497
vt 0.51003 0.11801
vt 0.51039 0.11905
vt 0.3711 0.68763
vt 0.37145 0.68662
vt 0.37272 0.68763
vt 0.37259 0.68662
vt 0.37169 0.6845
vt 0.37175 0.67954
vt 0.37257 0.67787
vt 0.37172 0.67686
vt 0.37156 0.67467
vt 0.37274 0.67464
vt 0.37132 0.67386
vt 0.37251 0.67392
vt 0.3746 0.68673
vt 0.37469 0.68098
vt 0.38328 0.68765
vt 0.37922 0.67399
vt 0.38153 0.68657
vt 0.38121 0.67982
vt 0.38003 0.67487
vt 0.39152 0.67405
vt 0.39579 0.67811
vt 0.83559 0.5149
vt 0.83425 0.51401
vt 0.40043 0.68649
vt 0.40443 0.67828
vt 0.40663 0.67481
vt 0.80305 0.51402
vt 0.42465 0.68746
vt 0.4185 0.67796
vt 0.42673 0.6739
vt 0.42656 0.68637
vt 0.42735 0.67475
vt 0.42816 0.67819
vt 0.79307 0.51399
vt 0.45259 0.67447
vt 0.44361 0.68743
vt 0.44558 0.68625
vt 0.44752 0.67367
vt 0.45617 0.68622
vt 0.46167 0.68045
vt 0.46015 0.68735
vt 0.46121 0.67359
vt 0.46087 0.68618
vt 0.46277 0.67437
vt 0.46622 0.68621
vt 0.46623 0.6842
vt 0.46797 0.67329
vt 0.46639 0.68734
vt 0.46628 0.68101
vt 0.46614 0.67418
vt 0.46816 0.68613
vt 0.46827 0.68763
vt 0.4681 0.68423
vt 0.46799 0.68082
vt 0.46817 0.67417
vt 0.52336 0.03306
vt 0.52351 0.03448
vt 0.52236 0.03436
vt 0.52342 0.03592
vt 0.52357 0.03778
vt 0.52231 0.03819
vt 0.4694 0.68378
vt 0.46951 0.67704
vt 0.46929 0.67317
vt 0.51563 0.16995
vt 0.51469 0.17177
vt 0.51393 0.17743
vt 0.51479 0.17957
vt 0.51159 0.17744
vt 0.75407 0.51407
vt 0.51402 0.1897
vt 0.51441 0.19523
vt 0.51327 0.19133
vt 0.51337 0.19628
vt 0.51434 0.19687
vt 0.52457 0.19308
vt 0.53865 0.1935
vt 0.55024 0.19135
vt 0.5868 0.19094
vt 0.62949 0.19218
vt 0.67439 0.19051
vt 0.6631 0.18976
vt 0.67104 0.86579
vt 0.67044 0.87692
vt 0.66847 0.87807
vt 0.10229 0.84504
vt 0.10317 0.84319
vt 0.10341 0.84647
vt 0.03588 0.67348
vt 0.10169 0.84121
vt 0.10292 0.83733
vt 0.03155 0.67364
vt 0.10138 0.83735
vt 0.10014 0.83543
vt 0.10118 0.83539
vt 0.10309 0.83533
vt 0.02773 0.67386
vt 0.10127 0.83408
vt 0.96575 0.51513
vt 0.96404 0.5153
vt 0.10294 0.83379
vt 0.25012 0.67537
vt 0.24474 0.67729
vt 0.19587 0.6729
vt 0.19515 0.67364
vt 0.05766 0.88806
vt 0.05661 0.88819
vt 0.05658 0.88752
vt 0.19195 0.67642
vt 0.19037 0.67696
vt 0.04852 0.6738
vt 0.1052 0.85308
vt 0.10434 0.85217
vt 0.10544 0.84983
vt 0.04491 0.67387
vt 0.10392 0.84898
vt 0.04205 0.67387
vt 0.10512 0.84514
vt 0.10544 0.8377
vt 0.22939 0.6771
vt 0.21529 0.67484
vt 0.21355 0.67491
vt 0.21217 0.67443
vt 0.75635 0.7908
vt 0.75648 0.78913
vt 0.75767 0.79064
vt 0.75763 0.78927
vt 0.39805 0.78644
vt 0.39895 0.78852
vt 0.17216 0.67535
vt 0.09857 0.67594
vt 0.05833 0.67382
vt 0.05295 0.67468
vt 0.05147 0.67478
vt 0.04967 0.67435
vt 0.10542 0.85473
vt 0.10713 0.85459
vt 0.10722 0.85308
vt 0.10731 0.85102
vt 0.10863 0.84221
vt 0.95972 0.51547
vt 0.10724 0.83368
vt 0.11063 0.85458
vt 0.11007 0.85312
vt 0.11392 0.8374
vt 0.11256 0.83535
vt 0.7568 0.78392
vt 0.75755 0.78588
vt 0.1144 0.84258
vt 0.10938 0.83256
vt 0.11184 0.83353
vt 0.11492 0.85304
vt 0.11549 0.85463
vt 0.11452 0.85035
vt 0.11319 0.83269
vt 0.75731 0.77929
vt 0.12246 0.84993
vt 0.12068 0.84238
vt 0.12105 0.85444
vt 0.1231 0.85299
vt 0.1302 0.8335
vt 0.41498 0.77592
vt 0.41628 0.77549
vt 0.42912 0.776
vt 0.13098 0.83525
vt 0.13205 0.85443
vt 0.13134 0.85296
vt 0.13122 0.84551
vt 0.13258 0.84051
vt 0.13576 0.83756
vt 0.75693 0.76343
vt 0.13625 0.8325
vt 0.75732 0.75505
vt 0.75778 0.761
vt 0.14322 0.84588
vt 0.13809 0.83523
vt 0.14006 0.83345
vt 0.14297 0.85289
vt 0.05684 0.8602
vt 0.05634 0.87154
vt 0.05633 0.84872
vt 0.07632 0.38054
vt 0.07729 0.37976
vt 0.08875 0.37976
vt 0.0914 0.3805
vt 0.14353 0.85441
vt 0.14692 0.84145
vt 0.16151 0.85112
vt 0.15197 0.83712
vt 0.05676 0.84785
vt 0.15334 0.83519
vt 0.14908 0.83247
vt 0.75684 0.75204
vt 0.14689 0.85432
vt 0.15153 0.8334
vt 0.16073 0.84505
vt 0.16693 0.85277
vt 0.75732 0.73316
vt 0.75776 0.73736
vt 0.16732 0.84004
vt 0.16152 0.83333
vt 0.16089 0.83241
vt 0.16592 0.85437
vt 0.16755 0.83712
vt 0.16821 0.83505
vt 0.75684 0.72386
vt 0.18151 0.85075
vt 0.17016 0.8333
vt 0.17059 0.83236
vt 0.11083 0.38048
vt 0.11111 0.37971
vt 0.12039 0.37957
vt 0.1752 0.85421
vt 0.18417 0.84562
vt 0.18197 0.83712
vt 0.17942 0.83499
vt 0.17959 0.83224
vt 0.18007 0.83321
vt 0.13119 0.38044
vt 0.18488 0.85271
vt 0.18417 0.84163
vt 0.7576 0.71507
vt 0.13244 0.37958
vt 0.18727 0.85414
vt 0.19857 0.84428
vt 0.19484 0.83494
vt 0.75679 0.705
vt 0.19692 0.83694
vt 0.14972 0.38044
vt 0.19679 0.85073
vt 0.19918 0.83213
vt 0.20489 0.84091
vt 0.19858 0.83313
vt 0.75729 0.70244
vt 0.75908 0.70094
vt 0.15304 0.37959
vt 0.20789 0.85404
vt 0.20374 0.83487
vt 0.21518 0.85256
vt 0.2154 0.85055
vt 0.2122 0.84498
vt 0.20634 0.83309
vt 0.21343 0.83696
vt 0.20771 0.83208
vt 0.16283 0.38044
vt 0.75769 0.69206
vt 0.22532 0.84067
vt 0.2189 0.83305
vt 0.75652 0.69498
vt 0.16802 0.37956
vt 0.2229 0.85398
vt 0.22236 0.8348
vt 0.22155 0.83204
vt 0.22594 0.84687
vt 0.75673 0.68565
vt 0.75731 0.68511
vt 0.23061 0.84416
vt 0.23062 0.83711
vt 0.22514 0.833
vt 0.17903 0.38044
vt 0.23106 0.84996
vt 0.22998 0.8525
vt 0.23158 0.832
vt 0.23234 0.83295
vt 0.75732 0.67105
vt 0.18593 0.37971
vt 0.24084 0.85396
vt 0.23259 0.83474
vt 0.24473 0.84157
vt 0.24149 0.83712
vt 0.1871 0.38057
vt 0.24592 0.84576
vt 0.24558 0.85241
vt 0.7572 0.65389
vt 0.18974 0.3798
vt 0.24465 0.85395
vt 0.83472 0.51566
vt 0.80835 0.51562
vt 0.2588 0.83289
vt 0.25293 0.83705
vt 0.75667 0.64916
vt 0.26031 0.84548
vt 0.25484 0.83466
vt 0.26642 0.85238
vt 0.26129 0.83693
vt 0.26203 0.8413
vt 0.2699 0.85387
vt 0.26814 0.84487
vt 0.27744 0.83454
vt 0.27939 0.83712
vt 0.75711 0.63852
vt 0.27056 0.8523
vt 0.79061 0.51564
vt 0.27657 0.83281
vt 0.27841 0.85021
vt 0.28075 0.84541
vt 0.0566 0.74028
vt 0.05613 0.73851
vt 0.05665 0.73463
vt 0.21269 0.38068
vt 0.21494 0.37988
vt 0.22206 0.38056
vt 0.22383 0.37973
vt 0.27881 0.85383
vt 0.75664 0.63244
vt 0.28915 0.85221
vt 0.28143 0.84133
vt 0.05608 0.7243
vt 0.22979 0.38055
vt 0.29317 0.83449
vt 0.2359 0.37978
vt 0.29091 0.85372
vt 0.0565 0.72322
vt 0.29334 0.84029
vt 0.29084 0.84942
vt 0.29599 0.84328
vt 0.2929 0.83653
vt 0.24001 0.3806
vt 0.77081 0.51558
vt 0.29641 0.83278
vt 0.75706 0.62065
vt 0.29828 0.84971
vt 0.75651 0.61785
vt 0.24695 0.37988
vt 0.30179 0.85219
vt 0.30201 0.85384
vt 0.30471 0.83614
vt 0.24733 0.38063
vt 0.30519 0.84347
vt 0.75742 0.61709
vt 0.30668 0.85035
vt 0.30725 0.84077
vt 0.75707 0.61225
vt 0.30695 0.85362
vt 0.31092 0.83439
vt 0.75597 0.61239
vt 0.30703 0.85212
vt 0.75552 0.61077
vt 0.75739 0.61085
vt 0.30906 0.85207
vt 0.30905 0.85384
vt 0.30894 0.84922
vt 0.3089 0.84579
vt 0.31097 0.837
vt 0.75627 0.51537
vt 0.31093 0.83287
vt 0.42195 0.62991
vt 0.42162 0.63041
vt 0.51647 0.1724
vt 0.51746 0.17413
vt 0.51631 0.17559
vt 0.5176 0.17556
vt 0.31041 0.85199
vt 0.51617 0.17727
vt 0.31085 0.84949
vt 0.31083 0.84585
vt 0.31104 0.84151
vt 0.31171 0.84854
vt 0.31217 0.84279
vt 0.31262 0.83888
vt 0.31289 0.83452
vt 0.75453 0.5152
vt 0.31263 0.83311
vt 0.42149 0.64281
vt 0.52356 0.18853
vt 0.52437 0.18811
vt 0.61326 0.19012
vt 0.64443 0.19003
vt 0.70637 0.1854
vt 0.72181 0.19074
vt 0.73733 0.18514
vt 0.75103 0.18575
vt 0.67041 0.86652
vt 0.67571 0.87637
vt 0.19463 0.67671
vt 0.05317 0.88826
vt 0.05431 0.88751
vt 0.24944 0.67813
vt 0.21246 0.67643
vt 0.75986 0.78872
vt 0.75998 0.79057
vt 0.14188 0.67645
vt 0.11657 0.67601
vt 0.08461 0.67987
vt 0.06806 0.67627
vt 0.05812 0.68057
vt 0.05494 0.67714
vt 0.053 0.67722
vt 0.05198 0.67657
vt 0.0507 0.3793
vt 0.05238 0.37966
vt 0.05104 0.38116
vt 0.05589 0.37972
vt 0.05453 0.38141
vt 0.0577 0.38065
vt 0.75938 0.78012
vt 0.06076 0.37984
vt 0.06631 0.37967
vt 0.06404 0.38047
vt 0.75938 0.76167
vt 0.75926 0.75062
vt 0.0921 0.37966
vt 0.0553 0.84792
vt 0.75957 0.73753
vt 0.7593 0.7165
vt 0.75913 0.68421
vt 0.7592 0.66918
vt 0.20237 0.3806
vt 0.75912 0.64891
vt 0.7592 0.63708
vt 0.75894 0.62105
vt 0.055 0.72364
vt 0.75914 0.6124
vt 0.30238 0.85459
vt 0.2519 0.37983
vt 0.24988 0.381
vt 0.25207 0.38145
vt 0.25398 0.37978
vt 0.25353 0.38139
vt 0.41912 0.63762
vt 0.4158 0.64164
vt 0.53687 0.18722
vt 0.57342 0.18626
vt 0.58886 0.18529
vt 0.62822 0.18802
vt 0.68823 0.1854
vt 0.71975 0.18517
vt 0.67281 0.87771
vt 0.22005 0.67996
vt 0.21561 0.67959
vt 0.21345 0.67975
vt 0.05204 0.88718
vt 0.17309 0.67892
vt 0.15594 0.67993
vt 0.11765 0.6801
vt 0.10196 0.68017
vt 0.07001 0.67968
vt 0.05224 0.67978
vt 0.05116 0.38441
vt 0.76435 0.785
vt 0.76466 0.78814
vt 0.07373 0.38515
vt 0.08526 0.38673
vt 0.76367 0.75298
vt 0.76415 0.75983
vt 0.09433 0.38672
vt 0.10532 0.38679
vt 0.12021 0.38467
vt 0.76565 0.72848
vt 0.7638 0.71411
vt 0.13277 0.3833
vt 0.76581 0.70726
vt 0.15072 0.38348
vt 0.17752 0.3831
vt 0.7655 0.6745
vt 0.18973 0.38661
vt 0.76551 0.66574
vt 0.76356 0.65015
vt 0.22023 0.38374
vt 0.76367 0.62055
vt 0.2404 0.38511
vt 0.25225 0.38535
vt 0.76486 0.61236
vt 0.2533 0.38438
vt 0.53225 0.05317
vt 0.52108 0.05261
vt 0.52941 0.04958
vt 0.52805 0.18669
vt 0.557 0.18344
vt 0.61314 0.18559
vt 0.65503 0.18522
vt 0.74961 0.1855
vt 0.67601 0.86715
vt 0.67571 0.87807
vt 0.19493 0.67996
vt 0.19309 0.6817
vt 0.19148 0.68272
vt 0.24987 0.68172
vt 0.24013 0.68025
vt 0.22887 0.68156
vt 0.21234 0.68032
vt 0.76441 0.79054
vt 0.17472 0.68172
vt 0.13691 0.6798
vt 0.05453 0.68181
vt 0.05283 0.68045
vt 0.05077 0.38516
vt 0.05208 0.38512
vt 0.0573 0.38683
vt 0.76557 0.77888
vt 0.06218 0.38663
vt 0.04946 0.83701
vt 0.04836 0.85361
vt 0.04843 0.83771
vt 0.76576 0.73546
vt 0.13154 0.38682
vt 0.7659 0.69722
vt 0.76431 0.68371
vt 0.15434 0.38677
vt 0.16834 0.38677
vt 0.18145 0.3867
vt 0.0494 0.76473
vt 0.04829 0.76343
vt 0.04933 0.75326
vt 0.04825 0.75408
vt 0.20833 0.3866
vt 0.04914 0.74462
vt 0.04821 0.74374
vt 0.04809 0.73596
vt 0.05101 0.73216
vt 0.76425 0.63562
vt 0.23106 0.38665
vt 0.0481 0.72034
vt 0.04911 0.71965
vt 0.76407 0.61085
vt 0.2537 0.38529
vt 0.41587 0.63079
vt 0.5305 0.04931
vt 0.53095 0.05038
vt 0.54673 0.18341
vt 0.67647 0.86626
vt 0.67704 0.877
vt 0.19535 0.68189
vt 0.24893 0.68258
vt 0.2384 0.6827
vt 0.21345 0.68195
vt 0.21207 0.68206
vt 0.7664 0.78933
vt 0.76641 0.7906
vt 0.18605 0.68176
vt 0.15537 0.68175
vt 0.1394 0.68181
vt 0.12023 0.68189
vt 0.08898 0.68195
vt 0.07794 0.68203
vt 0.06886 0.6821
vt 0.0575 0.68217
vt 0.05271 0.68245
vt 0.0508 0.38715
vt 0.05199 0.38717
vt 0.76619 0.78709
vt 0.76654 0.78556
vt 0.07302 0.38679
vt 0.76581 0.75427
vt 0.04784 0.83707
vt 0.11657 0.3868
vt 0.04767 0.75324
vt 0.76597 0.65013
vt 0.21996 0.38667
vt 0.76556 0.63033
vt 0.24309 0.3868
vt 0.76604 0.61515
vt 0.04755 0.71956
vt 0.25232 0.38717
vt 0.76593 0.61226
vt 0.76631 0.61077
vt 0.25365 0.38718
vt 0.41475 0.63007
vt 0.41466 0.64232
vt 0.52368 0.18264
vt 0.52464 0.18365
vt 0.53433 0.18338
vt 0.57442 0.18333
vt 0.59016 0.1833
vt 0.61277 0.1833
vt 0.63479 0.18335
vt 0.66505 0.18333
vt 0.68667 0.18337
vt 0.70592 0.18341
vt 0.72308 0.18341
vt 0.7388 0.18347
vt 0.74944 0.18362
vt 0.67704 0.86736
vt 0.67741 0.87129
vt 0.25052 0.68319
vt 0.19631 0.68267
vt 0.19544 0.68295
vt 0.19226 0.68303
vt 0.22838 0.68294
vt 0.21336 0.683
vt 0.21174 0.68301
vt 0.7675 0.79085
vt 0.76744 0.78898
vt 0.81333 0.67206
vt 0.81537 0.67055
vt 0.81172 0.67131
vt 0.82068 0.67129
vt 0.18491 0.68286
vt 0.17284 0.68287
vt 0.15544 0.68292
vt 0.14171 0.68295
vt 0.12291 0.68303
vt 0.09325 0.68305
vt 0.0709 0.68317
vt 0.0544 0.68326
vt 0.05284 0.68335
vt 0.05116 0.3879
vt 0.05024 0.38788
vt 0.96912 0.6709
vt 0.96964 0.67159
vt 0.9703 0.67131
vt 0.81061 0.67286
vt 0.80989 0.67635
vt 0.81036 0.67815
vt 0.06052 0.38771
vt 0.76628 0.78032
vt 0.07413 0.3877
vt 0.0874 0.3877
vt 0.76626 0.75164
vt 0.10609 0.38769
vt 0.76627 0.73468
vt 0.11803 0.38769
vt 0.13177 0.38764
vt 0.76623 0.71177
vt 0.15581 0.3876
vt 0.76629 0.69251
vt 0.18225 0.38749
vt 0.76605 0.66742
vt 0.20109 0.38734
vt 0.21813 0.38735
vt 0.23046 0.38738
vt 0.76597 0.62173
vt 0.24518 0.38754
vt 0.81012 0.84033
vt 0.80992 0.84691
vt 0.81039 0.84585
vt 0.81075 0.85081
vt 0.25328 0.38788
vt 0.76717 0.6113
vt 0.81013 0.85153
vt 0.81177 0.85143
vt 0.82545 0.8513
vt 0.82677 0.85129
vt 0.82607 0.85072
vt 0.53247 0.05062
vt 0.53331 0.0495
vt 0.53352 0.05195
vt 0.82957 0.8522
vt 0.82676 0.852
vt 0.82756 0.85277
vt 0.41411 0.63269
vt 0.41407 0.63949
vt 0.52821 0.18226
vt 0.54342 0.18218
vt 0.57428 0.18217
vt 0.59946 0.18213
vt 0.63256 0.18216
vt 0.66174 0.18221
vt 0.67821 0.18232
vt 0.70352 0.18224
vt 0.72356 0.18233
vt 0.7493 0.18252
vt 0.51608 0.40116
vt 0.51512 0.40021
vt 0.51651 0.397
vt 0.51555 0.39031
vt 0.51663 0.37959
vt 0.51552 0.37302
vt 0.51658 0.357
vt 0.5154 0.34767
vt 0.51653 0.33214
vt 0.51533 0.30721
vt 0.51652 0.30746
vt 0.51644 0.27724
vt 0.51528 0.27501
vt 0.51626 0.26706
vt 0.51516 0.2657
vt 0.51507 0.24919
vt 0.51623 0.24746
vt 0.51499 0.2216
vt 0.51609 0.22209
vt 0.51498 0.2085
vt 0.51596 0.20056
vt 0.51481 0.20062
vt 0.51419 0.1995
vt 0.51517 0.19855
vt 0.04312 0.4025
vt 0.04262 0.40407
vt 0.04205 0.40219
vt 0.04196 0.41071
vt 0.2126 0.22832
vt 0.04278 0.42029
vt 0.55752 0.88831
vt 0.55725 0.88732
vt 0.557 0.88022
vt 0.74487 0.97217
vt 0.04292 0.44129
vt 0.04234 0.44334
vt 0.7449 0.95908
vt 0.7449 0.94814
vt 0.04223 0.45861
vt 0.04282 0.47288
vt 0.74491 0.92774
vt 0.04226 0.48217
vt 0.55693 0.81648
vt 0.04284 0.50223
vt 0.55703 0.80518
vt 0.04229 0.50663
vt 0.5571 0.79436
vt 0.74486 0.89003
vt 0.04226 0.52466
vt 0.74492 0.87093
vt 0.04285 0.52972
vt 0.04287 0.55298
vt 0.74497 0.84566
vt 0.04234 0.56997
vt 0.74505 0.83546
vt 0.04295 0.57892
vt 0.74503 0.81423
vt 0.04216 0.59426
vt 0.5569 0.7127
vt 0.04284 0.5952
vt 0.55612 0.70713
vt 0.55739 0.70717
vt 0.00396 0.02514
vt 0.55649 0.70651
vt 0.55747 0.70622
vt 0.00286 0.06801
vt 0.00171 0.0651
vt 0.00155 0.08147
vt 0.00273 0.08581
vt 0.00135 0.09805
vt 0.00228 0.11333
vt 0.00097 0.13286
vt 0.00207 0.1334
vt 0.00178 0.15215
vt 0.00067 0.15234
vt 0.00168 0.16024
vt 0.00055 0.16523
vt 0.00161 0.16811
vt 0.00135 0.17336
vt 0.00039 0.17344
vt 0.00153 0.17425
vt 0.00035 0.17454
vt 0.00159 0.0383
vt 0.00293 0.03924
vt 0.002 0.04047
vt 0.00176 0.05234
vt 0.04193 0.6054
vt 0.04278 0.60585
vt 0.04331 0.60687
vt 0.04201 0.60719
vt 0.513 0.4013
vt 0.51327 0.40052
vt 0.51372 0.39382
vt 0.51354 0.38078
vt 0.51347 0.36519
vt 0.51353 0.34609
vt 0.51337 0.31919
vt 0.51338 0.29063
vt 0.51342 0.2738
vt 0.51296 0.25926
vt 0.51302 0.2388
vt 0.51308 0.22065
vt 0.51286 0.20705
vt 0.51253 0.20174
vt 0.51194 0.2006
vt 0.04411 0.40347
vt 0.55398 0.88605
vt 0.0442 0.42039
vt 0.55405 0.86942
vt 0.04422 0.43313
vt 0.55418 0.8554
vt 0.04424 0.45416
vt 0.55454 0.83495
vt 0.5536 0.83194
vt 0.04422 0.47208
vt 0.04423 0.49389
vt 0.5542 0.79499
vt 0.55367 0.78425
vt 0.04421 0.53348
vt 0.55391 0.75404
vt 0.0443 0.56596
vt 0.55323 0.73128
vt 0.55443 0.73278
vt 0.55465 0.71218
vt 0.55302 0.71873
vt 0.04427 0.59147
vt 0.5538 0.70722
vt 0.00365 0.00694
vt 0.00514 0.00748
vt 0.00479 0.01678
vt 0.00516 0.03288
vt 0.00541 0.03779
vt 0.0052 0.03889
vt 0.00529 0.05273
vt 0.00556 0.05888
vt 0.00526 0.06952
vt 0.00467 0.08686
vt 0.00435 0.10577
vt 0.00421 0.11856
vt 0.00407 0.13263
vt 0.00393 0.14226
vt 0.00378 0.15253
vt 0.00353 0.15992
vt 0.00322 0.17336
vt 0.04408 0.60251
vt 0.04419 0.60578
vt 0.50996 0.39794
vt 0.51059 0.38673
vt 0.50943 0.31432
vt 0.50901 0.21736
vt 0.51041 0.19824
vt 0.51417 0.1981
vt 0.04685 0.40241
vt 0.04768 0.40346
vt 0.0471 0.40511
vt 0.04726 0.4095
vt 0.54875 0.88608
vt 0.54856 0.88267
vt 0.04876 0.42597
vt 0.55126 0.80589
vt 0.55184 0.79804
vt 0.54838 0.79127
vt 0.55106 0.77573
vt 0.55103 0.75193
vt 0.00971 0.00672
vt 0.00876 0.00999
vt 0.00817 0.02777
vt 0.01138 0.03897
vt 0.00808 0.07555
vt 0.00622 0.1674
vt 0.0077 0.17338
vt 0.00796 0.17437
vt 0.04782 0.60399
vt 0.75217 0.63343
vt 0.50793 0.40141
vt 0.5083 0.40056
vt 0.5102 0.37448
vt 0.50929 0.34604
vt 0.50801 0.29986
vt 0.50925 0.27943
vt 0.50527 0.24618
vt 0.50177 0.21433
vt 0.54686 0.88828
vt 0.54848 0.86489
vt 0.04953 0.44854
vt 0.04932 0.48693
vt 0.54834 0.8127
vt 0.54832 0.80294
vt 0.0499 0.51434
vt 0.54874 0.79771
vt 0.54836 0.77956
vt 0.54833 0.76386
vt 0.04984 0.56638
vt 0.54867 0.70695
vt 0.01185 0.03261
vt 0.01107 0.03785
vt 0.55057 0.70627
vt 0.01397 0.07594
vt 0.00809 0.10462
vt 0.00901 0.11868
vt 0.00827 0.13315
vt 0.0081 0.1435
vt 0.009 0.15245
vt 0.01038 0.16214
vt 0.01277 0.16596
vt 0.05061 0.60578
vt 0.50205 0.36224
vt 0.50197 0.35523
vt 0.50196 0.34602
vt 0.50179 0.32603
vt 0.50168 0.30742
vt 0.50421 0.27342
vt 0.5045 0.23751
vt 0.49755 0.20427
vt 0.49622 0.19968
vt 0.50326 0.19827
vt 0.05401 0.40245
vt 0.05321 0.40787
vt 0.3172 0.07639
vt 0.3185 0.07507
vt 0.31753 0.06734
vt 0.31888 0.07055
vt 0.31913 0.06536
vt 0.31738 0.06529
vt 0.31721 0.06335
vt 0.31891 0.06386
vt 0.54672 0.88743
vt 0.31531 0.08446
vt 0.31537 0.08303
vt 0.31533 0.07984
vt 0.31544 0.07674
vt 0.31543 0.07255
vt 0.31491 0.06744
vt 0.31496 0.06529
vt 0.31473 0.06353
vt 0.31638 0.06241
vt 0.64804 0.88419
vt 0.31351 0.08418
vt 0.31333 0.08307
vt 0.31326 0.08094
vt 0.31304 0.07532
vt 0.63748 0.88514
vt 0.54686 0.88271
vt 0.3077 0.08413
vt 0.30938 0.07115
vt 0.30719 0.06728
vt 0.30926 0.08313
vt 0.30548 0.07718
vt 0.30838 0.06534
vt 0.3063 0.06352
vt 0.54689 0.87983
vt 0.30553 0.06238
vt 0.54734 0.87918
vt 0.29885 0.08303
vt 0.30226 0.07318
vt 0.29771 0.08095
vt 0.29674 0.06352
vt 0.54657 0.871
vt 0.29024 0.0624
vt 0.29309 0.06745
vt 0.283 0.07225
vt 0.28599 0.08416
vt 0.2912 0.07612
vt 0.28748 0.06535
vt 0.54714 0.85931
vt 0.28882 0.08306
vt 0.28729 0.08137
vt 0.2886 0.0635
vt 0.5465 0.85793
vt 0.27492 0.07779
vt 0.27667 0.06722
vt 0.28083 0.0635
vt 0.28355 0.06235
vt 0.27427 0.08304
vt 0.27469 0.06536
vt 0.27514 0.08122
vt 0.26666 0.06236
vt 0.54655 0.84583
vt 0.26679 0.07144
vt 0.25217 0.08417
vt 0.26133 0.08118
vt 0.26463 0.06351
vt 0.25892 0.08304
vt 0.26209 0.07739
vt 0.25549 0.06738
vt 0.26236 0.06535
vt 0.25309 0.07697
vt 0.25341 0.06351
vt 0.25343 0.06238
vt 0.24819 0.07133
vt 0.24703 0.06533
vt 0.24596 0.08306
vt 0.24737 0.08124
vt 0.23725 0.08413
vt 0.23257 0.07718
vt 0.2377 0.06765
vt 0.23965 0.06237
vt 0.23046 0.06351
vt 0.22501 0.08131
vt 0.22979 0.06529
vt 0.22573 0.06242
vt 0.54674 0.81189
vt 0.21057 0.08308
vt 0.22164 0.07714
vt 0.2292 0.06782
vt 0.54665 0.80452
vt 0.21423 0.06727
vt 0.21455 0.06351
vt 0.21106 0.0653
vt 0.54659 0.7998
vt 0.20763 0.08415
vt 0.20877 0.06245
vt 0.20759 0.07275
vt 0.54648 0.79321
vt 0.20327 0.07728
vt 0.2041 0.08122
vt 0.20428 0.06734
vt 0.18988 0.06712
vt 0.54669 0.7826
vt 0.18606 0.0831
vt 0.18881 0.07735
vt 0.19027 0.07167
vt 0.18838 0.06354
vt 0.18393 0.08417
vt 0.18536 0.06535
vt 0.18933 0.06249
vt 0.18779 0.08113
vt 0.54673 0.76354
vt 0.17981 0.07183
vt 0.052 0.54779
vt 0.17862 0.07729
vt 0.17974 0.06348
vt 0.18049 0.06252
vt 0.17135 0.08422
vt 0.16794 0.06827
vt 0.18006 0.06535
vt 0.16802 0.08309
vt 0.16737 0.07755
vt 0.16786 0.06358
vt 0.16793 0.06535
vt 0.15689 0.08142
vt 0.15287 0.0715
vt 0.16027 0.06758
vt 0.15936 0.06539
vt 0.15716 0.07772
vt 0.54673 0.7431
vt 0.14531 0.08425
vt 0.14068 0.08311
vt 0.14669 0.07702
vt 0.14527 0.06729
vt 0.14595 0.06357
vt 0.54651 0.72595
vt 0.14199 0.07114
vt 0.12961 0.0778
vt 0.13276 0.06542
vt 0.12771 0.08423
vt 0.12831 0.07232
vt 0.13184 0.06356
vt 0.13209 0.06773
vt 0.12991 0.08312
vt 0.12296 0.06756
vt 0.11929 0.08312
vt 0.12217 0.08123
vt 0.11709 0.06536
vt 0.11833 0.06358
vt 0.1189 0.08427
vt 0.11605 0.07053
vt 0.11643 0.08092
vt 0.05282 0.59817
vt 0.5466 0.70713
vt 0.11307 0.08426
vt 0.11358 0.08309
vt 0.11321 0.08108
vt 0.11145 0.0803
vt 0.11126 0.07455
vt 0.1114 0.06782
vt 0.11126 0.06533
vt 0.11146 0.06364
vt 0.11129 0.08446
vt 0.11135 0.08301
vt 0.01169 0.01021
vt 0.01379 0.03555
vt 0.01228 0.03866
vt 0.54688 0.70631
vt 0.01398 0.06176
vt 0.01388 0.08909
vt 0.01362 0.10312
vt 0.01348 0.11131
vt 0.01332 0.12944
vt 0.01319 0.13921
vt 0.01304 0.1458
vt 0.00971 0.17334
vt 0.00976 0.17468
vt 0.11047 0.08362
vt 0.11001 0.08095
vt 0.10957 0.07847
vt 0.10929 0.07208
vt 0.10926 0.06534
vt 0.1092 0.06379
vt 0.01194 0.0529
vt 0.10883 0.07763
vt 0.1085 0.0749
vt 0.1081 0.071
vt 0.10776 0.06543
vt 0.10784 0.06406
vt 0.05831 0.60678
vt 0.7522 0.62013
vt 0.5031 0.40138
vt 0.50299 0.40033
vt 0.50225 0.38673
vt 0.50207 0.3725
vt 0.50163 0.29751
vt 0.50157 0.28072
vt 0.50144 0.25722
vt 0.05715 0.40519
vt 0.63414 0.88095
vt 0.63555 0.87951
vt 0.63375 0.87978
vt 0.21078 0.23791
vt 0.20872 0.23803
vt 0.2059 0.23811
vt 0.20172 0.23815
vt 0.64743 0.8793
vt 0.64995 0.881
vt 0.54522 0.88851
vt 0.54585 0.88749
vt 0.65038 0.87984
vt 0.63536 0.88309
vt 0.63424 0.88597
vt 0.54609 0.88119
vt 0.64943 0.88737
vt 0.64294 0.88965
vt 0.64871 0.88791
vt 0.63418 0.89038
vt 0.63537 0.88911
vt 0.05535 0.4349
vt 0.6493 0.89608
vt 0.65023 0.88875
vt 0.63536 0.89679
vt 0.64343 0.89668
vt 0.65001 0.89766
vt 0.63534 0.9079
vt 0.64847 0.90481
vt 0.64347 0.90588
vt 0.64999 0.91084
vt 0.63408 0.91294
vt 0.05353 0.46096
vt 0.64915 0.91731
vt 0.64325 0.916
vt 0.63524 0.91732
vt 0.64993 0.92304
vt 0.63397 0.94197
vt 0.64315 0.93199
vt 0.63516 0.94121
vt 0.64904 0.94356
vt 0.64995 0.94428
vt 0.64349 0.94787
vt 0.63738 0.94866
vt 0.0537 0.49204
vt 0.64911 0.95419
vt 0.63506 0.95572
vt 0.63391 0.96037
vt 0.64819 0.95759
vt 0.54595 0.81488
vt 0.63496 0.96258
vt 0.54592 0.80664
vt 0.64916 0.96247
vt 0.63961 0.9633
vt 0.5459 0.80299
vt 0.63393 0.96757
vt 0.63499 0.96619
vt 0.63929 0.96604
vt 0.64642 0.96616
vt 0.64926 0.96615
vt 0.63498 0.96767
vt 0.6372 0.96758
vt 0.6458 0.96761
vt 0.64856 0.9678
vt 0.54563 0.80139
vt 0.64925 0.96778
vt 0.63381 0.96885
vt 0.63491 0.96898
vt 0.63717 0.96854
vt 0.648 0.96835
vt 0.54513 0.8005
vt 0.50832 0.0164
vt 0.54478 0.79395
vt 0.02183 0.11903
vt 0.54539 0.79277
vt 0.94418 0.06472
vt 0.94412 0.06378
vt 0.9456 0.06383
vt 0.94553 0.0648
vt 0.94402 0.06196
vt 0.94515 0.06176
vt 0.94417 0.05741
vt 0.94414 0.05094
vt 0.94519 0.05162
vt 0.54569 0.79158
vt 0.94554 0.05084
vt 0.93134 0.0648
vt 0.93802 0.05563
vt 0.93238 0.05188
vt 0.54595 0.78202
vt 0.93334 0.05097
vt 0.93225 0.06371
vt 0.917 0.05693
vt 0.91834 0.05165
vt 0.54596 0.75992
vt 0.90836 0.05091
vt 0.91148 0.06369
vt 0.05477 0.53004
vt 0.88391 0.06465
vt 0.90818 0.05179
vt 0.89849 0.05686
vt 0.89382 0.06362
vt 0.54591 0.74015
vt 0.88603 0.05081
vt 0.87694 0.06355
vt 0.88215 0.05642
vt 0.05365 0.57147
vt 0.86662 0.05687
vt 0.86635 0.05144
vt 0.85877 0.06354
vt 0.86065 0.05064
vt 0.86999 0.05006
vt 0.85708 0.06459
vt 0.85927 0.05657
vt 0.85623 0.05053
vt 0.54601 0.71379
vt 0.85443 0.05143
vt 0.85409 0.06351
vt 0.85363 0.0615
vt 0.85265 0.05471
vt 0.84861 0.06462
vt 0.84853 0.06353
vt 0.84858 0.06057
vt 0.84867 0.05624
vt 0.54563 0.70705
vt 0.84861 0.05031
vt 0.84861 0.05126
vt 0.01382 0.0068
vt 0.01443 0.00782
vt 0.01479 0.01737
vt 0.84749 0.0648
vt 0.84722 0.06097
vt 0.84719 0.0543
vt 0.84743 0.05015
vt 0.5449 0.7062
vt 0.01409 0.05595
vt 0.01294 0.15278
vt 0.01247 0.17162
vt 0.01225 0.17366
vt 0.01237 0.17473
vt 0.01027 0.17567
vt 0.0136 0.17347
vt 0.01351 0.03911
vt 0.01381 0.05256
vt 0.01427 0.17661
vt 0.01229 0.18004
vt 0.00998 0.17833
vt 0.00987 0.1808
vt 0.01032 0.18178
vt 0.01021 0.18451
vt 0.01131 0.18826
vt 0.01002 0.18843
vt 0.01154 0.19415
vt 0.00993 0.19406
vt 0.01141 0.19573
vt 0.01004 0.19544
vt 0.05777 0.60371
vt 0.50243 0.39823
vt 0.50155 0.27342
vt 0.50141 0.23653
vt 0.50042 0.21237
vt 0.49433 0.20074
vt 0.70721 0.582
vt 0.70537 0.5809
vt 0.70499 0.58171
vt 0.17269 0.24129
vt 0.15035 0.24131
vt 0.05943 0.41497
vt 0.50572 0.00261
vt 0.50732 0.00239
vt 0.54406 0.80094
vt 0.50734 0.01372
vt 0.54309 0.79889
vt 0.05854 0.50774
vt 0.01558 0.00997
vt 0.0157 0.01882
vt 0.01537 0.03473
vt 0.01483 0.03363
vt 0.01517 0.05764
vt 0.01562 0.05644
vt 0.01608 0.0606
vt 0.0154 0.06252
vt 0.68854 0.11322
vt 0.67038 0.11305
vt 0.68627 0.11253
vt 0.01529 0.07544
vt 0.01586 0.07595
vt 0.01555 0.10357
vt 0.01492 0.10323
vt 0.01524 0.13237
vt 0.01452 0.13524
vt 0.01429 0.14952
vt 0.015 0.14903
vt 0.01395 0.16749
vt 0.58403 0.11284
vt 0.56276 0.11295
vt 0.56228 0.11213
vt 0.5574 0.11393
vt 0.55523 0.1121
vt 0.01548 0.00649
vt 0.01527 0.03887
vt 0.01563 0.04334
vt 0.01367 0.04261
vt 0.01663 0.04543
vt 0.01381 0.04872
vt 0.01557 0.05031
vt 0.01655 0.05025
vt 0.01563 0.05326
vt 0.01648 0.05556
vt 0.55426 0.11429
vt 0.01455 0.17486
vt 0.01571 0.17466
vt 0.01551 0.17772
vt 0.01413 0.17894
vt 0.0146 0.18096
vt 0.01429 0.18651
vt 0.01366 0.19412
vt 0.01378 0.19587
vt 0.50154 0.40136
vt 0.50158 0.40015
vt 0.6933 0.58161
vt 0.69372 0.58033
vt 0.6928 0.58046
vt 0.50138 0.39573
vt 0.69265 0.57604
vt 0.6936 0.56835
vt 0.69315 0.55523
vt 0.50095 0.37718
vt 0.69266 0.55752
vt 0.69305 0.53901
vt 0.50084 0.36241
vt 0.50038 0.35865
vt 0.50076 0.34701
vt 0.50063 0.3289
vt 0.50047 0.30295
vt 0.50028 0.27742
vt 0.50009 0.25106
vt 0.50003 0.22542
vt 0.49997 0.21582
vt 0.48924 0.20181
vt 0.69657 0.5817
vt 0.69538 0.58083
vt 0.69417 0.56721
vt 0.69818 0.5809
vt 0.69817 0.5693
vt 0.70238 0.56102
vt 0.70055 0.55233
vt 0.70019 0.53501
vt 0.70274 0.52705
vt 0.69516 0.52091
vt 0.70265 0.51753
vt 0.70256 0.50753
vt 0.70218 0.58081
vt 0.70279 0.56982
vt 0.70284 0.5513
vt 0.70275 0.54378
vt 0.70267 0.53189
vt 0.70236 0.4962
vt 0.69931 0.48374
vt 0.70226 0.47632
vt 0.70264 0.45503
vt 0.70005 0.46449
vt 0.70263 0.4096
vt 0.70242 0.40474
vt 0.70275 0.39549
vt 0.70275 0.39424
vt 0.70484 0.57842
vt 0.70497 0.57183
vt 0.70496 0.55374
vt 0.70487 0.51207
vt 0.70478 0.49826
vt 0.70477 0.47844
vt 0.70488 0.45622
vt 0.70267 0.44829
vt 0.70486 0.42851
vt 0.7032 0.4277
vt 0.70272 0.41999
vt 0.70473 0.41883
vt 0.70451 0.40817
vt 0.70436 0.404
vt 0.70408 0.40134
vt 0.70402 0.39896
vt 0.70402 0.39538
vt 0.70397 0.39404
vt 0.70571 0.54701
vt 0.70619 0.44257
vt 0.70623 0.43021
vt 0.70618 0.42038
vt 0.7057 0.40983
vt 0.70524 0.4052
vt 0.05897 0.42581
vt 0.0622 0.44707
vt 0.06593 0.46523
vt 0.0606 0.4826
vt 0.50386 0.01399
vt 0.50308 0.0123
vt 0.50303 0.00712
vt 0.0657 0.54164
vt 0.06004 0.5544
vt 0.0585 0.58227
vt 0.75355 0.1142
vt 0.74952 0.11371
vt 0.75225 0.11285
vt 0.75155 0.11478
vt 0.7388 0.11349
vt 0.73784 0.11448
vt 0.72709 0.11356
vt 0.01594 0.02847
vt 0.01616 0.03477
vt 0.71908 0.11449
vt 0.71946 0.11357
vt 0.01641 0.04011
vt 0.71297 0.11385
vt 0.70856 0.11469
vt 0.70655 0.11413
vt 0.69448 0.1138
vt 0.67023 0.11351
vt 0.68423 0.11449
vt 0.66521 0.11451
vt 0.64676 0.1135
vt 0.63772 0.11304
vt 0.63432 0.11467
vt 0.63453 0.11354
vt 0.60504 0.11348
vt 0.60368 0.1129
vt 0.61223 0.1146
vt 0.60284 0.11461
vt 0.58832 0.1135
vt 0.5825 0.11465
vt 0.56805 0.11356
vt 0.56748 0.11474
vt 0.55641 0.11485
vt 0.75364 0.1155
vt 0.75265 0.11669
vt 0.74887 0.11685
vt 0.73739 0.11685
vt 0.7296 0.11707
vt 0.72058 0.11657
vt 0.71506 0.11717
vt 0.7086 0.11651
vt 0.70078 0.11412
vt 0.69979 0.11684
vt 0.69743 0.11468
vt 0.69509 0.11658
vt 0.68322 0.11689
vt 0.67245 0.11678
vt 0.66404 0.11734
vt 0.65667 0.11685
vt 0.64498 0.11665
vt 0.6155 0.11665
vt 0.60447 0.11668
vt 0.59423 0.11699
vt 0.57931 0.11691
vt 0.57027 0.11712
vt 0.55542 0.11711
vt 0.55033 0.11533
vt 0.55072 0.11457
vt 0.5493 0.11671
vt 0.54687 0.11541
vt 0.01604 0.18115
vt 0.54315 0.11685
vt 0.0158 0.18451
vt 0.54306 0.11547
vt 0.01601 0.18581
vt 0.54185 0.11654
vt 0.54158 0.1155
vt 0.01987 0.19169
vt 0.7536 0.12205
vt 0.75272 0.12206
vt 0.63556 0.12024
vt 0.61409 0.12085
vt 0.54988 0.11966
vt 0.74731 0.12093
vt 0.73089 0.12307
vt 0.72054 0.12331
vt 0.70332 0.12331
vt 0.68429 0.12335
vt 0.6648 0.12342
vt 0.59149 0.12325
vt 0.57372 0.12333
vt 0.56074 0.12326
vt 0.54577 0.12404
vt 0.54215 0.12282
vt 0.74354 0.12305
vt 0.60039 0.12363
vt 0.55251 0.12352
vt 0.75355 0.12531
vt 0.75246 0.12454
vt 0.7459 0.1247
vt 0.72251 0.12475
vt 0.69799 0.12482
vt 0.75231 0.12544
vt 0.74717 0.1256
vt 0.73448 0.12557
vt 0.71166 0.12556
vt 0.68091 0.12561
vt 0.66183 0.12548
vt 0.63974 0.12551
vt 0.61382 0.12548
vt 0.59794 0.12553
vt 0.57163 0.12556
vt 0.72894 0.62074
vt 0.54347 0.1256
vt 0.5003 0.34027
vt 0.69351 0.54175
vt 0.69344 0.5243
vt 0.69303 0.52063
vt 0.6936 0.49738
vt 0.49996 0.3167
vt 0.69304 0.49706
vt 0.69373 0.46153
vt 0.49978 0.27832
vt 0.69316 0.45869
vt 0.69386 0.44232
vt 0.49951 0.24755
vt 0.69317 0.42796
vt 0.69379 0.42274
vt 0.69383 0.41282
vt 0.49946 0.2212
vt 0.69305 0.40166
vt 0.69371 0.401
vt 0.49941 0.21506
vt 0.69341 0.39552
vt 0.69291 0.39558
vt 0.49863 0.21357
vt 0.69347 0.3944
vt 0.69267 0.39406
vt 0.69357 0.55349
vt 0.6952 0.47852
vt 0.69521 0.46253
vt 0.69528 0.44179
vt 0.69518 0.42118
vt 0.69523 0.41248
vt 0.69524 0.40372
vt 0.69497 0.3954
vt 0.69927 0.42877
vt 0.49958 0.00335
vt 0.53059 0.79627
vt 0.53085 0.79405
vt 0.06237 0.52086
vt 0.0175 0.18608
vt 0.06325 0.60408
vt 0.06649 0.42096
vt 0.49599 0.01141
vt 0.53052 0.79912
vt 0.53518 0.79287
vt 0.0673 0.50159
vt 0.06411 0.57044
vt 0.07002 0.58722
vt 0.02182 0.19405
vt 0.49329 0.21236
vt 0.49433 0.01397
vt 0.49223 0.00341
vt 0.49166 0.00269
vt 0.52997 0.80096
vt 0.07052 0.53048
vt 0.07101 0.56627
vt 0.02182 0.18612
vt 0.08246 0.6004
vt 0.48435 0.19872
vt 0.46753 0.19839
vt 0.08971 0.40251
vt 0.0714 0.41232
vt 0.06932 0.47594
vt 0.48949 0.01592
vt 0.53006 0.80041
vt 0.02732 0.18601
vt 0.02596 0.18709
vt 0.02464 0.19147
vt 0.48218 0.21015
vt 0.07945 0.40347
vt 0.07268 0.42806
vt 0.52937 0.79284
vt 0.02596 0.1961
vt 0.48004 0.21344
vt 0.07528 0.4053
vt 0.07857 0.44275
vt 0.079 0.45779
vt 0.07616 0.49296
vt 0.03089 0.19376
vt 0.0298 0.19584
vt 0.02662 0.19687
vt 0.07629 0.51299
vt 0.47778 0.2007
vt 0.47886 0.1997
vt 0.47683 0.01533
vt 0.47612 0.0066
vt 0.48177 0.0034
vt 0.50893 0.79914
vt 0.04176 0.19673
vt 0.47318 0.20498
vt 0.08372 0.41507
vt 0.08034 0.4748
vt 0.03664 0.18699
vt 0.45231 0.21245
vt 0.08347 0.42657
vt 0.50702 0.79654
vt 0.50888 0.79397
vt 0.07995 0.53325
vt 0.08867 0.54957
vt 0.08016 0.56407
vt 0.04297 0.19357
vt 0.09629 0.60679
vt 0.7522 0.58646
vt 0.47178 0.01207
vt 0.08717 0.50844
vt 0.503 0.79278
vt 0.06519 0.10548
vt 0.08804 0.57516
vt 0.04988 0.18912
vt 0.0908 0.5902
vt 0.0428 0.19583
vt 0.09824 0.42179
vt 0.09113 0.48749
vt 0.46075 0.00274
vt 0.49903 0.80106
vt 0.09372 0.53173
vt 0.09884 0.60575
vt 0.45124 0.20987
vt 0.4609 0.19881
vt 0.10291 0.40517
vt 0.10262 0.43406
vt 0.09748 0.46173
vt 0.45877 0.01591
vt 0.46089 0.01398
vt 0.49282 0.80047
vt 0.05158 0.18682
vt 0.10853 0.60404
vt 0.0979 0.44814
vt 0.09983 0.47654
vt 0.46464 0.00604
vt 0.46339 0.00347
vt 0.10494 0.40343
vt 0.09456 0.50238
vt 0.45893 0.01532
vt 0.05747 0.18582
vt 0.05649 0.19355
vt 0.06113 0.19565
vt 0.10204 0.40819
vt 0.11195 0.41625
vt 0.10501 0.57246
vt 0.44581 0.20238
vt 0.10149 0.51728
vt 0.05902 0.18859
vt 0.44803 0.2135
vt 0.10487 0.55376
vt 0.06047 0.18666
vt 0.44974 0.19976
vt 0.11082 0.49054
vt 0.44704 0.20078
vt 0.45199 0.011
vt 0.48976 0.79909
vt 0.49145 0.7964
vt 0.49354 0.79398
vt 0.10954 0.53152
vt 0.10874 0.50426
vt 0.06922 0.18566
vt 0.06704 0.18852
vt 0.06692 0.19353
vt 0.11596 0.59915
vt 0.43429 0.19842
vt 0.12291 0.40245
vt 0.45128 0.01578
vt 0.43796 0.00351
vt 0.11457 0.56272
vt 0.1104 0.59143
vt 0.06865 0.18663
vt 0.43602 0.19882
vt 0.11771 0.44812
vt 0.1171 0.4761
vt 0.12386 0.60683
vt 0.75225 0.56201
vt 0.12874 0.40529
vt 0.13071 0.41411
vt 0.12274 0.42491
vt 0.12165 0.46151
vt 0.43887 0.00277
vt 0.45454 0.00215
vt 0.11961 0.51054
vt 0.08155 0.19349
vt 0.08151 0.19546
vt 0.43443 0.01217
vt 0.46896 0.79276
vt 0.09921 0.10535
vt 0.12153 0.54948
vt 0.12017 0.57901
vt 0.1286 0.60578
vt 0.43663 0.21249
vt 0.43558 0.21018
vt 0.4381 0.00218
vt 0.47637 0.8004
vt 0.42637 0.20081
vt 0.43193 0.01582
vt 0.43507 0.0153
vt 0.43465 0.01396
vt 0.43498 0.0085
vt 0.42856 0.19982
vt 0.12647 0.43318
vt 0.13031 0.49135
vt 0.46661 0.79906
vt 0.13115 0.58884
vt 0.46877 0.79396
vt 0.12977 0.53159
vt 0.09286 0.18647
vt 0.08638 0.18825
vt 0.42505 0.20509
vt 0.13826 0.44669
vt 0.12937 0.51462
vt 0.13097 0.55771
vt 0.12946 0.57196
vt 0.41993 0.21009
vt 0.14848 0.5964
vt 0.13975 0.40357
vt 0.08935 0.18552
vt 0.41715 0.21355
vt 0.41698 0.21254
vt 0.13713 0.47543
vt 0.41871 0.00341
vt 0.41727 0.00265
vt 0.45553 0.80102
vt 0.45993 0.80044
vt 0.09904 0.18815
vt 0.14468 0.60407
vt 0.41677 0.01514
vt 0.41549 0.01405
vt 0.14261 0.46042
vt 0.14107 0.49418
vt 0.45889 0.79639
vt 0.45699 0.79398
vt 0.14268 0.55439
vt 0.14768 0.60674
vt 0.75218 0.54088
vt 0.41112 0.19898
vt 0.14493 0.42779
vt 0.41666 0.01557
vt 0.1409 0.56978
vt 0.10679 0.18544
vt 0.10296 0.19327
vt 0.10375 0.19533
vt 0.41081 0.20216
vt 0.14607 0.40213
vt 0.14585 0.40255
vt 0.14527 0.40519
vt 0.14506 0.51901
vt 0.15039 0.41895
vt 0.41305 0.01203
vt 0.41328 0.00577
vt 0.15401 0.60572
vt 0.40854 0.19989
vt 0.15163 0.50074
vt 0.14653 0.53594
vt 0.15348 0.57587
vt 0.40281 0.20709
vt 0.15958 0.40752
vt 0.16258 0.41272
vt 0.15864 0.47575
vt 0.40836 0.21035
vt 0.39627 0.20092
vt 0.43577 0.799
vt 0.44441 0.79272
vt 0.12372 0.10522
vt 0.15982 0.58794
vt 0.11335 0.18806
vt 0.11461 0.19323
vt 0.15813 0.55332
vt 0.11542 0.19524
vt 0.16212 0.4461
vt 0.16119 0.5314
vt 0.11788 0.1863
vt 0.16717 0.4361
vt 0.16418 0.49139
vt 0.16455 0.51147
vt 0.43474 0.80043
vt 0.3843 0.19987
vt 0.16635 0.40345
vt 0.16734 0.42616
vt 0.39661 0.01555
vt 0.38806 0.01514
vt 0.39198 0.01398
vt 0.38517 0.00845
vt 0.39327 0.00348
vt 0.43739 0.79642
vt 0.12887 0.18527
vt 0.17451 0.60398
vt 0.38511 0.2102
vt 0.43436 0.79396
vt 0.12406 0.18805
vt 0.38151 0.21362
vt 0.38678 0.20228
vt 0.39162 0.00265
vt 0.42988 0.80101
vt 0.18017 0.4527
vt 0.17319 0.54357
vt 0.13027 0.1931
vt 0.38054 0.21259
vt 0.1734 0.56589
vt 0.18049 0.60088
vt 0.17135 0.60676
vt 0.75224 0.5199
vt 0.37448 0.19893
vt 0.18265 0.40208
vt 0.17068 0.40249
vt 0.1713 0.42046
vt 0.17417 0.49924
vt 0.17585 0.59378
vt 0.18445 0.40616
vt 0.13522 0.18619
vt 0.13738 0.18799
vt 0.38717 0.70346
vt 0.41763 0.79645
vt 0.18317 0.57747
vt 0.13897 0.19509
vt 0.17751 0.47717
vt 0.41329 0.79266
vt 0.1548 0.1051
vt 0.18403 0.60577
vt 0.18658 0.49304
vt 0.37049 0.01403
vt 0.17602 0.52262
vt 0.36821 0.21008
vt 0.18542 0.43505
vt 0.18764 0.46258
vt 0.37697 0.00347
vt 0.40575 0.79895
vt 0.19079 0.55851
vt 0.18769 0.4123
vt 0.15263 0.18512
vt 0.1922 0.41723
vt 0.19397 0.42393
vt 0.40296 0.80042
vt 0.41264 0.79394
vt 0.19021 0.52417
vt 0.18919 0.58723
vt 0.19725 0.40344
vt 0.36125 0.00254
vt 0.3995 0.80103
vt 0.19336 0.50803
vt 0.19321 0.54085
vt 0.36303 0.21365
vt 0.36513 0.21266
vt 0.19311 0.40245
vt 0.18944 0.47824
vt 0.15632 0.18609
vt 0.3638 0.20253
vt 0.36494 0.19992
vt 0.1958 0.57177
vt 0.19306 0.59443
vt 0.15741 0.19497
vt 0.19842 0.60675
vt 0.75225 0.49588
vt 0.40448 0.79636
vt 0.16513 0.19288
vt 0.353 0.20098
vt 0.20419 0.4053
vt 0.19555 0.43555
vt 0.41433 0.70363
vt 0.36092 0.01505
vt 0.35921 0.00651
vt 0.39662 0.79261
vt 0.17147 0.10493
vt 0.20169 0.47582
vt 0.16589 0.1877
vt 0.35608 0.01397
vt 0.35601 0.01201
vt 0.36 0.00339
vt 0.39335 0.79383
vt 0.20879 0.59816
vt 0.20954 0.60571
vt 0.34938 0.21011
vt 0.34962 0.20426
vt 0.20327 0.4473
vt 0.20726 0.49149
vt 0.20475 0.53307
vt 0.20743 0.55682
vt 0.2094 0.60383
vt 0.35012 0.19999
vt 0.34981 0.19905
vt 0.20728 0.4021
vt 0.38995 0.79644
vt 0.20996 0.52073
vt 0.35109 0.21365
vt 0.34991 0.21268
vt 0.21142 0.43435
vt 0.38749 0.80038
vt 0.16703 0.18509
vt 0.22728 0.408
vt 0.21586 0.41534
vt 0.21378 0.45923
vt 0.21882 0.50646
vt 0.21398 0.58838
vt 0.33032 0.20243
vt 0.22228 0.44683
vt 0.2142 0.47193
vt 0.2125 0.57636
vt 0.21818 0.40249
vt 0.21576 0.42273
vt 0.17971 0.1949
vt 0.34391 0.01209
vt 0.34594 0.00339
vt 0.33699 0.00247
vt 0.37524 0.80098
vt 0.366 0.79253
vt 0.38988 0.79193
vt 0.21826 0.536
vt 0.18659 0.18497
vt 0.18079 0.18765
vt 0.22638 0.49251
vt 0.44257 0.70371
vt 0.33274 0.01502
vt 0.22422 0.55662
vt 0.18073 0.18593
vt 0.33147 0.00688
vt 0.36678 0.79914
vt 0.36561 0.79635
vt 0.36521 0.79386
vt 0.36554 0.79193
vt 0.23264 0.59766
vt 0.18515 0.19273
vt 0.33522 0.21042
vt 0.36804 0.8004
vt 0.24565 0.60672
vt 0.75222 0.45396
vt 0.32183 0.2127
vt 0.25381 0.40343
vt 0.23142 0.43141
vt 0.23198 0.46053
vt 0.23526 0.60393
vt 0.31813 0.21371
vt 0.25495 0.40532
vt 0.22654 0.47936
vt 0.22991 0.51682
vt 0.22887 0.57233
vt 0.23277 0.41667
vt 0.32642 0.014
vt 0.23194 0.53887
vt 0.24153 0.58756
vt 0.30955 0.19907
vt 0.24748 0.40213
vt 0.31812 0.00337
vt 0.20122 0.18582
vt 0.32237 0.21011
vt 0.24166 0.48445
vt 0.31078 0.20001
vt 0.20418 0.19476
vt 0.23952 0.47044
vt 0.29887 0.20108
vt 0.2428 0.52219
vt 0.24319 0.57598
vt 0.20051 0.19257
vt 0.24566 0.44333
vt 0.20654 0.18484
vt 0.24928 0.41478
vt 0.24718 0.42663
vt 0.24771 0.50064
vt 0.24765 0.55632
vt 0.31289 0.01506
vt 0.31147 0.014
vt 0.35374 0.80039
vt 0.3017 0.20556
vt 0.25273 0.40249
vt 0.35336 0.79895
vt 0.35082 0.79629
vt 0.21799 0.18753
vt 0.25382 0.6057
vt 0.25447 0.47669
vt 0.2188 0.10484
vt 0.25608 0.53022
vt 0.2525 0.6039
vt 0.21849 0.19263
vt 0.29557 0.20225
vt 0.26153 0.45044
vt 0.25037 0.46343
vt 0.25593 0.54386
vt 0.30321 0.00325
vt 0.25707 0.57403
vt 0.21874 0.1857
vt 0.2944 0.21031
vt 0.30058 0.00239
vt 0.33883 0.80093
vt 0.26644 0.50839
vt 0.26654 0.51888
vt 0.22676 0.18475
vt 0.23229 0.19459
vt 0.28978 0.21277
vt 0.262 0.43842
vt 0.26352 0.42515
vt 0.29832 0.01402
vt 0.33357 0.7919
vt 0.35538 0.79187
vt 0.26144 0.58911
vt 0.28984 0.20011
vt 0.2637 0.41364
vt 0.27162 0.46578
vt 0.26653 0.4834
vt 0.29106 0.01504
vt 0.29668 0.00816
vt 0.27232 0.5476
vt 0.26664 0.55883
vt 0.28699 0.21373
vt 0.32496 0.79394
vt 0.26997 0.53336
vt 0.27032 0.59783
vt 0.23427 0.18559
vt 0.27008 0.60675
vt 0.75214 0.43228
vt 0.27162 0.4932
vt 0.23521 0.18738
vt 0.28623 0.199
vt 0.27077 0.40236
vt 0.28692 0.00327
vt 0.27446 0.60411
vt 0.27069 0.40346
vt 0.2725 0.40524
vt 0.28421 0.00233
vt 0.32248 0.80075
vt 0.32602 0.79642
vt 0.27658 0.60574
vt 0.27569 0.20801
vt 0.27646 0.42945
vt 0.23651 0.19252
vt 0.27185 0.20257
vt 0.27705 0.41508
vt 0.28667 0.01401
vt 0.28613 0.01163
vt 0.27406 0.58289
vt 0.27658 0.44736
vt 0.23715 0.18467
vt 0.28705 0.49857
vt 0.28363 0.5224
vt 0.28346 0.57128
vt 0.25058 0.19248
vt 0.25906 0.21376
vt 0.28781 0.46165
vt 0.28804 0.47911
vt 0.25397 0.10478
vt 0.24892 0.1875
vt 0.25725 0.21067
vt 0.28744 0.40244
vt 0.28833 0.40344
vt 0.27587 0.00319
vt 0.28524 0.58681
vt 0.27045 0.20118
vt 0.26881 0.20011
vt 0.26022 0.19928
vt 0.29675 0.40218
vt 0.29003 0.41224
vt 0.28643 0.43702
vt 0.29544 0.44376
vt 0.26434 0.01511
vt 0.29333 0.42469
vt 0.30001 0.59903
vt 0.26441 0.18456
vt 0.25142 0.21284
vt 0.31789 0.40509
vt 0.30472 0.40757
vt 0.30183 0.52635
vt 0.26313 0.1855
vt 0.27084 0.18723
vt 0.31251 0.60671
vt 0.75214 0.39463
vt 0.26014 0.01402
vt 0.29505 0.51202
vt 0.25486 0.19267
vt 0.30151 0.80032
vt 0.29796 0.79384
vt 0.26942 0.10475
vt 0.29941 0.57884
vt 0.29929 0.5896
vt 0.25387 0.2028
vt 0.25514 0.20119
vt 0.25899 0.19265
vt 0.31969 0.6039
vt 0.31985 0.60571
vt 0.31846 0.40254
vt 0.30916 0.42083
vt 0.31263 0.48537
vt 0.3116 0.56637
vt 0.25602 0.00315
vt 0.3051 0.55036
vt 0.25195 0.20014
vt 0.31056 0.43472
vt 0.31127 0.44922
vt 0.31198 0.47504
vt 0.3114 0.4967
vt 0.31191 0.50976
vt 0.30836 0.53997
vt 0.31603 0.41304
vt 0.30427 0.46488
vt 0.31235 0.55531
vt 0.24217 0.20475
vt 0.2396 0.01509
vt 0.23834 0.01063
vt 0.23756 0.00228
vt 0.2759 0.80068
vt 0.31782 0.40348
vt 0.28523 0.10473
vt 0.31704 0.59045
vt 0.23812 0.21064
vt 0.2401 0.20238
vt 0.3154 0.46149
vt 0.27375 0.80025
vt 0.28124 0.7948
vt 0.22269 0.21381
vt 0.22531 0.19936
vt 0.33162 0.40215
vt 0.2253 0.20125
vt 0.31866 0.53421
vt 0.31845 0.57452
vt 0.28501 0.1855
vt 0.28907 0.18743
vt 0.32539 0.43143
vt 0.23845 0.01403
vt 0.23869 0.00325
vt 0.32452 0.51755
vt 0.29847 0.18454
vt 0.33552 0.59415
vt 0.33001 0.49818
vt 0.33687 0.4054
vt 0.32778 0.42007
vt 0.28972 0.19251
vt 0.2897 0.19437
vt 0.2195 0.20494
vt 0.33825 0.42561
vt 0.32985 0.44553
vt 0.33354 0.48232
vt 0.33511 0.54248
vt 0.33358 0.55547
vt 0.33436 0.41331
vt 0.2632 0.79612
vt 0.26992 0.79378
vt 0.27597 0.79194
vt 0.33602 0.5227
vt 0.33651 0.56362
vt 0.29074 0.19366
vt 0.22383 0.20026
vt 0.33609 0.46311
vt 0.22299 0.01401
vt 0.3369 0.45374
vt 0.2254 0.0152
vt 0.33441 0.57502
vt 0.21913 0.21056
vt 0.22184 0.20244
vt 0.33817 0.40355
vt 0.22328 0.00339
vt 0.25978 0.79169
vt 0.30092 0.19372
vt 0.26075 0.79866
vt 0.30138 0.18725
vt 0.2165 0.00248
vt 0.25486 0.80076
vt 0.25786 0.8002
vt 0.34662 0.58628
vt 0.30638 0.18545
vt 0.34667 0.6008
vt 0.34614 0.51472
vt 0.20319 0.2128
vt 0.34802 0.43715
vt 0.35134 0.49954
vt 0.2152 0.01405
vt 0.24382 0.7937
vt 0.23542 0.79232
vt 0.35132 0.5754
vt 0.34261 0.60567
vt 0.34367 0.60672
vt 0.35146 0.44401
vt 0.31193 0.18724
vt 0.36039 0.60393
vt 0.36511 0.40708
vt 0.35697 0.41248
vt 0.34941 0.4201
vt 0.24422 0.79611
vt 0.35879 0.52082
vt 0.35173 0.55295
vt 0.35829 0.56589
vt 0.32165 0.19371
vt 0.35404 0.59409
vt 0.18885 0.20026
vt 0.35605 0.42726
vt 0.20088 0.21055
vt 0.35887 0.45593
vt 0.57665 0.70411
vt 0.19883 0.0152
vt 0.20162 0.01397
vt 0.33146 0.18454
vt 0.35781 0.60671
vt 0.3728 0.40357
vt 0.19749 0.21383
vt 0.19286 0.2013
vt 0.17686 0.1994
vt 0.38001 0.40214
vt 0.33131 0.18544
vt 0.32977 0.18711
vt 0.18974 0.20261
vt 0.36846 0.40257
vt 0.36708 0.48057
vt 0.21168 0.7918
vt 0.3575 0.60568
vt 0.19252 0.00335
vt 0.38175 0.40525
vt 0.23038 0.80013
vt 0.37056 0.57839
vt 0.37004 0.41752
vt 0.37806 0.43375
vt 0.37458 0.44588
vt 0.18886 0.01403
vt 0.37084 0.50761
vt 0.37428 0.59195
vt 0.33484 0.19226
vt 0.37165 0.59874
vt 0.18402 0.21289
vt 0.37778 0.46128
vt 0.3687 0.55736
vt 0.37595 0.47334
vt 0.37623 0.49312
vt 0.37902 0.60564
vt 0.17214 0.21047
vt 0.37851 0.41395
vt 0.37874 0.42362
vt 0.3769 0.56524
vt 0.37991 0.6039
vt 0.21481 0.79607
vt 0.34894 0.18735
vt 0.34549 0.19377
vt 0.3778 0.6067
vt 0.75213 0.33673
vt 0.17644 0.01396
vt 0.21461 0.79366
vt 0.35059 0.18551
vt 0.17349 0.00343
vt 0.16413 0.00245
vt 0.2025 0.80072
vt 0.2123 0.80015
vt 0.38822 0.55391
vt 0.35457 0.1846
vt 0.16322 0.20581
vt 0.39293 0.40866
vt 0.60718 0.70425
vt 0.16831 0.01524
vt 0.38556 0.51676
vt 0.38329 0.58063
vt 0.15422 0.21388
vt 0.39286 0.47468
vt 0.38951 0.49632
vt 0.38912 0.5345
vt 0.39207 0.56544
vt 0.39217 0.59026
vt 0.35472 0.19247
vt 0.38964 0.59856
vt 0.35399 0.19385
vt 0.38631 0.60669
vt 0.75217 0.32918
vt 0.16253 0.20136
vt 0.39637 0.40251
vt 0.39273 0.44074
vt 0.16599 0.00853
vt 0.20249 0.79239
vt 0.36576 0.18761
vt 0.39725 0.41475
vt 0.39544 0.45714
vt 0.40334 0.50342
vt 0.36614 0.18552
vt 0.39689 0.60575
vt 0.15248 0.20258
vt 0.16094 0.20024
vt 0.39762 0.40351
vt 0.39533 0.42724
vt 0.20279 0.80016
vt 0.39868 0.54251
vt 0.40046 0.57772
vt 0.40324 0.60404
vt 0.15462 0.21294
vt 0.15609 0.2108
vt 0.16279 0.01414
vt 0.16391 0.00332
vt 0.20232 0.7961
vt 0.19925 0.79367
vt 0.36938 0.19403
vt 0.40175 0.48719
vt 0.3992 0.52206
vt 0.36878 0.19264
vt 0.40664 0.5621
vt 0.19209 0.79189
vt 0.41516 0.60012
vt 0.40943 0.43417
vt 0.1548 0.0034
vt 0.40643 0.59387
vt 0.13754 0.21052
vt 0.41257 0.4177
vt 0.41875 0.42471
vt 0.40938 0.44789
vt 0.41499 0.50806
vt 0.40933 0.54493
vt 0.37732 0.18563
vt 0.37928 0.18775
vt 0.13486 0.20139
vt 0.41821 0.46129
vt 0.18614 0.80014
vt 0.18622 0.79863
vt 0.41442 0.52099
vt 0.38785 0.18476
vt 0.42465 0.40513
vt 0.42174 0.41106
vt 0.415 0.47331
vt 0.41914 0.49315
vt 0.14005 0.1994
vt 0.41679 0.40214
vt 0.15995 0.01576
vt 0.13535 0.01533
vt 0.14539 0.01411
vt 0.13955 0.00253
vt 0.17796 0.80071
vt 0.42382 0.60572
vt 0.42194 0.60675
vt 0.43594 0.60704
vt 0.39934 0.60704
vt 0.13251 0.20027
vt 0.14478 0.01579
vt 0.13436 0.20579
vt 0.13458 0.00343
vt 0.41904 0.56302
vt 0.39412 0.19419
vt 0.13414 0.21295
vt 0.42284 0.44634
vt 0.16514 0.79621
vt 0.17674 0.79239
vt 0.3934 0.18987
vt 0.42556 0.40249
vt 0.43015 0.53434
vt 0.39236 0.19275
vt 0.12349 0.21389
vt 0.42552 0.40349
vt 0.42099 0.54783
vt 0.38903 0.18571
vt 0.3925 0.18758
vt 0.43094 0.40703
vt 0.13283 0.0141
vt 0.1202 0.20817
vt 0.16417 0.80008
vt 0.43593 0.41671
vt 0.43706 0.43524
vt 0.43756 0.48616
vt 0.13042 0.01579
vt 0.16299 0.79364
vt 0.433 0.5136
vt 0.43326 0.59152
vt 0.44009 0.47439
vt 0.43587 0.52437
vt 0.4361 0.56117
vt 0.40753 0.18585
vt 0.41043 0.1893
vt 0.43702 0.44918
vt 0.44 0.46222
vt 0.4433 0.59219
vt 0.40924 0.19296
vt 0.1056 0.20143
vt 0.1222 0.00823
vt 0.43777 0.54792
vt 0.40632 0.18493
vt 0.46115 0.60047
vt 0.45034 0.40352
vt 0.11195 0.0141
vt 0.11446 0.00248
vt 0.15292 0.80064
vt 0.44001 0.49819
vt 0.1578 0.79237
vt 0.41029 0.10486
vt 0.41194 0.18777
vt 0.10574 0.20039
vt 0.44416 0.41128
vt 0.41196 0.1909
vt 0.45294 0.60407
vt 0.1004 0.21299
vt 0.44605 0.42348
vt 0.11063 0.21087
vt 0.11052 0.2027
vt 0.11181 0.01537
vt 0.415 0.19442
vt 0.44836 0.5144
vt 0.4522 0.60674
vt 0.45631 0.40531
vt 0.10843 0.01585
vt 0.11007 0.00347
vt 0.13987 0.8001
vt 0.14302 0.79889
vt 0.44895 0.53912
vt 0.45138 0.55705
vt 0.10528 0.19921
vt 0.45153 0.40238
vt 0.45213 0.43145
vt 0.45445 0.44577
vt 0.14152 0.79594
vt 0.46177 0.49697
vt 0.46259 0.60571
vt 0.45833 0.48305
vt 0.13758 0.79369
vt 0.45128 0.57281
vt 0.42818 0.19321
vt 0.10092 0.21393
vt 0.09624 0.20346
vt 0.42881 0.18614
vt 0.45575 0.59264
vt 0.46312 0.41669
vt 0.46198 0.46244
vt 0.46085 0.51054
vt 0.46342 0.57793
vt 0.42895 0.18795
vt 0.42868 0.1901
vt 0.46073 0.60706
vt 0.09503 0.21101
vt 0.4604 0.40346
vt 0.1348 0.79257
vt 0.15247 0.79193
vt 0.46401 0.53846
vt 0.09467 0.01551
vt 0.43332 0.10504
vt 0.43337 0.18529
vt 0.42949 0.19465
vt 0.08643 0.19941
vt 0.47036 0.40208
vt 0.46549 0.40245
vt 0.47034 0.47102
vt 0.09457 0.01411
vt 0.46576 0.56527
vt 0.47346 0.40838
vt 0.46893 0.42795
vt 0.46898 0.44613
vt 0.1008 0.01602
vt 0.0905 0.00272
vt 0.129 0.80058
vt 0.13133 0.79876
vt 0.47227 0.52505
vt 0.46809 0.58762
vt 0.44472 0.19484
vt 0.07256 0.21028
vt 0.09016 0.00728
vt 0.092 0.00353
vt 0.13079 0.79615
vt 0.47621 0.59219
vt 0.06694 0.20303
vt 0.07264 0.20033
vt 0.48049 0.43225
vt 0.12903 0.80009
vt 0.47589 0.55455
vt 0.44273 0.18821
vt 0.44074 0.19163
vt 0.48119 0.60384
vt 0.07039 0.20143
vt 0.44257 0.18639
vt 0.07201 0.21399
vt 0.07155 0.21302
vt 0.48252 0.45467
vt 0.47897 0.50873
vt 0.48042 0.60675
vt 0.48312 0.41674
vt 0.45119 0.19329
vt 0.06872 0.00591
vt 0.11503 0.79369
vt 0.11321 0.79254
vt 0.45492 0.10514
vt 0.48718 0.5365
vt 0.48358 0.58022
vt 0.07645 0.01607
vt 0.07342 0.01107
vt 0.06766 0.00355
vt 0.11648 0.79879
vt 0.51603 0.4048
vt 0.0572 0.01414
vt 0.11483 0.79623
vt 0.49062 0.5655
vt 0.45394 0.18563
vt 0.45394 0.18664
vt 0.49415 0.40341
vt 0.05499 0.01556
vt 0.07116 0.00273
vt 0.10967 0.80058
vt 0.45521 0.18864
vt 0.49079 0.60569
vt 0.09948 0.80014
vt 0.48674 0.52292
vt 0.49645 0.60705
vt 0.51358 0.40239
vt 0.49222 0.59329
vt 0.49711 0.55141
vt 0.50569 0.41824
vt 0.49866 0.43673
vt 0.46759 0.18591
vt 0.0577 0.21402
vt 0.50774 0.40906
vt 0.1045 0.79886
vt 0.10139 0.79601
vt 0.10172 0.7937
vt 0.46724 0.18703
vt 0.05467 0.21305
vt 0.49769 0.51721
vt 0.05539 0.21088
vt 0.50591 0.42705
vt 0.51932 0.60376
vt 0.0583 0.01618
vt 0.51211 0.60678
vt 0.04266 0.2004
vt 0.05291 0.00279
vt 0.09144 0.80065
vt 0.08849 0.7988
vt 0.50453 0.54172
vt 0.47864 0.18732
vt 0.51196 0.59893
vt 0.04511 0.20572
vt 0.03963 0.19948
vt 0.51714 0.40203
vt 0.51347 0.49014
vt 0.04939 0.00992
vt 0.08128 0.79258
vt 0.50827 0.52237
vt 0.50528 0.57058
vt 0.04568 0.00348
vt 0.51683 0.60572
vt 0.51409 0.53564
vt 0.03465 0.21015
vt 0.03206 0.20295
vt 0.51865 0.47984
vt 0.08563 0.80016
vt 0.08228 0.79375
vt 0.51629 0.50751
vt 0.51407 0.60707
vt 0.51606 0.43934
vt 0.04005 0.01618
vt 0.48906 0.18749
vt 0.03268 0.20148
vt 0.51998 0.45312
vt 0.49875 0.18666
vt 0.52061 0.41622
vt 0.52451 0.46482
vt 0.0726 0.79889
vt 0.52665 0.60082
vt 0.526 0.4287
vt 0.03402 0.00352
vt 0.52752 0.50435
vt 0.03306 0.21408
vt 0.02541 0.20046
vt 0.53926 0.40335
vt 0.03587 0.0141
vt 0.03182 0.00275
vt 0.07038 0.80064
vt 0.53009 0.52513
vt 0.5239 0.57028
vt 0.5295 0.59669
vt 0.49464 0.19445
vt 0.03173 0.21306
vt 0.06948 0.79374
vt 0.52942 0.58141
vt 0.502 0.1881
vt 0.02028 0.19913
vt 0.53649 0.40235
vt 0.53328 0.40504
vt 0.06641 0.80019
vt 0.06915 0.79268
vt 0.50492 0.19617
vt 0.53452 0.60676
vt 0.0243 0.21029
vt 0.53113 0.44549
vt 0.02755 0.01402
vt 0.02916 0.01203
vt 0.50261 0.19341
vt 0.50374 0.1947
vt 0.53028 0.48298
vt 0.03096 0.01634
vt 0.01932 0.21285
vt 0.53599 0.41435
vt 0.53702 0.48228
vt 0.50616 0.18692
vt 0.00867 0.20141
vt 0.53677 0.42782
vt 0.53741 0.45894
vt 0.02398 0.0034
vt 0.53935 0.56583
vt 0.50838 0.19321
vt 0.01759 0.20325
vt 0.02371 0.01258
vt 0.05792 0.79899
vt 0.06151 0.79367
vt 0.05793 0.79258
vt 0.53968 0.51251
vt 0.50925 0.18689
vt 0.54381 0.60574
vt 0.34845 0.31378
vt 0.36167 0.3137
vt 0.02107 0.26079
vt 0.02117 0.24783
vt 0.02168 0.25107
vt 0.0212 0.23692
vt 0.02177 0.23637
vt 0.37628 0.31357
vt 0.41334 0.31374
vt 0.02216 0.00785
vt 0.02104 0.00268
vt 0.0596 0.80086
vt 0.01828 0.40132
vt 0.01856 0.40065
vt 0.01976 0.40128
vt 0.01888 0.39847
vt 0.02004 0.39685
vt 0.01923 0.38527
vt 0.02039 0.37977
vt 0.01924 0.37444
vt 0.02048 0.36183
vt 0.0193 0.34618
vt 0.02057 0.33652
vt 0.01949 0.31963
vt 0.02075 0.32086
vt 0.01943 0.30524
vt 0.0209 0.2944
vt 0.01953 0.29541
vt 0.01962 0.27274
vt 0.021 0.27251
vt 0.01962 0.26023
vt 0.01965 0.25072
vt 0.01972 0.23971
vt 0.01973 0.22723
vt 0.01962 0.21878
vt 0.54602 0.40531
vt 0.05759 0.80021
vt 0.02089 0.01689
vt 0.53987 0.54393
vt 0.54015 0.5873
vt 0.31975 0.86824
vt 0.31824 0.86762
vt 0.3143 0.86775
vt 0.29876 0.86787
vt 0.52042 0.02771
vt 0.51971 0.03471
vt 0.5192 0.03809
vt 0.51926 0.04981
vt 0.51796 0.05864
vt 0.51864 0.04772
vt 0.25 0.86797
vt 0.22822 0.86797
vt 0.19899 0.86815
vt 0.17979 0.86824
vt 0.51388 0.12617
vt 0.51296 0.13831
vt 0.51212 0.15331
vt 0.51174 0.16254
vt 0.5109 0.17245
vt 0.5113 0.17501
vt 0.12097 0.86712
vt 0.5099 0.17761
vt 0.51112 0.18037
vt 0.50975 0.18305
vt 0.51017 0.18611
vt 0.51211 0.19502
vt 0.54524 0.60397
vt 0.01717 0.40066
vt 0.0174 0.38701
vt 0.01671 0.37599
vt 0.01703 0.35095
vt 0.01668 0.33781
vt 0.01711 0.31957
vt 0.01602 0.29696
vt 0.01727 0.27089
vt 0.01566 0.2606
vt 0.01576 0.23961
vt 0.01601 0.22498
vt 0.01613 0.21633
vt 0.00863 0.20549
vt 0.54279 0.43982
vt 0.54634 0.46562
vt 0.54692 0.48252
vt 0.01915 0.00249
vt 0.05775 0.80128
vt 0.01906 0.01689
vt 0.01963 0.01563
vt 0.01958 0.01069
vt 0.05706 0.79361
vt 0.54682 0.53081
vt 0.52463 0.00146
vt 0.52337 0.01514
vt 0.52297 0.02593
vt 0.52035 0.06026
vt 0.51941 0.07613
vt 0.51827 0.09889
vt 0.51683 0.11892
vt 0.5164 0.13255
vt 0.51599 0.14223
vt 0.51516 0.15849
vt 0.52166 0.04482
vt 0.51867 0.04383
vt 0.52152 0.04868
vt 0.52117 0.0504
vt 0.51465 0.17472
vt 0.51551 0.18086
vt 0.51409 0.18608
vt 0.01097 0.40141
vt 0.01246 0.40078
vt 0.01273 0.36135
vt 0.01247 0.32124
vt 0.01292 0.28066
vt 0.39765 0.77625
vt 0.05747 0.88544
vt 0.0567 0.88147
vt 0.05739 0.88052
vt 0.40505 0.77586
vt 0.44312 0.77608
vt 0.46703 0.77626
vt 0.49307 0.7763
vt 0.05679 0.80372
vt 0.05762 0.79155
vt 0.05676 0.78384
vt 0.0575 0.7856
vt 0.05757 0.77471
vt 0.05668 0.76388
vt 0.40375 0.6732
vt 0.43042 0.67309
vt 0.54672 0.55596
vt 0.4368 0.67302
vt 0.44971 0.67291
vt 0.05645 0.7125
vt 0.0572 0.71306
vt 0.05651 0.70709
vt 0.05739 0.70706
vt 0.52986 0.00043
vt 0.52697 0.00119
vt 0.52544 0.02517
vt 0.52602 0.0312
vt 0.52523 0.0331
vt 0.52528 0.03413
vt 0.05631 0.70619
vt 0.05822 0.70613
vt 0.52547 0.05526
vt 0.52288 0.07783
vt 0.52243 0.0882
vt 0.52253 0.12128
vt 0.51855 0.13225
vt 0.51853 0.13991
vt 0.51788 0.15359
vt 0.51713 0.16497
vt 0.54657 0.59915
vt 0.52337 0.04911
vt 0.5161 0.17979
vt 0.51544 0.18671
vt 0.51546 0.1907
vt 0.51559 0.19516
vt 0.51567 0.19663
vt 0.54863 0.60687
vt 0.75225 0.1852
vt 0.01151 0.39495
vt 0.00588 0.38312
vt 0.00587 0.37562
vt 0.00583 0.35633
vt 0.00582 0.3493
vt 0.0059 0.31652
vt 0.00796 0.30645
vt 0.00836 0.2577
vt 0.00813 0.2402
vt 0.00809 0.21372
vt 0.00811 0.20039
vt 0.00682 0.19919
vt 0.54995 0.40214
vt 0.54876 0.40238
vt 0.05491 0.88163
vt 0.54668 0.41632
vt 0.05534 0.87315
vt 0.05671 0.8727
vt 0.05369 0.86636
vt 0.05524 0.83279
vt 0.54659 0.44576
vt 0.05673 0.82673
vt 0.05521 0.82175
vt 0.05526 0.80465
vt 0.5446 0.51131
vt 0.05455 0.79718
vt 0.05497 0.79091
vt 0.05514 0.77633
vt 0.05518 0.76247
vt 0.05506 0.74895
vt 0.05514 0.73945
vt 0.54668 0.59149
vt 0.05473 0.71201
vt 0.05374 0.70706
vt 0.53076 0.00118
vt 0.52999 0.00689
vt 0.53466 0.01886
vt 0.5318 0.02846
vt 0.05339 0.70608
vt 0.52688 0.06714
vt 0.52363 0.10744
vt 0.52269 0.13146
vt 0.52463 0.15435
vt 0.51948 0.17242
vt 0.5196 0.17423
vt 0.51931 0.17511
vt 0.52626 0.04939
vt 0.00658 0.40058
vt 0.00583 0.33023
vt 0.01021 0.26216
vt 0.00814 0.22478
vt 0.54878 0.40344
vt 0.04954 0.87666
vt 0.05255 0.83253
vt 0.04945 0.82166
vt 0.54663 0.5068
vt 0.04936 0.79589
vt 0.05197 0.76233
vt 0.05224 0.7489
vt 0.04913 0.71368
vt 0.53177 0.03357
vt 0.0502 0.70613
vt 0.52851 0.08235
vt 0.52797 0.09096
vt 0.5273 0.10544
vt 0.52502 0.14073
vt 0.52381 0.16833
vt 0.52283 0.17278
vt 0.5226 0.17517
vt 0.54875 0.60576
vt 0.00603 0.39893
vt 0.00594 0.3931
vt 0.00583 0.33786
vt 0.00798 0.28792
vt 0.54874 0.40579
vt 0.04953 0.8883
vt 0.54872 0.42028
vt 0.04973 0.88576
vt 0.04943 0.87096
vt 0.54868 0.44576
vt 0.04846 0.87008
vt 0.54871 0.46999
vt 0.54873 0.48518
vt 0.04945 0.808
vt 0.54873 0.50835
vt 0.54875 0.53118
vt 0.54874 0.56172
vt 0.54882 0.59137
vt 0.04927 0.70683
vt 0.53544 0.00168
vt 0.53538 0.00843
vt 0.5339 0.03335
vt 0.53182 0.03455
vt 0.5318 0.0622
vt 0.53079 0.07704
vt 0.52655 0.11615
vt 0.5254 0.13007
vt 0.52351 0.17458
vt 0.00552 0.40129
vt 0.00595 0.29305
vt 0.00609 0.26742
vt 0.00609 0.25198
vt 0.00611 0.24086
vt 0.00613 0.22247
vt 0.00619 0.20975
vt 0.00631 0.20136
vt 0.00549 0.19934
vt 0.55038 0.40332
vt 0.55031 0.41681
vt 0.04735 0.88844
vt 0.04736 0.88772
vt 0.04608 0.88851
vt 0.04781 0.88039
vt 0.04786 0.87103
vt 0.04769 0.8565
vt 0.5502 0.44913
vt 0.55027 0.47638
vt 0.04782 0.82077
vt 0.0478 0.80806
vt 0.55026 0.49664
vt 0.04768 0.7952
vt 0.55034 0.52371
vt 0.04775 0.77333
vt 0.04775 0.7644
vt 0.55025 0.55964
vt 0.04768 0.74454
vt 0.04747 0.73657
vt 0.55034 0.58785
vt 0.04743 0.71236
vt 0.04709 0.70696
vt 0.81235 0.84686
vt 0.82187 0.85139
vt 0.82094 0.84804
vt 0.53673 0.00091
vt 0.53392 0.03507
vt 0.53472 0.03474
vt 0.53505 0.03631
vt 0.81186 0.85203
vt 0.82503 0.85223
vt 0.53256 0.04912
vt 0.52975 0.09405
vt 0.52907 0.10633
vt 0.52846 0.11792
vt 0.52753 0.13261
vt 0.52639 0.15414
vt 0.52565 0.17298
vt 0.52565 0.17469
vt 0.55034 0.60554
vt 0.55093 0.60675
vt 0.54951 0.60719
vt 0.00511 0.40032
vt 0.7715 0.659
vt 0.77234 0.65888
vt 0.77146 0.65779
vt 0.77263 0.65778
vt 0.77558 0.65848
vt 0.00485 0.39693
vt 0.77646 0.65759
vt 0.00461 0.38473
vt 0.79023 0.65756
vt 0.79302 0.65846
vt 0.0045 0.36957
vt 0.80736 0.65757
vt 0.81314 0.65844
vt 0.00454 0.35267
vt 0.82646 0.65756
vt 0.82755 0.65846
vt 0.00451 0.3374
vt 0.84372 0.65757
vt 0.842 0.65845
vt 0.8546 0.65853
vt 0.00453 0.3199
vt 0.86352 0.65771
vt 0.88402 0.6586
vt 0.00463 0.2984
vt 0.88783 0.65777
vt 0.91441 0.65863
vt 0.00469 0.27594
vt 0.91322 0.65778
vt 0.00487 0.26024
vt 0.93097 0.65781
vt 0.93073 0.65865
vt 0.94585 0.65865
vt 0.00483 0.2439
vt 0.94945 0.65784
vt 0.00487 0.22137
vt 0.98122 0.65864
vt 0.97491 0.65783
vt 0.00508 0.20148
vt 0.99739 0.65807
vt 0.9973 0.65877
vt 0.9996 0.65905
vt 0.80102 0.66165
vt 0.82311 0.66553
vt 0.82798 0.66248
vt 0.84508 0.66866
vt 0.86508 0.66018
vt 0.88842 0.66031
vt 0.91523 0.66035
vt 0.93186 0.66031
vt 0.95343 0.66014
vt 0.97068 0.66
vt 0.98357 0.66
vt 0.9974 0.66019
vt 0.99867 0.66024
vt 0.55128 0.40232
vt 0.77143 0.66295
vt 0.77218 0.66226
vt 0.77901 0.66221
vt 0.78687 0.66549
vt 0.81347 0.66572
vt 0.83513 0.66871
vt 0.86468 0.66433
vt 0.94083 0.66393
vt 0.96205 0.66401
vt 0.97652 0.66556
vt 0.99325 0.6665
vt 0.77221 0.66547
vt 0.77457 0.66642
vt 0.81894 0.66626
vt 0.87362 0.66428
vt 0.90893 0.6641
vt 0.92481 0.66462
vt 0.77146 0.66867
vt 0.7996 0.66854
vt 0.80745 0.66857
vt 0.82924 0.66863
vt 0.86416 0.66868
vt 0.88156 0.66863
vt 0.90828 0.66859
vt 0.92842 0.6686
vt 0.96066 0.66869
vt 0.97003 0.66841
vt 0.98449 0.67089
vt 0.99618 0.66816
vt 0.77266 0.66824
vt 0.78923 0.66855
vt 0.81452 0.66826
vt 0.82168 0.66821
vt 0.99737 0.67708
vt 0.77266 0.66984
vt 0.77408 0.6695
vt 0.78216 0.66965
vt 0.80226 0.66984
vt 0.80873 0.66994
vt 0.82577 0.67011
vt 0.82663 0.66979
vt 0.82983 0.67002
vt 0.83379 0.66995
vt 0.85642 0.66994
vt 0.88106 0.66995
vt 0.90214 0.67002
vt 0.92354 0.67002
vt 0.94022 0.67005
vt 0.96011 0.67011
vt 0.96975 0.67017
vt 0.97222 0.67057
vt 0.99896 0.67492
vt 0.55104 0.41795
vt 0.99964 0.67471
vt 0.24759 0.68304
vt 0.23959 0.68325
vt 0.79343 0.67027
vt 0.80858 0.67068
vt 0.8102 0.67102
vt 0.82532 0.67081
vt 0.83052 0.67051
vt 0.8371 0.67058
vt 0.84916 0.6706
vt 0.86655 0.6707
vt 0.88027 0.67071
vt 0.89905 0.67083
vt 0.92869 0.6708
vt 0.95104 0.67086
vt 0.96755 0.67087
vt 0.82613 0.67206
vt 0.04656 0.8866
vt 0.99615 0.67818
vt 0.82482 0.67796
vt 0.98743 0.67621
vt 0.81206 0.67732
vt 0.04694 0.88026
vt 0.82594 0.67841
vt 0.97008 0.67991
vt 0.97069 0.67953
vt 0.97247 0.67902
vt 0.97792 0.67849
vt 0.81002 0.6816
vt 0.81837 0.67986
vt 0.81174 0.68279
vt 0.81415 0.68289
vt 0.9962 0.6888
vt 0.81044 0.68422
vt 0.82303 0.68624
vt 0.82495 0.68802
vt 0.97929 0.68666
vt 0.99743 0.68762
vt 0.04698 0.86984
vt 0.82587 0.6888
vt 0.97243 0.68889
vt 0.98659 0.69028
vt 0.97016 0.692
vt 0.81406 0.70328
vt 0.97078 0.70061
vt 0.81046 0.69625
vt 0.99608 0.70011
vt 0.97755 0.69779
vt 0.55086 0.44447
vt 0.99965 0.70127
vt 0.98938 0.70718
vt 0.99742 0.70419
vt 0.81174 0.71367
vt 0.8235 0.71253
vt 0.97 0.70378
vt 0.97229 0.70593
vt 0.97485 0.71107
vt 0.9987 0.70339
vt 0.99619 0.71041
vt 0.81012 0.71035
vt 0.81798 0.71112
vt 0.97928 0.71383
vt 0.82499 0.71054
vt 0.81045 0.72154
vt 0.82581 0.71946
vt 0.82667 0.70214
vt 0.97071 0.71247
vt 0.99402 0.72356
vt 0.81445 0.72177
vt 0.04691 0.83916
vt 0.96988 0.72037
vt 0.97266 0.72358
vt 0.98912 0.72299
vt 0.99616 0.72542
vt 0.99741 0.72449
vt 0.99956 0.73023
vt 0.8101 0.72733
vt 0.97063 0.74251
vt 0.97854 0.72907
vt 0.81165 0.73984
vt 0.82305 0.73523
vt 0.96993 0.73096
vt 0.98807 0.73492
vt 0.55095 0.47338
vt 0.82481 0.74469
vt 0.9745 0.73859
vt 0.99745 0.73587
vt 0.81427 0.74074
vt 0.99404 0.7361
vt 0.99958 0.73679
vt 0.04701 0.81516
vt 0.82573 0.74341
vt 0.97228 0.74163
vt 0.99618 0.73625
vt 0.81048 0.7435
vt 0.55093 0.47992
vt 0.9698 0.74316
vt 0.98384 0.74609
vt 0.81017 0.75026
vt 0.97752 0.75366
vt 0.99856 0.7576
vt 0.82288 0.74701
vt 0.98634 0.756
vt 0.99437 0.75744
vt 0.81164 0.76241
vt 0.9974 0.75967
vt 0.81407 0.76057
vt 0.81882 0.76045
vt 0.99611 0.75844
vt 0.55087 0.49971
vt 0.99959 0.7566
vt 0.97275 0.75527
vt 0.96984 0.7645
vt 0.0468 0.79598
vt 0.82569 0.76255
vt 0.98763 0.76214
vt 0.81053 0.76426
vt 0.82475 0.76255
vt 0.97065 0.76204
vt 0.97269 0.76446
vt 0.81024 0.76954
vt 0.97843 0.78076
vt 0.98557 0.77452
vt 0.99449 0.78286
vt 0.81399 0.77335
vt 0.82466 0.77209
vt 0.04688 0.77903
vt 0.8257 0.77947
vt 0.81803 0.77956
vt 0.551 0.52457
vt 0.99954 0.78151
vt 0.97061 0.78076
vt 0.97426 0.78006
vt 0.99621 0.79094
vt 0.82297 0.78119
vt 0.97217 0.78256
vt 0.81048 0.79596
vt 0.81168 0.79415
vt 0.9698 0.78799
vt 0.9918 0.79359
vt 0.82506 0.79976
vt 0.98762 0.79558
vt 0.99738 0.79082
vt 0.81476 0.7932
vt 0.81012 0.79463
vt 0.55093 0.53727
vt 0.04695 0.75981
vt 0.82595 0.79864
vt 0.97794 0.79756
vt 0.99955 0.79423
vt 0.97061 0.79794
vt 0.8231 0.80649
vt 0.96979 0.80473
vt 0.97228 0.79896
vt 0.97438 0.80331
vt 0.98771 0.80889
vt 0.99732 0.81355
vt 0.55086 0.56789
vt 0.97833 0.81761
vt 0.98865 0.81757
vt 0.81011 0.81193
vt 0.99611 0.81366
vt 0.99956 0.82491
vt 0.81438 0.82112
vt 0.82477 0.82325
vt 0.8117 0.82065
vt 0.97064 0.82672
vt 0.04679 0.7396
vt 0.82596 0.81877
vt 0.81047 0.84161
vt 0.96969 0.81988
vt 0.97231 0.82578
vt 0.99609 0.82141
vt 0.98706 0.83033
vt 0.97455 0.82817
vt 0.99744 0.82755
vt 0.99604 0.82772
vt 0.81442 0.83436
vt 0.96984 0.83086
vt 0.82485 0.84213
vt 0.81178 0.8416
vt 0.97258 0.83625
vt 0.97797 0.84427
vt 0.04673 0.72039
vt 0.82598 0.83797
vt 0.99734 0.85058
vt 0.99616 0.84576
vt 0.9706 0.84353
vt 0.98739 0.84804
vt 0.5511 0.59929
vt 0.99959 0.85637
vt 0.81453 0.84291
vt 0.04669 0.71362
vt 0.82605 0.84472
vt 0.96984 0.84397
vt 0.97255 0.84377
vt 0.82491 0.84631
vt 0.97203 0.85104
vt 0.96959 0.85121
vt 0.97023 0.85145
vt 0.9795 0.85106
vt 0.04615 0.70756
vt 0.53665 0.00659
vt 0.77231 0.85311
vt 0.77696 0.85284
vt 0.7777 0.85226
vt 0.77119 0.85255
vt 0.5359 0.01966
vt 0.80099 0.85275
vt 0.79266 0.85219
vt 0.53496 0.03275
vt 0.80768 0.85197
vt 0.8093 0.85252
vt 0.53552 0.03414
vt 0.83184 0.85282
vt 0.53317 0.05996
vt 0.83871 0.85208
vt 0.84303 0.85279
vt 0.5322 0.07487
vt 0.85568 0.85209
vt 0.87166 0.85282
vt 0.53091 0.09541
vt 0.87905 0.85209
vt 0.53021 0.10711
vt 0.89236 0.85201
vt 0.90742 0.85278
vt 0.52952 0.11967
vt 0.90663 0.85201
vt 0.52864 0.13339
vt 0.92223 0.85204
vt 0.92803 0.85272
vt 0.52751 0.153
vt 0.94448 0.85187
vt 0.96586 0.8527
vt 0.52678 0.16887
vt 0.96245 0.852
vt 0.52654 0.17429
vt 0.96863 0.85186
vt 0.9715 0.85276
vt 0.52622 0.17531
vt 0.98982 0.85994
vt 0.99596 0.86198
vt 0.77101 0.85524
vt 0.772 0.85482
vt 0.77363 0.85409
vt 0.78895 0.85397
vt 0.80178 0.854
vt 0.80824 0.85399
vt 0.81701 0.85303
vt 0.81736 0.85432
vt 0.82433 0.85281
vt 0.82432 0.85416
vt 0.82923 0.85411
vt 0.8328 0.85406
vt 0.85574 0.85415
vt 0.87611 0.85408
vt 0.89342 0.85422
vt 0.91347 0.85419
vt 0.92617 0.85418
vt 0.95074 0.85425
vt 0.9685 0.85407
vt 0.97555 0.85609
vt 0.81197 0.85594
vt 0.82107 0.85635
vt 0.82652 0.85615
vt 0.85466 0.85699
vt 0.99737 0.86028
vt 0.77395 0.86111
vt 0.78903 0.86118
vt 0.80324 0.86133
vt 0.8228 0.86108
vt 0.837 0.86048
vt 0.85336 0.86165
vt 0.87117 0.86058
vt 0.89496 0.8606
vt 0.91579 0.86037
vt 0.92581 0.86011
vt 0.94982 0.86215
vt 0.96553 0.86152
vt 0.77096 0.86197
vt 0.77191 0.86152
vt 0.99745 0.86392
vt 0.99965 0.86385
vt 0.82719 0.86297
vt 0.87443 0.86264
vt 0.90142 0.86267
vt 0.92706 0.86237
vt 0.97614 0.86317
vt 0.7711 0.86485
vt 0.77218 0.864
vt 0.77749 0.86426
vt 0.8013 0.86427
vt 0.83319 0.86432
vt 0.85422 0.86425
vt 0.89805 0.86425
vt 0.91573 0.86427
vt 0.92869 0.86425
vt 0.96202 0.86423
vt 0.99584 0.86414
vt 0.77568 0.8651
vt 0.79097 0.86515
vt 0.82198 0.86517
vt 0.84726 0.86514
vt 0.88033 0.86505
vt 0.90945 0.86508
vt 0.9259 0.86508
vt 0.95118 0.86495
vt 0.97121 0.86502
vt 0.997 0.86478
vt 0.75202 0.18314
usemtl mat0
f 1/1 2/2 3/3
f 3/3 2/2 4/4
f 2/2 5/5 6/6
f 2/2 6/6 4/4
f 5/5 7/7 6/6
f 5/5 8/8 7/7
f 8/8 9/9 7/7
f 8/8 10/10 9/9
f 10/10 11/11 9/9
f 10/10 12/12 11/11
f 12/12 13/13 11/11
f 12/12 14/14 13/13
f 14/14 15/15 13/13
f 13/13 15/15 16/16
f 15/15 17/17 16/16
f 17/17 18/18 16/16
f 17/17 19/19 18/18
f 19/19 20/20 18/18
f 19/19 21/21 20/20
f 19/19 22/22 21/21
f 21/21 22/22 23/23
f 22/22 24/24 23/23
f 1/1 3/3 25/25
f 1/1 25/25 26/26
f 3/3 4/4 25/25
f 4/4 27/27 25/25
f 4/4 6/6 27/27
f 6/6 7/7 27/27
f 27/27 7/7 28/28
f 7/7 9/9 28/28
f 9/9 29/29 28/28
f 9/9 11/11 29/29
f 29/29 11/11 30/30
f 11/11 13/13 30/30
f 30/30 13/13 31/31
f 13/13 16/16 31/31
f 31/31 16/16 32/32
f 16/16 18/18 32/32
f 18/18 33/33 32/32
f 33/33 18/18 34/34
f 18/18 20/20 34/34
f 20/20 21/21 34/34
f 21/21 35/35 34/34
f 26/26 25/25 36/36
f 25/25 37/37 36/36
f 25/25 27/27 37/37
f 27/27 38/38 37/37
f 27/27 28/28 38/38
f 38/38 28/28 39/39
f 39/39 28/28 40/40
f 28/28 41/41 40/40
f 28/28 29/29 41/41
f 41/41 29/29 42/42
f 29/29 30/30 42/42
f 30/30 43/43 42/42
f 30/30 31/31 43/43
f 31/31 44/44 43/43
f 44/44 31/31 45/45
f 31/31 32/32 45/45
f 32/32 46/46 45/45
f 32/32 33/33 46/46
f 33/33 47/47 46/46
f 33/33 34/34 47/47
f 34/34 48/48 47/47
f 34/34 49/49 48/48
f 34/34 35/35 49/49
f 35/35 21/21 50/50
f 21/21 23/23 50/50
f 50/50 23/23 51/51
f 23/23 24/24 51/51
f 26/26 36/36 52/52
f 52/52 36/36 53/53
f 36/36 54/54 53/53
f 36/36 37/37 54/54
f 37/37 55/55 54/54
f 37/37 38/38 55/55
f 40/40 41/41 56/56
f 42/42 43/43 57/57
f 43/43 44/44 58/58
f 44/44 45/45 59/59
f 45/45 46/46 60/60
f 46/46 47/47 60/60
f 47/47 61/61 60/60
f 61/61 47/47 62/62
f 47/47 48/48 62/62
f 51/51 24/24 63/63
f 55/55 38/38 64/64
f 38/38 65/65 64/64
f 38/38 39/39 65/65
f 65/65 39/39 66/66
f 39/39 40/40 66/66
f 66/66 40/40 67/67
f 40/40 56/56 67/67
f 41/41 42/42 56/56
f 42/42 57/57 56/56
f 57/57 43/43 58/58
f 44/44 59/59 58/58
f 59/59 45/45 68/68
f 45/45 60/60 68/68
f 52/52 53/53 69/69
f 52/52 69/69 70/70
f 53/53 71/71 69/69
f 53/53 54/54 71/71
f 54/54 72/72 71/71
f 54/54 55/55 72/72
f 55/55 64/64 72/72
f 64/64 65/65 73/73
f 65/65 74/74 73/73
f 65/65 66/66 74/74
f 66/66 67/67 74/74
f 67/67 56/56 75/75
f 56/56 76/76 75/75
f 56/56 57/57 76/76
f 57/57 58/58 77/77
f 57/57 77/77 76/76
f 58/58 59/59 77/77
f 59/59 68/68 77/77
f 60/60 78/78 68/68
f 60/60 79/79 78/78
f 60/60 61/61 79/79
f 79/79 61/61 62/62
f 62/62 48/48 80/80
f 80/80 48/48 81/81
f 48/48 49/49 81/81
f 70/70 69/69 82/82
f 82/82 69/69 83/83
f 69/69 71/71 83/83
f 71/71 84/84 83/83
f 71/71 72/72 84/84
f 84/84 72/72 85/85
f 72/72 86/86 85/85
f 72/72 64/64 86/86
f 64/64 73/73 86/86
f 86/86 73/73 87/87
f 73/73 88/88 87/87
f 73/73 74/74 88/88
f 88/88 74/74 89/89
f 74/74 90/90 89/89
f 74/74 67/67 90/90
f 90/90 67/67 91/91
f 67/67 92/92 91/91
f 67/67 75/75 93/93
f 67/67 93/93 92/92
f 93/93 75/75 94/94
f 75/75 76/76 94/94
f 76/76 77/77 94/94
f 94/94 77/77 95/95
f 77/77 68/68 95/95
f 95/95 68/68 96/96
f 68/68 78/78 96/96
f 96/96 78/78 97/97
f 78/78 79/79 97/97
f 97/97 79/79 98/98
f 98/98 79/79 99/99
f 79/79 62/62 99/99
f 99/99 62/62 100/100
f 100/100 62/62 80/80
f 49/49 35/35 101/101
f 35/35 50/50 101/101
f 83/83 84/84 102/102
f 103/103 104/104 105/105
f 104/104 106/106 105/105
f 105/105 106/106 107/107
f 85/85 86/86 108/108
f 86/86 109/109 108/108
f 86/86 87/87 110/110
f 88/88 89/89 111/111
f 111/111 89/89 112/112
f 91/91 92/92 113/113
f 92/92 93/93 113/113
f 113/113 93/93 114/114
f 93/93 94/94 114/114
f 94/94 115/115 114/114
f 94/94 116/116 115/115
f 94/94 95/95 116/116
f 116/116 95/95 117/117
f 95/95 96/96 117/117
f 117/117 96/96 118/118
f 96/96 97/97 118/118
f 118/118 97/97 119/119
f 97/97 98/98 119/119
f 119/119 98/98 120/120
f 98/98 99/99 120/120
f 99/99 121/121 120/120
f 99/99 122/122 121/121
f 99/99 100/100 122/122
f 81/81 49/49 123/123
f 49/49 101/101 123/123
f 111/111 112/112 124/124
f 122/122 100/100 125/125
f 50/50 51/51 126/126
f 51/51 63/63 126/126
f 110/110 87/87 127/127
f 110/110 127/127 128/128
f 87/87 88/88 127/127
f 88/88 111/111 124/124
f 125/125 100/100 129/129
f 100/100 80/80 129/129
f 101/101 50/50 130/130
f 50/50 126/126 130/130
f 88/88 124/124 127/127
f 124/124 112/112 131/131
f 80/80 81/81 132/132
f 127/127 124/124 133/133
f 134/134 135/135 136/136
f 129/129 80/80 132/132
f 133/133 124/124 137/137
f 124/124 138/138 137/137
f 124/124 131/131 138/138
f 139/139 140/140 141/141
f 128/128 127/127 142/142
f 127/127 133/133 143/143
f 133/133 137/137 144/144
f 125/125 129/129 145/145
f 129/129 132/132 145/145
f 142/142 127/127 143/143
f 138/138 131/131 146/146
f 132/132 81/81 147/147
f 143/143 133/133 144/144
f 136/136 135/135 148/148
f 125/125 145/145 149/149
f 81/81 123/123 150/150
f 136/136 148/148 151/151
f 145/145 132/132 147/147
f 123/123 101/101 152/152
f 101/101 130/130 152/152
f 152/152 130/130 153/153
f 130/130 126/126 153/153
f 139/139 141/141 154/154
f 145/145 147/147 155/155
f 126/126 63/63 156/156
f 149/149 145/145 155/155
f 147/147 81/81 150/150
f 153/153 126/126 157/157
f 126/126 156/156 157/157
f 138/138 146/146 158/158
f 150/150 123/123 159/159
f 123/123 152/152 159/159
f 155/155 147/147 160/160
f 144/144 137/137 161/161
f 147/147 150/150 160/160
f 150/150 159/159 162/162
f 142/142 143/143 163/163
f 143/143 144/144 164/164
f 143/143 164/164 163/163
f 144/144 161/161 164/164
f 137/137 138/138 165/165
f 137/137 165/165 161/161
f 138/138 158/158 165/165
f 154/154 141/141 166/166
f 142/142 163/163 167/167
f 151/151 148/148 168/168
f 149/149 155/155 169/169
f 151/151 168/168 170/170
f 160/160 150/150 162/162
f 154/154 166/166 171/171
f 162/162 159/159 172/172
f 157/157 156/156 173/173
f 172/172 159/159 174/174
f 159/159 152/152 174/174
f 174/174 152/152 175/175
f 152/152 153/153 175/175
f 171/171 166/166 176/176
f 165/165 158/158 177/177
f 162/162 172/172 160/160
f 175/175 153/153 178/178
f 153/153 157/157 178/178
f 169/169 155/155 179/179
f 155/155 160/160 179/179
f 163/163 164/164 180/180
f 179/179 160/160 181/181
f 160/160 172/172 181/181
f 161/161 165/165 182/182
f 174/174 175/175 183/183
f 167/167 163/163 180/180
f 172/172 174/174 183/183
f 178/178 157/157 184/184
f 157/157 173/173 184/184
f 164/164 161/161 182/182
f 180/180 164/164 185/185
f 164/164 182/182 185/185
f 183/183 175/175 186/186
f 175/175 178/178 186/186
f 182/182 165/165 187/187
f 165/165 177/177 187/187
f 188/188 169/169 189/189
f 169/169 179/179 189/189
f 176/176 166/166 190/190
f 167/167 180/180 191/191
f 182/182 187/187 185/185
f 187/187 177/177 192/192
f 172/172 183/183 193/193
f 184/184 173/173 194/194
f 181/181 172/172 195/195
f 183/183 186/186 193/193
f 193/193 186/186 196/196
f 186/186 178/178 196/196
f 172/172 193/193 195/195
f 196/196 178/178 197/197
f 178/178 184/184 197/197
f 185/185 187/187 198/198
f 179/179 181/181 199/199
f 181/181 195/195 199/199
f 193/193 196/196 195/195
f 180/180 185/185 200/200
f 200/200 185/185 198/198
f 191/191 180/180 200/200
f 198/198 187/187 201/201
f 187/187 192/192 201/201
f 188/188 189/189 202/202
f 189/189 179/179 202/202
f 179/179 199/199 203/203
f 195/195 196/196 204/204
f 176/176 190/190 205/205
f 199/199 195/195 206/206
f 188/188 202/202 207/207
f 195/195 204/204 206/206
f 198/198 201/201 208/208
f 201/201 192/192 208/208
f 208/208 192/192 209/209
f 204/204 196/196 210/210
f 197/197 184/184 211/211
f 184/184 194/194 211/211
f 191/191 200/200 212/212
f 200/200 198/198 213/213
f 198/198 208/208 213/213
f 196/196 197/197 214/214
f 197/197 211/211 214/214
f 210/210 196/196 215/215
f 196/196 214/214 215/215
f 211/211 194/194 216/216
f 205/205 190/190 217/217
f 191/191 212/212 218/218
f 202/202 179/179 203/203
f 203/203 199/199 219/219
f 199/199 206/206 219/219
f 200/200 213/213 212/212
f 206/206 204/204 219/219
f 219/219 204/204 220/220
f 204/204 210/210 220/220
f 208/208 221/221 213/213
f 208/208 209/209 221/221
f 221/221 209/209 222/222
f 213/213 221/221 223/223
f 218/218 212/212 224/224
f 203/203 219/219 225/225
f 221/221 222/222 226/226
f 210/210 215/215 227/227
f 205/205 217/217 228/228
f 226/226 222/222 229/229
f 225/225 219/219 230/230
f 219/219 231/231 230/230
f 219/219 220/220 231/231
f 211/211 216/216 232/232
f 212/212 213/213 224/224
f 221/221 226/226 223/223
f 220/220 210/210 227/227
f 207/207 202/202 233/233
f 202/202 203/203 234/234
f 203/203 225/225 234/234
f 227/227 215/215 235/235
f 215/215 214/214 235/235
f 235/235 214/214 236/236
f 214/214 211/211 236/236
f 224/224 213/213 237/237
f 213/213 223/223 237/237
f 233/233 202/202 238/238
f 202/202 234/234 238/238
f 228/228 217/217 239/239
f 218/218 224/224 240/240
f 236/236 211/211 241/241
f 211/211 232/232 241/241
f 240/240 224/224 242/242
f 231/231 220/220 243/243
f 220/220 227/227 243/243
f 223/223 226/226 244/244
f 224/224 237/237 242/242
f 223/223 244/244 237/237
f 230/230 231/231 243/243
f 227/227 235/235 245/245
f 235/235 236/236 245/245
f 228/228 239/239 246/246
f 243/243 227/227 247/247
f 245/245 236/236 248/248
f 236/236 241/241 248/248
f 227/227 245/245 247/247
f 242/242 237/237 249/249
f 248/248 241/241 250/250
f 241/241 232/232 250/250
f 244/244 226/226 251/251
f 226/226 229/229 252/252
f 226/226 252/252 251/251
f 225/225 230/230 253/253
f 230/230 243/243 253/253
f 233/233 238/238 254/254
f 254/254 238/238 255/255
f 238/238 234/234 255/255
f 234/234 225/225 253/253
f 253/253 243/243 256/256
f 247/247 245/245 257/257
f 245/245 248/248 257/257
f 240/240 242/242 258/258
f 249/249 237/237 244/244
f 243/243 247/247 256/256
f 244/244 251/251 259/259
f 256/256 247/247 260/260
f 247/247 257/257 260/260
f 257/257 248/248 261/261
f 248/248 250/250 261/261
f 250/250 232/232 262/262
f 240/240 258/258 263/263
f 242/242 249/249 258/258
f 251/251 252/252 264/264
f 255/255 234/234 265/265
f 234/234 253/253 265/265
f 258/258 249/249 259/259
f 249/249 244/244 259/259
f 254/254 255/255 266/266
f 258/258 259/259 267/267
f 256/256 260/260 268/268
f 260/260 257/257 269/269
f 257/257 261/261 269/269
f 266/266 255/255 270/270
f 255/255 265/265 270/270
f 253/253 256/256 268/268
f 271/271 272/272 273/273
f 259/259 251/251 274/274
f 251/251 264/264 275/275
f 251/251 275/275 274/274
f 253/253 268/268 276/276
f 263/263 258/258 277/277
f 259/259 274/274 278/278
f 258/258 267/267 277/277
f 267/267 259/259 278/278
f 266/266 270/270 279/279
f 270/270 265/265 280/280
f 265/265 253/253 276/276
f 273/273 272/272 281/281
f 263/263 277/277 282/282
f 277/277 267/267 283/283
f 282/282 277/277 283/283
f 267/267 278/278 283/283
f 265/265 276/276 280/280
f 268/268 260/260 284/284
f 260/260 269/269 284/284
f 261/261 250/250 285/285
f 250/250 262/262 285/285
f 280/280 276/276 286/286
f 269/269 261/261 284/284
f 284/284 261/261 287/287
f 261/261 285/285 287/287
f 285/285 262/262 288/288
f 273/273 281/281 289/289
f 280/280 286/286 290/290
f 270/270 280/280 290/290
f 276/276 268/268 286/286
f 282/282 283/283 291/291
f 291/291 283/283 278/278
f 274/274 275/275 292/292
f 279/279 270/270 293/293
f 270/270 290/290 293/293
f 291/291 278/278 294/294
f 279/279 293/293 295/295
f 286/286 268/268 296/296
f 268/268 284/284 296/296
f 278/278 274/274 294/294
f 274/274 292/292 294/294
f 290/290 286/286 297/297
f 282/282 291/291 298/298
f 282/282 298/298 299/299
f 291/291 300/300 298/298
f 291/291 294/294 300/300
f 293/293 290/290 301/301
f 293/293 301/301 302/302
f 290/290 297/297 301/301
f 297/297 286/286 296/296
f 284/284 287/287 303/303
f 287/287 285/285 303/303
f 300/300 294/294 304/304
f 294/294 292/292 304/304
f 304/304 292/292 305/305
f 299/299 298/298 306/306
f 298/298 300/300 306/306
f 306/306 300/300 307/307
f 300/300 304/304 307/307
f 307/307 304/304 305/305
f 302/302 301/301 308/308
f 308/308 301/301 309/309
f 301/301 297/297 309/309
f 296/296 284/284 310/310
f 311/311 312/312 313/313
f 314/314 315/315 316/316
f 317/317 318/318 319/319
f 318/318 320/320 319/319
f 321/321 322/322 323/323
f 307/307 305/305 324/324
f 325/325 326/326 327/327
f 325/325 328/328 326/326
f 328/328 329/329 326/326
f 329/329 330/330 326/326
f 329/329 331/331 330/330
f 331/331 332/332 330/330
f 331/331 333/333 332/332
f 333/333 334/334 332/332
f 334/334 333/333 335/335
f 333/333 336/336 335/335
f 336/336 337/337 335/335
f 335/335 337/337 338/338
f 337/337 339/339 340/340
f 337/337 340/340 338/338
f 339/339 308/308 309/309
f 339/339 309/309 340/340
f 296/296 341/341 297/297
f 296/296 310/310 341/341
f 284/284 303/303 310/310
f 303/303 285/285 342/342
f 285/285 288/288 342/342
f 313/313 312/312 343/343
f 343/343 312/312 344/344
f 312/312 345/345 344/344
f 344/344 345/345 346/346
f 346/346 345/345 347/347
f 345/345 323/323 347/347
f 323/323 322/322 347/347
f 322/322 348/348 347/347
f 322/322 349/349 348/348
f 348/348 349/349 350/350
f 349/349 307/307 350/350
f 307/307 324/324 351/351
f 307/307 351/351 350/350
f 324/324 327/327 352/352
f 324/324 352/352 351/351
f 327/327 326/326 352/352
f 326/326 353/353 352/352
f 326/326 354/354 353/353
f 326/326 330/330 354/354
f 354/354 330/330 355/355
f 330/330 356/356 355/355
f 330/330 332/332 356/356
f 356/356 332/332 357/357
f 332/332 334/334 357/357
f 357/357 334/334 358/358
f 334/334 335/335 359/359
f 334/334 359/359 358/358
f 335/335 360/360 359/359
f 335/335 338/338 360/360
f 338/338 361/361 360/360
f 338/338 340/340 361/361
f 340/340 309/309 361/361
f 313/313 343/343 362/362
f 362/362 343/343 363/363
f 363/363 343/343 364/364
f 343/343 344/344 364/364
f 348/348 350/350 365/365
f 350/350 351/351 366/366
f 350/350 366/366 365/365
f 366/366 351/351 367/367
f 351/351 352/352 367/367
f 353/353 354/354 368/368
f 354/354 355/355 369/369
f 369/369 355/355 370/370
f 356/356 357/357 371/371
f 359/359 360/360 372/372
f 360/360 373/373 372/372
f 309/309 297/297 374/374
f 341/341 310/310 375/375
f 342/342 288/288 376/376
f 344/344 377/377 364/364
f 377/377 344/344 378/378
f 344/344 346/346 378/378
f 346/346 379/379 378/378
f 346/346 347/347 379/379
f 347/347 348/348 380/380
f 347/347 380/380 379/379
f 348/348 365/365 381/381
f 348/348 381/381 380/380
f 381/381 365/365 366/366
f 367/367 382/382 366/366
f 367/367 352/352 382/382
f 352/352 353/353 382/382
f 382/382 353/353 368/368
f 354/354 369/369 368/368
f 355/355 356/356 370/370
f 357/357 358/358 371/371
f 371/371 358/358 383/383
f 358/358 359/359 383/383
f 359/359 372/372 383/383
f 373/373 360/360 384/384
f 360/360 361/361 384/384
f 361/361 309/309 374/374
f 374/374 297/297 341/341
f 310/310 303/303 385/385
f 303/303 342/342 385/385
f 362/362 363/363 386/386
f 362/362 386/386 387/387
f 363/363 364/364 377/377
f 363/363 377/377 386/386
f 366/366 382/382 381/381
f 370/370 356/356 388/388
f 356/356 371/371 388/388
f 361/361 374/374 384/384
f 375/375 310/310 389/389
f 310/310 385/385 389/389
f 386/386 377/377 390/390
f 377/377 379/379 390/390
f 377/377 378/378 379/379
f 382/382 391/391 381/381
f 382/382 368/368 391/391
f 391/391 368/368 392/392
f 368/368 369/369 392/392
f 369/369 370/370 392/392
f 388/388 371/371 393/393
f 393/393 371/371 394/394
f 371/371 383/383 394/394
f 394/394 383/383 372/372
f 341/341 375/375 374/374
f 385/385 342/342 395/395
f 342/342 376/376 395/395
f 387/387 386/386 396/396
f 396/396 386/386 397/397
f 386/386 390/390 397/397
f 390/390 398/398 397/397
f 390/390 379/379 398/398
f 398/398 379/379 399/399
f 379/379 380/380 399/399
f 380/380 381/381 400/400
f 380/380 400/400 399/399
f 381/381 391/391 400/400
f 400/400 391/391 401/401
f 391/391 392/392 401/401
f 401/401 392/392 402/402
f 392/392 370/370 402/402
f 402/402 370/370 403/403
f 370/370 388/388 403/403
f 388/388 393/393 403/403
f 393/393 404/404 403/403
f 393/393 394/394 404/404
f 404/404 394/394 405/405
f 394/394 372/372 406/406
f 394/394 406/406 405/405
f 372/372 373/373 406/406
f 406/406 373/373 407/407
f 373/373 384/384 407/407
f 407/407 384/384 408/408
f 384/384 374/374 408/408
f 408/408 374/374 409/409
f 374/374 375/375 409/409
f 375/375 389/389 409/409
f 389/389 385/385 409/409
f 385/385 395/395 409/409
f 395/395 376/376 410/410
f 397/397 411/411 396/396
f 397/397 398/398 411/411
f 411/411 398/398 412/412
f 398/398 399/399 412/412
f 399/399 413/413 412/412
f 399/399 400/400 413/413
f 400/400 401/401 413/413
f 413/413 401/401 414/414
f 401/401 402/402 414/414
f 402/402 415/415 414/414
f 402/402 403/403 415/415
f 403/403 416/416 415/415
f 403/403 404/404 416/416
f 416/416 404/404 417/417
f 404/404 405/405 417/417
f 417/417 405/405 418/418
f 405/405 406/406 418/418
f 406/406 419/419 418/418
f 406/406 407/407 419/419
f 407/407 420/420 419/419
f 407/407 421/421 420/420
f 407/407 408/408 421/421
f 408/408 422/422 421/421
f 408/408 409/409 422/422
f 422/422 409/409 423/423
f 409/409 395/395 410/410
f 409/409 410/410 423/423
f 424/424 425/425 426/426
f 425/425 427/427 426/426
f 426/426 427/427 428/428
f 427/427 429/429 428/428
f 430/430 431/431 432/432
f 432/432 431/431 103/103
f 86/86 110/110 433/433
f 434/434 435/435 436/436
f 437/437 438/438 439/439
f 440/440 441/441 442/442
f 442/442 441/441 443/443
f 442/442 443/443 444/444
f 441/441 445/445 443/443
f 443/443 445/445 446/446
f 445/445 447/447 446/446
f 103/103 105/105 448/448
f 448/448 105/105 449/449
f 105/105 107/107 449/449
f 449/449 107/107 450/450
f 107/107 451/451 450/450
f 446/446 447/447 452/452
f 447/447 453/453 452/452
f 453/453 454/454 452/452
f 452/452 454/454 455/455
f 454/454 456/456 455/455
f 455/455 456/456 457/457
f 456/456 458/458 457/457
f 458/458 459/459 457/457
f 458/458 460/460 459/459
f 460/460 461/461 459/459
f 460/460 462/462 461/461
f 461/461 462/462 463/463
f 462/462 464/464 463/463
f 463/463 464/464 465/465
f 464/464 466/466 465/465
f 466/466 467/467 468/468
f 466/466 468/468 465/465
f 469/469 135/135 470/470
f 435/435 140/140 471/471
f 435/435 471/471 436/436
f 135/135 472/472 470/470
f 140/140 139/139 471/471
f 134/134 136/136 472/472
f 473/473 474/474 475/475
f 473/473 475/475 476/476
f 136/136 151/151 477/477
f 476/476 475/475 478/478
f 478/478 475/475 479/479
f 478/478 479/479 480/480
f 154/154 171/171 481/481
f 151/151 170/170 477/477
f 477/477 170/170 482/482
f 480/480 479/479 483/483
f 480/480 483/483 484/484
f 170/170 485/485 482/482
f 484/484 483/483 486/486
f 176/176 205/205 487/487
f 486/486 483/483 488/488
f 170/170 489/489 485/485
f 485/485 489/489 490/490
f 486/486 488/488 491/491
f 492/492 493/493 494/494
f 494/494 493/493 495/495
f 489/489 496/496 490/490
f 494/494 495/495 497/497
f 490/490 496/496 498/498
f 497/497 495/495 499/499
f 496/496 500/500 498/498
f 497/497 499/499 501/501
f 239/239 271/271 246/246
f 239/239 272/272 271/271
f 501/501 499/499 502/502
f 501/501 502/502 503/503
f 503/503 502/502 504/504
f 503/503 504/504 505/505
f 506/506 507/507 508/508
f 281/281 509/509 289/289
f 289/289 509/509 510/510
f 293/293 302/302 295/295
f 507/507 511/511 512/512
f 513/513 507/507 512/512
f 509/509 514/514 510/510
f 511/511 515/515 516/516
f 511/511 516/516 512/512
f 517/517 518/518 519/519
f 520/520 521/521 318/318
f 299/299 306/306 522/522
f 523/523 524/524 525/525
f 526/526 527/527 528/528
f 524/524 528/528 525/525
f 519/519 529/529 530/530
f 529/529 531/531 532/532
f 529/529 532/532 530/530
f 531/531 533/533 532/532
f 532/532 533/533 534/534
f 535/535 536/536 537/537
f 535/535 538/538 536/536
f 536/536 538/538 539/539
f 538/538 540/540 539/539
f 539/539 540/540 541/541
f 540/540 542/542 541/541
f 541/541 542/542 543/543
f 543/543 542/542 544/544
f 542/542 545/545 546/546
f 542/542 546/546 544/544
f 545/545 547/547 546/546
f 545/545 548/548 547/547
f 547/547 548/548 549/549
f 548/548 550/550 549/549
f 549/549 550/550 551/551
f 550/550 552/552 551/551
f 551/551 552/552 553/553
f 552/552 554/554 553/553
f 554/554 555/555 553/553
f 555/555 556/556 553/553
f 555/555 557/557 556/556
f 557/557 558/558 556/556
f 557/557 559/559 558/558
f 559/559 560/560 558/558
f 560/560 561/561 558/558
f 560/560 562/562 561/561
f 562/562 563/563 561/561
f 561/561 563/563 564/564
f 424/424 426/426 565/565
f 428/428 429/429 566/566
f 429/429 567/567 568/568
f 429/429 568/568 566/566
f 567/567 569/569 568/568
f 568/568 569/569 570/570
f 432/432 571/571 572/572
f 432/432 103/103 571/571
f 571/571 103/103 573/573
f 103/103 448/448 573/573
f 448/448 449/449 573/573
f 449/449 574/574 573/573
f 449/449 450/450 574/574
f 450/450 575/575 574/574
f 575/575 450/450 576/576
f 450/450 451/451 576/576
f 451/451 437/437 576/576
f 437/437 439/439 577/577
f 436/436 578/578 579/579
f 580/580 581/581 582/582
f 446/446 452/452 583/583
f 452/452 584/584 583/583
f 452/452 455/455 585/585
f 452/452 585/585 584/584
f 455/455 586/586 585/585
f 455/455 457/457 586/586
f 457/457 587/587 586/586
f 457/457 459/459 588/588
f 457/457 588/588 587/587
f 588/588 459/459 589/589
f 459/459 461/461 589/589
f 461/461 590/590 589/589
f 461/461 463/463 591/591
f 461/461 591/591 590/590
f 463/463 592/592 591/591
f 463/463 465/465 592/592
f 465/465 468/468 593/593
f 436/436 471/471 594/594
f 436/436 594/594 578/578
f 470/470 472/472 595/595
f 470/470 595/595 596/596
f 471/471 139/139 594/594
f 472/472 136/136 595/595
f 595/595 136/136 597/597
f 139/139 598/598 594/594
f 136/136 599/599 597/597
f 139/139 154/154 598/598
f 154/154 481/481 598/598
f 136/136 477/477 599/599
f 477/477 600/600 599/599
f 600/600 477/477 601/601
f 481/481 171/171 602/602
f 171/171 176/176 602/602
f 602/602 176/176 603/603
f 477/477 482/482 601/601
f 601/601 482/482 604/604
f 176/176 605/605 603/603
f 482/482 485/485 606/606
f 482/482 606/606 604/604
f 605/605 176/176 487/487
f 485/485 490/490 606/606
f 490/490 607/607 606/606
f 487/487 205/205 608/608
f 491/491 488/488 609/609
f 608/608 205/205 610/610
f 490/490 611/611 607/607
f 205/205 228/228 610/610
f 490/490 498/498 611/611
f 610/610 228/228 612/612
f 611/611 498/498 613/613
f 228/228 246/246 612/612
f 613/613 498/498 614/614
f 612/612 246/246 615/615
f 498/498 500/500 614/614
f 615/615 246/246 271/271
f 614/614 500/500 616/616
f 616/616 500/500 617/617
f 500/500 618/618 617/617
f 271/271 273/273 619/619
f 618/618 506/506 617/617
f 506/506 620/620 617/617
f 273/273 289/289 621/621
f 273/273 621/621 619/619
f 506/506 508/508 620/620
f 508/508 622/622 620/620
f 508/508 507/507 513/513
f 508/508 513/513 622/622
f 289/289 510/510 621/621
f 621/621 510/510 623/623
f 513/513 512/512 624/624
f 510/510 514/514 625/625
f 510/510 625/625 623/623
f 512/512 516/516 624/624
f 517/517 519/519 626/626
f 519/519 530/530 626/626
f 530/530 532/532 627/627
f 539/539 541/541 628/628
f 547/547 549/549 629/629
f 549/549 551/551 629/629
f 551/551 630/630 629/629
f 551/551 553/553 630/630
f 630/630 553/553 631/631
f 553/553 556/556 631/631
f 631/631 556/556 632/632
f 556/556 558/558 632/632
f 558/558 633/633 632/632
f 558/558 561/561 633/633
f 633/633 561/561 634/634
f 634/634 561/561 635/635
f 561/561 564/564 635/635
f 565/565 426/426 636/636
f 636/636 426/426 637/637
f 426/426 428/428 566/566
f 426/426 566/566 637/637
f 572/572 571/571 638/638
f 638/638 571/571 639/639
f 571/571 573/573 639/639
f 640/640 574/574 575/575
f 575/575 576/576 641/641
f 576/576 437/437 641/641
f 641/641 437/437 642/642
f 437/437 577/577 642/642
f 642/642 577/577 643/643
f 579/579 578/578 644/644
f 582/582 581/581 645/645
f 446/446 583/583 646/646
f 591/591 592/592 647/647
f 591/591 647/647 648/648
f 592/592 465/465 647/647
f 647/647 465/465 649/649
f 465/465 593/593 649/649
f 649/649 593/593 650/650
f 596/596 651/651 652/652
f 596/596 595/595 651/651
f 578/578 594/594 653/653
f 595/595 597/597 651/651
f 594/594 598/598 653/653
f 653/653 598/598 654/654
f 655/655 656/656 657/657
f 598/598 658/658 654/654
f 598/598 481/481 658/658
f 481/481 659/659 658/658
f 600/600 601/601 660/660
f 481/481 602/602 659/659
f 601/601 604/604 660/660
f 604/604 606/606 661/661
f 605/605 487/487 662/662
f 606/606 663/663 661/661
f 662/662 487/487 608/608
f 606/606 607/607 663/663
f 607/607 611/611 664/664
f 610/610 612/612 665/665
f 611/611 613/613 664/664
f 613/613 666/666 664/664
f 666/666 613/613 667/667
f 613/613 614/614 667/667
f 667/667 614/614 668/668
f 612/612 615/615 669/669
f 668/668 614/614 670/670
f 615/615 271/271 671/671
f 614/614 616/616 670/670
f 271/271 672/672 671/671
f 616/616 617/617 670/670
f 617/617 673/673 670/670
f 271/271 619/619 672/672
f 617/617 620/620 673/673
f 673/673 620/620 674/674
f 621/621 675/675 619/619
f 622/622 513/513 676/676
f 621/621 623/623 677/677
f 513/513 624/624 676/676
f 623/623 625/625 678/678
f 623/623 678/678 677/677
f 624/624 516/516 679/679
f 517/517 626/626 680/680
f 530/530 627/627 626/626
f 628/628 541/541 681/681
f 541/541 543/543 682/682
f 541/541 682/682 681/681
f 543/543 544/544 682/682
f 544/544 546/546 683/683
f 544/544 683/683 682/682
f 546/546 547/547 683/683
f 547/547 684/684 683/683
f 547/547 629/629 684/684
f 684/684 629/629 685/685
f 629/629 630/630 685/685
f 630/630 686/686 685/685
f 630/630 631/631 687/687
f 630/630 687/687 686/686
f 631/631 632/632 687/687
f 687/687 632/632 688/688
f 632/632 689/689 688/688
f 632/632 633/633 689/689
f 633/633 690/690 689/689
f 633/633 634/634 690/690
f 635/635 564/564 691/691
f 564/564 563/563 692/692
f 564/564 692/692 691/691
f 565/565 636/636 693/693
f 443/443 446/446 694/694
f 446/446 646/646 694/694
f 573/573 574/574 640/640
f 575/575 695/695 640/640
f 575/575 641/641 695/695
f 644/644 578/578 696/696
f 582/582 645/645 697/697
f 646/646 583/583 698/698
f 583/583 584/584 698/698
f 584/584 585/585 699/699
f 584/584 699/699 698/698
f 585/585 586/586 700/700
f 586/586 587/587 700/700
f 587/587 588/588 700/700
f 588/588 589/589 701/701
f 701/701 589/589 702/702
f 589/589 590/590 702/702
f 702/702 590/590 703/703
f 590/590 648/648 703/703
f 590/590 591/591 648/648
f 652/652 651/651 704/704
f 578/578 653/653 696/696
f 651/651 597/597 704/704
f 704/704 597/597 705/705
f 597/597 599/599 705/705
f 705/705 599/599 706/706
f 659/659 602/602 707/707
f 708/708 709/709 710/710
f 602/602 603/603 707/707
f 707/707 603/603 711/711
f 603/603 605/605 711/711
f 605/605 662/662 711/711
f 662/662 608/608 712/712
f 608/608 610/610 712/712
f 712/712 610/610 713/713
f 664/664 666/666 663/663
f 610/610 665/665 713/713
f 665/665 612/612 669/669
f 615/615 671/671 669/669
f 714/714 715/715 716/716
f 716/716 715/715 717/717
f 672/672 619/619 675/675
f 674/674 620/620 718/718
f 620/620 622/622 718/718
f 621/621 677/677 675/675
f 622/622 676/676 718/718
f 676/676 624/624 719/719
f 624/624 679/679 719/719
f 720/720 721/721 722/722
f 537/537 536/536 723/723
f 723/723 536/536 724/724
f 536/536 539/539 724/724
f 539/539 628/628 724/724
f 628/628 681/681 724/724
f 725/725 694/694 646/646
f 572/572 638/638 726/726
f 638/638 639/639 726/726
f 639/639 573/573 727/727
f 573/573 640/640 727/727
f 641/641 642/642 728/728
f 642/642 643/643 728/728
f 728/728 643/643 729/729
f 644/644 696/696 730/730
f 644/644 730/730 731/731
f 698/698 699/699 732/732
f 699/699 585/585 733/733
f 585/585 700/700 734/734
f 585/585 734/734 733/733
f 700/700 588/588 735/735
f 588/588 701/701 735/735
f 648/648 647/647 736/736
f 736/736 647/647 737/737
f 647/647 649/649 737/737
f 649/649 650/650 738/738
f 649/649 738/738 737/737
f 652/652 704/704 739/739
f 652/652 739/739 740/740
f 739/739 704/704 741/741
f 696/696 653/653 730/730
f 653/653 742/742 730/730
f 704/704 705/705 741/741
f 653/653 654/654 742/742
f 654/654 658/658 742/742
f 742/742 658/658 743/743
f 705/705 706/706 741/741
f 741/741 706/706 744/744
f 658/658 659/659 743/743
f 706/706 660/660 744/744
f 743/743 659/659 707/707
f 744/744 660/660 745/745
f 660/660 746/746 745/745
f 707/707 711/711 747/747
f 746/746 661/661 745/745
f 745/745 661/661 748/748
f 749/749 750/750 751/751
f 711/711 662/662 747/747
f 747/747 662/662 752/752
f 661/661 663/663 748/748
f 662/662 712/712 752/752
f 663/663 753/753 748/748
f 712/712 713/713 754/754
f 663/663 666/666 753/753
f 754/754 713/713 755/755
f 713/713 665/665 755/755
f 753/753 666/666 756/756
f 665/665 757/757 755/755
f 665/665 669/669 757/757
f 666/666 667/667 756/756
f 756/756 667/667 758/758
f 667/667 668/668 758/758
f 669/669 671/671 757/757
f 757/757 671/671 759/759
f 668/668 670/670 758/758
f 670/670 760/760 758/758
f 671/671 672/672 761/761
f 671/671 761/761 759/759
f 670/670 673/673 760/760
f 673/673 674/674 760/760
f 760/760 674/674 762/762
f 672/672 675/675 761/761
f 674/674 718/718 762/762
f 762/762 718/718 763/763
f 761/761 675/675 764/764
f 765/765 766/766 767/767
f 718/718 676/676 763/763
f 675/675 677/677 764/764
f 676/676 768/768 763/763
f 676/676 719/719 768/768
f 677/677 678/678 764/764
f 719/719 679/679 768/768
f 768/768 679/679 769/769
f 680/680 626/626 770/770
f 626/626 627/627 771/771
f 627/627 532/532 772/772
f 627/627 772/772 771/771
f 532/532 773/773 772/772
f 532/532 534/534 773/773
f 773/773 534/534 774/774
f 537/537 723/723 775/775
f 724/724 681/681 776/776
f 776/776 681/681 777/777
f 681/681 682/682 777/777
f 777/777 682/682 778/778
f 682/682 779/779 778/778
f 682/682 683/683 779/779
f 779/779 683/683 780/780
f 780/780 683/683 781/781
f 683/683 684/684 781/781
f 684/684 685/685 782/782
f 782/782 685/685 783/783
f 685/685 686/686 783/783
f 686/686 687/687 783/783
f 687/687 688/688 784/784
f 688/688 689/689 785/785
f 689/689 690/690 786/786
f 690/690 634/634 787/787
f 634/634 635/635 787/787
f 693/693 636/636 788/788
f 636/636 637/637 789/789
f 637/637 790/790 789/789
f 637/637 566/566 791/791
f 566/566 568/568 791/791
f 791/791 568/568 792/792
f 793/793 794/794 795/795
f 794/794 796/796 797/797
f 794/794 797/797 795/795
f 796/796 798/798 799/799
f 796/796 799/799 797/797
f 798/798 800/800 799/799
f 799/799 800/800 801/801
f 802/802 803/803 804/804
f 802/802 804/804 805/805
f 568/568 570/570 792/792
f 806/806 807/807 808/808
f 809/809 731/731 810/810
f 809/809 810/810 811/811
f 725/725 646/646 812/812
f 725/725 812/812 813/813
f 812/812 646/646 814/814
f 815/815 816/816 817/817
f 818/818 819/819 820/820
f 816/816 821/821 817/817
f 820/820 819/819 822/822
f 803/803 823/823 804/804
f 572/572 726/726 824/824
f 726/726 639/639 825/825
f 639/639 727/727 825/825
f 640/640 695/695 826/826
f 695/695 641/641 826/826
f 641/641 806/806 826/826
f 731/731 730/730 810/810
f 827/827 828/828 829/829
f 827/827 830/830 831/831
f 827/827 831/831 828/828
f 830/830 832/832 831/831
f 831/831 832/832 833/833
f 646/646 698/698 732/732
f 646/646 732/732 814/814
f 699/699 733/733 834/834
f 734/734 700/700 735/735
f 735/735 701/701 835/835
f 701/701 836/836 835/835
f 701/701 702/702 836/836
f 702/702 703/703 836/836
f 703/703 837/837 836/836
f 703/703 648/648 837/837
f 837/837 648/648 736/736
f 736/736 737/737 838/838
f 838/838 737/737 815/815
f 730/730 839/839 810/810
f 730/730 742/742 839/839
f 839/839 742/742 840/840
f 742/742 743/743 840/840
f 841/841 842/842 843/843
f 843/843 842/842 844/844
f 743/743 845/845 840/840
f 743/743 707/707 845/845
f 844/844 846/846 847/847
f 707/707 747/747 848/848
f 707/707 848/848 845/845
f 846/846 849/849 847/847
f 849/849 850/850 847/847
f 849/849 851/851 850/850
f 747/747 752/752 848/848
f 752/752 852/852 848/848
f 851/851 853/853 854/854
f 752/752 712/712 852/852
f 854/854 853/853 855/855
f 712/712 856/856 852/852
f 712/712 754/754 857/857
f 712/712 857/857 856/856
f 853/853 858/858 855/855
f 857/857 754/754 859/859
f 859/859 754/754 860/860
f 754/754 861/861 860/860
f 861/861 754/754 862/862
f 754/754 755/755 862/862
f 862/862 755/755 863/863
f 858/858 864/864 855/855
f 755/755 757/757 863/863
f 757/757 865/865 863/863
f 866/866 867/867 868/868
f 866/866 869/869 867/867
f 757/757 759/759 865/865
f 867/867 869/869 870/870
f 869/869 871/871 870/870
f 759/759 761/761 865/865
f 871/871 872/872 870/870
f 871/871 873/873 872/872
f 873/873 874/874 872/872
f 761/761 875/875 865/865
f 873/873 876/876 874/874
f 761/761 764/764 875/875
f 764/764 877/877 875/875
f 876/876 878/878 874/874
f 874/874 878/878 879/879
f 764/764 678/678 877/877
f 770/770 626/626 880/880
f 678/678 881/881 877/877
f 877/877 881/881 882/882
f 878/878 883/883 884/884
f 878/878 884/884 879/879
f 626/626 885/885 880/880
f 883/883 886/886 884/884
f 884/884 886/886 887/887
f 626/626 771/771 885/885
f 684/684 782/782 781/781
f 783/783 687/687 784/784
f 784/784 688/688 888/888
f 888/888 688/688 785/785
f 785/785 689/689 786/786
f 786/786 690/690 889/889
f 690/690 890/890 889/889
f 690/690 787/787 890/890
f 788/788 636/636 789/789
f 637/637 791/791 790/790
f 891/891 801/801 892/892
f 791/791 792/792 893/893
f 894/894 793/793 895/895
f 793/793 795/795 895/895
f 895/895 795/795 896/896
f 795/795 797/797 896/896
f 896/896 797/797 897/897
f 797/797 799/799 898/898
f 797/797 898/898 897/897
f 805/805 804/804 899/899
f 900/900 806/806 901/901
f 806/806 808/808 901/901
f 808/808 902/902 901/901
f 902/902 903/903 904/904
f 902/902 904/904 901/901
f 903/903 905/905 906/906
f 903/903 906/906 904/904
f 905/905 907/907 906/906
f 906/906 907/907 908/908
f 907/907 813/813 908/908
f 813/813 812/812 909/909
f 813/813 909/909 908/908
f 812/812 814/814 909/909
f 838/838 910/910 911/911
f 838/838 815/815 910/910
f 815/815 817/817 910/910
f 817/817 912/912 910/910
f 817/817 821/821 912/912
f 726/726 825/825 824/824
f 640/640 826/826 727/727
f 732/732 699/699 834/834
f 734/734 735/735 913/913
f 735/735 835/835 913/913
f 837/837 736/736 914/914
f 736/736 838/838 914/914
f 823/823 915/915 804/804
f 823/823 841/841 915/915
f 841/841 843/843 915/915
f 843/843 844/844 916/916
f 844/844 847/847 916/916
f 847/847 850/850 916/916
f 850/850 851/851 917/917
f 851/851 854/854 917/917
f 918/918 919/919 920/920
f 921/921 922/922 923/923
f 855/855 924/924 854/854
f 925/925 926/926 920/920
f 859/859 860/860 927/927
f 928/928 929/929 930/930
f 931/931 928/928 930/930
f 929/929 932/932 930/930
f 930/930 932/932 933/933
f 933/933 932/932 934/934
f 932/932 935/935 934/934
f 855/855 864/864 924/924
f 864/864 936/936 924/924
f 864/864 937/937 936/936
f 936/936 937/937 938/938
f 937/937 868/868 938/938
f 868/868 939/939 938/938
f 868/868 867/867 939/939
f 939/939 867/867 940/940
f 867/867 870/870 940/940
f 870/870 872/872 940/940
f 872/872 941/941 940/940
f 872/872 874/874 941/941
f 874/874 942/942 941/941
f 879/879 943/943 874/874
f 879/879 884/884 943/943
f 884/884 887/887 944/944
f 884/884 944/944 943/943
f 771/771 772/772 885/885
f 773/773 774/774 945/945
f 775/775 723/723 946/946
f 775/775 946/946 947/947
f 723/723 724/724 946/946
f 724/724 948/948 946/946
f 724/724 776/776 948/948
f 948/948 776/776 949/949
f 776/776 777/777 949/949
f 949/949 777/777 950/950
f 777/777 778/778 950/950
f 778/778 779/779 950/950
f 950/950 779/779 951/951
f 779/779 780/780 951/951
f 951/951 780/780 952/952
f 780/780 781/781 952/952
f 781/781 782/782 952/952
f 952/952 782/782 953/953
f 782/782 954/954 953/953
f 782/782 783/783 954/954
f 783/783 955/955 954/954
f 783/783 784/784 955/955
f 784/784 888/888 955/955
f 788/788 789/789 956/956
f 789/789 957/957 956/956
f 789/789 790/790 957/957
f 790/790 791/791 957/957
f 957/957 791/791 893/893
f 958/958 959/959 960/960
f 960/960 959/959 961/961
f 959/959 962/962 961/961
f 962/962 963/963 961/961
f 961/961 963/963 964/964
f 965/965 966/966 967/967
f 966/966 894/894 968/968
f 966/966 968/968 967/967
f 894/894 895/895 969/969
f 894/894 969/969 968/968
f 895/895 896/896 970/970
f 895/895 970/970 969/969
f 970/970 896/896 971/971
f 899/899 804/804 972/972
f 973/973 825/825 974/974
f 825/825 975/975 974/974
f 976/976 977/977 978/978
f 977/977 979/979 978/978
f 979/979 980/980 978/978
f 981/981 900/900 982/982
f 900/900 901/901 983/983
f 900/900 983/983 982/982
f 901/901 904/904 983/983
f 908/908 909/909 984/984
f 909/909 985/985 986/986
f 909/909 986/986 984/984
f 987/987 988/988 989/989
f 987/987 990/990 988/988
f 990/990 991/991 988/988
f 990/990 992/992 991/991
f 992/992 993/993 991/991
f 992/992 994/994 993/993
f 992/992 995/995 994/994
f 995/995 996/996 994/994
f 997/997 998/998 999/999
f 998/998 1000/1000 999/999
f 998/998 1001/1001 1000/1000
f 1001/1001 1002/1002 1000/1000
f 1001/1001 1003/1003 1002/1002
f 1001/1001 911/911 1003/1003
f 911/911 1004/1004 1003/1003
f 911/911 910/910 1004/1004
f 910/910 965/965 1004/1004
f 804/804 915/915 972/972
f 915/915 843/843 1005/1005
f 843/843 916/916 1005/1005
f 916/916 850/850 917/917
f 917/917 854/854 924/924
f 918/918 920/920 1006/1006
f 860/860 1007/1007 927/927
f 931/931 930/930 1008/1008
f 930/930 933/933 1009/1009
f 930/930 1009/1009 1008/1008
f 933/933 934/934 1009/1009
f 941/941 1010/1010 940/940
f 941/941 942/942 1010/1010
f 874/874 1011/1011 942/942
f 874/874 943/943 1011/1011
f 943/943 944/944 1011/1011
f 885/885 772/772 1012/1012
f 772/772 773/773 1012/1012
f 1012/1012 773/773 945/945
f 947/947 946/946 1013/1013
f 946/946 1014/1014 1013/1013
f 946/946 948/948 1014/1014
f 1014/1014 948/948 1015/1015
f 948/948 949/949 1015/1015
f 949/949 950/950 1015/1015
f 950/950 1016/1016 1015/1015
f 950/950 951/951 1016/1016
f 951/951 1017/1017 1016/1016
f 951/951 952/952 1017/1017
f 952/952 1018/1018 1017/1017
f 952/952 1019/1019 1018/1018
f 952/952 953/953 1019/1019
f 953/953 954/954 1019/1019
f 1019/1019 954/954 1020/1020
f 1020/1020 954/954 1021/1021
f 954/954 955/955 1021/1021
f 955/955 888/888 1021/1021
f 1021/1021 888/888 1022/1022
f 888/888 785/785 1022/1022
f 785/785 786/786 1022/1022
f 786/786 1023/1023 1022/1022
f 786/786 889/889 1023/1023
f 889/889 890/890 1024/1024
f 889/889 1024/1024 1023/1023
f 890/890 787/787 1025/1025
f 787/787 1026/1026 1025/1025
f 691/691 692/692 1027/1027
f 1028/1028 1029/1029 1030/1030
f 1029/1029 1031/1031 1030/1030
f 1032/1032 1033/1033 1034/1034
f 1035/1035 1036/1036 1037/1037
f 1036/1036 1038/1038 1037/1037
f 1038/1038 1039/1039 1040/1040
f 1041/1041 1042/1042 1043/1043
f 1042/1042 1044/1044 1045/1045
f 1046/1046 1047/1047 1048/1048
f 971/971 896/896 1049/1049
f 896/896 897/897 1049/1049
f 972/972 915/915 1050/1050
f 915/915 1005/1005 1050/1050
f 916/916 917/917 1005/1005
f 1005/1005 917/917 1051/1051
f 917/917 924/924 1051/1051
f 918/918 1006/1006 1052/1052
f 859/859 927/927 1053/1053
f 927/927 1007/1007 1054/1054
f 931/931 1008/1008 1055/1055
f 931/931 1055/1055 1056/1056
f 1008/1008 1009/1009 1057/1057
f 1008/1008 1057/1057 1055/1055
f 934/934 1058/1058 1009/1009
f 934/934 935/935 1058/1058
f 935/935 1059/1059 1058/1058
f 924/924 936/936 1051/1051
f 936/936 938/938 1060/1060
f 938/938 939/939 1060/1060
f 939/939 940/940 1061/1061
f 1062/1062 1063/1063 1064/1064
f 1064/1064 1063/1063 1065/1065
f 1063/1063 1066/1066 1065/1065
f 1065/1065 1066/1066 1067/1067
f 1068/1068 1069/1069 1070/1070
f 1069/1069 1071/1071 1070/1070
f 1069/1069 1072/1072 1071/1071
f 1069/1069 1073/1073 1072/1072
f 1073/1073 1074/1074 1075/1075
f 1073/1073 1075/1075 1072/1072
f 1074/1074 1076/1076 1075/1075
f 1076/1076 1077/1077 1078/1078
f 1078/1078 1077/1077 1079/1079
f 1080/1080 1081/1081 1082/1082
f 1083/1083 1084/1084 1085/1085
f 1084/1084 1086/1086 1085/1085
f 1024/1024 890/890 1087/1087
f 787/787 635/635 1088/1088
f 635/635 691/691 1088/1088
f 1089/1089 1090/1090 1091/1091
f 1091/1091 1090/1090 1092/1092
f 1090/1090 1043/1043 1093/1093
f 1090/1090 1093/1093 1092/1092
f 1043/1043 1042/1042 1093/1093
f 1042/1042 1045/1045 1093/1093
f 898/898 1094/1094 1095/1095
f 898/898 1095/1095 1096/1096
f 1094/1094 891/891 1097/1097
f 1094/1094 1097/1097 1095/1095
f 891/891 892/892 1097/1097
f 1097/1097 892/892 1098/1098
f 1049/1049 897/897 1096/1096
f 897/897 898/898 1096/1096
f 899/899 972/972 1099/1099
f 899/899 1099/1099 1100/1100
f 1099/1099 972/972 1101/1101
f 972/972 1050/1050 1101/1101
f 1050/1050 1005/1005 1102/1102
f 1103/1103 1053/1053 1104/1104
f 1053/1053 927/927 1104/1104
f 1057/1057 1009/1009 1058/1058
f 1058/1058 1059/1059 1105/1105
f 1051/1051 936/936 1106/1106
f 936/936 1107/1107 1106/1106
f 936/936 1060/1060 1107/1107
f 1060/1060 939/939 1061/1061
f 1061/1061 940/940 1108/1108
f 940/940 1010/1010 1108/1108
f 942/942 1011/1011 1109/1109
f 1109/1109 1011/1011 1110/1110
f 1011/1011 944/944 1111/1111
f 1011/1011 1111/1111 1110/1110
f 1064/1064 1065/1065 1112/1112
f 1112/1112 1065/1065 1113/1113
f 1113/1113 1065/1065 1114/1114
f 1065/1065 1067/1067 1114/1114
f 1067/1067 1085/1085 1115/1115
f 1067/1067 1115/1115 1114/1114
f 1085/1085 1086/1086 1115/1115
f 1026/1026 787/787 1088/1088
f 1092/1092 1093/1093 1116/1116
f 1116/1116 1093/1093 1117/1117
f 1093/1093 1045/1045 1117/1117
f 1049/1049 1096/1096 1118/1118
f 1101/1101 1050/1050 1102/1102
f 1005/1005 1119/1119 1102/1102
f 1005/1005 1051/1051 1119/1119
f 1051/1051 1106/1106 1119/1119
f 1056/1056 1055/1055 1120/1120
f 1057/1057 1058/1058 1121/1121
f 1060/1060 1122/1122 1107/1107
f 1061/1061 1122/1122 1060/1060
f 1061/1061 1108/1108 1122/1122
f 1108/1108 1010/1010 1123/1123
f 1123/1123 1010/1010 1109/1109
f 1010/1010 942/942 1109/1109
f 1064/1064 1112/1112 1124/1124
f 1113/1113 1114/1114 1125/1125
f 1114/1114 1115/1115 1125/1125
f 1088/1088 691/691 1126/1126
f 691/691 1027/1027 1126/1126
f 1096/1096 1095/1095 1127/1127
f 1118/1118 1096/1096 1127/1127
f 1103/1103 1104/1104 1128/1128
f 1104/1104 927/927 1129/1129
f 927/927 1054/1054 1129/1129
f 1055/1055 1057/1057 1130/1130
f 1106/1106 1107/1107 1131/1131
f 1109/1109 1110/1110 1132/1132
f 1110/1110 1111/1111 1132/1132
f 1132/1132 1111/1111 1133/1133
f 1124/1124 1112/1112 1134/1134
f 1135/1135 1136/1136 1137/1137
f 1138/1138 1137/1137 1136/1136
f 1087/1087 890/890 1139/1139
f 890/890 1025/1025 1139/1139
f 1116/1116 1117/1117 1140/1140
f 1117/1117 1141/1141 1140/1140
f 1097/1097 1098/1098 1142/1142
f 1143/1143 1118/1118 1144/1144
f 1118/1118 1127/1127 1144/1144
f 1100/1100 1099/1099 1145/1145
f 1100/1100 1145/1145 1146/1146
f 1099/1099 1101/1101 1145/1145
f 1145/1145 1101/1101 1147/1147
f 1147/1147 1101/1101 1148/1148
f 1148/1148 1101/1101 1149/1149
f 1101/1101 1102/1102 1149/1149
f 1149/1149 1102/1102 1150/1150
f 1102/1102 1119/1119 1150/1150
f 1150/1150 1119/1119 1151/1151
f 1119/1119 1152/1152 1151/1151
f 1119/1119 1106/1106 1152/1152
f 1130/1130 1057/1057 1121/1121
f 1058/1058 1105/1105 1153/1153
f 1120/1120 1055/1055 1130/1130
f 1058/1058 1154/1154 1121/1121
f 1155/1155 1107/1107 1122/1122
f 1122/1122 1108/1108 1156/1156
f 1123/1123 1109/1109 1157/1157
f 1132/1132 1133/1133 1158/1158
f 1134/1134 1112/1112 1159/1159
f 1112/1112 1113/1113 1159/1159
f 1125/1125 1115/1115 1160/1160
f 1115/1115 1086/1086 1160/1160
f 1160/1160 1086/1086 1161/1161
f 1087/1087 1139/1139 1162/1162
f 1089/1089 1091/1091 1163/1163
f 1089/1089 1163/1163 1164/1164
f 1091/1091 1092/1092 1163/1163
f 1092/1092 1116/1116 1163/1163
f 1116/1116 1140/1140 1163/1163
f 1127/1127 1095/1095 1165/1165
f 1095/1095 1097/1097 1165/1165
f 1165/1165 1097/1097 1166/1166
f 1097/1097 1142/1142 1166/1166
f 1106/1106 1167/1167 1152/1152
f 1106/1106 1131/1131 1167/1167
f 1058/1058 1153/1153 1154/1154
f 1122/1122 1156/1156 1168/1168
f 1025/1025 1026/1026 1169/1169
f 1026/1026 1088/1088 1170/1170
f 1166/1166 1142/1142 1171/1171
f 1143/1143 1144/1144 1172/1172
f 1144/1144 1127/1127 1172/1172
f 1142/1142 1173/1173 1171/1171
f 1104/1104 1129/1129 1174/1174
f 1129/1129 1054/1054 1174/1174
f 1120/1120 1130/1130 1175/1175
f 1108/1108 1123/1123 1176/1176
f 1108/1108 1176/1176 1156/1156
f 1123/1123 1157/1157 1176/1176
f 1109/1109 1132/1132 1177/1177
f 1132/1132 1178/1178 1179/1179
f 1113/1113 1125/1125 1160/1160
f 1140/1140 1141/1141 1180/1180
f 1143/1143 1172/1172 1181/1181
f 1172/1172 1127/1127 1165/1165
f 1171/1171 1173/1173 1182/1182
f 1183/1183 1145/1145 1184/1184
f 1145/1145 1147/1147 1184/1184
f 1128/1128 1104/1104 1185/1185
f 1104/1104 1174/1174 1185/1185
f 1130/1130 1121/1121 1186/1186
f 1131/1131 1107/1107 1187/1187
f 1157/1157 1109/1109 1188/1188
f 1109/1109 1177/1177 1188/1188
f 1088/1088 1126/1126 1189/1189
f 1126/1126 1027/1027 1189/1189
f 1165/1165 1166/1166 1190/1190
f 1174/1174 1054/1054 1191/1191
f 1054/1054 1192/1192 1191/1191
f 1175/1175 1130/1130 1186/1186
f 1107/1107 1155/1155 1187/1187
f 1122/1122 1168/1168 1155/1155
f 1113/1113 1160/1160 1159/1159
f 1169/1169 1026/1026 1193/1193
f 1088/1088 1189/1189 1170/1170
f 1163/1163 1140/1140 1194/1194
f 1166/1166 1171/1171 1190/1190
f 1190/1190 1171/1171 1195/1195
f 1190/1190 1195/1195 1196/1196
f 1172/1172 1165/1165 1196/1196
f 1171/1171 1182/1182 1195/1195
f 1147/1147 1148/1148 1197/1197
f 1150/1150 1151/1151 1198/1198
f 1198/1198 1151/1151 1152/1152
f 1167/1167 1131/1131 1199/1199
f 1159/1159 1160/1160 1200/1200
f 1139/1139 1025/1025 1169/1169
f 1193/1193 1026/1026 1170/1170
f 1194/1194 1140/1140 1201/1201
f 1140/1140 1180/1180 1201/1201
f 1202/1202 1148/1148 1149/1149
f 1149/1149 1150/1150 1198/1198
f 1156/1156 1203/1203 1168/1168
f 1203/1203 1156/1156 1176/1176
f 1177/1177 1132/1132 1204/1204
f 1132/1132 1179/1179 1204/1204
f 1172/1172 1196/1196 1205/1205
f 1172/1172 1205/1205 1206/1206
f 1196/1196 1195/1195 1205/1205
f 1195/1195 1182/1182 1207/1207
f 1184/1184 1147/1147 1208/1208
f 1191/1191 1192/1192 1209/1209
f 1120/1120 1175/1175 1210/1210
f 1121/1121 1154/1154 1211/1211
f 1187/1187 1155/1155 1212/1212
f 1155/1155 1168/1168 1212/1212
f 1176/1176 1157/1157 1188/1188
f 1164/1164 1163/1163 1194/1194
f 1148/1148 1202/1202 1197/1197
f 1186/1186 1121/1121 1211/1211
f 1211/1211 1154/1154 1213/1213
f 1168/1168 1203/1203 1214/1214
f 1176/1176 1188/1188 1215/1215
f 1204/1204 1179/1179 1216/1216
f 1170/1170 1189/1189 1217/1217
f 1189/1189 1027/1027 1218/1218
f 1201/1201 1180/1180 1219/1219
f 1181/1181 1172/1172 1220/1220
f 1181/1181 1220/1220 1221/1221
f 1172/1172 1206/1206 1220/1220
f 1208/1208 1147/1147 1222/1222
f 1147/1147 1197/1197 1222/1222
f 1152/1152 1167/1167 1223/1223
f 1128/1128 1185/1185 1224/1224
f 1128/1128 1224/1224 1225/1225
f 1212/1212 1168/1168 1214/1214
f 1203/1203 1176/1176 1226/1226
f 1176/1176 1215/1215 1226/1226
f 1215/1215 1188/1188 1227/1227
f 1205/1205 1195/1195 1228/1228
f 1195/1195 1207/1207 1228/1228
f 1198/1198 1152/1152 1223/1223
f 1223/1223 1167/1167 1229/1229
f 1167/1167 1199/1199 1229/1229
f 1185/1185 1174/1174 1224/1224
f 1210/1210 1175/1175 1230/1230
f 1175/1175 1186/1186 1230/1230
f 1199/1199 1131/1131 1231/1231
f 1131/1131 1187/1187 1231/1231
f 1188/1188 1232/1232 1227/1227
f 1188/1188 1177/1177 1232/1232
f 1160/1160 1161/1161 1233/1233
f 1162/1162 1139/1139 1234/1234
f 1202/1202 1149/1149 1235/1235
f 1198/1198 1223/1223 1236/1236
f 1186/1186 1211/1211 1237/1237
f 1199/1199 1231/1231 1238/1238
f 1187/1187 1239/1239 1231/1231
f 1187/1187 1212/1212 1239/1239
f 1214/1214 1203/1203 1240/1240
f 1159/1159 1200/1200 1241/1241
f 1200/1200 1160/1160 1242/1242
f 1234/1234 1139/1139 1243/1243
f 1139/1139 1169/1169 1243/1243
f 1217/1217 1189/1189 1244/1244
f 1189/1189 1218/1218 1244/1244
f 1197/1197 1202/1202 1235/1235
f 1149/1149 1198/1198 1245/1245
f 1198/1198 1236/1236 1245/1245
f 1229/1229 1199/1199 1238/1238
f 1224/1224 1174/1174 1246/1246
f 1226/1226 1215/1215 1247/1247
f 1177/1177 1204/1204 1248/1248
f 1204/1204 1216/1216 1249/1249
f 1204/1204 1249/1249 1248/1248
f 1134/1134 1159/1159 1250/1250
f 1160/1160 1233/1233 1242/1242
f 1206/1206 1205/1205 1251/1251
f 1205/1205 1228/1228 1251/1251
f 1235/1235 1149/1149 1245/1245
f 1203/1203 1226/1226 1240/1240
f 1247/1247 1215/1215 1227/1227
f 1243/1243 1169/1169 1252/1252
f 1169/1169 1193/1193 1252/1252
f 1164/1164 1194/1194 1253/1253
f 1194/1194 1201/1201 1253/1253
f 1228/1228 1207/1207 1254/1254
f 1223/1223 1229/1229 1255/1255
f 1225/1225 1224/1224 1246/1246
f 1174/1174 1191/1191 1256/1256
f 1174/1174 1256/1256 1246/1246
f 1191/1191 1209/1209 1256/1256
f 1230/1230 1186/1186 1257/1257
f 1237/1237 1211/1211 1213/1213
f 1232/1232 1177/1177 1258/1258
f 1177/1177 1248/1248 1258/1258
f 1241/1241 1200/1200 1242/1242
f 1164/1164 1253/1253 1259/1259
f 1201/1201 1219/1219 1260/1260
f 1251/1251 1228/1228 1261/1261
f 1228/1228 1254/1254 1261/1261
f 1208/1208 1222/1222 1262/1262
f 1236/1236 1223/1223 1255/1255
f 1214/1214 1240/1240 1263/1263
f 1226/1226 1247/1247 1240/1240
f 1253/1253 1201/1201 1260/1260
f 1220/1220 1206/1206 1264/1264
f 1206/1206 1251/1251 1264/1264
f 1251/1251 1261/1261 1265/1265
f 1262/1262 1222/1222 1266/1266
f 1197/1197 1235/1235 1267/1267
f 1237/1237 1213/1213 1268/1268
f 1240/1240 1247/1247 1269/1269
f 1250/1250 1159/1159 1270/1270
f 1159/1159 1241/1241 1270/1270
f 1193/1193 1170/1170 1271/1271
f 1221/1221 1220/1220 1264/1264
f 1251/1251 1265/1265 1264/1264
f 1222/1222 1197/1197 1267/1267
f 1229/1229 1238/1238 1272/1272
f 1212/1212 1214/1214 1239/1239
f 1239/1239 1214/1214 1273/1273
f 1214/1214 1263/1263 1273/1273
f 1240/1240 1269/1269 1263/1263
f 1193/1193 1271/1271 1252/1252
f 1170/1170 1217/1217 1271/1271
f 1274/1274 1261/1261 1275/1275
f 1261/1261 1254/1254 1276/1276
f 1235/1235 1245/1245 1277/1277
f 1247/1247 1227/1227 1269/1269
f 1227/1227 1232/1232 1278/1278
f 1258/1258 1248/1248 1279/1279
f 1248/1248 1249/1249 1279/1279
f 1260/1260 1219/1219 1280/1280
f 1275/1275 1261/1261 1281/1281
f 1221/1221 1264/1264 1282/1282
f 1264/1264 1265/1265 1283/1283
f 1261/1261 1276/1276 1281/1281
f 1236/1236 1255/1255 1284/1284
f 1255/1255 1229/1229 1285/1285
f 1285/1285 1229/1229 1272/1272
f 1225/1225 1246/1246 1286/1286
f 1286/1286 1246/1246 1287/1287
f 1246/1246 1256/1256 1288/1288
f 1246/1246 1288/1288 1287/1287
f 1256/1256 1209/1209 1288/1288
f 1238/1238 1231/1231 1289/1289
f 1231/1231 1239/1239 1289/1289
f 1270/1270 1241/1241 1290/1290
f 1241/1241 1242/1242 1290/1290
f 1291/1291 1266/1266 1292/1292
f 1267/1267 1235/1235 1293/1293
f 1235/1235 1277/1277 1293/1293
f 1245/1245 1236/1236 1277/1277
f 1284/1284 1255/1255 1285/1285
f 1294/1294 1225/1225 1286/1286
f 1230/1230 1257/1257 1295/1295
f 1268/1268 1213/1213 1296/1296
f 1238/1238 1289/1289 1272/1272
f 1269/1269 1227/1227 1278/1278
f 1232/1232 1297/1297 1278/1278
f 1264/1264 1283/1283 1298/1298
f 1266/1266 1222/1222 1292/1292
f 1222/1222 1267/1267 1299/1299
f 1236/1236 1284/1284 1300/1300
f 1257/1257 1237/1237 1295/1295
f 1237/1237 1301/1301 1295/1295
f 1237/1237 1268/1268 1301/1301
f 1289/1289 1239/1239 1302/1302
f 1239/1239 1273/1273 1302/1302
f 1263/1263 1269/1269 1303/1303
f 1232/1232 1258/1258 1297/1297
f 1304/1304 1258/1258 1279/1279
f 1305/1305 1275/1275 1306/1306
f 1275/1275 1281/1281 1306/1306
f 1222/1222 1299/1299 1292/1292
f 1293/1293 1277/1277 1307/1307
f 1277/1277 1236/1236 1300/1300
f 1268/1268 1296/1296 1301/1301
f 1263/1263 1303/1303 1273/1273
f 1303/1303 1269/1269 1308/1308
f 1258/1258 1304/1304 1297/1297
f 1279/1279 1249/1249 1309/1309
f 1271/1271 1217/1217 1310/1310
f 1217/1217 1244/1244 1310/1310
f 1259/1259 1253/1253 1311/1311
f 1306/1306 1281/1281 1312/1312
f 1291/1291 1292/1292 1313/1313
f 1267/1267 1293/1293 1299/1299
f 1307/1307 1277/1277 1314/1314
f 1277/1277 1300/1300 1314/1314
f 1284/1284 1285/1285 1300/1300
f 1285/1285 1272/1272 1315/1315
f 1272/1272 1289/1289 1316/1316
f 1289/1289 1317/1317 1316/1316
f 1289/1289 1302/1302 1317/1317
f 1302/1302 1273/1273 1318/1318
f 1273/1273 1303/1303 1319/1319
f 1303/1303 1308/1308 1320/1320
f 1290/1290 1242/1242 1321/1321
f 1242/1242 1233/1233 1321/1321
f 1321/1321 1233/1233 1322/1322
f 1234/1234 1243/1243 1323/1323
f 1310/1310 1244/1244 1324/1324
f 1244/1244 1218/1218 1325/1325
f 1244/1244 1325/1325 1324/1324
f 1253/1253 1260/1260 1311/1311
f 1260/1260 1280/1280 1326/1326
f 1300/1300 1285/1285 1315/1315
f 1272/1272 1316/1316 1315/1315
f 1269/1269 1278/1278 1308/1308
f 1313/1313 1292/1292 1327/1327
f 1292/1292 1299/1299 1328/1328
f 1294/1294 1286/1286 1329/1329
f 1210/1210 1230/1230 1330/1330
f 1230/1230 1295/1295 1330/1330
f 1295/1295 1301/1301 1331/1331
f 1319/1319 1303/1303 1320/1320
f 1311/1311 1260/1260 1326/1326
f 1305/1305 1306/1306 1332/1332
f 1282/1282 1264/1264 1333/1333
f 1264/1264 1298/1298 1333/1333
f 1333/1333 1298/1298 1334/1334
f 1334/1334 1298/1298 1335/1335
f 1298/1298 1283/1283 1335/1335
f 1314/1314 1300/1300 1336/1336
f 1286/1286 1287/1287 1337/1337
f 1286/1286 1337/1337 1329/1329
f 1295/1295 1331/1331 1338/1338
f 1318/1318 1273/1273 1319/1319
f 1290/1290 1321/1321 1339/1339
f 1323/1323 1243/1243 1340/1340
f 1243/1243 1252/1252 1340/1340
f 1332/1332 1306/1306 1341/1341
f 1306/1306 1312/1312 1341/1341
f 1292/1292 1328/1328 1327/1327
f 1287/1287 1288/1288 1342/1342
f 1288/1288 1209/1209 1342/1342
f 1210/1210 1330/1330 1343/1343
f 1331/1331 1301/1301 1344/1344
f 1301/1301 1296/1296 1344/1344
f 1344/1344 1296/1296 1345/1345
f 1302/1302 1318/1318 1317/1317
f 1304/1304 1279/1279 1346/1346
f 1340/1340 1252/1252 1347/1347
f 1252/1252 1271/1271 1347/1347
f 1287/1287 1342/1342 1337/1337
f 1330/1330 1295/1295 1338/1338
f 1293/1293 1307/1307 1348/1348
f 1307/1307 1314/1314 1349/1349
f 1315/1315 1316/1316 1350/1350
f 1316/1316 1317/1317 1351/1351
f 1279/1279 1309/1309 1346/1346
f 1259/1259 1311/1311 1352/1352
f 1326/1326 1280/1280 1353/1353
f 1341/1341 1312/1312 1354/1354
f 1282/1282 1333/1333 1355/1355
f 1313/1313 1327/1327 1356/1356
f 1327/1327 1328/1328 1357/1357
f 1308/1308 1278/1278 1358/1358
f 1308/1308 1358/1358 1359/1359
f 1278/1278 1297/1297 1358/1358
f 1259/1259 1352/1352 1360/1360
f 1335/1335 1332/1332 1361/1361
f 1335/1335 1361/1361 1362/1362
f 1332/1332 1341/1341 1363/1363
f 1341/1341 1354/1354 1363/1363
f 1334/1334 1335/1335 1362/1362
f 1356/1356 1327/1327 1357/1357
f 1328/1328 1299/1299 1364/1364
f 1299/1299 1293/1293 1364/1364
f 1293/1293 1348/1348 1364/1364
f 1314/1314 1336/1336 1349/1349
f 1297/1297 1304/1304 1358/1358
f 1339/1339 1321/1321 1365/1365
f 1271/1271 1310/1310 1347/1347
f 1311/1311 1326/1326 1366/1366
f 1332/1332 1363/1363 1367/1367
f 1315/1315 1350/1350 1368/1368
f 1343/1343 1330/1330 1369/1369
f 1308/1308 1359/1359 1320/1320
f 1311/1311 1366/1366 1352/1352
f 1328/1328 1364/1364 1370/1370
f 1369/1369 1330/1330 1371/1371
f 1330/1330 1338/1338 1372/1372
f 1330/1330 1372/1372 1371/1371
f 1331/1331 1344/1344 1373/1373
f 1344/1344 1345/1345 1373/1373
f 1319/1319 1320/1320 1374/1374
f 1304/1304 1346/1346 1375/1375
f 1310/1310 1324/1324 1376/1376
f 1324/1324 1325/1325 1377/1377
f 1324/1324 1377/1377 1376/1376
f 1363/1363 1354/1354 1378/1378
f 1333/1333 1334/1334 1362/1362
f 1356/1356 1357/1357 1379/1379
f 1307/1307 1349/1349 1348/1348
f 1300/1300 1315/1315 1380/1380
f 1338/1338 1331/1331 1381/1381
f 1331/1331 1373/1373 1381/1381
f 1351/1351 1317/1317 1382/1382
f 1375/1375 1346/1346 1383/1383
f 1346/1346 1309/1309 1384/1384
f 1367/1367 1363/1363 1385/1385
f 1363/1363 1378/1378 1385/1385
f 1364/1364 1348/1348 1386/1386
f 1336/1336 1300/1300 1380/1380
f 1350/1350 1316/1316 1368/1368
f 1337/1337 1342/1342 1387/1387
f 1316/1316 1351/1351 1368/1368
f 1372/1372 1338/1338 1381/1381
f 1358/1358 1304/1304 1375/1375
f 1340/1340 1347/1347 1388/1388
f 1326/1326 1353/1353 1389/1389
f 1355/1355 1333/1333 1390/1390
f 1355/1355 1390/1390 1391/1391
f 1333/1333 1362/1362 1390/1390
f 1379/1379 1357/1357 1392/1392
f 1392/1392 1357/1357 1393/1393
f 1357/1357 1328/1328 1370/1370
f 1357/1357 1370/1370 1393/1393
f 1348/1348 1349/1349 1394/1394
f 1380/1380 1315/1315 1368/1368
f 1329/1329 1337/1337 1395/1395
f 1395/1395 1337/1337 1387/1387
f 1387/1387 1342/1342 1396/1396
f 1317/1317 1318/1318 1382/1382
f 1318/1318 1319/1319 1397/1397
f 1397/1397 1319/1319 1374/1374
f 1321/1321 1322/1322 1365/1365
f 1310/1310 1376/1376 1398/1398
f 1379/1379 1392/1392 1393/1393
f 1364/1364 1386/1386 1370/1370
f 1374/1374 1320/1320 1359/1359
f 1359/1359 1358/1358 1399/1399
f 1347/1347 1310/1310 1398/1398
f 1360/1360 1352/1352 1400/1400
f 1361/1361 1367/1367 1401/1401
f 1362/1362 1361/1361 1401/1401
f 1382/1382 1318/1318 1402/1402
f 1374/1374 1359/1359 1403/1403
f 1358/1358 1375/1375 1399/1399
f 1346/1346 1384/1384 1383/1383
f 1347/1347 1398/1398 1388/1388
f 1367/1367 1385/1385 1404/1404
f 1385/1385 1378/1378 1404/1404
f 1393/1393 1370/1370 1405/1405
f 1386/1386 1348/1348 1406/1406
f 1406/1406 1348/1348 1394/1394
f 1336/1336 1380/1380 1407/1407
f 1368/1368 1351/1351 1408/1408
f 1381/1381 1373/1373 1409/1409
f 1318/1318 1397/1397 1402/1402
f 1365/1365 1322/1322 1410/1410
f 1323/1323 1340/1340 1411/1411
f 1411/1411 1340/1340 1412/1412
f 1340/1340 1388/1388 1412/1412
f 1352/1352 1366/1366 1400/1400
f 1404/1404 1378/1378 1413/1413
f 1390/1390 1362/1362 1414/1414
f 1362/1362 1401/1401 1414/1414
f 1379/1379 1393/1393 1415/1415
f 1369/1369 1371/1371 1416/1416
f 1383/1383 1384/1384 1417/1417
f 1365/1365 1410/1410 1418/1418
f 1367/1367 1404/1404 1419/1419
f 1415/1415 1393/1393 1405/1405
f 1406/1406 1394/1394 1420/1420
f 1394/1394 1349/1349 1420/1420
f 1349/1349 1336/1336 1407/1407
f 1380/1380 1368/1368 1421/1421
f 1351/1351 1382/1382 1422/1422
f 1374/1374 1403/1403 1397/1397
f 1423/1423 1290/1290 1424/1424
f 1290/1290 1339/1339 1424/1424
f 1405/1405 1370/1370 1425/1425
f 1425/1425 1370/1370 1426/1426
f 1370/1370 1386/1386 1426/1426
f 1349/1349 1407/1407 1420/1420
f 1387/1387 1396/1396 1427/1427
f 1371/1371 1372/1372 1428/1428
f 1372/1372 1381/1381 1429/1429
f 1409/1409 1373/1373 1430/1430
f 1339/1339 1365/1365 1418/1418
f 1388/1388 1398/1398 1412/1412
f 1391/1391 1390/1390 1431/1431
f 1390/1390 1414/1414 1431/1431
f 1414/1414 1401/1401 1432/1432
f 1339/1339 1418/1418 1424/1424
f 1426/1426 1386/1386 1406/1406
f 1395/1395 1387/1387 1433/1433
f 1387/1387 1427/1427 1433/1433
f 1381/1381 1409/1409 1429/1429
f 1402/1402 1397/1397 1434/1434
f 1397/1397 1403/1403 1434/1434
f 1403/1403 1359/1359 1399/1399
f 1403/1403 1399/1399 1435/1435
f 1383/1383 1417/1417 1436/1436
f 1366/1366 1326/1326 1437/1437
f 1326/1326 1389/1389 1437/1437
f 1406/1406 1420/1420 1438/1438
f 1368/1368 1408/1408 1421/1421
f 1408/1408 1351/1351 1422/1422
f 1382/1382 1402/1402 1439/1439
f 1398/1398 1376/1376 1440/1440
f 1360/1360 1400/1400 1441/1441
f 1404/1404 1413/1413 1442/1442
f 1391/1391 1431/1431 1443/1443
f 1415/1415 1405/1405 1444/1444
f 1407/1407 1380/1380 1421/1421
f 1421/1421 1408/1408 1445/1445
f 1395/1395 1433/1433 1446/1446
f 1416/1416 1371/1371 1447/1447
f 1371/1371 1428/1428 1447/1447
f 1408/1408 1422/1422 1448/1448
f 1422/1422 1382/1382 1439/1439
f 1402/1402 1434/1434 1449/1449
f 1375/1375 1383/1383 1436/1436
f 1375/1375 1436/1436 1450/1450
f 1440/1440 1376/1376 1451/1451
f 1376/1376 1377/1377 1451/1451
f 1414/1414 1432/1432 1431/1431
f 1444/1444 1405/1405 1452/1452
f 1405/1405 1425/1425 1452/1452
f 1372/1372 1429/1429 1428/1428
f 1429/1429 1409/1409 1453/1453
f 1409/1409 1430/1430 1453/1453
f 1412/1412 1398/1398 1454/1454
f 1398/1398 1440/1440 1454/1454
f 1451/1451 1377/1377 1455/1455
f 1419/1419 1404/1404 1456/1456
f 1404/1404 1442/1442 1456/1456
f 1420/1420 1407/1407 1457/1457
f 1445/1445 1408/1408 1448/1448
f 1407/1407 1421/1421 1458/1458
f 1446/1446 1433/1433 1459/1459
f 1422/1422 1439/1439 1460/1460
f 1402/1402 1449/1449 1439/1439
f 1443/1443 1431/1431 1461/1461
f 1457/1457 1407/1407 1462/1462
f 1445/1445 1448/1448 1463/1463
f 1433/1433 1427/1427 1464/1464
f 1434/1434 1403/1403 1465/1465
f 1403/1403 1435/1435 1465/1465
f 1435/1435 1399/1399 1466/1466
f 1399/1399 1375/1375 1466/1466
f 1436/1436 1417/1417 1467/1467
f 1400/1400 1366/1366 1468/1468
f 1419/1419 1456/1456 1469/1469
f 1419/1419 1469/1469 1470/1470
f 1456/1456 1442/1442 1469/1469
f 1469/1469 1442/1442 1471/1471
f 1461/1461 1431/1431 1472/1472
f 1431/1431 1432/1432 1472/1472
f 1472/1472 1432/1432 1473/1473
f 1444/1444 1452/1452 1474/1474
f 1438/1438 1420/1420 1475/1475
f 1407/1407 1458/1458 1462/1462
f 1433/1433 1476/1476 1459/1459
f 1433/1433 1464/1464 1476/1476
f 1427/1427 1477/1477 1464/1464
f 1375/1375 1478/1478 1466/1466
f 1375/1375 1450/1450 1478/1478
f 1467/1467 1417/1417 1479/1479
f 1418/1418 1410/1410 1480/1480
f 1411/1411 1412/1412 1481/1481
f 1475/1475 1420/1420 1457/1457
f 1421/1421 1445/1445 1482/1482
f 1447/1447 1428/1428 1483/1483
f 1448/1448 1422/1422 1484/1484
f 1422/1422 1460/1460 1484/1484
f 1450/1450 1436/1436 1467/1467
f 1481/1481 1412/1412 1485/1485
f 1412/1412 1454/1454 1486/1486
f 1412/1412 1486/1486 1485/1485
f 1474/1474 1452/1452 1487/1487
f 1426/1426 1406/1406 1488/1488
f 1421/1421 1482/1482 1458/1458
f 1445/1445 1463/1463 1482/1482
f 1464/1464 1477/1477 1489/1489
f 1447/1447 1483/1483 1490/1490
f 1453/1453 1430/1430 1491/1491
f 1439/1439 1449/1449 1460/1460
f 1434/1434 1465/1465 1492/1492
f 1441/1441 1400/1400 1468/1468
f 1461/1461 1472/1472 1493/1493
f 1406/1406 1438/1438 1488/1488
f 1438/1438 1475/1475 1494/1494
f 1428/1428 1429/1429 1483/1483
f 1483/1483 1429/1429 1495/1495
f 1429/1429 1453/1453 1495/1495
f 1449/1449 1434/1434 1496/1496
f 1434/1434 1492/1492 1496/1496
f 1424/1424 1418/1418 1497/1497
f 1469/1469 1471/1471 1498/1498
f 1474/1474 1487/1487 1499/1499
f 1487/1487 1452/1452 1425/1425
f 1458/1458 1482/1482 1500/1500
f 1495/1495 1453/1453 1491/1491
f 1435/1435 1466/1466 1465/1465
f 1440/1440 1451/1451 1501/1501
f 1451/1451 1455/1455 1502/1502
f 1468/1468 1366/1366 1503/1503
f 1366/1366 1437/1437 1503/1503
f 1437/1437 1504/1504 1505/1505
f 1461/1461 1493/1493 1506/1506
f 1493/1493 1472/1472 1507/1507
f 1472/1472 1473/1473 1507/1507
f 1425/1425 1426/1426 1508/1508
f 1462/1462 1458/1458 1500/1500
f 1459/1459 1476/1476 1509/1509
f 1476/1476 1464/1464 1509/1509
f 1448/1448 1484/1484 1463/1463
f 1501/1501 1451/1451 1510/1510
f 1451/1451 1502/1502 1510/1510
f 1426/1426 1488/1488 1508/1508
f 1454/1454 1440/1440 1501/1501
f 1441/1441 1468/1468 1511/1511
f 1507/1507 1473/1473 1512/1512
f 1509/1509 1464/1464 1513/1513
f 1418/1418 1480/1480 1497/1497
f 1503/1503 1437/1437 1514/1514
f 1437/1437 1505/1505 1514/1514
f 1470/1470 1469/1469 1515/1515
f 1475/1475 1457/1457 1516/1516
f 1457/1457 1462/1462 1517/1517
f 1464/1464 1489/1489 1513/1513
f 1491/1491 1430/1430 1518/1518
f 1465/1465 1466/1466 1519/1519
f 1467/1467 1479/1479 1520/1520
f 1482/1482 1463/1463 1521/1521
f 1459/1459 1509/1509 1522/1522
f 1463/1463 1484/1484 1523/1523
f 1460/1460 1449/1449 1524/1524
f 1450/1450 1467/1467 1525/1525
f 1467/1467 1520/1520 1525/1525
f 1526/1526 1424/1424 1527/1527
f 1424/1424 1497/1497 1527/1527
f 1469/1469 1498/1498 1528/1528
f 1499/1499 1487/1487 1529/1529
f 1508/1508 1488/1488 1530/1530
f 1494/1494 1475/1475 1516/1516
f 1457/1457 1517/1517 1516/1516
f 1466/1466 1531/1531 1519/1519
f 1481/1481 1485/1485 1532/1532
f 1485/1485 1486/1486 1532/1532
f 1454/1454 1501/1501 1486/1486
f 1529/1529 1487/1487 1533/1533
f 1487/1487 1425/1425 1533/1533
f 1494/1494 1516/1516 1534/1534
f 1462/1462 1500/1500 1517/1517
f 1500/1500 1482/1482 1521/1521
f 1521/1521 1463/1463 1523/1523
f 1492/1492 1465/1465 1519/1519
f 1478/1478 1450/1450 1535/1535
f 1450/1450 1525/1525 1535/1535
f 1527/1527 1497/1497 1536/1536
f 1497/1497 1480/1480 1537/1537
f 1481/1481 1532/1532 1538/1538
f 1515/1515 1469/1469 1539/1539
f 1469/1469 1528/1528 1539/1539
f 1488/1488 1438/1438 1540/1540
f 1438/1438 1494/1494 1540/1540
f 1513/1513 1489/1489 1541/1541
f 1490/1490 1483/1483 1542/1542
f 1496/1496 1492/1492 1543/1543
f 1533/1533 1425/1425 1508/1508
f 1495/1495 1491/1491 1544/1544
f 1523/1523 1484/1484 1524/1524
f 1484/1484 1460/1460 1524/1524
f 1531/1531 1466/1466 1545/1545
f 1466/1466 1478/1478 1545/1545
f 1478/1478 1535/1535 1545/1545
f 1529/1529 1533/1533 1546/1546
f 1488/1488 1540/1540 1547/1547
f 1516/1516 1517/1517 1534/1534
f 1500/1500 1548/1548 1517/1517
f 1542/1542 1483/1483 1549/1549
f 1549/1549 1483/1483 1495/1495
f 1544/1544 1491/1491 1550/1550
f 1491/1491 1518/1518 1550/1550
f 1492/1492 1519/1519 1543/1543
f 1535/1535 1525/1525 1551/1551
f 1525/1525 1520/1520 1551/1551
f 1515/1515 1539/1539 1552/1552
f 1506/1506 1493/1493 1553/1553
f 1493/1493 1507/1507 1553/1553
f 1494/1494 1554/1554 1540/1540
f 1494/1494 1534/1534 1554/1554
f 1522/1522 1509/1509 1555/1555
f 1522/1522 1555/1555 1556/1556
f 1449/1449 1557/1557 1524/1524
f 1449/1449 1496/1496 1557/1557
f 1519/1519 1531/1531 1558/1558
f 1510/1510 1502/1502 1559/1559
f 1511/1511 1468/1468 1560/1560
f 1553/1553 1507/1507 1561/1561
f 1507/1507 1512/1512 1561/1561
f 1561/1561 1512/1512 1562/1562
f 1521/1521 1523/1523 1563/1563
f 1509/1509 1513/1513 1555/1555
f 1549/1549 1495/1495 1544/1544
f 1523/1523 1524/1524 1563/1563
f 1538/1538 1532/1532 1564/1564
f 1532/1532 1486/1486 1564/1564
f 1501/1501 1510/1510 1565/1565
f 1539/1539 1528/1528 1566/1566
f 1506/1506 1553/1553 1567/1567
f 1529/1529 1546/1546 1568/1568
f 1521/1521 1563/1563 1569/1569
f 1496/1496 1543/1543 1570/1570
f 1519/1519 1558/1558 1543/1543
f 1526/1526 1527/1527 1571/1571
f 1536/1536 1497/1497 1572/1572
f 1497/1497 1537/1537 1572/1572
f 1468/1468 1503/1503 1573/1573
f 1517/1517 1548/1548 1574/1574
f 1500/1500 1575/1575 1548/1548
f 1500/1500 1521/1521 1575/1575
f 1521/1521 1569/1569 1575/1575
f 1555/1555 1513/1513 1576/1576
f 1513/1513 1541/1541 1576/1576
f 1542/1542 1549/1549 1577/1577
f 1549/1549 1544/1544 1578/1578
f 1563/1563 1524/1524 1579/1579
f 1524/1524 1557/1557 1580/1580
f 1486/1486 1501/1501 1564/1564
f 1565/1565 1510/1510 1581/1581
f 1510/1510 1559/1559 1581/1581
f 1533/1533 1508/1508 1582/1582
f 1508/1508 1530/1530 1582/1582
f 1530/1530 1488/1488 1547/1547
f 1534/1534 1517/1517 1574/1574
f 1576/1576 1541/1541 1583/1583
f 1542/1542 1577/1577 1584/1584
f 1577/1577 1549/1549 1578/1578
f 1496/1496 1570/1570 1557/1557
f 1558/1558 1531/1531 1585/1585
f 1551/1551 1520/1520 1586/1586
f 1564/1564 1501/1501 1565/1565
f 1552/1552 1539/1539 1587/1587
f 1539/1539 1566/1566 1588/1588
f 1568/1568 1546/1546 1589/1589
f 1546/1546 1533/1533 1590/1590
f 1579/1579 1524/1524 1580/1580
f 1531/1531 1545/1545 1585/1585
f 1545/1545 1535/1535 1591/1591
f 1571/1571 1527/1527 1592/1592
f 1527/1527 1536/1536 1592/1592
f 1572/1572 1537/1537 1593/1593
f 1538/1538 1564/1564 1594/1594
f 1560/1560 1468/1468 1573/1573
f 1590/1590 1533/1533 1595/1595
f 1533/1533 1582/1582 1595/1595
f 1554/1554 1534/1534 1596/1596
f 1564/1564 1597/1597 1598/1598
f 1564/1564 1565/1565 1597/1597
f 1587/1587 1539/1539 1599/1599
f 1539/1539 1588/1588 1599/1599
f 1589/1589 1546/1546 1590/1590
f 1534/1534 1574/1574 1596/1596
f 1585/1585 1545/1545 1600/1600
f 1545/1545 1591/1591 1600/1600
f 1548/1548 1575/1575 1601/1601
f 1543/1543 1558/1558 1602/1602
f 1558/1558 1585/1585 1602/1602
f 1571/1571 1592/1592 1603/1603
f 1594/1594 1564/1564 1598/1598
f 1567/1567 1553/1553 1604/1604
f 1590/1590 1595/1595 1605/1605
f 1540/1540 1606/1606 1547/1547
f 1556/1556 1555/1555 1607/1607
f 1563/1563 1608/1608 1569/1569
f 1563/1563 1579/1579 1608/1608
f 1599/1599 1588/1588 1609/1609
f 1604/1604 1553/1553 1610/1610
f 1553/1553 1561/1561 1610/1610
f 1589/1589 1590/1590 1605/1605
f 1589/1589 1605/1605 1611/1611
f 1555/1555 1576/1576 1612/1612
f 1578/1578 1544/1544 1613/1613
f 1544/1544 1550/1550 1613/1613
f 1557/1557 1570/1570 1614/1614
f 1570/1570 1543/1543 1602/1602
f 1535/1535 1551/1551 1615/1615
f 1560/1560 1573/1573 1616/1616
f 1561/1561 1562/1562 1617/1617
f 1562/1562 1618/1618 1617/1617
f 1606/1606 1540/1540 1554/1554
f 1574/1574 1548/1548 1619/1619
f 1619/1619 1548/1548 1601/1601
f 1575/1575 1620/1620 1601/1601
f 1575/1575 1569/1569 1620/1620
f 1584/1584 1577/1577 1621/1621
f 1608/1608 1579/1579 1580/1580
f 1580/1580 1557/1557 1622/1622
f 1622/1622 1557/1557 1614/1614
f 1565/1565 1623/1623 1597/1597
f 1503/1503 1514/1514 1624/1624
f 1514/1514 1625/1625 1624/1624
f 1587/1587 1599/1599 1626/1626
f 1599/1599 1609/1609 1626/1626
f 1611/1611 1605/1605 1627/1627
f 1605/1605 1595/1595 1627/1627
f 1577/1577 1578/1578 1621/1621
f 1551/1551 1586/1586 1615/1615
f 1598/1598 1597/1597 1628/1628
f 1565/1565 1581/1581 1623/1623
f 1573/1573 1503/1503 1629/1629
f 1629/1629 1503/1503 1630/1630
f 1503/1503 1624/1624 1630/1630
f 1610/1610 1561/1561 1617/1617
f 1576/1576 1583/1583 1612/1612
f 1614/1614 1570/1570 1631/1631
f 1602/1602 1585/1585 1600/1600
f 1594/1594 1598/1598 1628/1628
f 1581/1581 1559/1559 1632/1632
f 1582/1582 1530/1530 1547/1547
f 1607/1607 1555/1555 1633/1633
f 1555/1555 1612/1612 1633/1633
f 1570/1570 1602/1602 1631/1631
f 1602/1602 1600/1600 1634/1634
f 1616/1616 1573/1573 1629/1629
f 1611/1611 1627/1627 1635/1635
f 1627/1627 1595/1595 1635/1635
f 1547/1547 1606/1606 1636/1636
f 1554/1554 1596/1596 1606/1606
f 1637/1637 1596/1596 1574/1574
f 1619/1619 1601/1601 1638/1638
f 1601/1601 1620/1620 1638/1638
f 1613/1613 1550/1550 1639/1639
f 1550/1550 1640/1640 1639/1639
f 1600/1600 1591/1591 1641/1641
f 1615/1615 1586/1586 1642/1642
f 1626/1626 1609/1609 1643/1643
f 1611/1611 1635/1635 1644/1644
f 1596/1596 1637/1637 1606/1606
f 1608/1608 1645/1645 1569/1569
f 1580/1580 1646/1646 1608/1608
f 1646/1646 1580/1580 1622/1622
f 1587/1587 1626/1626 1647/1647
f 1626/1626 1643/1643 1647/1647
f 1610/1610 1617/1617 1648/1648
f 1648/1648 1617/1617 1649/1649
f 1617/1617 1618/1618 1649/1649
f 1649/1649 1618/1618 1650/1650
f 1637/1637 1574/1574 1619/1619
f 1621/1621 1578/1578 1651/1651
f 1578/1578 1613/1613 1651/1651
f 1631/1631 1602/1602 1634/1634
f 1628/1628 1597/1597 1652/1652
f 1597/1597 1623/1623 1652/1652
f 1635/1635 1595/1595 1653/1653
f 1582/1582 1547/1547 1654/1654
f 1620/1620 1569/1569 1645/1645
f 1631/1631 1634/1634 1655/1655
f 1641/1641 1615/1615 1656/1656
f 1615/1615 1642/1642 1656/1656
f 1572/1572 1593/1593 1657/1657
f 1594/1594 1628/1628 1658/1658
f 1652/1652 1623/1623 1659/1659
f 1647/1647 1643/1643 1660/1660
f 1643/1643 1661/1661 1660/1660
f 1636/1636 1606/1606 1662/1662
f 1619/1619 1638/1638 1663/1663
f 1633/1633 1612/1612 1664/1664
f 1612/1612 1583/1583 1664/1664
f 1584/1584 1621/1621 1665/1665
f 1622/1622 1614/1614 1666/1666
f 1634/1634 1600/1600 1655/1655
f 1603/1603 1592/1592 1667/1667
f 1536/1536 1572/1572 1668/1668
f 1572/1572 1657/1657 1668/1668
f 1648/1648 1649/1649 1669/1669
f 1649/1649 1650/1650 1669/1669
f 1654/1654 1547/1547 1670/1670
f 1547/1547 1636/1636 1670/1670
f 1606/1606 1637/1637 1662/1662
f 1608/1608 1646/1646 1671/1671
f 1658/1658 1628/1628 1672/1672
f 1616/1616 1629/1629 1673/1673
f 1604/1604 1610/1610 1674/1674
f 1610/1610 1648/1648 1674/1674
f 1670/1670 1636/1636 1662/1662
f 1637/1637 1619/1619 1675/1675
f 1645/1645 1608/1608 1676/1676
f 1646/1646 1622/1622 1671/1671
f 1655/1655 1600/1600 1641/1641
f 1653/1653 1595/1595 1677/1677
f 1595/1595 1582/1582 1677/1677
f 1582/1582 1654/1654 1677/1677
f 1664/1664 1583/1583 1678/1678
f 1584/1584 1665/1665 1679/1679
f 1608/1608 1671/1671 1676/1676
f 1622/1622 1666/1666 1671/1671
f 1680/1680 1631/1631 1655/1655
f 1641/1641 1656/1656 1681/1681
f 1638/1638 1620/1620 1682/1682
f 1620/1620 1645/1645 1682/1682
f 1614/1614 1631/1631 1680/1680
f 1667/1667 1592/1592 1683/1683
f 1592/1592 1684/1684 1683/1683
f 1592/1592 1536/1536 1684/1684
f 1629/1629 1630/1630 1673/1673
f 1685/1685 1647/1647 1686/1686
f 1647/1647 1660/1660 1686/1686
f 1687/1687 1653/1653 1688/1688
f 1653/1653 1677/1677 1688/1688
f 1675/1675 1619/1619 1663/1663
f 1689/1689 1690/1690 1691/1691
f 1628/1628 1652/1652 1672/1672
f 1624/1624 1625/1625 1692/1692
f 1604/1604 1674/1674 1693/1693
f 1674/1674 1648/1648 1694/1694
f 1648/1648 1669/1669 1694/1694
f 1621/1621 1651/1651 1665/1665
f 1682/1682 1645/1645 1695/1695
f 1614/1614 1680/1680 1666/1666
f 1655/1655 1696/1696 1680/1680
f 1681/1681 1656/1656 1697/1697
f 1656/1656 1642/1642 1697/1697
f 1697/1697 1642/1642 1698/1698
f 1686/1686 1660/1660 1699/1699
f 1687/1687 1688/1688 1700/1700
f 1677/1677 1654/1654 1701/1701
f 1654/1654 1670/1670 1701/1701
f 1663/1663 1638/1638 1682/1682
f 1633/1633 1664/1664 1702/1702
f 1695/1695 1645/1645 1676/1676
f 1655/1655 1641/1641 1703/1703
f 1670/1670 1662/1662 1704/1704
f 1662/1662 1637/1637 1705/1705
f 1662/1662 1705/1705 1704/1704
f 1637/1637 1675/1675 1705/1705
f 1663/1663 1682/1682 1706/1706
f 1707/1707 1607/1607 1708/1708
f 1607/1607 1633/1633 1708/1708
f 1664/1664 1678/1678 1702/1702
f 1691/1691 1690/1690 1709/1709
f 1695/1695 1676/1676 1710/1710
f 1671/1671 1711/1711 1676/1676
f 1696/1696 1655/1655 1703/1703
f 1536/1536 1668/1668 1684/1684
f 1659/1659 1623/1623 1712/1712
f 1623/1623 1581/1581 1712/1712
f 1685/1685 1686/1686 1713/1713
f 1694/1694 1669/1669 1714/1714
f 1700/1700 1688/1688 1715/1715
f 1715/1715 1688/1688 1716/1716
f 1688/1688 1677/1677 1716/1716
f 1701/1701 1670/1670 1717/1717
f 1670/1670 1704/1704 1717/1717
f 1675/1675 1663/1663 1705/1705
f 1706/1706 1682/1682 1718/1718
f 1707/1707 1708/1708 1719/1719
f 1708/1708 1633/1633 1720/1720
f 1633/1633 1702/1702 1720/1720
f 1613/1613 1639/1639 1721/1721
f 1639/1639 1722/1722 1721/1721
f 1671/1671 1666/1666 1711/1711
f 1703/1703 1641/1641 1681/1681
f 1652/1652 1659/1659 1712/1712
f 1712/1712 1581/1581 1723/1723
f 1581/1581 1632/1632 1723/1723
f 1616/1616 1673/1673 1724/1724
f 1686/1686 1699/1699 1713/1713
f 1677/1677 1725/1725 1716/1716
f 1705/1705 1663/1663 1706/1706
f 1665/1665 1651/1651 1721/1721
f 1651/1651 1613/1613 1721/1721
f 1713/1713 1699/1699 1726/1726
f 1700/1700 1715/1715 1727/1727
f 1677/1677 1701/1701 1725/1725
f 1704/1704 1728/1728 1717/1717
f 1682/1682 1695/1695 1718/1718
f 1709/1709 1690/1690 1729/1729
f 1710/1710 1676/1676 1730/1730
f 1676/1676 1711/1711 1730/1730
f 1703/1703 1681/1681 1731/1731
f 1672/1672 1652/1652 1732/1732
f 1652/1652 1712/1712 1732/1732
f 1630/1630 1624/1624 1733/1733
f 1733/1733 1624/1624 1734/1734
f 1624/1624 1692/1692 1734/1734
f 1674/1674 1694/1694 1735/1735
f 1694/1694 1714/1714 1735/1735
f 1727/1727 1715/1715 1716/1716
f 1711/1711 1666/1666 1736/1736
f 1666/1666 1680/1680 1737/1737
f 1680/1680 1696/1696 1738/1738
f 1739/1739 1683/1683 1740/1740
f 1683/1683 1684/1684 1740/1740
f 1658/1658 1672/1672 1732/1732
f 1723/1723 1632/1632 1741/1741
f 1713/1713 1726/1726 1742/1742
f 1693/1693 1674/1674 1735/1735
f 1735/1735 1714/1714 1743/1743
f 1727/1727 1716/1716 1744/1744
f 1718/1718 1695/1695 1745/1745
f 1665/1665 1721/1721 1746/1746
f 1680/1680 1738/1738 1737/1737
f 1747/1747 1713/1713 1748/1748
f 1713/1713 1742/1742 1748/1748
f 1704/1704 1705/1705 1749/1749
f 1706/1706 1718/1718 1750/1750
f 1702/1702 1678/1678 1751/1751
f 1679/1679 1665/1665 1752/1752
f 1744/1744 1716/1716 1753/1753
f 1701/1701 1717/1717 1725/1725
f 1705/1705 1706/1706 1754/1754
f 1752/1752 1665/1665 1755/1755
f 1665/1665 1746/1746 1755/1755
f 1721/1721 1756/1756 1757/1757
f 1721/1721 1722/1722 1756/1756
f 1695/1695 1710/1710 1745/1745
f 1736/1736 1666/1666 1737/1737
f 1696/1696 1703/1703 1738/1738
f 1684/1684 1668/1668 1758/1758
f 1668/1668 1657/1657 1758/1758
f 1673/1673 1630/1630 1759/1759
f 1630/1630 1733/1733 1759/1759
f 1728/1728 1704/1704 1760/1760
f 1721/1721 1757/1757 1746/1746
f 1730/1730 1711/1711 1736/1736
f 1738/1738 1703/1703 1761/1761
f 1739/1739 1740/1740 1762/1762
f 1658/1658 1732/1732 1763/1763
f 1732/1732 1712/1712 1764/1764
f 1734/1734 1692/1692 1765/1765
f 1693/1693 1735/1735 1766/1766
f 1693/1693 1766/1766 1767/1767
f 1735/1735 1768/1768 1766/1766
f 1735/1735 1743/1743 1768/1768
f 1716/1716 1725/1725 1753/1753
f 1760/1760 1704/1704 1749/1749
f 1706/1706 1750/1750 1754/1754
f 1731/1731 1681/1681 1769/1769
f 1681/1681 1697/1697 1769/1769
f 1724/1724 1673/1673 1759/1759
f 1747/1747 1748/1748 1770/1770
f 1748/1748 1742/1742 1771/1771
f 1744/1744 1753/1753 1772/1772
f 1725/1725 1717/1717 1773/1773
f 1749/1749 1705/1705 1754/1754
f 1708/1708 1720/1720 1774/1774
f 1702/1702 1751/1751 1775/1775
f 1709/1709 1729/1729 1776/1776
f 1684/1684 1758/1758 1740/1740
f 1724/1724 1759/1759 1777/1777
f 1717/1717 1728/1728 1778/1778
f 1719/1719 1708/1708 1774/1774
f 1779/1779 1780/1780 1781/1781
f 1720/1720 1702/1702 1775/1775
f 1710/1710 1730/1730 1782/1782
f 1703/1703 1731/1731 1761/1761
f 1697/1697 1698/1698 1783/1783
f 1758/1758 1657/1657 1784/1784
f 1658/1658 1763/1763 1785/1785
f 1766/1766 1768/1768 1786/1786
f 1768/1768 1743/1743 1787/1787
f 1717/1717 1778/1778 1773/1773
f 1728/1728 1760/1760 1778/1778
f 1750/1750 1718/1718 1788/1788
f 1736/1736 1789/1789 1790/1790
f 1725/1725 1773/1773 1791/1791
f 1754/1754 1750/1750 1792/1792
f 1719/1719 1774/1774 1793/1793
f 1718/1718 1745/1745 1788/1788
f 1745/1745 1794/1794 1795/1795
f 1697/1697 1783/1783 1769/1769
f 1763/1763 1732/1732 1796/1796
f 1732/1732 1764/1764 1796/1796
f 1768/1768 1787/1787 1786/1786
f 1772/1772 1753/1753 1797/1797
f 1753/1753 1725/1725 1791/1791
f 1773/1773 1778/1778 1798/1798
f 1749/1749 1754/1754 1760/1760
f 1781/1781 1780/1780 1799/1799
f 1745/1745 1710/1710 1794/1794
f 1736/1736 1790/1790 1730/1730
f 1800/1800 1801/1801 1802/1802
f 1748/1748 1771/1771 1770/1770
f 1797/1797 1753/1753 1791/1791
f 1760/1760 1803/1803 1778/1778
f 1799/1799 1780/1780 1804/1804
f 1794/1794 1710/1710 1782/1782
f 1736/1736 1737/1737 1789/1789
f 1761/1761 1731/1731 1805/1805
f 1805/1805 1731/1731 1806/1806
f 1767/1767 1766/1766 1807/1807
f 1766/1766 1786/1786 1807/1807
f 1760/1760 1754/1754 1803/1803
f 1808/1808 1754/1754 1792/1792
f 1745/1745 1795/1795 1788/1788
f 1757/1757 1756/1756 1809/1809
f 1782/1782 1730/1730 1790/1790
f 1737/1737 1738/1738 1810/1810
f 1738/1738 1761/1761 1810/1810
f 1731/1731 1769/1769 1806/1806
f 1769/1769 1783/1783 1811/1811
f 1812/1812 1813/1813 1814/1814
f 1815/1815 1814/1814 1813/1813
f 1770/1770 1771/1771 1816/1816
f 1772/1772 1797/1797 1817/1817
f 1774/1774 1720/1720 1818/1818
f 1720/1720 1775/1775 1818/1818
f 1746/1746 1757/1757 1819/1819
f 1782/1782 1790/1790 1820/1820
f 1810/1810 1761/1761 1805/1805
f 1769/1769 1811/1811 1821/1821
f 1739/1739 1762/1762 1822/1822
f 1785/1785 1763/1763 1823/1823
f 1712/1712 1723/1723 1764/1764
f 1786/1786 1787/1787 1824/1824
f 1797/1797 1791/1791 1825/1825
f 1803/1803 1754/1754 1808/1808
f 1776/1776 1729/1729 1826/1826
f 1757/1757 1809/1809 1819/1819
f 1789/1789 1737/1737 1810/1810
f 1769/1769 1821/1821 1827/1827
f 1827/1827 1821/1821 1828/1828
f 1829/1829 1830/1830 1831/1831
f 1832/1832 1831/1831 1830/1830
f 1786/1786 1824/1824 1807/1807
f 1817/1817 1797/1797 1833/1833
f 1797/1797 1825/1825 1833/1833
f 1792/1792 1750/1750 1834/1834
f 1827/1827 1828/1828 1835/1835
f 1764/1764 1723/1723 1836/1836
f 1723/1723 1741/1741 1836/1836
f 1773/1773 1798/1798 1837/1837
f 1798/1798 1778/1778 1838/1838
f 1778/1778 1803/1803 1838/1838
f 1839/1839 1803/1803 1808/1808
f 1750/1750 1788/1788 1834/1834
f 1755/1755 1746/1746 1840/1840
f 1746/1746 1819/1819 1840/1840
f 1782/1782 1820/1820 1841/1841
f 1806/1806 1769/1769 1842/1842
f 1769/1769 1827/1827 1842/1842
f 1770/1770 1816/1816 1843/1843
f 1824/1824 1787/1787 1844/1844
f 1825/1825 1791/1791 1845/1845
f 1826/1826 1729/1729 1846/1846
f 1763/1763 1796/1796 1823/1823
f 1836/1836 1741/1741 1847/1847
f 1777/1777 1759/1759 1848/1848
f 1759/1759 1733/1733 1848/1848
f 1733/1733 1734/1734 1849/1849
f 1818/1818 1775/1775 1850/1850
f 1794/1794 1782/1782 1795/1795
f 1795/1795 1782/1782 1841/1841
f 1733/1733 1849/1849 1848/1848
f 1849/1849 1734/1734 1851/1851
f 1734/1734 1765/1765 1851/1851
f 1767/1767 1807/1807 1852/1852
f 1807/1807 1824/1824 1852/1852
f 1791/1791 1773/1773 1845/1845
f 1773/1773 1837/1837 1853/1853
f 1803/1803 1839/1839 1838/1838
f 1808/1808 1792/1792 1854/1854
f 1788/1788 1795/1795 1855/1855
f 1820/1820 1790/1790 1856/1856
f 1790/1790 1789/1789 1857/1857
f 1842/1842 1827/1827 1858/1858
f 1827/1827 1835/1835 1858/1858
f 1852/1852 1824/1824 1859/1859
f 1824/1824 1844/1844 1859/1859
f 1845/1845 1773/1773 1853/1853
f 1793/1793 1774/1774 1860/1860
f 1752/1752 1755/1755 1861/1861
f 1755/1755 1840/1840 1861/1861
f 1789/1789 1862/1862 1857/1857
f 1789/1789 1810/1810 1862/1862
f 1858/1858 1835/1835 1863/1863
f 1864/1864 1865/1865 1866/1866
f 1864/1864 1866/1866 1867/1867
f 1843/1843 1816/1816 1868/1868
f 1868/1868 1816/1816 1869/1869
f 1767/1767 1852/1852 1870/1870
f 1817/1817 1833/1833 1871/1871
f 1860/1860 1774/1774 1872/1872
f 1834/1834 1788/1788 1855/1855
f 1775/1775 1751/1751 1873/1873
f 1826/1826 1846/1846 1874/1874
f 1752/1752 1861/1861 1875/1875
f 1861/1861 1840/1840 1876/1876
f 1790/1790 1857/1857 1856/1856
f 1806/1806 1842/1842 1805/1805
f 1762/1762 1740/1740 1877/1877
f 1740/1740 1758/1758 1877/1877
f 1758/1758 1784/1784 1878/1878
f 1785/1785 1823/1823 1879/1879
f 1796/1796 1764/1764 1880/1880
f 1833/1833 1825/1825 1881/1881
f 1825/1825 1845/1845 1881/1881
f 1798/1798 1838/1838 1882/1882
f 1798/1798 1882/1882 1883/1883
f 1792/1792 1834/1834 1884/1884
f 1792/1792 1884/1884 1854/1854
f 1872/1872 1774/1774 1885/1885
f 1774/1774 1818/1818 1886/1886
f 1774/1774 1886/1886 1885/1885
f 1818/1818 1850/1850 1886/1886
f 1850/1850 1775/1775 1887/1887
f 1775/1775 1873/1873 1887/1887
f 1876/1876 1840/1840 1888/1888
f 1840/1840 1819/1819 1888/1888
f 1810/1810 1805/1805 1889/1889
f 1838/1838 1839/1839 1882/1882
f 1834/1834 1855/1855 1890/1890
f 1819/1819 1809/1809 1888/1888
f 1805/1805 1842/1842 1891/1891
f 1822/1822 1762/1762 1892/1892
f 1764/1764 1836/1836 1893/1893
f 1836/1836 1847/1847 1893/1893
f 1777/1777 1848/1848 1894/1894
f 1871/1871 1833/1833 1895/1895
f 1833/1833 1881/1881 1895/1895
f 1839/1839 1808/1808 1896/1896
f 1810/1810 1889/1889 1862/1862
f 1868/1868 1869/1869 1897/1897
f 1868/1868 1897/1897 1898/1898
f 1852/1852 1859/1859 1899/1899
f 1871/1871 1895/1895 1900/1900
f 1896/1896 1808/1808 1854/1854
f 1860/1860 1872/1872 1885/1885
f 1855/1855 1795/1795 1841/1841
f 1856/1856 1857/1857 1901/1901
f 1879/1879 1823/1823 1902/1902
f 1848/1848 1849/1849 1903/1903
f 1870/1870 1852/1852 1904/1904
f 1904/1904 1852/1852 1905/1905
f 1852/1852 1899/1899 1905/1905
f 1859/1859 1844/1844 1899/1899
f 1798/1798 1883/1883 1837/1837
f 1884/1884 1834/1834 1890/1890
f 1874/1874 1846/1846 1906/1906
f 1841/1841 1820/1820 1907/1907
f 1820/1820 1856/1856 1907/1907
f 1805/1805 1891/1891 1889/1889
f 1858/1858 1863/1863 1908/1908
f 1867/1867 1866/1866 1909/1909
f 1910/1910 1909/1909 1866/1866
f 1883/1883 1882/1882 1911/1911
f 1882/1882 1839/1839 1896/1896
f 1854/1854 1884/1884 1912/1912
f 1913/1913 1804/1804 1914/1914
f 1857/1857 1862/1862 1915/1915
f 1862/1862 1889/1889 1915/1915
f 1880/1880 1764/1764 1916/1916
f 1764/1764 1893/1893 1916/1916
f 1899/1899 1844/1844 1917/1917
f 1853/1853 1837/1837 1918/1918
f 1886/1886 1850/1850 1887/1887
f 1888/1888 1809/1809 1919/1919
f 1841/1841 1907/1907 1855/1855
f 1842/1842 1858/1858 1891/1891
f 1858/1858 1908/1908 1920/1920
f 1758/1758 1878/1878 1877/1877
f 1823/1823 1796/1796 1902/1902
f 1837/1837 1883/1883 1918/1918
f 1921/1921 1856/1856 1901/1901
f 1901/1901 1857/1857 1922/1922
f 1915/1915 1889/1889 1923/1923
f 1889/1889 1891/1891 1923/1923
f 1891/1891 1858/1858 1924/1924
f 1858/1858 1920/1920 1924/1924
f 1845/1845 1853/1853 1925/1925
f 1884/1884 1890/1890 1926/1926
f 1890/1890 1927/1927 1926/1926
f 1874/1874 1906/1906 1928/1928
f 1922/1922 1857/1857 1915/1915
f 1902/1902 1796/1796 1880/1880
f 1900/1900 1895/1895 1929/1929
f 1895/1895 1881/1881 1929/1929
f 1853/1853 1918/1918 1925/1925
f 1861/1861 1876/1876 1930/1930
f 1907/1907 1856/1856 1931/1931
f 1924/1924 1920/1920 1932/1932
f 1920/1920 1933/1933 1932/1932
f 1892/1892 1762/1762 1934/1934
f 1934/1934 1762/1762 1935/1935
f 1762/1762 1877/1877 1935/1935
f 1893/1893 1847/1847 1936/1936
f 1898/1898 1897/1897 1937/1937
f 1896/1896 1854/1854 1912/1912
f 1912/1912 1884/1884 1926/1926
f 1860/1860 1885/1885 1938/1938
f 1876/1876 1888/1888 1930/1930
f 1856/1856 1921/1921 1931/1931
f 1921/1921 1901/1901 1939/1939
f 1902/1902 1880/1880 1940/1940
f 1880/1880 1916/1916 1940/1940
f 1894/1894 1848/1848 1941/1941
f 1848/1848 1903/1903 1941/1941
f 1849/1849 1851/1851 1942/1942
f 1851/1851 1943/1943 1942/1942
f 1905/1905 1899/1899 1944/1944
f 1899/1899 1917/1917 1944/1944
f 1918/1918 1883/1883 1945/1945
f 1882/1882 1896/1896 1911/1911
f 1938/1938 1885/1885 1946/1946
f 1885/1885 1886/1886 1946/1946
f 1886/1886 1887/1887 1947/1947
f 1887/1887 1873/1873 1947/1947
f 1930/1930 1888/1888 1948/1948
f 1888/1888 1919/1919 1948/1948
f 1890/1890 1855/1855 1927/1927
f 1855/1855 1907/1907 1949/1949
f 1932/1932 1933/1933 1950/1950
f 1937/1937 1897/1897 1951/1951
f 1900/1900 1929/1929 1952/1952
f 1946/1946 1886/1886 1953/1953
f 1886/1886 1947/1947 1953/1953
f 1948/1948 1919/1919 1954/1954
f 1927/1927 1855/1855 1949/1949
f 1891/1891 1924/1924 1955/1955
f 1924/1924 1932/1932 1955/1955
f 1904/1904 1905/1905 1956/1956
f 1956/1956 1905/1905 1957/1957
f 1905/1905 1944/1944 1957/1957
f 1883/1883 1911/1911 1958/1958
f 1912/1912 1926/1926 1959/1959
f 1926/1926 1927/1927 1960/1960
f 1901/1901 1922/1922 1939/1939
f 1922/1922 1915/1915 1961/1961
f 1915/1915 1923/1923 1961/1961
f 1923/1923 1891/1891 1962/1962
f 1891/1891 1955/1955 1962/1962
f 1955/1955 1932/1932 1963/1963
f 1932/1932 1950/1950 1963/1963
f 1964/1964 1937/1937 1965/1965
f 1937/1937 1951/1951 1965/1965
f 1845/1845 1925/1925 1966/1966
f 1883/1883 1958/1958 1945/1945
f 1896/1896 1912/1912 1967/1967
f 1875/1875 1861/1861 1968/1968
f 1861/1861 1930/1930 1968/1968
f 1927/1927 1949/1949 1960/1960
f 1949/1949 1907/1907 1931/1931
f 1931/1931 1921/1921 1939/1939
f 1922/1922 1961/1961 1939/1939
f 1879/1879 1902/1902 1969/1969
f 1944/1944 1917/1917 1970/1970
f 1881/1881 1845/1845 1971/1971
f 1845/1845 1966/1966 1971/1971
f 1918/1918 1945/1945 1925/1925
f 1911/1911 1896/1896 1958/1958
f 1926/1926 1960/1960 1959/1959
f 1961/1961 1923/1923 1972/1972
f 1923/1923 1973/1973 1972/1972
f 1974/1974 1896/1896 1967/1967
f 1931/1931 1939/1939 1975/1975
f 1931/1931 1975/1975 1976/1976
f 1939/1939 1961/1961 1977/1977
f 1902/1902 1940/1940 1969/1969
f 1903/1903 1849/1849 1941/1941
f 1965/1965 1951/1951 1978/1978
f 1952/1952 1929/1929 1979/1979
f 1966/1966 1925/1925 1980/1980
f 1925/1925 1945/1945 1981/1981
f 1912/1912 1982/1982 1967/1967
f 1912/1912 1959/1959 1982/1982
f 1959/1959 1960/1960 1983/1983
f 1953/1953 1947/1947 1984/1984
f 1968/1968 1930/1930 1985/1985
f 1930/1930 1948/1948 1985/1985
f 1960/1960 1949/1949 1986/1986
f 1949/1949 1931/1931 1976/1976
f 1939/1939 1977/1977 1975/1975
f 1961/1961 1972/1972 1977/1977
f 1973/1973 1923/1923 1962/1962
f 1940/1940 1916/1916 1987/1987
f 1916/1916 1893/1893 1987/1987
f 1981/1981 1945/1945 1988/1988
f 1945/1945 1958/1958 1988/1988
f 1958/1958 1896/1896 1974/1974
f 1947/1947 1873/1873 1989/1989
f 1875/1875 1968/1968 1990/1990
f 1877/1877 1878/1878 1991/1991
f 1879/1879 1969/1969 1992/1992
f 1957/1957 1944/1944 1993/1993
f 1944/1944 1970/1970 1993/1993
f 1929/1929 1881/1881 1994/1994
f 1881/1881 1971/1971 1994/1994
f 1980/1980 1925/1925 1981/1981
f 1983/1983 1960/1960 1986/1986
f 1973/1973 1962/1962 1995/1995
f 1877/1877 1991/1991 1935/1935
f 1940/1940 1987/1987 1969/1969
f 1941/1941 1849/1849 1996/1996
f 1849/1849 1942/1942 1996/1996
f 1964/1964 1965/1965 1997/1997
f 1956/1956 1957/1957 1998/1998
f 1979/1979 1929/1929 1994/1994
f 1985/1985 1948/1948 1999/1999
f 1936/1936 2000/2000 2001/2001
f 1996/1996 1942/1942 2002/2002
f 1998/1998 1957/1957 2003/2003
f 1957/1957 1993/1993 2003/2003
f 1993/1993 1970/1970 2004/2004
f 1948/1948 1954/1954 1999/1999
f 1986/1986 1949/1949 2005/2005
f 1949/1949 1976/1976 2005/2005
f 1976/1976 1975/1975 2006/2006
f 1962/1962 1955/1955 2007/2007
f 1892/1892 1934/1934 2008/2008
f 1894/1894 1941/1941 2009/2009
f 2009/2009 1941/1941 2010/2010
f 1988/1988 1958/1958 1974/1974
f 1974/1974 1967/1967 2011/2011
f 2011/2011 1967/1967 2012/2012
f 1967/1967 1982/1982 2012/2012
f 2013/2013 2014/2014 2015/2015
f 1982/1982 1959/1959 2016/2016
f 1959/1959 1983/1983 2016/2016
f 1946/1946 1953/1953 2017/2017
f 1953/1953 1984/1984 2017/2017
f 1975/1975 2018/2018 2006/2006
f 1977/1977 1972/1972 1973/1973
f 1955/1955 1963/1963 2019/2019
f 1963/1963 1950/1950 2020/2020
f 1963/1963 2020/2020 2019/2019
f 1997/1997 1965/1965 2021/2021
f 1965/1965 1978/1978 2022/2022
f 1965/1965 2022/2022 2021/2021
f 1979/1979 1994/1994 2023/2023
f 1979/1979 2023/2023 2024/2024
f 1999/1999 1954/1954 2025/2025
f 1954/1954 2026/2026 2025/2025
f 1975/1975 1977/1977 2018/2018
f 1955/1955 2019/2019 2007/2007
f 1992/1992 1969/1969 2027/2027
f 1969/1969 1987/1987 2028/2028
f 1987/1987 1893/1893 2029/2029
f 2023/2023 1994/1994 1971/1971
f 1946/1946 2017/2017 2030/2030
f 1968/1968 1985/1985 2031/2031
f 1985/1985 1999/1999 2031/2031
f 1988/1988 1974/1974 2032/2032
f 1984/1984 1947/1947 2033/2033
f 1947/1947 1989/1989 2033/2033
f 1990/1990 1968/1968 2034/2034
f 1968/1968 2031/2031 2034/2034
f 2005/2005 1976/1976 2035/2035
f 1977/1977 1973/1973 2036/2036
f 1974/1974 2037/2037 2032/2032
f 1974/1974 2011/2011 2037/2037
f 1982/1982 2016/2016 2012/2012
f 2017/2017 1984/1984 2033/2033
f 1986/1986 2005/2005 1983/1983
f 1976/1976 2006/2006 2035/2035
f 1977/1977 2036/2036 2018/2018
f 2036/2036 1973/1973 2038/2038
f 1934/1934 1935/1935 2039/2039
f 1987/1987 2029/2029 2028/2028
f 1941/1941 1996/1996 2010/2010
f 2024/2024 2023/2023 2040/2040
f 2023/2023 1971/1971 2040/2040
f 1971/1971 1966/1966 2041/2041
f 1993/1993 2004/2004 2042/2042
f 1966/1966 1980/1980 2043/2043
f 2006/2006 2018/2018 2044/2044
f 1995/1995 1962/1962 2045/2045
f 1962/1962 2007/2007 2045/2045
f 1935/1935 1991/1991 2039/2039
f 1997/1997 2021/2021 2046/2046
f 2021/2021 2022/2022 2047/2047
f 2021/2021 2047/2047 2046/2046
f 2024/2024 2040/2040 2048/2048
f 2048/2048 2040/2040 2049/2049
f 1966/1966 2043/2043 2041/2041
f 1980/1980 1981/1981 2043/2043
f 1981/1981 1988/1988 2032/2032
f 1969/1969 2028/2028 2027/2027
f 2028/2028 2029/2029 2050/2050
f 2029/2029 1936/1936 2050/2050
f 1997/1997 2046/2046 2051/2051
f 1998/1998 2003/2003 2052/2052
f 1999/1999 2025/2025 2053/2053
f 1983/1983 2005/2005 2054/2054
f 2055/2055 2056/2056 2057/2057
f 2006/2006 2044/2044 2058/2058
f 2050/2050 1936/1936 2059/2059
f 2009/2009 2010/2010 2060/2060
f 2040/2040 1971/1971 2061/2061
f 2040/2040 2061/2061 2062/2062
f 1971/1971 2041/2041 2061/2061
f 1981/1981 2032/2032 2063/2063
f 2030/2030 2017/2017 2064/2064
f 2019/2019 2020/2020 2065/2065
f 1934/1934 2039/2039 2008/2008
f 1996/1996 2002/2002 2066/2066
f 2003/2003 1993/1993 2067/2067
f 1993/1993 2042/2042 2067/2067
f 2049/2049 2040/2040 2062/2062
f 2033/2033 1989/1989 2068/2068
f 2031/2031 1999/1999 2053/2053
f 2005/2005 2035/2035 2069/2069
f 2035/2035 2006/2006 2058/2058
f 2044/2044 2018/2018 2036/2036
f 2038/2038 1973/1973 1995/1995
f 2045/2045 2007/2007 2070/2070
f 2007/2007 2019/2019 2070/2070
f 1992/1992 2027/2027 2071/2071
f 2063/2063 2032/2032 2037/2037
f 2012/2012 2016/2016 2072/2072
f 2016/2016 1983/1983 2073/2073
f 2064/2064 2017/2017 2074/2074
f 2017/2017 2033/2033 2068/2068
f 2034/2034 2031/2031 2075/2075
f 2070/2070 2019/2019 2076/2076
f 2019/2019 2065/2065 2076/2076
f 2037/2037 2011/2011 2077/2077
f 2073/2073 1983/1983 2054/2054
f 2053/2053 2025/2025 2078/2078
f 2054/2054 2005/2005 2069/2069
f 2051/2051 2046/2046 2079/2079
f 2046/2046 2047/2047 2080/2080
f 2046/2046 2080/2080 2079/2079
f 2048/2048 2081/2081 2082/2082
f 2043/2043 1981/1981 2083/2083
f 1981/1981 2063/2063 2083/2083
f 2012/2012 2072/2072 2011/2011
f 2068/2068 1989/1989 2084/2084
f 1990/1990 2034/2034 2085/2085
f 2031/2031 2053/2053 2078/2078
f 2031/2031 2078/2078 2075/2075
f 2036/2036 2086/2086 2044/2044
f 2039/2039 1991/1991 2087/2087
f 1992/1992 2071/2071 2088/2088
f 2052/2052 2003/2003 2089/2089
f 2003/2003 2067/2067 2089/2089
f 2064/2064 2074/2074 2090/2090
f 2017/2017 2068/2068 2074/2074
f 2085/2085 2034/2034 2091/2091
f 2034/2034 2075/2075 2091/2091
f 2069/2069 2035/2035 2092/2092
f 2008/2008 2039/2039 2093/2093
f 2093/2093 2039/2039 2094/2094
f 2039/2039 2087/2087 2094/2094
f 2027/2027 2028/2028 2071/2071
f 2009/2009 2060/2060 2095/2095
f 2010/2010 1996/1996 2096/2096
f 1996/1996 2066/2066 2096/2096
f 2082/2082 2081/2081 2097/2097
f 2081/2081 2062/2062 2097/2097
f 2063/2063 2037/2037 2098/2098
f 2072/2072 2016/2016 2073/2073
f 2035/2035 2058/2058 2092/2092
f 2058/2058 2044/2044 2086/2086
f 2086/2086 2036/2036 2099/2099
f 2036/2036 2038/2038 2099/2099
f 2038/2038 1995/1995 2099/2099
f 1995/1995 2045/2045 2100/2100
f 2076/2076 2065/2065 2101/2101
f 2097/2097 2062/2062 2061/2061
f 2043/2043 2083/2083 2102/2102
f 2037/2037 2077/2077 2098/2098
f 2054/2054 2069/2069 2103/2103
f 2058/2058 2086/2086 2104/2104
f 2099/2099 1995/1995 2100/2100
f 2071/2071 2028/2028 2105/2105
f 2041/2041 2043/2043 2102/2102
f 2011/2011 2072/2072 2077/2077
f 2072/2072 2073/2073 2106/2106
f 2103/2103 2069/2069 2107/2107
f 2069/2069 2092/2092 2107/2107
f 2045/2045 2070/2070 2108/2108
f 2051/2051 2079/2079 2109/2109
f 2067/2067 2042/2042 2110/2110
f 2058/2058 2104/2104 2111/2111
f 2093/2093 2094/2094 2112/2112
f 2089/2089 2067/2067 2113/2113
f 2067/2067 2110/2110 2113/2113
f 2086/2086 2114/2114 2115/2115
f 2114/2114 2086/2086 2099/2099
f 2109/2109 2079/2079 2116/2116
f 2079/2079 2080/2080 2116/2116
f 2116/2116 2080/2080 2117/2117
f 2082/2082 2097/2097 2118/2118
f 2090/2090 2074/2074 2119/2119
f 2092/2092 2058/2058 2111/2111
f 2104/2104 2086/2086 2115/2115
f 2045/2045 2108/2108 2100/2100
f 2108/2108 2070/2070 2120/2120
f 2070/2070 2076/2076 2120/2120
f 2076/2076 2101/2101 2121/2121
f 2105/2105 2028/2028 2122/2122
f 2028/2028 2123/2123 2122/2122
f 2028/2028 2050/2050 2123/2123
f 2041/2041 2102/2102 2124/2124
f 2073/2073 2125/2125 2106/2106
f 2073/2073 2054/2054 2103/2103
f 2073/2073 2103/2103 2125/2125
f 2068/2068 2084/2084 2126/2126
f 2127/2127 2085/2085 2128/2128
f 2085/2085 2091/2091 2128/2128
f 2120/2120 2076/2076 2129/2129
f 2076/2076 2121/2121 2129/2129
f 2094/2094 2087/2087 2130/2130
f 2130/2130 2087/2087 2131/2131
f 2088/2088 2071/2071 2132/2132
f 2132/2132 2071/2071 2133/2133
f 2052/2052 2089/2089 2134/2134
f 2102/2102 2083/2083 2135/2135
f 2135/2135 2083/2083 2136/2136
f 2083/2083 2063/2063 2098/2098
f 2119/2119 2074/2074 2137/2137
f 2074/2074 2068/2068 2126/2126
f 2074/2074 2126/2126 2137/2137
f 2128/2128 2091/2091 2138/2138
f 2091/2091 2075/2075 2138/2138
f 2112/2112 2094/2094 2130/2130
f 2071/2071 2105/2105 2133/2133
f 2123/2123 2050/2050 2139/2139
f 2050/2050 2059/2059 2139/2139
f 2139/2139 2059/2059 2140/2140
f 2096/2096 2066/2066 2141/2141
f 2089/2089 2113/2113 2142/2142
f 2113/2113 2110/2110 2142/2142
f 2098/2098 2077/2077 2143/2143
f 2077/2077 2072/2072 2143/2143
f 2072/2072 2106/2106 2144/2144
f 2075/2075 2078/2078 2138/2138
f 2078/2078 2025/2025 2145/2145
f 2025/2025 2026/2026 2146/2146
f 2111/2111 2104/2104 2115/2115
f 2110/2110 2109/2109 2147/2147
f 2110/2110 2147/2147 2148/2148
f 2109/2109 2116/2116 2149/2149
f 2109/2109 2149/2149 2147/2147
f 2116/2116 2117/2117 2149/2149
f 2134/2134 2089/2089 2150/2150
f 2089/2089 2142/2142 2150/2150
f 2142/2142 2110/2110 2148/2148
f 2143/2143 2072/2072 2144/2144
f 2078/2078 2145/2145 2138/2138
f 2099/2099 2100/2100 2151/2151
f 2105/2105 2122/2122 2133/2133
f 2097/2097 2061/2061 2152/2152
f 2106/2106 2125/2125 2153/2153
f 2118/2118 2097/2097 2152/2152
f 2083/2083 2098/2098 2154/2154
f 2145/2145 2025/2025 2155/2155
f 2025/2025 2146/2146 2155/2155
f 2092/2092 2156/2156 2107/2107
f 2093/2093 2112/2112 2157/2157
f 2158/2158 2118/2118 2159/2159
f 2118/2118 2152/2152 2159/2159
f 2083/2083 2154/2154 2136/2136
f 2098/2098 2143/2143 2154/2154
f 2112/2112 2130/2130 2160/2160
f 2096/2096 2141/2141 2161/2161
f 2134/2134 2150/2150 2162/2162
f 2152/2152 2061/2061 2163/2163
f 2061/2061 2041/2041 2163/2163
f 2119/2119 2137/2137 2164/2164
f 2137/2137 2126/2126 2165/2165
f 2127/2127 2128/2128 2166/2166
f 2138/2138 2145/2145 2167/2167
f 2107/2107 2156/2156 2168/2168
f 2092/2092 2169/2169 2156/2156
f 2092/2092 2111/2111 2169/2169
f 2139/2139 2140/2140 2170/2170
f 2147/2147 2149/2149 2171/2171
f 2158/2158 2159/2159 2172/2172
f 2124/2124 2102/2102 2135/2135
f 2145/2145 2155/2155 2167/2167
f 2132/2132 2133/2133 2173/2173
f 2172/2172 2159/2159 2174/2174
f 2159/2159 2152/2152 2174/2174
f 2125/2125 2103/2103 2153/2153
f 2111/2111 2115/2115 2175/2175
f 2114/2114 2099/2099 2151/2151
f 2129/2129 2121/2121 2176/2176
f 2130/2130 2131/2131 2160/2160
f 2133/2133 2122/2122 2173/2173
f 2123/2123 2139/2139 2177/2177
f 2139/2139 2170/2170 2177/2177
f 2060/2060 2010/2010 2178/2178
f 2010/2010 2096/2096 2178/2178
f 2178/2178 2096/2096 2179/2179
f 2142/2142 2148/2148 2180/2180
f 2128/2128 2138/2138 2181/2181
f 2115/2115 2114/2114 2182/2182
f 2114/2114 2151/2151 2182/2182
f 2100/2100 2108/2108 2183/2183
f 2108/2108 2120/2120 2183/2183
f 2160/2160 2131/2131 2184/2184
f 2132/2132 2173/2173 2185/2185
f 2148/2148 2147/2147 2186/2186
f 2147/2147 2171/2171 2187/2187
f 2172/2172 2174/2174 2188/2188
f 2150/2150 2142/2142 2189/2189
f 2142/2142 2180/2180 2189/2189
f 2135/2135 2136/2136 2190/2190
f 2136/2136 2154/2154 2191/2191
f 2143/2143 2144/2144 2192/2192
f 2164/2164 2137/2137 2193/2193
f 2137/2137 2165/2165 2193/2193
f 2103/2103 2107/2107 2153/2153
f 2175/2175 2115/2115 2182/2182
f 2151/2151 2100/2100 2183/2183
f 2183/2183 2120/2120 2194/2194
f 2120/2120 2129/2129 2194/2194
f 2173/2173 2122/2122 2195/2195
f 2095/2095 2060/2060 2178/2178
f 2095/2095 2178/2178 2196/2196
f 2179/2179 2096/2096 2197/2197
f 2096/2096 2161/2161 2197/2197
f 2162/2162 2150/2150 2198/2198
f 2150/2150 2189/2189 2198/2198
f 2152/2152 2163/2163 2199/2199
f 2041/2041 2124/2124 2163/2163
f 2181/2181 2138/2138 2200/2200
f 2138/2138 2167/2167 2200/2200
f 2153/2153 2107/2107 2201/2201
f 2194/2194 2129/2129 2202/2202
f 2129/2129 2176/2176 2202/2202
f 2112/2112 2160/2160 2203/2203
f 2204/2204 2162/2162 2198/2198
f 2174/2174 2152/2152 2199/2199
f 2124/2124 2135/2135 2205/2205
f 2190/2190 2136/2136 2191/2191
f 2144/2144 2106/2106 2206/2206
f 2106/2106 2153/2153 2206/2206
f 2111/2111 2175/2175 2169/2169
f 2157/2157 2112/2112 2207/2207
f 2112/2112 2203/2203 2207/2207
f 2122/2122 2123/2123 2195/2195
f 2186/2186 2147/2147 2208/2208
f 2147/2147 2187/2187 2208/2208
f 2154/2154 2143/2143 2209/2209
f 2144/2144 2206/2206 2192/2192
f 2107/2107 2168/2168 2201/2201
f 2156/2156 2169/2169 2210/2210
f 2195/2195 2123/2123 2211/2211
f 2123/2123 2177/2177 2211/2211
f 2188/2188 2174/2174 2212/2212
f 2174/2174 2199/2199 2212/2212
f 2205/2205 2135/2135 2213/2213
f 2164/2164 2193/2193 2214/2214
f 2166/2166 2128/2128 2215/2215
f 2128/2128 2181/2181 2215/2215
f 2175/2175 2182/2182 2216/2216
f 2217/2217 2218/2218 2219/2219
f 2186/2186 2208/2208 2180/2180
f 2208/2208 2187/2187 2220/2220
f 2187/2187 2221/2221 2220/2220
f 2191/2191 2154/2154 2209/2209
f 2201/2201 2168/2168 2156/2156
f 2156/2156 2210/2210 2222/2222
f 2182/2182 2151/2151 2223/2223
f 2199/2199 2163/2163 2224/2224
f 2201/2201 2156/2156 2222/2222
f 2160/2160 2184/2184 2225/2225
f 2173/2173 2195/2195 2226/2226
f 2135/2135 2190/2190 2213/2213
f 2167/2167 2155/2155 2227/2227
f 2155/2155 2146/2146 2227/2227
f 2216/2216 2182/2182 2228/2228
f 2185/2185 2173/2173 2229/2229
f 2173/2173 2226/2226 2229/2229
f 2220/2220 2221/2221 2230/2230
f 2212/2212 2199/2199 2231/2231
f 2163/2163 2124/2124 2224/2224
f 2213/2213 2190/2190 2232/2232
f 2209/2209 2143/2143 2233/2233
f 2143/2143 2192/2192 2233/2233
f 2192/2192 2206/2206 2234/2234
f 2215/2215 2181/2181 2235/2235
f 2181/2181 2200/2200 2235/2235
f 2227/2227 2146/2146 2236/2236
f 2169/2169 2175/2175 2216/2216
f 2182/2182 2223/2223 2228/2228
f 2183/2183 2194/2194 2237/2237
f 2194/2194 2202/2202 2237/2237
f 2203/2203 2160/2160 2225/2225
f 2225/2225 2184/2184 2238/2238
f 2185/2185 2229/2229 2239/2239
f 2231/2231 2199/2199 2240/2240
f 2224/2224 2124/2124 2241/2241
f 2124/2124 2205/2205 2241/2241
f 2190/2190 2191/2191 2232/2232
f 2206/2206 2153/2153 2234/2234
f 2153/2153 2242/2242 2234/2234
f 2200/2200 2167/2167 2243/2243
f 2153/2153 2201/2201 2244/2244
f 2183/2183 2237/2237 2245/2245
f 2208/2208 2220/2220 2246/2246
f 2220/2220 2230/2230 2246/2246
f 2205/2205 2213/2213 2241/2241
f 2213/2213 2232/2232 2247/2247
f 2166/2166 2215/2215 2248/2248
f 2153/2153 2244/2244 2242/2242
f 2201/2201 2222/2222 2244/2244
f 2223/2223 2151/2151 2249/2249
f 2183/2183 2245/2245 2249/2249
f 2179/2179 2197/2197 2250/2250
f 2198/2198 2189/2189 2251/2251
f 2189/2189 2180/2180 2251/2251
f 2199/2199 2224/2224 2240/2240
f 2191/2191 2209/2209 2232/2232
f 2209/2209 2233/2233 2252/2252
f 2214/2214 2193/2193 2253/2253
f 2253/2253 2193/2193 2254/2254
f 2193/2193 2165/2165 2255/2255
f 2210/2210 2169/2169 2222/2222
f 2202/2202 2176/2176 2256/2256
f 2225/2225 2257/2257 2203/2203
f 2225/2225 2238/2238 2258/2258
f 2225/2225 2258/2258 2257/2257
f 2239/2239 2229/2229 2259/2259
f 2180/2180 2208/2208 2260/2260
f 2208/2208 2246/2246 2260/2260
f 2246/2246 2230/2230 2261/2261
f 2204/2204 2198/2198 2262/2262
f 2262/2262 2198/2198 2263/2263
f 2198/2198 2251/2251 2263/2263
f 2231/2231 2240/2240 2264/2264
f 2209/2209 2265/2265 2232/2232
f 2193/2193 2255/2255 2254/2254
f 2243/2243 2167/2167 2227/2227
f 2222/2222 2169/2169 2266/2266
f 2228/2228 2223/2223 2267/2267
f 2226/2226 2195/2195 2268/2268
f 2195/2195 2211/2211 2269/2269
f 2195/2195 2269/2269 2268/2268
f 2211/2211 2177/2177 2269/2269
f 2209/2209 2252/2252 2265/2265
f 2216/2216 2228/2228 2270/2270
f 2271/2271 2257/2257 2258/2258
f 2180/2180 2260/2260 2251/2251
f 2233/2233 2192/2192 2272/2272
f 2272/2272 2192/2192 2234/2234
f 2266/2266 2169/2169 2216/2216
f 2207/2207 2203/2203 2273/2273
f 2259/2259 2229/2229 2274/2274
f 2178/2178 2179/2179 2275/2275
f 2178/2178 2275/2275 2276/2276
f 2179/2179 2250/2250 2275/2275
f 2248/2248 2215/2215 2277/2277
f 2215/2215 2235/2235 2277/2277
f 2200/2200 2243/2243 2235/2235
f 2228/2228 2267/2267 2270/2270
f 2237/2237 2202/2202 2278/2278
f 2237/2237 2278/2278 2279/2279
f 2202/2202 2256/2256 2278/2278
f 2257/2257 2271/2271 2280/2280
f 2280/2280 2271/2271 2281/2281
f 2274/2274 2229/2229 2282/2282
f 2196/2196 2178/2178 2276/2276
f 2224/2224 2241/2241 2283/2283
f 2241/2241 2284/2284 2283/2283
f 2265/2265 2252/2252 2285/2285
f 2242/2242 2244/2244 2286/2286
f 2266/2266 2216/2216 2270/2270
f 2282/2282 2229/2229 2287/2287
f 2196/2196 2276/2276 2288/2288
f 2251/2251 2260/2260 2289/2289
f 2251/2251 2289/2289 2290/2290
f 2260/2260 2246/2246 2291/2291
f 2260/2260 2291/2291 2289/2289
f 2246/2246 2261/2261 2291/2291
f 2291/2291 2261/2261 2292/2292
f 2264/2264 2240/2240 2293/2293
f 2241/2241 2294/2294 2284/2284
f 2241/2241 2213/2213 2294/2294
f 2247/2247 2232/2232 2295/2295
f 2232/2232 2265/2265 2285/2285
f 2233/2233 2272/2272 2252/2252
f 2234/2234 2242/2242 2296/2296
f 2223/2223 2249/2249 2267/2267
f 2245/2245 2237/2237 2279/2279
f 2203/2203 2257/2257 2280/2280
f 2229/2229 2226/2226 2297/2297
f 2226/2226 2268/2268 2297/2297
f 2269/2269 2177/2177 2298/2298
f 2177/2177 2170/2170 2298/2298
f 2263/2263 2251/2251 2290/2290
f 2295/2295 2232/2232 2285/2285
f 2272/2272 2234/2234 2299/2299
f 2299/2299 2234/2234 2296/2296
f 2235/2235 2243/2243 2300/2300
f 2243/2243 2227/2227 2301/2301
f 2242/2242 2286/2286 2296/2296
f 2244/2244 2222/2222 2266/2266
f 2244/2244 2266/2266 2286/2286
f 2203/2203 2280/2280 2302/2302
f 2298/2298 2170/2170 2303/2303
f 2213/2213 2247/2247 2294/2294
f 2301/2301 2227/2227 2304/2304
f 2227/2227 2236/2236 2304/2304
f 2273/2273 2203/2203 2305/2305
f 2203/2203 2302/2302 2305/2305
f 2229/2229 2297/2297 2306/2306
f 2291/2291 2292/2292 2307/2307
f 2293/2293 2240/2240 2308/2308
f 2308/2308 2240/2240 2309/2309
f 2285/2285 2252/2252 2310/2310
f 2253/2253 2254/2254 2311/2311
f 2254/2254 2255/2255 2312/2312
f 2277/2277 2235/2235 2300/2300
f 2243/2243 2301/2301 2313/2313
f 2286/2286 2266/2266 2314/2314
f 2245/2245 2279/2279 2315/2315
f 2279/2279 2278/2278 2315/2315
f 2278/2278 2256/2256 2316/2316
f 2280/2280 2317/2317 2302/2302
f 2287/2287 2229/2229 2306/2306
f 2275/2275 2250/2250 2318/2318
f 2290/2290 2289/2289 2319/2319
f 2263/2263 2290/2290 2320/2320
f 2320/2320 2290/2290 2321/2321
f 2253/2253 2311/2311 2322/2322
f 2254/2254 2312/2312 2311/2311
f 2300/2300 2243/2243 2313/2313
f 2266/2266 2270/2270 2323/2323
f 2266/2266 2323/2323 2324/2324
f 2315/2315 2278/2278 2325/2325
f 2278/2278 2316/2316 2325/2325
f 2262/2262 2263/2263 2326/2326
f 2240/2240 2224/2224 2309/2309
f 2284/2284 2294/2294 2327/2327
f 2294/2294 2247/2247 2328/2328
f 2299/2299 2296/2296 2329/2329
f 2248/2248 2277/2277 2330/2330
f 2277/2277 2300/2300 2330/2330
f 2323/2323 2270/2270 2331/2331
f 2309/2309 2224/2224 2283/2283
f 2328/2328 2247/2247 2295/2295
f 2272/2272 2299/2299 2332/2332
f 2296/2296 2286/2286 2329/2329
f 2266/2266 2324/2324 2314/2314
f 2249/2249 2245/2245 2333/2333
f 2245/2245 2315/2315 2333/2333
f 2325/2325 2316/2316 2334/2334
f 2319/2319 2289/2289 2335/2335
f 2289/2289 2291/2291 2335/2335
f 2295/2295 2285/2285 2310/2310
f 2310/2310 2252/2252 2336/2336
f 2252/2252 2272/2272 2332/2332
f 2337/2337 2322/2322 2311/2311
f 2312/2312 2255/2255 2338/2338
f 2248/2248 2330/2330 2339/2339
f 2286/2286 2314/2314 2340/2340
f 2314/2314 2324/2324 2341/2341
f 2270/2270 2267/2267 2342/2342
f 2335/2335 2291/2291 2343/2343
f 2291/2291 2307/2307 2344/2344
f 2291/2291 2344/2344 2343/2343
f 2326/2326 2263/2263 2345/2345
f 2263/2263 2320/2320 2345/2345
f 2308/2308 2309/2309 2346/2346
f 2309/2309 2283/2283 2347/2347
f 2283/2283 2284/2284 2348/2348
f 2252/2252 2332/2332 2336/2336
f 2341/2341 2324/2324 2323/2323
f 2267/2267 2249/2249 2333/2333
f 2267/2267 2333/2333 2342/2342
f 2297/2297 2268/2268 2349/2349
f 2268/2268 2269/2269 2349/2349
f 2288/2288 2276/2276 2350/2350
f 2294/2294 2328/2328 2327/2327
f 2328/2328 2295/2295 2351/2351
f 2295/2295 2310/2310 2352/2352
f 2270/2270 2342/2342 2331/2331
f 2287/2287 2306/2306 2353/2353
f 2288/2288 2350/2350 2354/2354
f 2276/2276 2275/2275 2350/2350
f 2329/2329 2286/2286 2340/2340
f 2340/2340 2314/2314 2355/2355
f 2333/2333 2315/2315 2356/2356
f 2351/2351 2295/2295 2352/2352
f 2310/2310 2357/2357 2352/2352
f 2310/2310 2336/2336 2357/2357
f 2358/2358 2337/2337 2359/2359
f 2337/2337 2311/2311 2359/2359
f 2311/2311 2312/2312 2359/2359
f 2300/2300 2313/2313 2360/2360
f 2313/2313 2301/2301 2361/2361
f 2302/2302 2317/2317 2362/2362
f 2326/2326 2345/2345 2363/2363
f 2345/2345 2320/2320 2363/2363
f 2322/2322 2337/2337 2364/2364
f 2337/2337 2358/2358 2364/2364
f 2330/2330 2300/2300 2360/2360
f 2360/2360 2313/2313 2361/2361
f 2301/2301 2304/2304 2365/2365
f 2319/2319 2335/2335 2366/2366
f 2343/2343 2344/2344 2367/2367
f 2363/2363 2320/2320 2368/2368
f 2320/2320 2321/2321 2368/2368
f 2346/2346 2309/2309 2369/2369
f 2369/2369 2309/2309 2370/2370
f 2309/2309 2347/2347 2370/2370
f 2283/2283 2348/2348 2347/2347
f 2332/2332 2299/2299 2371/2371
f 2299/2299 2329/2329 2371/2371
f 2339/2339 2330/2330 2372/2372
f 2330/2330 2360/2360 2372/2372
f 2314/2314 2341/2341 2355/2355
f 2341/2341 2323/2323 2373/2373
f 2315/2315 2325/2325 2374/2374
f 2325/2325 2334/2334 2374/2374
f 2273/2273 2305/2305 2375/2375
f 2305/2305 2302/2302 2375/2375
f 2302/2302 2362/2362 2375/2375
f 2269/2269 2298/2298 2376/2376
f 2298/2298 2303/2303 2376/2376
f 2275/2275 2318/2318 2377/2377
f 2326/2326 2363/2363 2378/2378
f 2368/2368 2321/2321 2366/2366
f 2365/2365 2304/2304 2379/2379
f 2315/2315 2374/2374 2356/2356
f 2335/2335 2343/2343 2380/2380
f 2343/2343 2367/2367 2380/2380
f 2284/2284 2327/2327 2348/2348
f 2336/2336 2381/2381 2357/2357
f 2359/2359 2312/2312 2382/2382
f 2312/2312 2338/2338 2382/2382
f 2361/2361 2301/2301 2365/2365
f 2341/2341 2373/2373 2355/2355
f 2355/2355 2373/2373 2383/2383
f 2362/2362 2317/2317 2384/2384
f 2287/2287 2353/2353 2385/2385
f 2381/2381 2336/2336 2332/2332
f 2382/2382 2338/2338 2386/2386
f 2339/2339 2372/2372 2387/2387
f 2323/2323 2331/2331 2373/2373
f 2353/2353 2306/2306 2388/2388
f 2306/2306 2297/2297 2388/2388
f 2297/2297 2349/2349 2388/2388
f 2349/2349 2269/2269 2389/2389
f 2269/2269 2376/2376 2389/2389
f 2376/2376 2303/2303 2390/2390
f 2350/2350 2275/2275 2377/2377
f 2371/2371 2329/2329 2391/2391
f 2356/2356 2374/2374 2392/2392
f 2374/2374 2334/2334 2393/2393
f 2374/2374 2393/2393 2392/2392
f 2366/2366 2335/2335 2394/2394
f 2335/2335 2380/2380 2394/2394
f 2352/2352 2357/2357 2395/2395
f 2395/2395 2357/2357 2396/2396
f 2357/2357 2381/2381 2397/2397
f 2381/2381 2332/2332 2371/2371
f 2329/2329 2340/2340 2391/2391
f 2340/2340 2355/2355 2398/2398
f 2385/2385 2353/2353 2399/2399
f 2353/2353 2388/2388 2399/2399
f 2366/2366 2394/2394 2400/2400
f 2380/2380 2367/2367 2401/2401
f 2378/2378 2363/2363 2402/2402
f 2363/2363 2368/2368 2402/2402
f 2402/2402 2368/2368 2403/2403
f 2368/2368 2366/2366 2403/2403
f 2369/2369 2370/2370 2404/2404
f 2370/2370 2347/2347 2405/2405
f 2347/2347 2348/2348 2405/2405
f 2327/2327 2328/2328 2406/2406
f 2357/2357 2397/2397 2396/2396
f 2371/2371 2407/2407 2381/2381
f 2361/2361 2365/2365 2408/2408
f 2340/2340 2398/2398 2391/2391
f 2331/2331 2342/2342 2373/2373
f 2375/2375 2409/2409 2410/2410
f 2388/2388 2349/2349 2389/2389
f 2354/2354 2350/2350 2411/2411
f 2327/2327 2406/2406 2348/2348
f 2328/2328 2351/2351 2406/2406
f 2352/2352 2395/2395 2351/2351
f 2407/2407 2371/2371 2391/2391
f 2333/2333 2356/2356 2412/2412
f 2375/2375 2362/2362 2413/2413
f 2362/2362 2384/2384 2413/2413
f 2411/2411 2350/2350 2414/2414
f 2380/2380 2401/2401 2394/2394
f 2360/2360 2361/2361 2408/2408
f 2398/2398 2355/2355 2415/2415
f 2375/2375 2413/2413 2409/2409
f 2350/2350 2377/2377 2416/2416
f 2400/2400 2394/2394 2417/2417
f 2378/2378 2402/2402 2418/2418
f 2403/2403 2366/2366 2400/2400
f 2370/2370 2405/2405 2419/2419
f 2405/2405 2348/2348 2406/2406
f 2397/2397 2381/2381 2420/2420
f 2407/2407 2391/2391 2421/2421
f 2373/2373 2342/2342 2422/2422
f 2342/2342 2333/2333 2422/2422
f 2409/2409 2413/2413 2423/2423
f 2388/2388 2389/2389 2424/2424
f 2414/2414 2350/2350 2416/2416
f 2416/2416 2377/2377 2425/2425
f 2404/2404 2370/2370 2419/2419
f 2426/2426 2351/2351 2395/2395
f 2381/2381 2427/2427 2420/2420
f 2381/2381 2407/2407 2427/2427
f 2428/2428 2364/2364 2429/2429
f 2364/2364 2358/2358 2429/2429
f 2358/2358 2359/2359 2430/2430
f 2359/2359 2382/2382 2430/2430
f 2408/2408 2365/2365 2431/2431
f 2372/2372 2360/2360 2432/2432
f 2360/2360 2408/2408 2432/2432
f 2365/2365 2379/2379 2431/2431
f 2383/2383 2373/2373 2433/2433
f 2373/2373 2434/2434 2433/2433
f 2434/2434 2373/2373 2422/2422
f 2356/2356 2392/2392 2412/2412
f 2394/2394 2401/2401 2435/2435
f 2403/2403 2400/2400 2417/2417
f 2404/2404 2419/2419 2436/2436
f 2351/2351 2426/2426 2406/2406
f 2427/2427 2407/2407 2421/2421
f 2358/2358 2430/2430 2429/2429
f 2431/2431 2379/2379 2437/2437
f 2415/2415 2355/2355 2438/2438
f 2355/2355 2383/2383 2438/2438
f 2333/2333 2412/2412 2422/2422
f 2412/2412 2392/2392 2439/2439
f 2410/2410 2409/2409 2440/2440
f 2392/2392 2393/2393 2439/2439
f 2417/2417 2394/2394 2441/2441
f 2394/2394 2435/2435 2441/2441
f 2395/2395 2442/2442 2443/2443
f 2395/2395 2396/2396 2442/2442
f 2444/2444 2445/2445 2446/2446
f 2447/2447 2448/2448 2445/2445
f 2391/2391 2449/2449 2421/2421
f 2391/2391 2398/2398 2449/2449
f 2413/2413 2384/2384 2423/2423
f 2389/2389 2376/2376 2450/2450
f 2426/2426 2395/2395 2451/2451
f 2396/2396 2452/2452 2442/2442
f 2396/2396 2397/2397 2452/2452
f 2398/2398 2415/2415 2453/2453
f 2434/2434 2422/2422 2454/2454
f 2412/2412 2439/2439 2455/2455
f 2456/2456 2457/2457 2458/2458
f 2409/2409 2423/2423 2440/2440
f 2459/2459 2460/2460 2444/2444
f 2383/2383 2433/2433 2438/2438
f 2422/2422 2412/2412 2461/2461
f 2458/2458 2457/2457 2462/2462
f 2385/2385 2399/2399 2463/2463
f 2399/2399 2388/2388 2463/2463
f 2450/2450 2376/2376 2464/2464
f 2376/2376 2390/2390 2464/2464
f 2417/2417 2441/2441 2465/2465
f 2418/2418 2402/2402 2466/2466
f 2402/2402 2403/2403 2466/2466
f 2451/2451 2395/2395 2443/2443
f 2429/2429 2430/2430 2467/2467
f 2372/2372 2432/2432 2468/2468
f 2449/2449 2398/2398 2453/2453
f 2453/2453 2415/2415 2469/2469
f 2461/2461 2412/2412 2470/2470
f 2412/2412 2455/2455 2470/2470
f 2388/2388 2424/2424 2463/2463
f 2424/2424 2389/2389 2450/2450
f 2436/2436 2419/2419 2471/2471
f 2405/2405 2406/2406 2472/2472
f 2406/2406 2426/2426 2472/2472
f 2442/2442 2452/2452 2473/2473
f 2430/2430 2382/2382 2474/2474
f 2382/2382 2386/2386 2474/2474
f 2408/2408 2431/2431 2475/2475
f 2387/2387 2372/2372 2476/2476
f 2372/2372 2468/2468 2476/2476
f 2469/2469 2415/2415 2438/2438
f 2423/2423 2384/2384 2477/2477
f 2385/2385 2463/2463 2478/2478
f 2464/2464 2390/2390 2479/2479
f 2441/2441 2435/2435 2480/2480
f 2403/2403 2417/2417 2465/2465
f 2436/2436 2471/2471 2481/2481
f 2419/2419 2405/2405 2471/2471
f 2397/2397 2420/2420 2452/2452
f 2428/2428 2429/2429 2467/2467
f 2428/2428 2467/2467 2482/2482
f 2467/2467 2430/2430 2483/2483
f 2421/2421 2449/2449 2484/2484
f 2433/2433 2434/2434 2485/2485
f 2486/2486 2487/2487 2488/2488
f 2463/2463 2424/2424 2450/2450
f 2466/2466 2403/2403 2489/2489
f 2403/2403 2465/2465 2489/2489
f 2475/2475 2431/2431 2490/2490
f 2438/2438 2433/2433 2491/2491
f 2434/2434 2454/2454 2485/2485
f 2458/2458 2462/2462 2492/2492
f 2405/2405 2472/2472 2493/2493
f 2426/2426 2451/2451 2472/2472
f 2442/2442 2473/2473 2443/2443
f 2430/2430 2474/2474 2483/2483
f 2387/2387 2476/2476 2494/2494
f 2431/2431 2437/2437 2490/2490
f 2484/2484 2449/2449 2453/2453
f 2433/2433 2485/2485 2491/2491
f 2410/2410 2440/2440 2495/2495
f 2465/2465 2441/2441 2496/2496
f 2441/2441 2480/2480 2496/2496
f 2418/2418 2466/2466 2497/2497
f 2427/2427 2421/2421 2484/2484
f 2422/2422 2498/2498 2499/2499
f 2422/2422 2461/2461 2498/2498
f 2470/2470 2455/2455 2500/2500
f 2455/2455 2501/2501 2500/2500
f 2414/2414 2416/2416 2502/2502
f 2416/2416 2425/2425 2502/2502
f 2465/2465 2503/2503 2504/2504
f 2465/2465 2496/2496 2503/2503
f 2489/2489 2465/2465 2504/2504
f 2475/2475 2490/2490 2468/2468
f 2490/2490 2437/2437 2505/2505
f 2485/2485 2454/2454 2499/2499
f 2423/2423 2506/2506 2440/2440
f 2411/2411 2414/2414 2507/2507
f 2497/2497 2466/2466 2508/2508
f 2466/2466 2489/2489 2508/2508
f 2471/2471 2405/2405 2509/2509
f 2405/2405 2493/2493 2509/2509
f 2467/2467 2483/2483 2510/2510
f 2490/2490 2505/2505 2511/2511
f 2438/2438 2491/2491 2512/2512
f 2461/2461 2470/2470 2513/2513
f 2470/2470 2500/2500 2513/2513
f 2506/2506 2423/2423 2514/2514
f 2423/2423 2477/2477 2514/2514
f 2463/2463 2450/2450 2515/2515
f 2450/2450 2464/2464 2515/2515
f 2515/2515 2464/2464 2516/2516
f 2464/2464 2479/2479 2516/2516
f 2496/2496 2480/2480 2517/2517
f 2508/2508 2489/2489 2518/2518
f 2489/2489 2504/2504 2518/2518
f 2481/2481 2471/2471 2519/2519
f 2519/2519 2471/2471 2520/2520
f 2471/2471 2509/2509 2520/2520
f 2443/2443 2473/2473 2521/2521
f 2473/2473 2452/2452 2522/2522
f 2482/2482 2467/2467 2523/2523
f 2467/2467 2510/2510 2523/2523
f 2483/2483 2474/2474 2524/2524
f 2494/2494 2476/2476 2525/2525
f 2525/2525 2476/2476 2526/2526
f 2476/2476 2468/2468 2527/2527
f 2476/2476 2527/2527 2526/2526
f 2440/2440 2506/2506 2528/2528
f 2478/2478 2463/2463 2529/2529
f 2414/2414 2502/2502 2530/2530
f 2502/2502 2531/2531 2530/2530
f 2497/2497 2508/2508 2532/2532
f 2503/2503 2496/2496 2533/2533
f 2496/2496 2517/2517 2533/2533
f 2452/2452 2420/2420 2522/2522
f 2420/2420 2534/2534 2522/2522
f 2420/2420 2427/2427 2534/2534
f 2427/2427 2484/2484 2535/2535
f 2427/2427 2535/2535 2534/2534
f 2510/2510 2483/2483 2524/2524
f 2524/2524 2474/2474 2536/2536
f 2468/2468 2490/2490 2527/2527
f 2505/2505 2537/2537 2511/2511
f 2511/2511 2537/2537 2538/2538
f 2491/2491 2485/2485 2499/2499
f 2500/2500 2501/2501 2539/2539
f 2514/2514 2477/2477 2540/2540
f 2478/2478 2529/2529 2541/2541
f 2463/2463 2515/2515 2529/2529
f 2516/2516 2479/2479 2542/2542
f 2507/2507 2414/2414 2543/2543
f 2543/2543 2414/2414 2530/2530
f 2504/2504 2503/2503 2544/2544
f 2503/2503 2533/2533 2544/2544
f 2545/2545 2519/2519 2546/2546
f 2519/2519 2520/2520 2546/2546
f 2509/2509 2493/2493 2547/2547
f 2451/2451 2443/2443 2521/2521
f 2521/2521 2473/2473 2522/2522
f 2526/2526 2527/2527 2548/2548
f 2484/2484 2453/2453 2549/2549
f 2438/2438 2512/2512 2469/2469
f 2550/2550 2551/2551 2552/2552
f 2513/2513 2500/2500 2553/2553
f 2500/2500 2539/2539 2553/2553
f 2528/2528 2506/2506 2514/2514
f 2543/2543 2530/2530 2554/2554
f 2530/2530 2531/2531 2555/2555
f 2530/2530 2555/2555 2554/2554
f 2532/2532 2508/2508 2556/2556
f 2532/2532 2556/2556 2557/2557
f 2518/2518 2504/2504 2558/2558
f 2504/2504 2544/2544 2558/2558
f 2508/2508 2518/2518 2556/2556
f 2493/2493 2472/2472 2547/2547
f 2472/2472 2451/2451 2559/2559
f 2451/2451 2521/2521 2559/2559
f 2535/2535 2484/2484 2549/2549
f 2549/2549 2453/2453 2560/2560
f 2453/2453 2469/2469 2560/2560
f 2561/2561 2512/2512 2562/2562
f 2512/2512 2491/2491 2562/2562
f 2562/2562 2491/2491 2499/2499
f 2507/2507 2543/2543 2563/2563
f 2554/2554 2555/2555 2564/2564
f 2557/2557 2558/2558 2565/2565
f 2558/2558 2544/2544 2566/2566
f 2546/2546 2520/2520 2509/2509
f 2472/2472 2559/2559 2547/2547
f 2559/2559 2521/2521 2567/2567
f 2522/2522 2534/2534 2568/2568
f 2510/2510 2524/2524 2569/2569
f 2525/2525 2526/2526 2570/2570
f 2560/2560 2469/2469 2571/2571
f 2571/2571 2469/2469 2561/2561
f 2469/2469 2512/2512 2561/2561
f 2562/2562 2499/2499 2572/2572
f 2498/2498 2461/2461 2499/2499
f 2495/2495 2440/2440 2573/2573
f 2495/2495 2573/2573 2574/2574
f 2440/2440 2528/2528 2573/2573
f 2529/2529 2515/2515 2575/2575
f 2515/2515 2516/2516 2575/2575
f 2563/2563 2543/2543 2576/2576
f 2576/2576 2543/2543 2577/2577
f 2543/2543 2554/2554 2577/2577
f 2554/2554 2578/2578 2577/2577
f 2579/2579 2565/2565 2580/2580
f 2579/2579 2580/2580 2581/2581
f 2565/2565 2558/2558 2580/2580
f 2580/2580 2558/2558 2582/2582
f 2558/2558 2566/2566 2582/2582
f 2546/2546 2509/2509 2583/2583
f 2509/2509 2547/2547 2583/2583
f 2521/2521 2522/2522 2567/2567
f 2523/2523 2510/2510 2584/2584
f 2510/2510 2569/2569 2584/2584
f 2524/2524 2536/2536 2569/2569
f 2536/2536 2585/2585 2569/2569
f 2527/2527 2490/2490 2586/2586
f 2526/2526 2548/2548 2570/2570
f 2499/2499 2461/2461 2587/2587
f 2461/2461 2513/2513 2588/2588
f 2461/2461 2588/2588 2587/2587
f 2513/2513 2553/2553 2588/2588
f 2528/2528 2514/2514 2589/2589
f 2514/2514 2540/2540 2589/2589
f 2541/2541 2529/2529 2590/2590
f 2591/2591 2592/2592 2593/2593
f 2591/2591 2593/2593 2594/2594
f 2592/2592 2595/2595 2593/2593
f 2593/2593 2595/2595 2596/2596
f 2595/2595 2597/2597 2596/2596
f 2596/2596 2597/2597 2598/2598
f 2597/2597 2599/2599 2598/2598
f 2599/2599 2600/2600 2598/2598
f 2563/2563 2576/2576 2601/2601
f 2602/2602 2603/2603 2604/2604
f 2602/2602 2594/2594 2603/2603
f 2594/2594 2605/2605 2603/2603
f 2594/2594 2593/2593 2605/2605
f 2605/2605 2593/2593 2606/2606
f 2606/2606 2593/2593 2607/2607
f 2593/2593 2596/2596 2607/2607
f 2607/2607 2596/2596 2608/2608
f 2596/2596 2598/2598 2609/2609
f 2596/2596 2609/2609 2608/2608
f 2598/2598 2610/2610 2609/2609
f 2598/2598 2600/2600 2610/2610
f 2600/2600 2611/2611 2610/2610
f 2601/2601 2576/2576 2612/2612
f 2600/2600 2613/2613 2611/2611
f 2611/2611 2613/2613 2614/2614
f 2607/2607 2615/2615 2606/2606
f 2607/2607 2608/2608 2615/2615
f 2608/2608 2609/2609 2616/2616
f 2616/2616 2609/2609 2610/2610
f 2576/2576 2577/2577 2612/2612
f 2581/2581 2580/2580 2617/2617
f 2581/2581 2617/2617 2618/2618
f 2580/2580 2582/2582 2617/2617
f 2617/2617 2582/2582 2618/2618
f 2547/2547 2559/2559 2619/2619
f 2568/2568 2534/2534 2620/2620
f 2620/2620 2534/2534 2621/2621
f 2534/2534 2535/2535 2621/2621
f 2548/2548 2527/2527 2622/2622
f 2527/2527 2586/2586 2622/2622
f 2490/2490 2511/2511 2586/2586
f 2511/2511 2538/2538 2623/2623
f 2570/2570 2548/2548 2622/2622
f 2570/2570 2622/2622 2624/2624
f 2625/2625 2560/2560 2571/2571
f 2572/2572 2499/2499 2587/2587
f 2588/2588 2553/2553 2626/2626
f 2574/2574 2573/2573 2627/2627
f 2627/2627 2573/2573 2628/2628
f 2553/2553 2539/2539 2626/2626
f 2573/2573 2528/2528 2629/2629
f 2573/2573 2629/2629 2628/2628
f 2528/2528 2630/2630 2629/2629
f 2631/2631 2632/2632 2633/2633
f 2632/2632 2634/2634 2633/2633
f 2633/2633 2634/2634 2635/2635
f 2634/2634 2636/2636 2635/2635
f 2635/2635 2636/2636 2637/2637
f 2636/2636 2638/2638 2637/2637
f 2638/2638 2639/2639 2637/2637
f 2638/2638 2640/2640 2639/2639
f 2640/2640 2641/2641 2639/2639
f 2640/2640 2642/2642 2641/2641
f 2642/2642 2643/2643 2641/2641
f 2642/2642 2644/2644 2643/2643
f 2644/2644 2645/2645 2646/2646
f 2644/2644 2646/2646 2643/2643
f 2528/2528 2589/2589 2630/2630
f 2630/2630 2589/2589 2647/2647
f 2648/2648 2649/2649 2650/2650
f 2648/2648 2651/2651 2649/2649
f 2649/2649 2651/2651 2652/2652
f 2651/2651 2631/2631 2652/2652
f 2631/2631 2653/2653 2652/2652
f 2631/2631 2633/2633 2653/2653
f 2653/2653 2633/2633 2654/2654
f 2633/2633 2635/2635 2654/2654
f 2635/2635 2655/2655 2654/2654
f 2635/2635 2637/2637 2655/2655
f 2637/2637 2639/2639 2655/2655
f 2655/2655 2639/2639 2656/2656
f 2639/2639 2641/2641 2656/2656
f 2641/2641 2643/2643 2656/2656
f 2643/2643 2646/2646 2656/2656
f 2656/2656 2646/2646 2657/2657
f 2657/2657 2646/2646 2658/2658
f 2646/2646 2659/2659 2658/2658
f 2647/2647 2589/2589 2660/2660
f 2661/2661 2647/2647 2660/2660
f 2652/2652 2662/2662 2649/2649
f 2652/2652 2653/2653 2662/2662
f 2653/2653 2663/2663 2662/2662
f 2653/2653 2654/2654 2663/2663
f 2654/2654 2664/2664 2663/2663
f 2654/2654 2655/2655 2664/2664
f 2655/2655 2656/2656 2664/2664
f 2664/2664 2656/2656 2665/2665
f 2656/2656 2666/2666 2665/2665
f 2656/2656 2657/2657 2666/2666
f 2589/2589 2540/2540 2660/2660
f 2660/2660 2540/2540 2667/2667
f 2661/2661 2660/2660 2667/2667
f 2541/2541 2590/2590 2668/2668
f 2669/2669 2670/2670 2671/2671
f 2670/2670 2672/2672 2671/2671
f 2670/2670 2673/2673 2672/2672
f 2673/2673 2674/2674 2672/2672
f 2673/2673 2675/2675 2674/2674
f 2675/2675 2676/2676 2674/2674
f 2675/2675 2677/2677 2676/2676
f 2675/2675 2678/2678 2677/2677
f 2677/2677 2678/2678 2602/2602
f 2678/2678 2679/2679 2602/2602
f 2679/2679 2680/2680 2591/2591
f 2679/2679 2591/2591 2602/2602
f 2681/2681 2682/2682 2683/2683
f 2683/2683 2682/2682 2684/2684
f 2563/2563 2601/2601 2685/2685
f 2686/2686 2684/2684 2682/2682
f 2669/2669 2671/2671 2687/2687
f 2687/2687 2671/2671 2688/2688
f 2671/2671 2672/2672 2688/2688
f 2688/2688 2672/2672 2689/2689
f 2672/2672 2674/2674 2689/2689
f 2689/2689 2674/2674 2690/2690
f 2674/2674 2676/2676 2690/2690
f 2690/2690 2676/2676 2691/2691
f 2676/2676 2692/2692 2691/2691
f 2692/2692 2676/2676 2693/2693
f 2676/2676 2677/2677 2693/2693
f 2677/2677 2604/2604 2693/2693
f 2669/2669 2687/2687 2694/2694
f 2694/2694 2687/2687 2695/2695
f 2695/2695 2687/2687 2696/2696
f 2687/2687 2688/2688 2696/2696
f 2688/2688 2697/2697 2696/2696
f 2697/2697 2688/2688 2689/2689
f 2689/2689 2690/2690 2698/2698
f 2690/2690 2691/2691 2699/2699
f 2604/2604 2700/2700 2693/2693
f 2604/2604 2603/2603 2700/2700
f 2605/2605 2606/2606 2701/2701
f 2610/2610 2611/2611 2702/2702
f 2611/2611 2703/2703 2702/2702
f 2611/2611 2614/2614 2704/2704
f 2612/2612 2577/2577 2705/2705
f 2611/2611 2704/2704 2703/2703
f 2689/2689 2698/2698 2697/2697
f 2698/2698 2690/2690 2706/2706
f 2706/2706 2690/2690 2699/2699
f 2691/2691 2707/2707 2699/2699
f 2691/2691 2692/2692 2707/2707
f 2692/2692 2708/2708 2707/2707
f 2692/2692 2693/2693 2708/2708
f 2693/2693 2700/2700 2708/2708
f 2700/2700 2603/2603 2709/2709
f 2710/2710 2603/2603 2605/2605
f 2701/2701 2606/2606 2711/2711
f 2606/2606 2615/2615 2711/2711
f 2615/2615 2712/2712 2711/2711
f 2615/2615 2608/2608 2616/2616
f 2615/2615 2616/2616 2713/2713
f 2610/2610 2714/2714 2616/2616
f 2610/2610 2715/2715 2714/2714
f 2610/2610 2702/2702 2715/2715
f 2702/2702 2703/2703 2715/2715
f 2705/2705 2577/2577 2716/2716
f 2703/2703 2704/2704 2717/2717
f 2694/2694 2695/2695 2718/2718
f 2718/2718 2695/2695 2719/2719
f 2695/2695 2696/2696 2719/2719
f 2696/2696 2697/2697 2720/2720
f 2696/2696 2720/2720 2719/2719
f 2697/2697 2698/2698 2720/2720
f 2699/2699 2707/2707 2721/2721
f 2708/2708 2700/2700 2722/2722
f 2722/2722 2700/2700 2709/2709
f 2709/2709 2603/2603 2710/2710
f 2710/2710 2605/2605 2723/2723
f 2605/2605 2701/2701 2723/2723
f 2724/2724 2701/2701 2711/2711
f 2615/2615 2713/2713 2712/2712
f 2616/2616 2714/2714 2713/2713
f 2715/2715 2725/2725 2714/2714
f 2715/2715 2703/2703 2725/2725
f 2577/2577 2578/2578 2716/2716
f 2703/2703 2717/2717 2725/2725
f 2718/2718 2719/2719 2726/2726
f 2726/2726 2719/2719 2727/2727
f 2719/2719 2720/2720 2727/2727
f 2720/2720 2728/2728 2727/2727
f 2720/2720 2698/2698 2728/2728
f 2698/2698 2729/2729 2728/2728
f 2729/2729 2698/2698 2706/2706
f 2706/2706 2699/2699 2730/2730
f 2699/2699 2731/2731 2730/2730
f 2699/2699 2721/2721 2731/2731
f 2731/2731 2721/2721 2732/2732
f 2721/2721 2707/2707 2732/2732
f 2707/2707 2708/2708 2733/2733
f 2707/2707 2733/2733 2732/2732
f 2701/2701 2724/2724 2723/2723
f 2711/2711 2712/2712 2734/2734
f 2711/2711 2734/2734 2724/2724
f 2712/2712 2713/2713 2734/2734
f 2734/2734 2713/2713 2735/2735
f 2713/2713 2714/2714 2735/2735
f 2735/2735 2714/2714 2736/2736
f 2714/2714 2725/2725 2736/2736
f 2736/2736 2725/2725 2737/2737
f 2737/2737 2725/2725 2738/2738
f 2578/2578 2739/2739 2740/2740
f 2578/2578 2740/2740 2716/2716
f 2725/2725 2717/2717 2738/2738
f 2738/2738 2717/2717 2741/2741
f 2582/2582 2566/2566 2742/2742
f 2566/2566 2544/2544 2743/2743
f 2566/2566 2743/2743 2742/2742
f 2544/2544 2533/2533 2743/2743
f 2545/2545 2546/2546 2744/2744
f 2726/2726 2727/2727 2745/2745
f 2727/2727 2728/2728 2745/2745
f 2708/2708 2746/2746 2733/2733
f 2708/2708 2722/2722 2746/2746
f 2722/2722 2709/2709 2746/2746
f 2746/2746 2709/2709 2747/2747
f 2709/2709 2710/2710 2747/2747
f 2710/2710 2723/2723 2747/2747
f 2747/2747 2723/2723 2748/2748
f 2723/2723 2724/2724 2748/2748
f 2724/2724 2749/2749 2748/2748
f 2724/2724 2734/2734 2749/2749
f 2749/2749 2734/2734 2750/2750
f 2750/2750 2734/2734 2751/2751
f 2734/2734 2735/2735 2751/2751
f 2751/2751 2735/2735 2752/2752
f 2735/2735 2736/2736 2752/2752
f 2618/2618 2582/2582 2742/2742
f 2546/2546 2583/2583 2744/2744
f 2583/2583 2547/2547 2753/2753
f 2547/2547 2619/2619 2753/2753
f 2559/2559 2567/2567 2619/2619
f 2567/2567 2522/2522 2754/2754
f 2522/2522 2568/2568 2754/2754
f 2755/2755 2756/2756 2757/2757
f 2757/2757 2756/2756 2758/2758
f 2584/2584 2569/2569 2759/2759
f 2759/2759 2569/2569 2760/2760
f 2569/2569 2585/2585 2760/2760
f 2761/2761 2570/2570 2624/2624
f 2622/2622 2586/2586 2762/2762
f 2586/2586 2511/2511 2763/2763
f 2511/2511 2623/2623 2763/2763
f 2621/2621 2535/2535 2625/2625
f 2535/2535 2549/2549 2625/2625
f 2549/2549 2560/2560 2625/2625
f 2561/2561 2764/2764 2571/2571
f 2561/2561 2562/2562 2764/2764
f 2562/2562 2572/2572 2765/2765
f 2587/2587 2588/2588 2766/2766
f 2767/2767 2768/2768 2769/2769
f 2768/2768 2770/2770 2769/2769
f 2769/2769 2770/2770 2771/2771
f 2770/2770 2772/2772 2771/2771
f 2772/2772 2773/2773 2771/2771
f 2772/2772 2774/2774 2773/2773
f 2774/2774 2775/2775 2773/2773
f 2776/2776 2777/2777 2778/2778
f 2778/2778 2777/2777 2779/2779
f 2777/2777 2780/2780 2779/2779
f 2779/2779 2780/2780 2781/2781
f 2780/2780 2782/2782 2781/2781
f 2782/2782 2783/2783 2781/2781
f 2783/2783 2782/2782 2784/2784
f 2782/2782 2785/2785 2784/2784
f 2784/2784 2785/2785 2786/2786
f 2785/2785 2787/2787 2788/2788
f 2785/2785 2788/2788 2786/2786
f 2787/2787 2789/2789 2788/2788
f 2787/2787 2790/2790 2789/2789
f 2790/2790 2791/2791 2792/2792
f 2790/2790 2792/2792 2789/2789
f 2791/2791 2793/2793 2792/2792
f 2793/2793 2794/2794 2792/2792
f 2588/2588 2626/2626 2766/2766
f 2767/2767 2795/2795 2796/2796
f 2767/2767 2769/2769 2795/2795
f 2795/2795 2769/2769 2797/2797
f 2797/2797 2769/2769 2798/2798
f 2769/2769 2771/2771 2798/2798
f 2798/2798 2771/2771 2799/2799
f 2771/2771 2773/2773 2800/2800
f 2771/2771 2800/2800 2799/2799
f 2800/2800 2773/2773 2801/2801
f 2773/2773 2775/2775 2801/2801
f 2775/2775 2778/2778 2801/2801
f 2801/2801 2778/2778 2802/2802
f 2778/2778 2779/2779 2802/2802
f 2802/2802 2779/2779 2803/2803
f 2779/2779 2804/2804 2803/2803
f 2779/2779 2781/2781 2805/2805
f 2779/2779 2805/2805 2804/2804
f 2805/2805 2781/2781 2806/2806
f 2781/2781 2783/2783 2806/2806
f 2783/2783 2807/2807 2806/2806
f 2783/2783 2808/2808 2807/2807
f 2783/2783 2784/2784 2808/2808
f 2784/2784 2786/2786 2808/2808
f 2786/2786 2809/2809 2808/2808
f 2786/2786 2788/2788 2809/2809
f 2788/2788 2810/2810 2809/2809
f 2810/2810 2788/2788 2811/2811
f 2788/2788 2789/2789 2811/2811
f 2789/2789 2792/2792 2811/2811
f 2792/2792 2812/2812 2811/2811
f 2792/2792 2794/2794 2813/2813
f 2792/2792 2813/2813 2812/2812
f 2794/2794 2814/2814 2813/2813
f 2813/2813 2814/2814 2815/2815
f 2814/2814 2816/2816 2815/2815
f 2815/2815 2816/2816 2817/2817
f 2627/2627 2628/2628 2818/2818
f 2796/2796 2795/2795 2819/2819
f 2795/2795 2797/2797 2820/2820
f 2799/2799 2800/2800 2821/2821
f 2821/2821 2800/2800 2822/2822
f 2800/2800 2801/2801 2822/2822
f 2801/2801 2802/2802 2822/2822
f 2808/2808 2809/2809 2636/2636
f 2809/2809 2810/2810 2636/2636
f 2810/2810 2638/2638 2636/2636
f 2810/2810 2811/2811 2638/2638
f 2638/2638 2811/2811 2640/2640
f 2811/2811 2642/2642 2640/2640
f 2811/2811 2812/2812 2642/2642
f 2642/2642 2812/2812 2644/2644
f 2812/2812 2813/2813 2644/2644
f 2644/2644 2813/2813 2645/2645
f 2813/2813 2815/2815 2645/2645
f 2645/2645 2815/2815 2823/2823
f 2823/2823 2815/2815 2824/2824
f 2815/2815 2817/2817 2824/2824
f 2628/2628 2629/2629 2818/2818
f 2817/2817 2825/2825 2826/2826
f 2817/2817 2826/2826 2824/2824
f 2796/2796 2819/2819 2827/2827
f 2795/2795 2820/2820 2819/2819
f 2820/2820 2797/2797 2828/2828
f 2797/2797 2798/2798 2828/2828
f 2798/2798 2829/2829 2828/2828
f 2829/2829 2798/2798 2830/2830
f 2798/2798 2799/2799 2830/2830
f 2799/2799 2821/2821 2830/2830
f 2830/2830 2821/2821 2831/2831
f 2821/2821 2822/2822 2832/2832
f 2821/2821 2832/2832 2831/2831
f 2822/2822 2802/2802 2832/2832
f 2802/2802 2803/2803 2832/2832
f 2803/2803 2804/2804 2651/2651
f 2651/2651 2804/2804 2833/2833
f 2804/2804 2805/2805 2833/2833
f 2833/2833 2805/2805 2631/2631
f 2805/2805 2806/2806 2631/2631
f 2806/2806 2632/2632 2631/2631
f 2806/2806 2807/2807 2632/2632
f 2807/2807 2808/2808 2632/2632
f 2808/2808 2634/2634 2632/2632
f 2808/2808 2636/2636 2634/2634
f 2823/2823 2824/2824 2834/2834
f 2824/2824 2826/2826 2835/2835
f 2824/2824 2835/2835 2834/2834
f 2827/2827 2819/2819 2836/2836
f 2836/2836 2819/2819 2820/2820
f 2830/2830 2831/2831 2837/2837
f 2832/2832 2650/2650 2831/2831
f 2650/2650 2832/2832 2648/2648
f 2832/2832 2803/2803 2648/2648
f 2648/2648 2803/2803 2651/2651
f 2823/2823 2834/2834 2659/2659
f 2827/2827 2836/2836 2838/2838
f 2838/2838 2836/2836 2839/2839
f 2836/2836 2820/2820 2839/2839
f 2820/2820 2840/2840 2839/2839
f 2820/2820 2828/2828 2840/2840
f 2828/2828 2829/2829 2840/2840
f 2840/2840 2829/2829 2841/2841
f 2829/2829 2830/2830 2841/2841
f 2830/2830 2837/2837 2841/2841
f 2831/2831 2842/2842 2843/2843
f 2831/2831 2650/2650 2842/2842
f 2844/2844 2658/2658 2834/2834
f 2659/2659 2834/2834 2658/2658
f 2838/2838 2839/2839 2845/2845
f 2839/2839 2840/2840 2845/2845
f 2845/2845 2840/2840 2846/2846
f 2840/2840 2841/2841 2846/2846
f 2841/2841 2847/2847 2846/2846
f 2841/2841 2837/2837 2847/2847
f 2837/2837 2843/2843 2848/2848
f 2837/2837 2848/2848 2847/2847
f 2848/2848 2843/2843 2847/2847
f 2843/2843 2842/2842 2847/2847
f 2842/2842 2849/2849 2847/2847
f 2842/2842 2650/2650 2850/2850
f 2842/2842 2850/2850 2849/2849
f 2650/2650 2649/2649 2850/2850
f 2850/2850 2649/2649 2851/2851
f 2850/2850 2851/2851 2849/2849
f 2657/2657 2658/2658 2666/2666
f 2852/2852 2853/2853 2854/2854
f 2666/2666 2658/2658 2855/2855
f 2844/2844 2856/2856 2658/2658
f 2658/2658 2856/2856 2855/2855
f 2649/2649 2662/2662 2851/2851
f 2857/2857 2858/2858 2859/2859
f 2857/2857 2860/2860 2858/2858
f 2860/2860 2861/2861 2858/2858
f 2860/2860 2862/2862 2861/2861
f 2862/2862 2863/2863 2861/2861
f 2862/2862 2864/2864 2863/2863
f 2864/2864 2852/2852 2854/2854
f 2864/2864 2854/2854 2863/2863
f 2668/2668 2865/2865 2853/2853
f 2668/2668 2590/2590 2865/2865
f 2529/2529 2575/2575 2866/2866
f 2867/2867 2868/2868 2869/2869
f 2867/2867 2870/2870 2868/2868
f 2868/2868 2870/2870 2871/2871
f 2870/2870 2872/2872 2871/2871
f 2742/2742 2743/2743 2873/2873
f 2743/2743 2533/2533 2874/2874
f 2545/2545 2744/2744 2875/2875
f 2872/2872 2876/2876 2877/2877
f 2878/2878 2879/2879 2880/2880
f 2731/2731 2732/2732 2881/2881
f 2731/2731 2881/2881 2730/2730
f 2878/2878 2882/2882 2879/2879
f 2879/2879 2882/2882 2883/2883
f 2732/2732 2733/2733 2881/2881
f 2882/2882 2884/2884 2883/2883
f 2883/2883 2884/2884 2885/2885
f 2886/2886 2887/2887 2888/2888
f 2889/2889 2890/2890 2891/2891
f 2886/2886 2736/2736 2892/2892
f 2890/2890 2893/2893 2891/2891
f 2736/2736 2737/2737 2892/2892
f 2893/2893 2894/2894 2895/2895
f 2893/2893 2895/2895 2891/2891
f 2895/2895 2894/2894 2896/2896
f 2894/2894 2897/2897 2896/2896
f 2897/2897 2898/2898 2899/2899
f 2898/2898 2618/2618 2899/2899
f 2618/2618 2742/2742 2873/2873
f 2618/2618 2873/2873 2899/2899
f 2744/2744 2583/2583 2900/2900
f 2901/2901 2902/2902 2903/2903
f 2903/2903 2902/2902 2904/2904
f 2902/2902 2905/2905 2904/2904
f 2904/2904 2905/2905 2906/2906
f 2728/2728 2729/2729 2907/2907
f 2905/2905 2908/2908 2906/2906
f 2729/2729 2706/2706 2907/2907
f 2906/2906 2908/2908 2909/2909
f 2706/2706 2730/2730 2907/2907
f 2908/2908 2878/2878 2910/2910
f 2908/2908 2910/2910 2909/2909
f 2910/2910 2878/2878 2880/2880
f 2885/2885 2884/2884 2911/2911
f 2885/2885 2911/2911 2912/2912
f 2885/2885 2912/2912 2913/2913
f 2733/2733 2746/2746 2914/2914
f 2912/2912 2911/2911 2915/2915
f 2746/2746 2747/2747 2916/2916
f 2746/2746 2916/2916 2914/2914
f 2911/2911 2917/2917 2915/2915
f 2917/2917 2918/2918 2915/2915
f 2916/2916 2747/2747 2919/2919
f 2917/2917 2920/2920 2918/2918
f 2747/2747 2748/2748 2919/2919
f 2918/2918 2920/2920 2921/2921
f 2748/2748 2749/2749 2919/2919
f 2749/2749 2922/2922 2919/2919
f 2920/2920 2923/2923 2921/2921
f 2921/2921 2923/2923 2924/2924
f 2749/2749 2750/2750 2922/2922
f 2750/2750 2925/2925 2922/2922
f 2923/2923 2926/2926 2924/2924
f 2924/2924 2926/2926 2927/2927
f 2750/2750 2751/2751 2925/2925
f 2925/2925 2751/2751 2928/2928
f 2926/2926 2929/2929 2927/2927
f 2751/2751 2752/2752 2928/2928
f 2927/2927 2929/2929 2930/2930
f 2928/2928 2752/2752 2888/2888
f 2930/2930 2889/2889 2931/2931
f 2583/2583 2753/2753 2900/2900
f 2761/2761 2624/2624 2932/2932
f 2624/2624 2622/2622 2932/2932
f 2932/2932 2622/2622 2933/2933
f 2933/2933 2622/2622 2762/2762
f 2762/2762 2586/2586 2934/2934
f 2586/2586 2763/2763 2934/2934
f 2625/2625 2571/2571 2764/2764
f 2562/2562 2765/2765 2764/2764
f 2572/2572 2935/2935 2765/2765
f 2572/2572 2587/2587 2935/2935
f 2587/2587 2936/2936 2935/2935
f 2937/2937 2938/2938 2939/2939
f 2939/2939 2938/2938 2940/2940
f 2938/2938 2941/2941 2940/2940
f 2938/2938 2942/2942 2941/2941
f 2942/2942 2943/2943 2944/2944
f 2942/2942 2944/2944 2941/2941
f 2943/2943 2945/2945 2944/2944
f 2946/2946 2947/2947 2948/2948
f 2947/2947 2949/2949 2948/2948
f 2948/2948 2949/2949 2950/2950
f 2949/2949 2951/2951 2950/2950
f 2950/2950 2951/2951 2952/2952
f 2951/2951 2953/2953 2952/2952
f 2952/2952 2953/2953 2954/2954
f 2953/2953 2955/2955 2954/2954
f 2954/2954 2955/2955 2956/2956
f 2955/2955 2957/2957 2956/2956
f 2957/2957 2958/2958 2956/2956
f 2957/2957 2959/2959 2958/2958
f 2959/2959 2960/2960 2958/2958
f 2961/2961 2962/2962 2963/2963
f 2961/2961 2964/2964 2962/2962
f 2965/2965 2825/2825 2966/2966
f 2626/2626 2539/2539 2967/2967
f 2964/2964 2968/2968 2962/2962
f 2964/2964 2969/2969 2968/2968
f 2968/2968 2969/2969 2970/2970
f 2969/2969 2971/2971 2970/2970
f 2970/2970 2971/2971 2972/2972
f 2973/2973 2974/2974 2975/2975
f 2973/2973 2976/2976 2974/2974
f 2976/2976 2977/2977 2974/2974
f 2977/2977 2978/2978 2974/2974
f 2978/2978 2977/2977 2979/2979
f 2977/2977 2980/2980 2979/2979
f 2979/2979 2980/2980 2981/2981
f 2980/2980 2982/2982 2981/2981
f 2982/2982 2983/2983 2981/2981
f 2982/2982 2984/2984 2983/2983
f 2982/2982 2859/2859 2984/2984
f 2984/2984 2859/2859 2985/2985
f 2859/2859 2986/2986 2985/2985
f 2859/2859 2858/2858 2986/2986
f 2858/2858 2987/2987 2986/2986
f 2858/2858 2861/2861 2987/2987
f 2987/2987 2861/2861 2988/2988
f 2861/2861 2989/2989 2988/2988
f 2861/2861 2863/2863 2989/2989
f 2863/2863 2990/2990 2989/2989
f 2990/2990 2863/2863 2991/2991
f 2863/2863 2854/2854 2991/2991
f 2854/2854 2992/2992 2991/2991
f 2854/2854 2853/2853 2992/2992
f 2992/2992 2853/2853 2993/2993
f 2853/2853 2865/2865 2993/2993
f 2993/2993 2865/2865 2590/2590
f 2529/2529 2866/2866 2590/2590
f 2575/2575 2516/2516 2994/2994
f 2516/2516 2542/2542 2995/2995
f 2873/2873 2743/2743 2996/2996
f 2873/2873 2996/2996 2997/2997
f 2875/2875 2744/2744 2998/2998
f 2743/2743 2874/2874 2996/2996
f 2996/2996 2874/2874 2999/2999
f 2895/2895 2896/2896 3000/3000
f 2895/2895 3000/3000 3001/3001
f 2896/2896 2897/2897 3002/3002
f 2896/2896 3002/3002 3000/3000
f 2897/2897 2899/2899 3003/3003
f 2897/2897 3003/3003 3002/3002
f 2899/2899 2873/2873 3003/3003
f 3003/3003 2873/2873 2997/2997
f 2744/2744 2900/2900 3004/3004
f 2744/2744 3004/3004 2998/2998
f 2903/2903 2904/2904 3005/3005
f 2910/2910 2880/2880 3006/3006
f 2880/2880 3007/3007 3006/3006
f 3006/3006 3007/3007 3008/3008
f 3006/3006 3008/3008 3009/3009
f 2880/2880 2879/2879 3007/3007
f 3008/3008 3007/3007 3010/3010
f 3007/3007 2879/2879 3011/3011
f 3007/3007 3011/3011 3010/3010
f 3011/3011 3012/3012 3010/3010
f 2879/2879 2883/2883 3013/3013
f 2879/2879 3013/3013 3011/3011
f 3011/3011 3013/3013 3012/3012
f 3014/3014 3015/3015 3016/3016
f 3016/3016 3015/3015 3017/3017
f 2883/2883 2885/2885 3013/3013
f 3013/3013 2885/2885 3018/3018
f 2885/2885 3019/3019 3018/3018
f 2885/2885 2913/2913 3019/3019
f 2889/2889 2891/2891 3020/3020
f 3020/3020 3021/3021 3022/3022
f 3020/3020 2891/2891 3001/3001
f 2891/2891 2895/2895 3001/3001
f 2906/2906 2909/2909 3023/3023
f 2909/2909 2910/2910 3023/3023
f 3024/3024 3025/3025 3026/3026
f 3026/3026 3025/3025 3027/3027
f 3016/3016 3017/3017 3028/3028
f 2912/2912 2915/2915 3029/3029
f 2915/2915 3030/3030 3029/3029
f 2915/2915 2918/2918 3030/3030
f 3030/3030 2918/2918 3031/3031
f 2918/2918 2921/2921 3031/3031
f 2921/2921 3032/3032 3031/3031
f 2921/2921 2924/2924 3032/3032
f 2924/2924 3033/3033 3032/3032
f 2924/2924 2927/2927 3034/3034
f 2924/2924 3034/3034 3033/3033
f 2927/2927 3035/3035 3034/3034
f 2927/2927 2930/2930 3035/3035
f 2930/2930 2931/2931 3035/3035
f 3036/3036 3028/3028 3037/3037
f 3037/3037 3028/3028 3017/3017
f 3004/3004 2900/2900 3038/3038
f 3026/3026 3027/3027 3039/3039
f 3026/3026 3039/3039 3040/3040
f 3027/3027 3036/3036 3039/3039
f 3039/3039 3036/3036 3037/3037
f 3037/3037 3017/3017 3041/3041
f 3017/3017 3042/3042 3041/3041
f 3041/3041 3042/3042 3043/3043
f 3040/3040 3039/3039 3044/3044
f 2753/2753 3045/3045 2900/2900
f 3046/3046 3037/3037 3041/3041
f 3041/3041 3043/3043 3047/3047
f 2753/2753 2619/2619 3045/3045
f 3044/3044 3039/3039 3046/3046
f 3039/3039 3037/3037 3046/3046
f 3044/3044 3046/3046 3048/3048
f 3045/3045 2619/2619 3049/3049
f 3040/3040 3044/3044 3048/3048
f 3040/3040 3048/3048 3050/3050
f 3046/3046 3041/3041 3051/3051
f 3051/3051 3041/3041 3052/3052
f 3041/3041 3047/3047 3052/3052
f 3048/3048 3046/3046 3051/3051
f 3052/3052 3047/3047 3053/3053
f 2619/2619 2567/2567 3049/3049
f 3048/3048 3051/3051 3054/3054
f 2567/2567 2754/2754 3055/3055
f 2567/2567 3055/3055 3049/3049
f 3050/3050 3048/3048 3056/3056
f 3056/3056 3048/3048 3054/3054
f 3054/3054 3051/3051 3057/3057
f 3057/3057 3051/3051 3052/3052
f 3054/3054 3057/3057 3058/3058
f 2754/2754 3059/3059 3055/3055
f 2754/2754 2568/2568 3059/3059
f 3057/3057 3052/3052 3060/3060
f 3052/3052 3053/3053 3060/3060
f 3058/3058 3057/3057 3061/3061
f 3057/3057 3060/3060 3061/3061
f 3060/3060 3053/3053 3062/3062
f 3056/3056 3054/3054 3063/3063
f 3063/3063 3054/3054 3058/3058
f 3059/3059 2568/2568 3064/3064
f 3058/3058 3061/3061 3065/3065
f 3061/3061 3060/3060 3066/3066
f 3060/3060 3062/3062 3066/3066
f 3063/3063 3058/3058 3065/3065
f 2568/2568 2620/2620 3064/3064
f 3064/3064 2620/2620 3067/3067
f 3061/3061 3066/3066 3068/3068
f 3065/3065 3061/3061 3069/3069
f 3066/3066 3062/3062 3070/3070
f 3063/3063 3065/3065 3069/3069
f 3061/3061 3071/3071 3069/3069
f 3061/3061 3068/3068 3071/3071
f 3063/3063 3069/3069 3072/3072
f 3072/3072 3069/3069 3073/3073
f 3073/3073 3069/3069 3071/3071
f 3071/3071 3068/3068 3074/3074
f 3068/3068 3066/3066 3074/3074
f 3066/3066 3070/3070 3074/3074
f 2620/2620 2621/2621 3075/3075
f 2620/2620 3075/3075 3067/3067
f 3074/3074 3070/3070 3076/3076
f 3072/3072 3073/3073 3077/3077
f 3073/3073 3071/3071 3077/3077
f 3077/3077 3071/3071 3078/3078
f 3071/3071 3074/3074 3078/3078
f 3074/3074 3079/3079 3078/3078
f 3074/3074 3076/3076 3079/3079
f 3072/3072 3077/3077 3080/3080
f 3077/3077 3081/3081 3080/3080
f 3077/3077 3078/3078 3081/3081
f 3078/3078 3082/3082 3081/3081
f 3078/3078 3079/3079 3082/3082
f 3079/3079 3083/3083 3082/3082
f 3079/3079 3076/3076 3084/3084
f 3079/3079 3084/3084 3083/3083
f 3072/3072 3080/3080 3085/3085
f 3072/3072 3085/3085 3086/3086
f 3080/3080 3081/3081 3085/3085
f 3085/3085 3081/3081 3087/3087
f 3081/3081 3082/3082 3087/3087
f 3082/3082 3088/3088 3087/3087
f 3089/3089 3090/3090 3091/3091
f 3082/3082 3083/3083 3088/3088
f 3075/3075 2621/2621 3092/3092
f 2759/2759 2760/2760 3093/3093
f 2759/2759 3093/3093 3094/3094
f 3092/3092 2621/2621 3095/3095
f 2761/2761 2932/2932 3096/3096
f 2761/2761 3096/3096 3097/3097
f 3098/3098 3099/3099 3100/3100
f 3100/3100 3099/3099 3101/3101
f 2932/2932 2933/2933 3096/3096
f 3099/3099 3102/3102 3101/3101
f 3102/3102 3103/3103 3104/3104
f 3102/3102 3104/3104 3101/3101
f 3103/3103 3105/3105 3104/3104
f 3105/3105 3106/3106 3104/3104
f 3104/3104 3106/3106 3107/3107
f 3106/3106 3108/3108 3109/3109
f 3106/3106 3109/3109 3107/3107
f 3100/3100 3101/3101 3110/3110
f 3101/3101 3104/3104 3111/3111
f 3101/3101 3111/3111 3110/3110
f 3104/3104 3107/3107 3111/3111
f 3100/3100 3110/3110 3112/3112
f 3107/3107 3109/3109 3113/3113
f 2621/2621 2625/2625 3095/3095
f 3112/3112 3110/3110 3114/3114
f 3110/3110 3111/3111 3114/3114
f 3111/3111 3115/3115 3114/3114
f 3115/3115 3111/3111 3116/3116
f 3111/3111 3107/3107 3116/3116
f 3107/3107 3113/3113 3116/3116
f 3116/3116 3113/3113 3117/3117
f 3115/3115 3116/3116 3118/3118
f 3114/3114 3115/3115 3118/3118
f 2625/2625 3119/3119 3095/3095
f 3119/3119 2625/2625 3120/3120
f 3112/3112 3114/3114 3121/3121
f 2625/2625 2764/2764 3120/3120
f 3121/3121 3114/3114 3122/3122
f 3114/3114 3118/3118 3122/3122
f 3118/3118 3116/3116 3123/3123
f 3116/3116 3117/3117 3123/3123
f 3118/3118 3123/3123 3122/3122
f 3120/3120 2764/2764 3124/3124
f 3112/3112 3121/3121 3125/3125
f 3121/3121 3122/3122 3126/3126
f 3122/3122 3123/3123 3126/3126
f 3123/3123 3117/3117 3127/3127
f 3121/3121 3126/3126 3128/3128
f 3125/3125 3121/3121 3128/3128
f 3126/3126 3123/3123 3129/3129
f 3123/3123 3127/3127 3129/3129
f 3128/3128 3126/3126 3130/3130
f 3126/3126 3129/3129 3130/3130
f 2764/2764 2765/2765 3124/3124
f 3124/3124 2765/2765 3131/3131
f 3129/3129 3127/3127 3132/3132
f 3125/3125 3128/3128 3133/3133
f 3128/3128 3130/3130 3134/3134
f 3132/3132 3127/3127 3135/3135
f 3133/3133 3128/3128 3134/3134
f 2765/2765 2935/2935 3131/3131
f 3133/3133 3134/3134 3136/3136
f 3134/3134 3130/3130 3137/3137
f 3130/3130 3129/3129 3137/3137
f 3137/3137 3129/3129 3132/3132
f 3133/3133 3136/3136 3138/3138
f 3134/3134 3137/3137 3136/3136
f 3132/3132 3135/3135 3139/3139
f 3138/3138 3136/3136 3140/3140
f 3136/3136 3137/3137 3140/3140
f 3137/3137 3132/3132 3141/3141
f 3132/3132 3139/3139 3141/3141
f 3138/3138 3140/3140 3142/3142
f 3142/3142 3140/3140 3143/3143
f 3140/3140 3137/3137 3143/3143
f 3141/3141 3139/3139 3144/3144
f 3138/3138 3142/3142 3145/3145
f 3143/3143 3137/3137 3146/3146
f 3137/3137 3141/3141 3147/3147
f 3137/3137 3147/3147 3146/3146
f 3141/3141 3144/3144 3147/3147
f 3145/3145 3142/3142 3148/3148
f 3145/3145 3148/3148 3149/3149
f 3142/3142 3143/3143 3148/3148
f 3148/3148 3143/3143 3150/3150
f 3143/3143 3146/3146 3150/3150
f 3150/3150 3146/3146 3151/3151
f 3146/3146 3147/3147 3152/3152
f 3146/3146 3152/3152 3151/3151
f 3147/3147 3144/3144 3152/3152
f 3153/3153 3154/3154 3155/3155
f 3153/3153 3155/3155 2943/2943
f 3154/3154 3156/3156 3155/3155
f 3156/3156 3157/3157 3155/3155
f 3155/3155 3157/3157 3158/3158
f 3150/3150 3151/3151 3159/3159
f 3159/3159 3151/3151 3160/3160
f 3151/3151 3152/3152 3160/3160
f 3160/3160 3152/3152 3161/3161
f 3152/3152 3144/3144 3161/3161
f 2959/2959 3162/3162 3163/3163
f 2587/2587 2766/2766 2936/2936
f 3164/3164 3165/3165 3166/3166
f 2766/2766 2626/2626 3167/3167
f 2766/2766 3167/3167 2936/2936
f 3168/3168 3169/3169 3170/3170
f 3170/3170 3169/3169 3171/3171
f 2626/2626 2967/2967 3167/3167
f 3169/3169 3172/3172 3171/3171
f 2975/2975 2974/2974 3173/3173
f 3173/3173 2974/2974 3174/3174
f 2974/2974 2978/2978 3174/3174
f 3174/3174 2978/2978 3175/3175
f 2978/2978 2979/2979 3175/3175
f 2981/2981 2983/2983 3176/3176
f 2984/2984 2985/2985 2983/2983
f 2985/2985 2986/2986 3177/3177
f 2987/2987 3178/3178 3179/3179
f 2987/2987 2988/2988 3178/3178
f 2866/2866 2575/2575 2994/2994
f 2869/2869 2868/2868 3180/3180
f 2871/2871 2872/2872 3181/3181
f 2872/2872 2877/2877 3182/3182
f 2872/2872 3182/3182 3181/3181
f 3183/3183 3184/3184 3185/3185
f 3002/3002 3003/3003 3186/3186
f 3183/3183 3187/3187 3184/3184
f 3003/3003 2997/2997 3186/3186
f 3184/3184 3187/3187 3188/3188
f 2997/2997 3189/3189 3186/3186
f 3187/3187 3190/3190 3188/3188
f 2997/2997 2996/2996 3189/3189
f 3190/3190 3191/3191 3192/3192
f 3190/3190 3192/3192 3188/3188
f 3188/3188 3192/3192 3193/3193
f 2996/2996 2999/2999 3194/3194
f 3191/3191 3195/3195 3192/3192
f 2998/2998 3004/3004 3196/3196
f 3196/3196 3004/3004 3197/3197
f 3192/3192 3195/3195 3198/3198
f 3192/3192 3198/3198 3193/3193
f 2903/2903 3005/3005 3199/3199
f 3005/3005 2904/2904 3200/3200
f 2904/2904 2906/2906 3200/3200
f 3013/3013 3018/3018 3201/3201
f 3201/3201 3018/3018 3202/3202
f 3203/3203 3204/3204 3205/3205
f 3018/3018 3019/3019 3206/3206
f 3019/3019 2913/2913 3206/3206
f 3206/3206 2913/2913 3207/3207
f 3020/3020 3001/3001 3208/3208
f 3209/3209 3210/3210 3211/3211
f 3001/3001 3212/3212 3208/3208
f 3210/3210 3213/3213 3211/3211
f 3001/3001 3000/3000 3212/3212
f 3212/3212 3000/3000 3214/3214
f 3213/3213 3185/3185 3211/3211
f 3211/3211 3185/3185 3215/3215
f 3000/3000 3002/3002 3214/3214
f 3185/3185 3184/3184 3215/3215
f 3184/3184 3216/3216 3215/3215
f 3184/3184 3188/3188 3216/3216
f 3188/3188 3193/3193 3216/3216
f 2906/2906 3023/3023 3217/3217
f 3023/3023 2910/2910 3218/3218
f 2910/2910 3006/3006 3218/3218
f 3218/3218 3006/3006 3219/3219
f 3006/3006 3009/3009 3219/3219
f 3219/3219 3009/3009 3220/3220
f 3221/3221 3222/3222 3223/3223
f 3223/3223 3222/3222 3224/3224
f 3025/3025 3225/3225 3226/3226
f 3225/3225 3014/3014 3028/3028
f 3225/3225 3028/3028 3226/3226
f 3226/3226 3028/3028 3036/3036
f 3014/3014 3016/3016 3028/3028
f 2913/2913 2912/2912 3207/3207
f 3029/3029 3030/3030 3227/3227
f 3032/3032 3033/3033 3228/3228
f 3034/3034 3035/3035 3229/3229
f 3035/3035 2931/2931 3230/3230
f 3035/3035 3230/3230 3229/3229
f 2931/2931 3022/3022 3230/3230
f 3230/3230 3022/3022 3231/3231
f 3022/3022 3021/3021 3231/3231
f 3231/3231 3021/3021 3232/3232
f 3233/3233 3209/3209 3234/3234
f 3234/3234 3209/3209 3235/3235
f 3209/3209 3211/3211 3236/3236
f 3209/3209 3236/3236 3235/3235
f 3211/3211 3215/3215 3236/3236
f 3215/3215 3237/3237 3236/3236
f 3215/3215 3216/3216 3237/3237
f 3004/3004 3238/3238 3197/3197
f 3193/3193 3198/3198 3239/3239
f 3234/3234 3235/3235 3240/3240
f 3240/3240 3235/3235 3241/3241
f 3235/3235 3236/3236 3241/3241
f 3236/3236 3237/3237 3241/3241
f 3237/3237 3216/3216 3242/3242
f 3216/3216 3193/3193 3242/3242
f 3242/3242 3193/3193 3243/3243
f 3004/3004 3038/3038 3238/3238
f 3193/3193 3239/3239 3243/3243
f 3222/3222 3244/3244 3245/3245
f 3222/3222 3245/3245 3224/3224
f 3241/3241 3237/3237 3246/3246
f 3247/3247 3248/3248 3239/3239
f 3243/3243 3239/3239 3248/3248
f 3240/3240 3241/3241 3249/3249
f 3240/3240 3249/3249 3250/3250
f 3249/3249 3241/3241 3251/3251
f 3241/3241 3246/3246 3251/3251
f 3246/3246 3237/3237 3242/3242
f 3038/3038 2900/2900 3045/3045
f 3247/3247 3252/3252 3248/3248
f 3245/3245 3244/3244 3253/3253
f 3249/3249 3251/3251 3254/3254
f 3246/3246 3242/3242 3255/3255
f 3250/3250 3249/3249 3256/3256
f 3256/3256 3249/3249 3257/3257
f 3249/3249 3254/3254 3257/3257
f 3251/3251 3246/3246 3255/3255
f 3251/3251 3255/3255 3254/3254
f 3243/3243 3248/3248 3258/3258
f 3248/3248 3252/3252 3258/3258
f 3259/3259 3260/3260 3261/3261
f 3242/3242 3243/3243 3262/3262
f 3243/3243 3258/3258 3262/3262
f 3256/3256 3257/3257 3263/3263
f 3257/3257 3254/3254 3264/3264
f 3254/3254 3255/3255 3265/3265
f 3265/3265 3255/3255 3266/3266
f 3255/3255 3242/3242 3266/3266
f 3242/3242 3267/3267 3266/3266
f 3242/3242 3262/3262 3267/3267
f 3244/3244 3268/3268 3253/3253
f 3263/3263 3257/3257 3264/3264
f 3258/3258 3252/3252 3269/3269
f 3254/3254 3265/3265 3264/3264
f 3268/3268 3270/3270 3253/3253
f 3271/3271 3253/3253 3270/3270
f 3264/3264 3265/3265 3272/3272
f 3265/3265 3266/3266 3272/3272
f 3267/3267 3262/3262 3273/3273
f 3262/3262 3258/3258 3274/3274
f 3262/3262 3274/3274 3273/3273
f 3258/3258 3269/3269 3274/3274
f 3263/3263 3264/3264 3275/3275
f 3276/3276 3277/3277 3278/3278
f 3279/3279 3280/3280 3281/3281
f 3279/3279 3281/3281 3282/3282
f 3263/3263 3275/3275 3283/3283
f 3266/3266 3284/3284 3272/3272
f 3275/3275 3264/3264 3285/3285
f 3264/3264 3272/3272 3285/3285
f 3266/3266 3267/3267 3286/3286
f 3266/3266 3286/3286 3284/3284
f 3267/3267 3273/3273 3286/3286
f 3276/3276 3278/3278 3287/3287
f 3286/3286 3273/3273 3288/3288
f 3273/3273 3274/3274 3288/3288
f 3274/3274 3269/3269 3289/3289
f 3268/3268 3290/3290 3270/3270
f 3283/3283 3275/3275 3291/3291
f 3288/3288 3274/3274 3292/3292
f 3274/3274 3289/3289 3292/3292
f 3285/3285 3272/3272 3293/3293
f 3291/3291 3275/3275 3294/3294
f 3275/3275 3285/3285 3294/3294
f 3293/3293 3272/3272 3284/3284
f 3270/3270 3290/3290 3295/3295
f 3296/3296 3270/3270 3295/3295
f 3284/3284 3286/3286 3297/3297
f 3288/3288 3292/3292 3298/3298
f 3292/3292 3289/3289 3299/3299
f 3292/3292 3299/3299 3298/3298
f 3291/3291 3294/3294 3300/3300
f 3297/3297 3286/3286 3301/3301
f 3286/3286 3288/3288 3301/3301
f 3293/3293 3284/3284 3297/3297
f 3301/3301 3288/3288 3302/3302
f 3288/3288 3298/3298 3302/3302
f 3290/3290 3303/3303 3295/3295
f 3285/3285 3293/3293 3304/3304
f 3302/3302 3298/3298 3305/3305
f 3298/3298 3299/3299 3305/3305
f 3305/3305 3299/3299 3306/3306
f 3307/3307 3308/3308 3309/3309
f 3300/3300 3294/3294 3310/3310
f 3294/3294 3285/3285 3304/3304
f 3304/3304 3293/3293 3311/3311
f 3293/3293 3297/3297 3311/3311
f 3297/3297 3301/3301 3312/3312
f 3301/3301 3302/3302 3313/3313
f 3301/3301 3313/3313 3312/3312
f 3302/3302 3305/3305 3313/3313
f 3305/3305 3306/3306 3314/3314
f 3313/3313 3305/3305 3315/3315
f 3305/3305 3314/3314 3315/3315
f 3307/3307 3309/3309 3316/3316
f 3310/3310 3294/3294 3317/3317
f 3294/3294 3304/3304 3317/3317
f 3311/3311 3297/3297 3318/3318
f 3297/3297 3312/3312 3318/3318
f 3296/3296 3295/3295 3319/3319
f 3316/3316 3309/3309 3320/3320
f 3310/3310 3317/3317 3321/3321
f 3304/3304 3311/3311 3322/3322
f 3312/3312 3313/3313 3323/3323
f 3313/3313 3315/3315 3323/3323
f 3303/3303 3324/3324 3295/3295
f 3311/3311 3318/3318 3322/3322
f 3295/3295 3324/3324 3319/3319
f 3312/3312 3323/3323 3325/3325
f 3316/3316 3320/3320 3326/3326
f 3317/3317 3304/3304 3327/3327
f 3304/3304 3322/3322 3327/3327
f 3315/3315 3314/3314 3328/3328
f 3322/3322 3318/3318 3329/3329
f 3318/3318 3312/3312 3329/3329
f 3312/3312 3325/3325 3329/3329
f 3323/3323 3315/3315 3330/3330
f 3315/3315 3328/3328 3330/3330
f 3319/3319 3324/3324 3331/3331
f 3332/3332 3319/3319 3331/3331
f 3326/3326 3320/3320 3333/3333
f 3321/3321 3317/3317 3334/3334
f 3325/3325 3323/3323 3335/3335
f 3323/3323 3330/3330 3335/3335
f 3334/3334 3317/3317 3336/3336
f 3317/3317 3327/3327 3336/3336
f 3336/3336 3327/3327 3337/3337
f 3327/3327 3322/3322 3338/3338
f 3324/3324 3094/3094 3331/3331
f 3327/3327 3338/3338 3337/3337
f 3335/3335 3330/3330 3339/3339
f 3330/3330 3328/3328 3339/3339
f 3329/3329 3325/3325 3340/3340
f 3325/3325 3335/3335 3340/3340
f 3339/3339 3328/3328 3341/3341
f 3094/3094 3093/3093 3331/3331
f 3326/3326 3333/3333 3342/3342
f 3331/3331 3093/3093 3343/3343
f 3322/3322 3329/3329 3338/3338
f 3329/3329 3340/3340 3344/3344
f 3335/3335 3339/3339 3345/3345
f 3339/3339 3341/3341 3345/3345
f 3093/3093 3346/3346 3343/3343
f 3342/3342 3333/3333 3347/3347
f 3334/3334 3336/3336 3348/3348
f 3340/3340 3335/3335 3349/3349
f 3335/3335 3345/3345 3349/3349
f 3345/3345 3341/3341 3350/3350
f 3337/3337 3338/3338 3351/3351
f 3338/3338 3329/3329 3344/3344
f 3346/3346 3352/3352 3343/3343
f 3343/3343 3352/3352 3353/3353
f 3351/3351 3338/3338 3354/3354
f 3338/3338 3344/3344 3354/3354
f 3344/3344 3340/3340 3355/3355
f 3349/3349 3345/3345 3356/3356
f 3345/3345 3350/3350 3356/3356
f 3342/3342 3347/3347 3357/3357
f 3336/3336 3337/3337 3358/3358
f 3337/3337 3351/3351 3358/3358
f 3348/3348 3336/3336 3359/3359
f 3336/3336 3358/3358 3359/3359
f 3340/3340 3349/3349 3355/3355
f 3356/3356 3350/3350 3360/3360
f 3349/3349 3356/3356 3361/3361
f 3356/3356 3360/3360 3361/3361
f 3353/3353 3352/3352 3362/3362
f 3357/3357 3347/3347 3363/3363
f 3348/3348 3359/3359 3364/3364
f 3355/3355 3349/3349 3365/3365
f 3349/3349 3361/3361 3365/3365
f 3358/3358 3351/3351 3354/3354
f 3354/3354 3344/3344 3366/3366
f 3344/3344 3355/3355 3366/3366
f 3366/3366 3355/3355 3367/3367
f 3355/3355 3365/3365 3367/3367
f 3357/3357 3363/3363 3368/3368
f 3358/3358 3354/3354 3369/3369
f 3364/3364 3359/3359 3370/3370
f 3359/3359 3358/3358 3370/3370
f 3354/3354 3366/3366 3369/3369
f 3362/3362 3352/3352 3371/3371
f 3368/3368 3363/3363 3372/3372
f 3364/3364 3370/3370 3373/3373
f 3120/3120 3124/3124 3374/3374
f 3374/3374 3124/3124 3375/3375
f 3365/3365 3361/3361 3376/3376
f 3370/3370 3358/3358 3369/3369
f 3366/3366 3367/3367 3377/3377
f 3352/3352 3378/3378 3371/3371
f 3369/3369 3366/3366 3379/3379
f 3367/3367 3365/3365 3377/3377
f 3377/3377 3365/3365 3380/3380
f 3365/3365 3376/3376 3380/3380
f 3373/3373 3370/3370 3381/3381
f 3370/3370 3369/3369 3379/3379
f 3370/3370 3379/3379 3381/3381
f 3366/3366 3377/3377 3382/3382
f 3377/3377 3380/3380 3382/3382
f 3379/3379 3366/3366 3383/3383
f 3366/3366 3382/3382 3383/3383
f 3373/3373 3381/3381 3384/3384
f 3381/3381 3379/3379 3385/3385
f 3382/3382 3380/3380 3386/3386
f 3380/3380 3376/3376 3386/3386
f 3382/3382 3386/3386 3387/3387
f 3378/3378 3388/3388 3371/3371
f 3384/3384 3381/3381 3389/3389
f 3379/3379 3383/3383 3385/3385
f 3124/3124 3131/3131 3390/3390
f 3124/3124 3390/3390 3375/3375
f 3386/3386 3376/3376 3391/3391
f 3381/3381 3385/3385 3392/3392
f 3385/3385 3393/3393 3392/3392
f 3383/3383 3382/3382 3387/3387
f 3394/3394 3395/3395 3396/3396
f 3397/3397 3398/3398 3399/3399
f 3389/3389 3381/3381 3392/3392
f 3399/3399 3398/3398 3400/3400
f 3384/3384 3389/3389 3401/3401
f 3378/3378 3402/3402 3388/3388
f 3401/3401 3389/3389 3403/3403
f 3389/3389 3392/3392 3403/3403
f 3393/3393 3385/3385 3404/3404
f 3385/3385 3383/3383 3404/3404
f 3383/3383 3387/3387 3404/3404
f 3396/3396 3395/3395 3405/3405
f 3399/3399 3400/3400 3406/3406
f 3387/3387 3386/3386 3407/3407
f 3386/3386 3391/3391 3407/3407
f 3406/3406 3400/3400 3408/3408
f 3401/3401 3403/3403 3409/3409
f 3396/3396 3405/3405 3410/3410
f 3404/3404 3387/3387 3411/3411
f 3403/3403 3392/3392 3412/3412
f 3392/3392 3393/3393 3412/3412
f 3412/3412 3393/3393 3413/3413
f 3393/3393 3404/3404 3413/3413
f 3411/3411 3387/3387 3414/3414
f 3387/3387 3407/3407 3414/3414
f 3131/3131 2935/2935 3390/3390
f 3406/3406 3408/3408 3415/3415
f 3390/3390 2935/2935 3416/3416
f 3407/3407 3391/3391 3417/3417
f 3402/3402 3418/3418 3388/3388
f 3404/3404 3411/3411 3413/3413
f 3412/3412 3413/3413 3419/3419
f 3402/3402 3420/3420 3418/3418
f 3415/3415 3408/3408 3421/3421
f 3409/3409 3403/3403 3422/3422
f 3409/3409 3422/3422 3423/3423
f 3403/3403 3412/3412 3422/3422
f 3422/3422 3412/3412 3419/3419
f 3411/3411 3414/3414 3424/3424
f 3414/3414 3407/3407 3424/3424
f 3415/3415 3421/3421 3425/3425
f 3419/3419 3413/3413 3426/3426
f 3413/3413 3411/3411 3426/3426
f 3418/3418 3420/3420 3427/3427
f 3422/3422 3419/3419 3428/3428
f 3428/3428 3419/3419 3426/3426
f 3426/3426 3411/3411 3429/3429
f 3411/3411 3424/3424 3429/3429
f 2935/2935 2936/2936 3416/3416
f 3427/3427 3420/3420 3430/3430
f 3423/3423 3422/3422 3431/3431
f 3424/3424 3407/3407 3432/3432
f 3407/3407 3417/3417 3432/3432
f 3420/3420 3433/3433 3430/3430
f 3431/3431 3422/3422 3434/3434
f 3422/3422 3428/3428 3434/3434
f 3433/3433 3435/3435 3436/3436
f 3433/3433 3436/3436 3430/3430
f 3431/3431 3434/3434 3437/3437
f 3431/3431 3437/3437 3438/3438
f 3434/3434 3428/3428 3437/3437
f 3437/3437 3428/3428 3439/3439
f 3428/3428 3426/3426 3440/3440
f 3428/3428 3440/3440 3439/3439
f 3426/3426 3429/3429 3440/3440
f 3429/3429 3424/3424 3441/3441
f 3424/3424 3432/3432 3441/3441
f 3416/3416 2936/2936 3442/3442
f 3432/3432 3417/3417 3443/3443
f 3444/3444 2963/2963 3445/3445
f 3446/3446 3447/3447 3448/3448
f 3447/3447 3449/3449 3448/3448
f 3438/3438 3437/3437 3450/3450
f 3449/3449 3451/3451 3448/3448
f 3437/3437 3439/3439 3452/3452
f 3437/3437 3452/3452 3450/3450
f 3439/3439 3440/3440 3452/3452
f 3452/3452 3440/3440 3453/3453
f 3453/3453 3440/3440 3454/3454
f 3440/3440 3429/3429 3454/3454
f 3429/3429 3441/3441 3454/3454
f 2963/2963 2962/2962 3445/3445
f 3452/3452 3453/3453 3455/3455
f 3453/3453 3454/3454 3456/3456
f 3453/3453 3456/3456 3455/3455
f 3456/3456 3454/3454 3457/3457
f 3454/3454 3441/3441 3458/3458
f 3454/3454 3458/3458 3457/3457
f 3441/3441 3432/3432 3458/3458
f 2936/2936 3167/3167 3442/3442
f 3442/3442 3167/3167 3459/3459
f 3432/3432 3443/3443 3458/3458
f 3458/3458 3443/3443 3460/3460
f 3445/3445 2962/2962 2968/2968
f 2970/2970 2972/2972 3461/3461
f 2975/2975 3173/3173 3462/3462
f 3173/3173 3174/3174 3463/3463
f 2979/2979 2981/2981 3175/3175
f 2983/2983 2985/2985 3176/3176
f 3176/3176 2985/2985 3464/3464
f 2985/2985 3177/3177 3464/3464
f 3177/3177 2986/2986 3465/3465
f 2986/2986 3179/3179 3465/3465
f 2986/2986 2987/2987 3179/3179
f 2989/2989 2990/2990 3466/3466
f 3466/3466 2990/2990 3467/3467
f 2990/2990 2991/2991 3467/3467
f 2991/2991 2992/2992 3467/3467
f 2992/2992 2993/2993 3467/3467
f 2993/2993 2590/2590 3468/3468
f 3468/3468 2590/2590 2866/2866
f 2994/2994 2516/2516 3469/3469
f 2516/2516 2995/2995 3469/3469
f 3180/3180 2868/2868 3470/3470
f 2868/2868 2871/2871 3470/3470
f 3470/3470 2871/2871 3471/3471
f 2871/2871 3181/3181 3471/3471
f 3202/3202 3018/3018 3472/3472
f 3204/3204 3473/3473 3474/3474
f 3018/3018 3206/3206 3472/3472
f 3199/3199 3005/3005 3475/3475
f 3005/3005 3200/3200 3475/3475
f 2906/2906 3217/3217 3200/3200
f 3219/3219 3220/3220 3476/3476
f 3223/3223 3224/3224 3477/3477
f 3223/3223 3477/3477 3478/3478
f 2912/2912 3029/3029 3207/3207
f 3207/3207 3029/3029 3227/3227
f 3030/3030 3479/3479 3227/3227
f 3030/3030 3031/3031 3479/3479
f 3031/3031 3480/3480 3479/3479
f 3031/3031 3032/3032 3480/3480
f 3480/3480 3032/3032 3228/3228
f 3228/3228 3033/3033 3481/3481
f 3481/3481 3033/3033 3482/3482
f 3033/3033 3034/3034 3482/3482
f 3034/3034 3229/3229 3482/3482
f 3483/3483 3229/3229 3484/3484
f 3229/3229 3230/3230 3484/3484
f 3484/3484 3230/3230 3485/3485
f 3230/3230 3231/3231 3486/3486
f 3230/3230 3486/3486 3485/3485
f 3487/3487 3488/3488 3489/3489
f 3488/3488 3490/3490 3491/3491
f 3488/3488 3491/3491 3489/3489
f 3490/3490 3492/3492 3491/3491
f 3245/3245 3253/3253 3493/3493
f 3490/3490 3494/3494 3492/3492
f 3494/3494 3495/3495 3496/3496
f 3253/3253 3497/3497 3493/3493
f 3495/3495 3279/3279 3496/3496
f 3253/3253 3271/3271 3497/3497
f 3495/3495 3280/3280 3279/3279
f 3271/3271 3270/3270 3497/3497
f 3270/3270 3498/3498 3497/3497
f 3281/3281 3499/3499 3282/3282
f 3287/3287 3278/3278 3500/3500
f 3270/3270 3296/3296 3498/3498
f 3499/3499 3308/3308 3282/3282
f 3308/3308 3307/3307 3282/3282
f 3296/3296 3501/3501 3498/3498
f 3501/3501 3296/3296 3502/3502
f 3296/3296 3319/3319 3502/3502
f 3319/3319 3332/3332 3502/3502
f 3331/3331 3343/3343 3332/3332
f 3343/3343 3353/3353 3503/3503
f 3353/3353 3362/3362 3504/3504
f 3353/3353 3504/3504 3503/3503
f 3362/3362 3371/3371 3504/3504
f 3368/3368 3372/3372 3505/3505
f 3372/3372 3398/3398 3505/3505
f 3371/3371 3506/3506 3504/3504
f 3505/3505 3398/3398 3397/3397
f 3371/3371 3388/3388 3506/3506
f 3506/3506 3388/3388 3507/3507
f 3388/3388 3418/3418 3507/3507
f 3418/3418 3508/3508 3507/3507
f 3410/3410 3405/3405 3509/3509
f 3418/3418 3427/3427 3508/3508
f 3427/3427 3430/3430 3510/3510
f 3423/3423 3431/3431 3511/3511
f 3425/3425 3512/3512 3513/3513
f 3513/3513 3512/3512 3514/3514
f 3430/3430 3436/3436 3510/3510
f 3512/3512 3515/3515 3516/3516
f 3512/3512 3516/3516 3514/3514
f 2968/2968 3517/3517 3445/3445
f 2968/2968 2970/2970 3517/3517
f 3517/3517 2970/2970 3518/3518
f 2970/2970 3461/3461 3518/3518
f 3462/3462 3173/3173 3463/3463
f 3463/3463 3174/3174 3519/3519
f 3174/3174 3175/3175 3519/3519
f 3175/3175 2981/2981 3520/3520
f 2981/2981 3176/3176 3520/3520
f 3520/3520 3176/3176 3521/3521
f 3464/3464 3177/3177 3522/3522
f 3177/3177 3465/3465 3522/3522
f 3178/3178 2988/2988 3523/3523
f 2988/2988 2989/2989 3523/3523
f 3523/3523 2989/2989 3466/3466
f 3466/3466 3467/3467 3524/3524
f 3181/3181 3182/3182 3525/3525
f 3023/3023 3526/3526 3217/3217
f 3023/3023 3218/3218 3527/3527
f 3023/3023 3527/3527 3526/3526
f 3218/3218 3219/3219 3528/3528
f 3218/3218 3528/3528 3527/3527
f 3219/3219 3476/3476 3528/3528
f 3474/3474 3473/3473 3529/3529
f 3207/3207 3227/3227 3530/3530
f 3227/3227 3531/3531 3530/3530
f 3227/3227 3479/3479 3531/3531
f 3479/3479 3480/3480 3532/3532
f 3532/3532 3480/3480 3533/3533
f 3480/3480 3228/3228 3533/3533
f 3228/3228 3481/3481 3533/3533
f 3481/3481 3482/3482 3534/3534
f 3482/3482 3229/3229 3483/3483
f 3485/3485 3486/3486 3535/3535
f 3489/3489 3491/3491 3536/3536
f 3245/3245 3537/3537 3538/3538
f 3245/3245 3493/3493 3537/3537
f 3491/3491 3492/3492 3496/3496
f 3496/3496 3279/3279 3539/3539
f 3539/3539 3279/3279 3540/3540
f 3279/3279 3282/3282 3540/3540
f 3497/3497 3541/3541 3542/3542
f 3282/3282 3543/3543 3540/3540
f 3497/3497 3498/3498 3541/3541
f 3541/3541 3498/3498 3501/3501
f 3282/3282 3544/3544 3543/3543
f 3282/3282 3307/3307 3544/3544
f 3544/3544 3307/3307 3545/3545
f 3501/3501 3502/3502 3546/3546
f 3307/3307 3316/3316 3545/3545
f 3502/3502 3547/3547 3546/3546
f 3316/3316 3548/3548 3545/3545
f 3316/3316 3326/3326 3548/3548
f 3502/3502 3332/3332 3547/3547
f 3547/3547 3332/3332 3549/3549
f 3326/3326 3550/3550 3548/3548
f 3326/3326 3342/3342 3550/3550
f 3550/3550 3342/3342 3551/3551
f 3342/3342 3357/3357 3551/3551
f 3503/3503 3504/3504 3552/3552
f 3551/3551 3357/3357 3553/3553
f 3357/3357 3368/3368 3553/3553
f 3504/3504 3554/3554 3552/3552
f 3368/3368 3505/3505 3553/3553
f 3554/3554 3504/3504 3555/3555
f 3504/3504 3506/3506 3555/3555
f 3397/3397 3556/3556 3505/3505
f 3555/3555 3506/3506 3507/3507
f 3397/3397 3399/3399 3556/3556
f 3399/3399 3406/3406 3556/3556
f 3507/3507 3508/3508 3557/3557
f 3406/3406 3415/3415 3558/3558
f 3508/3508 3427/3427 3557/3557
f 3415/3415 3425/3425 3559/3559
f 3427/3427 3510/3510 3560/3560
f 3425/3425 3513/3513 3559/3559
f 3559/3559 3513/3513 3561/3561
f 3510/3510 3436/3436 3560/3560
f 3513/3513 3514/3514 3561/3561
f 3514/3514 3516/3516 3561/3561
f 3562/3562 3563/3563 3564/3564
f 3463/3463 3519/3519 3565/3565
f 3175/3175 3520/3520 3566/3566
f 3176/3176 3464/3464 3521/3521
f 3464/3464 3567/3567 3521/3521
f 3465/3465 3568/3568 3522/3522
f 3465/3465 3179/3179 3568/3568
f 3467/3467 3468/3468 3524/3524
f 3467/3467 2993/2993 3468/3468
f 3468/3468 2866/2866 3569/3569
f 2866/2866 2994/2994 3569/3569
f 3180/3180 3470/3470 3570/3570
f 3470/3470 3471/3471 3570/3570
f 3525/3525 3182/3182 3571/3571
f 3572/3572 3472/3472 3573/3573
f 3472/3472 3206/3206 3573/3573
f 3573/3573 3206/3206 3574/3574
f 3206/3206 3207/3207 3574/3574
f 3199/3199 3475/3475 3575/3575
f 3475/3475 3200/3200 3576/3576
f 3200/3200 3217/3217 3576/3576
f 3576/3576 3217/3217 3577/3577
f 3217/3217 3526/3526 3577/3577
f 3528/3528 3476/3476 3578/3578
f 3478/3478 3477/3477 3579/3579
f 3530/3530 3580/3580 3207/3207
f 3479/3479 3581/3581 3531/3531
f 3479/3479 3532/3532 3581/3581
f 3482/3482 3483/3483 3534/3534
f 3483/3483 3484/3484 3582/3582
f 3484/3484 3485/3485 3583/3583
f 3484/3484 3583/3583 3582/3582
f 3485/3485 3535/3535 3583/3583
f 3584/3584 3536/3536 3585/3585
f 3477/3477 3538/3538 3579/3579
f 3536/3536 3491/3491 3585/3585
f 3585/3585 3491/3491 3586/3586
f 3491/3491 3496/3496 3586/3586
f 3493/3493 3587/3587 3537/3537
f 3496/3496 3588/3588 3586/3586
f 3496/3496 3539/3539 3588/3588
f 3493/3493 3497/3497 3587/3587
f 3497/3497 3542/3542 3587/3587
f 3589/3589 3590/3590 3591/3591
f 3501/3501 3592/3592 3541/3541
f 3592/3592 3501/3501 3546/3546
f 3548/3548 3550/3550 3593/3593
f 3332/3332 3594/3594 3549/3549
f 3332/3332 3343/3343 3594/3594
f 3343/3343 3503/3503 3594/3594
f 3594/3594 3503/3503 3595/3595
f 3550/3550 3551/3551 3596/3596
f 3596/3596 3551/3551 3597/3597
f 3503/3503 3552/3552 3595/3595
f 3551/3551 3553/3553 3598/3598
f 3599/3599 3600/3600 3601/3601
f 3601/3601 3600/3600 3602/3602
f 3553/3553 3505/3505 3603/3603
f 3603/3603 3505/3505 3556/3556
f 3604/3604 3605/3605 3606/3606
f 3604/3604 3606/3606 3607/3607
f 3555/3555 3507/3507 3608/3608
f 3556/3556 3406/3406 3609/3609
f 3507/3507 3557/3557 3608/3608
f 3607/3607 3606/3606 3610/3610
f 3607/3607 3610/3610 3611/3611
f 3406/3406 3558/3558 3609/3609
f 3415/3415 3559/3559 3558/3558
f 3427/3427 3560/3560 3557/3557
f 3560/3560 3436/3436 3612/3612
f 3559/3559 3561/3561 3613/3613
f 3444/3444 3445/3445 3614/3614
f 3615/3615 3616/3616 3564/3564
f 3616/3616 3562/3562 3564/3564
f 3445/3445 3517/3517 3614/3614
f 3519/3519 3175/3175 3617/3617
f 3175/3175 3566/3566 3617/3617
f 3464/3464 3522/3522 3567/3567
f 3522/3522 3568/3568 3567/3567
f 3179/3179 3178/3178 3568/3568
f 3178/3178 3523/3523 3568/3568
f 2994/2994 3469/3469 3569/3569
f 3180/3180 3570/3570 3618/3618
f 3181/3181 3525/3525 3471/3471
f 3471/3471 3525/3525 3619/3619
f 3525/3525 3571/3571 3619/3619
f 3572/3572 3573/3573 3620/3620
f 3575/3575 3475/3475 3621/3621
f 3475/3475 3576/3576 3621/3621
f 3621/3621 3576/3576 3622/3622
f 3576/3576 3577/3577 3622/3622
f 3577/3577 3526/3526 3623/3623
f 3526/3526 3527/3527 3623/3623
f 3527/3527 3528/3528 3623/3623
f 3528/3528 3578/3578 3623/3623
f 3623/3623 3578/3578 3624/3624
f 3579/3579 3625/3625 3626/3626
f 3207/3207 3627/3627 3574/3574
f 3207/3207 3580/3580 3627/3627
f 3530/3530 3628/3628 3580/3580
f 3530/3530 3531/3531 3628/3628
f 3531/3531 3581/3581 3628/3628
f 3628/3628 3581/3581 3629/3629
f 3581/3581 3630/3630 3629/3629
f 3581/3581 3532/3532 3630/3630
f 3532/3532 3533/3533 3630/3630
f 3533/3533 3631/3631 3630/3630
f 3533/3533 3481/3481 3631/3631
f 3631/3631 3481/3481 3632/3632
f 3481/3481 3534/3534 3632/3632
f 3534/3534 3633/3633 3632/3632
f 3534/3534 3483/3483 3633/3633
f 3633/3633 3483/3483 3634/3634
f 3483/3483 3582/3582 3634/3634
f 3582/3582 3583/3583 3635/3635
f 3584/3584 3585/3585 3636/3636
f 3636/3636 3585/3585 3637/3637
f 3579/3579 3538/3538 3625/3625
f 3625/3625 3538/3538 3638/3638
f 3637/3637 3585/3585 3586/3586
f 3538/3538 3537/3537 3639/3639
f 3538/3538 3639/3639 3638/3638
f 3537/3537 3587/3587 3639/3639
f 3588/3588 3539/3539 3640/3640
f 3587/3587 3542/3542 3641/3641
f 3539/3539 3540/3540 3640/3640
f 3542/3542 3541/3541 3641/3641
f 3541/3541 3592/3592 3641/3641
f 3589/3589 3591/3591 3642/3642
f 3544/3544 3545/3545 3643/3643
f 3643/3643 3545/3545 3593/3593
f 3545/3545 3548/3548 3593/3593
f 3547/3547 3549/3549 3546/3546
f 3593/3593 3550/3550 3596/3596
f 3595/3595 3552/3552 3594/3594
f 3551/3551 3598/3598 3597/3597
f 3601/3601 3602/3602 3644/3644
f 3554/3554 3555/3555 3645/3645
f 3555/3555 3608/3608 3645/3645
f 3556/3556 3646/3646 3603/3603
f 3645/3645 3608/3608 3647/3647
f 3556/3556 3609/3609 3646/3646
f 3608/3608 3557/3557 3647/3647
f 3609/3609 3558/3558 3648/3648
f 3647/3647 3557/3557 3649/3649
f 3611/3611 3610/3610 3650/3650
f 3558/3558 3559/3559 3648/3648
f 3557/3557 3560/3560 3649/3649
f 3559/3559 3651/3651 3648/3648
f 3560/3560 3612/3612 3652/3652
f 3652/3652 3612/3612 3653/3653
f 3559/3559 3613/3613 3651/3651
f 3651/3651 3613/3613 3654/3654
f 3444/3444 3614/3614 3655/3655
f 3614/3614 3517/3517 3518/3518
f 3518/3518 3461/3461 3656/3656
f 3462/3462 3463/3463 3657/3657
f 3657/3657 3463/3463 3658/3658
f 3463/3463 3565/3565 3658/3658
f 3658/3658 3565/3565 3659/3659
f 3565/3565 3519/3519 3659/3659
f 3519/3519 3617/3617 3659/3659
f 3566/3566 3520/3520 3660/3660
f 3660/3660 3520/3520 3661/3661
f 3520/3520 3521/3521 3661/3661
f 3521/3521 3567/3567 3661/3661
f 3567/3567 3662/3662 3661/3661
f 3662/3662 3567/3567 3663/3663
f 3567/3567 3568/3568 3663/3663
f 3663/3663 3568/3568 3664/3664
f 3664/3664 3568/3568 3665/3665
f 3568/3568 3523/3523 3665/3665
f 3523/3523 3466/3466 3665/3665
f 3665/3665 3466/3466 3666/3666
f 3466/3466 3524/3524 3667/3667
f 3466/3466 3667/3667 3666/3666
f 3524/3524 3468/3468 3667/3667
f 3468/3468 3668/3668 3667/3667
f 3468/3468 3569/3569 3668/3668
f 3668/3668 3569/3569 3669/3669
f 3569/3569 3469/3469 2995/2995
f 3569/3569 2995/2995 3669/3669
f 3618/3618 3570/3570 3670/3670
f 3570/3570 3671/3671 3670/3670
f 3570/3570 3471/3471 3619/3619
f 3570/3570 3619/3619 3671/3671
f 3672/3672 3575/3575 3621/3621
f 3673/3673 3620/3620 3674/3674
f 3620/3620 3573/3573 3674/3674
f 3674/3674 3573/3573 3675/3675
f 3573/3573 3574/3574 3675/3675
f 3622/3622 3577/3577 3676/3676
f 3577/3577 3623/3623 3676/3676
f 3623/3623 3677/3677 3676/3676
f 3623/3623 3624/3624 3677/3677
f 3677/3677 3624/3624 3678/3678
f 3626/3626 3625/3625 3679/3679
f 3679/3679 3625/3625 3680/3680
f 3681/3681 3682/3682 3683/3683
f 3681/3681 3684/3684 3682/3682
f 3574/3574 3627/3627 3685/3685
f 3685/3685 3627/3627 3686/3686
f 3627/3627 3580/3580 3686/3686
f 3580/3580 3628/3628 3686/3686
f 3686/3686 3628/3628 3687/3687
f 3628/3628 3688/3688 3687/3687
f 3628/3628 3629/3629 3688/3688
f 3688/3688 3629/3629 3689/3689
f 3629/3629 3630/3630 3689/3689
f 3630/3630 3690/3690 3689/3689
f 3630/3630 3631/3631 3690/3690
f 3631/3631 3632/3632 3690/3690
f 3690/3690 3632/3632 3691/3691
f 3632/3632 3633/3633 3691/3691
f 3633/3633 3634/3634 3692/3692
f 3633/3633 3692/3692 3691/3691
f 3634/3634 3582/3582 3692/3692
f 3582/3582 3635/3635 3692/3692
f 3692/3692 3635/3635 3693/3693
f 3636/3636 3694/3694 3695/3695
f 3696/3696 3697/3697 3698/3698
f 3625/3625 3638/3638 3680/3680
f 3637/3637 3586/3586 3694/3694
f 3638/3638 3639/3639 3680/3680
f 3699/3699 3700/3700 3701/3701
f 3694/3694 3586/3586 3702/3702
f 3586/3586 3588/3588 3702/3702
f 3639/3639 3587/3587 3703/3703
f 3588/3588 3640/3640 3702/3702
f 3702/3702 3640/3640 3704/3704
f 3587/3587 3641/3641 3703/3703
f 3704/3704 3640/3640 3705/3705
f 3640/3640 3540/3540 3705/3705
f 3641/3641 3706/3706 3703/3703
f 3540/3540 3543/3543 3705/3705
f 3543/3543 3544/3544 3705/3705
f 3705/3705 3544/3544 3707/3707
f 3641/3641 3592/3592 3706/3706
f 3706/3706 3592/3592 3708/3708
f 3544/3544 3643/3643 3707/3707
f 3707/3707 3643/3643 3709/3709
f 3592/3592 3546/3546 3708/3708
f 3643/3643 3593/3593 3709/3709
f 3593/3593 3710/3710 3709/3709
f 3546/3546 3711/3711 3708/3708
f 3546/3546 3549/3549 3711/3711
f 3710/3710 3593/3593 3712/3712
f 3593/3593 3596/3596 3712/3712
f 3549/3549 3594/3594 3711/3711
f 3711/3711 3594/3594 3713/3713
f 3596/3596 3597/3597 3712/3712
f 3594/3594 3552/3552 3713/3713
f 3597/3597 3714/3714 3712/3712
f 3597/3597 3598/3598 3714/3714
f 3713/3713 3552/3552 3715/3715
f 3598/3598 3553/3553 3714/3714
f 3552/3552 3554/3554 3715/3715
f 3714/3714 3553/3553 3716/3716
f 3553/3553 3603/3603 3716/3716
f 3715/3715 3554/3554 3645/3645
f 3716/3716 3603/3603 3717/3717
f 3603/3603 3646/3646 3717/3717
f 3646/3646 3718/3718 3717/3717
f 3646/3646 3609/3609 3718/3718
f 3645/3645 3647/3647 3719/3719
f 3609/3609 3648/3648 3718/3718
f 3647/3647 3649/3649 3719/3719
f 3718/3718 3648/3648 3720/3720
f 3721/3721 3722/3722 3723/3723
f 3722/3722 3724/3724 3723/3723
f 3648/3648 3651/3651 3720/3720
f 3720/3720 3651/3651 3725/3725
f 3649/3649 3652/3652 3726/3726
f 3652/3652 3653/3653 3726/3726
f 3727/3727 3728/3728 3724/3724
f 3729/3729 3730/3730 3731/3731
f 3732/3732 3733/3733 3734/3734
f 3735/3735 3736/3736 3737/3737
f 3655/3655 3614/3614 3738/3738
f 3614/3614 3518/3518 3738/3738
f 3738/3738 3518/3518 3739/3739
f 3739/3739 3518/3518 3656/3656
f 3658/3658 3740/3740 3657/3657
f 3658/3658 3659/3659 3740/3740
f 3740/3740 3659/3659 3741/3741
f 3659/3659 3617/3617 3741/3741
f 3617/3617 3566/3566 3741/3741
f 3741/3741 3566/3566 3742/3742
f 3566/3566 3660/3660 3742/3742
f 3660/3660 3661/3661 3742/3742
f 3742/3742 3661/3661 3743/3743
f 3661/3661 3662/3662 3743/3743
f 3743/3743 3662/3662 3744/3744
f 3662/3662 3663/3663 3744/3744
f 3663/3663 3745/3745 3744/3744
f 3663/3663 3664/3664 3745/3745
f 3664/3664 3746/3746 3745/3745
f 3664/3664 3665/3665 3746/3746
f 3746/3746 3665/3665 3747/3747
f 3665/3665 3666/3666 3747/3747
f 3747/3747 3666/3666 3748/3748
f 3666/3666 3667/3667 3748/3748
f 3667/3667 3668/3668 3748/3748
f 3668/3668 3749/3749 3748/3748
f 3668/3668 3669/3669 3749/3749
f 3669/3669 2995/2995 3749/3749
f 3750/3750 3751/3751 3752/3752
f 3751/3751 3753/3753 3752/3752
f 3753/3753 3754/3754 3752/3752
f 3753/3753 3755/3755 3754/3754
f 3755/3755 3756/3756 3754/3754
f 3755/3755 3757/3757 3756/3756
f 3756/3756 3757/3757 3758/3758
f 3757/3757 3759/3759 3758/3758
f 3758/3758 3759/3759 3760/3760
f 3760/3760 3759/3759 3761/3761
f 3759/3759 3762/3762 3761/3761
f 3761/3761 3762/3762 3763/3763
f 3762/3762 3764/3764 3763/3763
f 3764/3764 3765/3765 3763/3763
f 3763/3763 3765/3765 3766/3766
f 3765/3765 3767/3767 3768/3768
f 3765/3765 3768/3768 3766/3766
f 3767/3767 3769/3769 3768/3768
f 3769/3769 3770/3770 3768/3768
f 3769/3769 3771/3771 3770/3770
f 3771/3771 3772/3772 3770/3770
f 3772/3772 3773/3773 3770/3770
f 3774/3774 3775/3775 3776/3776
f 3775/3775 3777/3777 3776/3776
f 438/438 437/437 451/451
f 438/438 451/451 3778/3778
f 3775/3775 3779/3779 3777/3777
f 3780/3780 580/580 3781/3781
f 580/580 473/473 3781/3781
f 3781/3781 473/473 3782/3782
f 134/134 472/472 135/135
f 473/473 476/476 3782/3782
f 131/131 3783/3783 146/146
f 3779/3779 3784/3784 3777/3777
f 3777/3777 3784/3784 3785/3785
f 3783/3783 3786/3786 146/146
f 146/146 3786/3786 158/158
f 3786/3786 3787/3787 158/158
f 3784/3784 3788/3788 3785/3785
f 3787/3787 177/177 158/158
f 3784/3784 3789/3789 3788/3788
f 3787/3787 3790/3790 177/177
f 177/177 3790/3790 192/192
f 3788/3788 3789/3789 3791/3791
f 484/484 486/486 3792/3792
f 3789/3789 3793/3793 3791/3791
f 486/486 3794/3794 3792/3792
f 486/486 491/491 3794/3794
f 3793/3793 3795/3795 3791/3791
f 491/491 492/492 3794/3794
f 3794/3794 492/492 3796/3796
f 492/492 494/494 3796/3796
f 222/222 3797/3797 229/229
f 3793/3793 3798/3798 3795/3795
f 3797/3797 3799/3799 229/229
f 3793/3793 3800/3800 3798/3798
f 3800/3800 3801/3801 3798/3798
f 229/229 3799/3799 252/252
f 3799/3799 3802/3802 252/252
f 3801/3801 3803/3803 3798/3798
f 3802/3802 264/264 252/252
f 3802/3802 3804/3804 264/264
f 264/264 3804/3804 275/275
f 3801/3801 3805/3805 3803/3803
f 3804/3804 3806/3806 275/275
f 3805/3805 3807/3807 3803/3803
f 275/275 3806/3806 292/292
f 505/505 504/504 3808/3808
f 3805/3805 3809/3809 3807/3807
f 504/504 3810/3810 3808/3808
f 3810/3810 3811/3811 3808/3808
f 317/317 3812/3812 318/318
f 3812/3812 520/520 318/318
f 3810/3810 3813/3813 3811/3811
f 3811/3811 3813/3813 3814/3814
f 528/528 3815/3815 526/526
f 526/526 3815/3815 3816/3816
f 3816/3816 3815/3815 3817/3817
f 3815/3815 3818/3818 3817/3817
f 3817/3817 3818/3818 3819/3819
f 3818/3818 3820/3820 3819/3819
f 3820/3820 3821/3821 3819/3819
f 3820/3820 3822/3822 3821/3821
f 3822/3822 3823/3823 3821/3821
f 3821/3821 3823/3823 3824/3824
f 3823/3823 3825/3825 3826/3826
f 3823/3823 3826/3826 3824/3824
f 3825/3825 3827/3827 3826/3826
f 3827/3827 3828/3828 3829/3829
f 3827/3827 3829/3829 3826/3826
f 3828/3828 3830/3830 3829/3829
f 3829/3829 3830/3830 3831/3831
f 315/315 319/319 316/316
f 315/315 317/317 319/319
f 318/318 521/521 3832/3832
f 321/321 349/349 322/322
f 521/521 3833/3833 3832/3832
f 3833/3833 3834/3834 3832/3832
f 306/306 307/307 349/349
f 525/525 527/527 3835/3835
f 525/525 528/528 527/527
f 3809/3809 3836/3836 3807/3807
f 3809/3809 3837/3837 3836/3836
f 3837/3837 3838/3838 3839/3839
f 3837/3837 3839/3839 3836/3836
f 3840/3840 3841/3841 3750/3750
f 3750/3750 3841/3841 3751/3751
f 3841/3841 3842/3842 3751/3751
f 3842/3842 3753/3753 3751/3751
f 3842/3842 3843/3843 3753/3753
f 3753/3753 3843/3843 3755/3755
f 3843/3843 3844/3844 3755/3755
f 3755/3755 3844/3844 3757/3757
f 3844/3844 3845/3845 3757/3757
f 3845/3845 3846/3846 3757/3757
f 3846/3846 3759/3759 3757/3757
f 3846/3846 3847/3847 3759/3759
f 3759/3759 3847/3847 3762/3762
f 3847/3847 3848/3848 3762/3762
f 3762/3762 3848/3848 3764/3764
f 3848/3848 3849/3849 3764/3764
f 3764/3764 3849/3849 3765/3765
f 3849/3849 3850/3850 3765/3765
f 3850/3850 3767/3767 3765/3765
f 3850/3850 3851/3851 3767/3767
f 3851/3851 3769/3769 3767/3767
f 3851/3851 3852/3852 3769/3769
f 3852/3852 3853/3853 3769/3769
f 3769/3769 3853/3853 3771/3771
f 3853/3853 3854/3854 3771/3771
f 3854/3854 3772/3772 3771/3771
f 3774/3774 3855/3855 3775/3775
f 3855/3855 3779/3779 3775/3775
f 582/582 3856/3856 580/580
f 3855/3855 3857/3857 3779/3779
f 580/580 3856/3856 473/473
f 3856/3856 474/474 473/473
f 474/474 3858/3858 475/475
f 655/655 3858/3858 474/474
f 3857/3857 3859/3859 3779/3779
f 3859/3859 3784/3784 3779/3779
f 475/475 3858/3858 479/479
f 3858/3858 3860/3860 479/479
f 3859/3859 3861/3861 3784/3784
f 3860/3860 3862/3862 479/479
f 708/708 3862/3862 3860/3860
f 3863/3863 3862/3862 708/708
f 3784/3784 3861/3861 3789/3789
f 479/479 3862/3862 483/483
f 3861/3861 3864/3864 3789/3789
f 3864/3864 3865/3865 3789/3789
f 3862/3862 488/488 483/483
f 3863/3863 488/488 3862/3862
f 3865/3865 3793/3793 3789/3789
f 609/609 488/488 3863/3863
f 491/491 609/609 492/492
f 609/609 3866/3866 492/492
f 3866/3866 493/493 492/492
f 3867/3867 493/493 3866/3866
f 3865/3865 3868/3868 3793/3793
f 3867/3867 495/495 493/493
f 3868/3868 3800/3800 3793/3793
f 3869/3869 495/495 3867/3867
f 3868/3868 3801/3801 3800/3800
f 3869/3869 499/499 495/495
f 3868/3868 3870/3870 3801/3801
f 3871/3871 499/499 3869/3869
f 499/499 3872/3872 502/502
f 3871/3871 3872/3872 499/499
f 3801/3801 3870/3870 3805/3805
f 502/502 3872/3872 504/504
f 3872/3872 3873/3873 504/504
f 3871/3871 3873/3873 3872/3872
f 3874/3874 3873/3873 3871/3871
f 3870/3870 3875/3875 3805/3805
f 3805/3805 3875/3875 3809/3809
f 504/504 3873/3873 3810/3810
f 3873/3873 3876/3876 3810/3810
f 3877/3877 3878/3878 314/314
f 3878/3878 315/315 314/314
f 315/315 3878/3878 317/317
f 3878/3878 3879/3879 317/317
f 317/317 3879/3879 3812/3812
f 3812/3812 3880/3880 520/520
f 3880/3880 3881/3881 521/521
f 3880/3880 521/521 520/520
f 3881/3881 3882/3882 3833/3833
f 3881/3881 3833/3833 521/521
f 3883/3883 524/524 523/523
f 524/524 721/721 528/528
f 721/721 3884/3884 528/528
f 528/528 3884/3884 3815/3815
f 3884/3884 3885/3885 3815/3815
f 3885/3885 3818/3818 3815/3815
f 3885/3885 3886/3886 3818/3818
f 3886/3886 3887/3887 3818/3818
f 3818/3818 3887/3887 3820/3820
f 3887/3887 3888/3888 3820/3820
f 3888/3888 3889/3889 3820/3820
f 3820/3820 3889/3889 3822/3822
f 3889/3889 3890/3890 3822/3822
f 3822/3822 3890/3890 3823/3823
f 3890/3890 3891/3891 3823/3823
f 3891/3891 3892/3892 3823/3823
f 3823/3823 3892/3892 3825/3825
f 3825/3825 3892/3892 3827/3827
f 3892/3892 3893/3893 3827/3827
f 3893/3893 3828/3828 3827/3827
f 3893/3893 3830/3830 3828/3828
f 3875/3875 3894/3894 3809/3809
f 3809/3809 3894/3894 3837/3837
f 3894/3894 3895/3895 3837/3837
f 3895/3895 3838/3838 3837/3837
f 3841/3841 3896/3896 3842/3842
f 3896/3896 3897/3897 3842/3842
f 3842/3842 3897/3897 3843/3843
f 3898/3898 3847/3847 3846/3846
f 3899/3899 3852/3852 3851/3851
f 3772/3772 3900/3900 3773/3773
f 3900/3900 3901/3901 3773/3773
f 3902/3902 3903/3903 3855/3855
f 3902/3902 3855/3855 3774/3774
f 3903/3903 3904/3904 3855/3855
f 3904/3904 3905/3905 3855/3855
f 443/443 694/694 444/444
f 3905/3905 3857/3857 3855/3855
f 582/582 3906/3906 3856/3856
f 3906/3906 3907/3907 3856/3856
f 3907/3907 474/474 3856/3856
f 3907/3907 655/655 474/474
f 3908/3908 3859/3859 3857/3857
f 655/655 657/657 3858/3858
f 600/600 706/706 599/599
f 3858/3858 657/657 3860/3860
f 657/657 708/708 3860/3860
f 660/660 706/706 600/600
f 604/604 746/746 660/660
f 604/604 661/661 746/746
f 3909/3909 609/609 3863/3863
f 3909/3909 3910/3910 609/609
f 607/607 664/664 663/663
f 3910/3910 3866/3866 609/609
f 3910/3910 3911/3911 3866/3866
f 3866/3866 3911/3911 3867/3867
f 3911/3911 3912/3912 3867/3867
f 3912/3912 3869/3869 3867/3867
f 3912/3912 3913/3913 3869/3869
f 3869/3869 3913/3913 3871/3871
f 3913/3913 716/716 3871/3871
f 765/765 3873/3873 3874/3874
f 765/765 3876/3876 3873/3873
f 3914/3914 3878/3878 3877/3877
f 3878/3878 3915/3915 3879/3879
f 3915/3915 3812/3812 3879/3879
f 3915/3915 3916/3916 3812/3812
f 3916/3916 3880/3880 3812/3812
f 3916/3916 3881/3881 3880/3880
f 3881/3881 3917/3917 3882/3882
f 3883/3883 722/722 524/524
f 722/722 721/721 524/524
f 721/721 720/720 3884/3884
f 3885/3885 3918/3918 3886/3886
f 3892/3892 3919/3919 3893/3893
f 3919/3919 3920/3920 3893/3893
f 3893/3893 3921/3921 3830/3830
f 3922/3922 3895/3895 3894/3894
f 3923/3923 692/692 563/563
f 3924/3924 3925/3925 3841/3841
f 3924/3924 3841/3841 3840/3840
f 3925/3925 3896/3896 3841/3841
f 3897/3897 3926/3926 3843/3843
f 3926/3926 3844/3844 3843/3843
f 3926/3926 3927/3927 3844/3844
f 3927/3927 3845/3845 3844/3844
f 3927/3927 3846/3846 3845/3845
f 3927/3927 3898/3898 3846/3846
f 3898/3898 3928/3928 3847/3847
f 3928/3928 3929/3929 3847/3847
f 3929/3929 3848/3848 3847/3847
f 3849/3849 3930/3930 3850/3850
f 3899/3899 3931/3931 3852/3852
f 697/697 645/645 3932/3932
f 697/697 3906/3906 582/582
f 656/656 655/655 3907/3907
f 656/656 3933/3933 657/657
f 3908/3908 3934/3934 3859/3859
f 3933/3933 708/708 657/657
f 3859/3859 3934/3934 3861/3861
f 3933/3933 709/709 708/708
f 710/710 3863/3863 708/708
f 3934/3934 3864/3864 3861/3861
f 710/710 750/750 3863/3863
f 750/750 749/749 3863/3863
f 3864/3864 3935/3935 3865/3865
f 749/749 3909/3909 3863/3863
f 749/749 3936/3936 3909/3909
f 3936/3936 3937/3937 3909/3909
f 3937/3937 3910/3910 3909/3909
f 3935/3935 3938/3938 3865/3865
f 3937/3937 3939/3939 3910/3910
f 3939/3939 3911/3911 3910/3910
f 3938/3938 3868/3868 3865/3865
f 3911/3911 3940/3940 3912/3912
f 3940/3940 3941/3941 3912/3912
f 3912/3912 3941/3941 3913/3913
f 3941/3941 714/714 3913/3913
f 714/714 716/716 3913/3913
f 717/717 3871/3871 716/716
f 717/717 3874/3874 3871/3871
f 717/717 766/766 3874/3874
f 3942/3942 3875/3875 3870/3870
f 3874/3874 766/766 765/765
f 765/765 3943/3943 3876/3876
f 3914/3914 3915/3915 3878/3878
f 3944/3944 3945/3945 3916/3916
f 3916/3916 3945/3945 3881/3881
f 3945/3945 3917/3917 3881/3881
f 3943/3943 3946/3946 3876/3876
f 3885/3885 3947/3947 3918/3918
f 3918/3918 3948/3948 3886/3886
f 3886/3886 3948/3948 3887/3887
f 3948/3948 3888/3888 3887/3887
f 3948/3948 3949/3949 3888/3888
f 3888/3888 3949/3949 3889/3889
f 3949/3949 3950/3950 3889/3889
f 3889/3889 3950/3950 3890/3890
f 3950/3950 3951/3951 3890/3890
f 3951/3951 3952/3952 3890/3890
f 3890/3890 3952/3952 3891/3891
f 3891/3891 3952/3952 3892/3892
f 3952/3952 3953/3953 3892/3892
f 3892/3892 3953/3953 3919/3919
f 3953/3953 3954/3954 3919/3919
f 3920/3920 3921/3921 3893/3893
f 3922/3922 3955/3955 3895/3895
f 3955/3955 3838/3838 3895/3895
f 3956/3956 3957/3957 3926/3926
f 3926/3926 3957/3957 3927/3927
f 3957/3957 3958/3958 3927/3927
f 3958/3958 3959/3959 3927/3927
f 3959/3959 3898/3898 3927/3927
f 3960/3960 3928/3928 3898/3898
f 3961/3961 3848/3848 3929/3929
f 3961/3961 3849/3849 3848/3848
f 3962/3962 3850/3850 3930/3930
f 3850/3850 3962/3962 3851/3851
f 3852/3852 3963/3963 3853/3853
f 3854/3854 3964/3964 3772/3772
f 3964/3964 3965/3965 3900/3900
f 3964/3964 3900/3900 3772/3772
f 3966/3966 3903/3903 3902/3902
f 3904/3904 3967/3967 3905/3905
f 819/819 3968/3968 3969/3969
f 819/819 3969/3969 822/822
f 3968/3968 3970/3970 3969/3969
f 3969/3969 3970/3970 3971/3971
f 3971/3971 3970/3970 3972/3972
f 3970/3970 3973/3973 3972/3972
f 3973/3973 3974/3974 3975/3975
f 3973/3973 3975/3975 3972/3972
f 641/641 728/728 806/806
f 728/728 729/729 807/807
f 728/728 807/807 806/806
f 3932/3932 3976/3976 697/697
f 737/737 738/738 816/816
f 3977/3977 3978/3978 818/818
f 3978/3978 3979/3979 819/819
f 3978/3978 819/819 818/818
f 3979/3979 3980/3980 819/819
f 819/819 3980/3980 3968/3968
f 3980/3980 3981/3981 3968/3968
f 3968/3968 3981/3981 3970/3970
f 3981/3981 3982/3982 3970/3970
f 3982/3982 3983/3983 3970/3970
f 3970/3970 3983/3983 3973/3973
f 3983/3983 3984/3984 3974/3974
f 3983/3983 3974/3974 3973/3973
f 3984/3984 3985/3985 3974/3974
f 830/830 3986/3986 832/832
f 3976/3976 3906/3906 697/697
f 3987/3987 3988/3988 3978/3978
f 3987/3987 3978/3978 3977/3977
f 3988/3988 3989/3989 3978/3978
f 3978/3978 3989/3989 3979/3979
f 3989/3989 3990/3990 3979/3979
f 3979/3979 3990/3990 3980/3980
f 3990/3990 3981/3981 3980/3980
f 3990/3990 3982/3982 3981/3981
f 3991/3991 830/830 827/827
f 3976/3976 3992/3992 3907/3907
f 3976/3976 3907/3907 3906/3906
f 3993/3993 3988/3988 3987/3987
f 3990/3990 3994/3994 3982/3982
f 3994/3994 3995/3995 3982/3982
f 3995/3995 3983/3983 3982/3982
f 3993/3993 3996/3996 3988/3988
f 3988/3988 3996/3996 3989/3989
f 3996/3996 3997/3997 3990/3990
f 3996/3996 3990/3990 3989/3989
f 3995/3995 3998/3998 3983/3983
f 3998/3998 3999/3999 3984/3984
f 3998/3998 3984/3984 3983/3983
f 3999/3999 3985/3985 3984/3984
f 3905/3905 3908/3908 3857/3857
f 3992/3992 4000/4000 656/656
f 3992/3992 656/656 3907/3907
f 3997/3997 3994/3994 3990/3990
f 3999/3999 4001/4001 3985/3985
f 4000/4000 4002/4002 656/656
f 3993/3993 4003/4003 3996/3996
f 4004/4004 3994/3994 3997/3997
f 4004/4004 3995/3995 3994/3994
f 4003/4003 4005/4005 3996/3996
f 4005/4005 3997/3997 3996/3996
f 3998/3998 4006/4006 3999/3999
f 4006/4006 4001/4001 3999/3999
f 4007/4007 4002/4002 4000/4000
f 4005/4005 4004/4004 3997/3997
f 4006/4006 4008/4008 4001/4001
f 4002/4002 3933/3933 656/656
f 4004/4004 4009/4009 3995/3995
f 4009/4009 3998/3998 3995/3995
f 4010/4010 4009/4009 4004/4004
f 4011/4011 4003/4003 3993/3993
f 4005/4005 4012/4012 4004/4004
f 4009/4009 4013/4013 3998/3998
f 4013/4013 4006/4006 3998/3998
f 4002/4002 4014/4014 3933/3933
f 4007/4007 4014/4014 4002/4002
f 4011/4011 4015/4015 4003/4003
f 4015/4015 4016/4016 4005/4005
f 4015/4015 4005/4005 4003/4003
f 4016/4016 4012/4012 4005/4005
f 4013/4013 4017/4017 4006/4006
f 4017/4017 4008/4008 4006/4006
f 4018/4018 4014/4014 4007/4007
f 4012/4012 4010/4010 4004/4004
f 4016/4016 4019/4019 4012/4012
f 4019/4019 4010/4010 4012/4012
f 4020/4020 4013/4013 4009/4009
f 4013/4013 4021/4021 4017/4017
f 4021/4021 4022/4022 4008/4008
f 4021/4021 4008/4008 4017/4017
f 4011/4011 4023/4023 4015/4015
f 4023/4023 4016/4016 4015/4015
f 4010/4010 4020/4020 4009/4009
f 4020/4020 4024/4024 4013/4013
f 4024/4024 4021/4021 4013/4013
f 3933/3933 4014/4014 709/709
f 4023/4023 4025/4025 4016/4016
f 4025/4025 4019/4019 4016/4016
f 4021/4021 4026/4026 4022/4022
f 4027/4027 4014/4014 4018/4018
f 4028/4028 4020/4020 4010/4010
f 4019/4019 4028/4028 4010/4010
f 4014/4014 710/710 709/709
f 4027/4027 710/710 4014/4014
f 4029/4029 4023/4023 4011/4011
f 4030/4030 4019/4019 4025/4025
f 4024/4024 4031/4031 4021/4021
f 4031/4031 4026/4026 4021/4021
f 4029/4029 4032/4032 4023/4023
f 4032/4032 4030/4030 4023/4023
f 4023/4023 4030/4030 4025/4025
f 4030/4030 4033/4033 4019/4019
f 4028/4028 4034/4034 4020/4020
f 4034/4034 4035/4035 4020/4020
f 4020/4020 4035/4035 4024/4024
f 4035/4035 4031/4031 4024/4024
f 4033/4033 4028/4028 4019/4019
f 4033/4033 4036/4036 4028/4028
f 4035/4035 4037/4037 4031/4031
f 4037/4037 4038/4038 4031/4031
f 4031/4031 4038/4038 4026/4026
f 751/751 710/710 4027/4027
f 4030/4030 4036/4036 4033/4033
f 4036/4036 4039/4039 4028/4028
f 4039/4039 4034/4034 4028/4028
f 4034/4034 4040/4040 4035/4035
f 4040/4040 4037/4037 4035/4035
f 4029/4029 4041/4041 4032/4032
f 4041/4041 4030/4030 4032/4032
f 4041/4041 4042/4042 4030/4030
f 4042/4042 4036/4036 4030/4030
f 751/751 750/750 710/710
f 3934/3934 3935/3935 3864/3864
f 4043/4043 4041/4041 4029/4029
f 4036/4036 4044/4044 4039/4039
f 4039/4039 4045/4045 4034/4034
f 4045/4045 4040/4040 4034/4034
f 4037/4037 4046/4046 4038/4038
f 4044/4044 4045/4045 4039/4039
f 4040/4040 4047/4047 4037/4037
f 4047/4047 4046/4046 4037/4037
f 4041/4041 4048/4048 4042/4042
f 4042/4042 4044/4044 4036/4036
f 4045/4045 4049/4049 4040/4040
f 4049/4049 4047/4047 4040/4040
f 4048/4048 4044/4044 4042/4042
f 4047/4047 4050/4050 4046/4046
f 751/751 4051/4051 3936/3936
f 751/751 3936/3936 749/749
f 4043/4043 4052/4052 4041/4041
f 4052/4052 4048/4048 4041/4041
f 4044/4044 4053/4053 4045/4045
f 4053/4053 4054/4054 4045/4045
f 4054/4054 4049/4049 4045/4045
f 4051/4051 4055/4055 3936/3936
f 3936/3936 4055/4055 3937/3937
f 4048/4048 4053/4053 4044/4044
f 4056/4056 4049/4049 4054/4054
f 4053/4053 4056/4056 4054/4054
f 4049/4049 4057/4057 4047/4047
f 4057/4057 4050/4050 4047/4047
f 4056/4056 4058/4058 4049/4049
f 4058/4058 4057/4057 4049/4049
f 4055/4055 4059/4059 3937/3937
f 4060/4060 4052/4052 4043/4043
f 3937/3937 4059/4059 3939/3939
f 4057/4057 4061/4061 4050/4050
f 4062/4062 4056/4056 4053/4053
f 4059/4059 4063/4063 3939/3939
f 3939/3939 4063/4063 3911/3911
f 4064/4064 4062/4062 4053/4053
f 4052/4052 4065/4065 4048/4048
f 4065/4065 4053/4053 4048/4048
f 4066/4066 4058/4058 4056/4056
f 4065/4065 4064/4064 4053/4053
f 4062/4062 4066/4066 4056/4056
f 4063/4063 3940/3940 3911/3911
f 4067/4067 4058/4058 4066/4066
f 4063/4063 4068/4068 3940/3940
f 4060/4060 4069/4069 4052/4052
f 4069/4069 4065/4065 4052/4052
f 4070/4070 4071/4071 4064/4064
f 4064/4064 4071/4071 4062/4062
f 4071/4071 4067/4067 4062/4062
f 4062/4062 4067/4067 4066/4066
f 4058/4058 4072/4072 4057/4057
f 4072/4072 4061/4061 4057/4057
f 4073/4073 4069/4069 4060/4060
f 4065/4065 4070/4070 4064/4064
f 4067/4067 4074/4074 4058/4058
f 4074/4074 4072/4072 4058/4058
f 4072/4072 4075/4075 4061/4061
f 4069/4069 4076/4076 4065/4065
f 4076/4076 4070/4070 4065/4065
f 4068/4068 4077/4077 3940/3940
f 4070/4070 4078/4078 4071/4071
f 3938/3938 4079/4079 3868/3868
f 3940/3940 4077/4077 3941/3941
f 4080/4080 4078/4078 4070/4070
f 4078/4078 4067/4067 4071/4071
f 4074/4074 4081/4081 4072/4072
f 4081/4081 4082/4082 4072/4072
f 4072/4072 4082/4082 4075/4075
f 4083/4083 4069/4069 4073/4073
f 4076/4076 4080/4080 4070/4070
f 4078/4078 4084/4084 4067/4067
f 4084/4084 4085/4085 4074/4074
f 4084/4084 4074/4074 4067/4067
f 4085/4085 4081/4081 4074/4074
f 4069/4069 4086/4086 4076/4076
f 4086/4086 4080/4080 4076/4076
f 4083/4083 4086/4086 4069/4069
f 4080/4080 4087/4087 4078/4078
f 4087/4087 4084/4084 4078/4078
f 4085/4085 4088/4088 4081/4081
f 4086/4086 4087/4087 4080/4080
f 4084/4084 4089/4089 4085/4085
f 4089/4089 4088/4088 4085/4085
f 3868/3868 4079/4079 3870/3870
f 3941/3941 4077/4077 714/714
f 4090/4090 4087/4087 4086/4086
f 4091/4091 4084/4084 4087/4087
f 4092/4092 4093/4093 4089/4089
f 4092/4092 4089/4089 4084/4084
f 4093/4093 4088/4088 4089/4089
f 4091/4091 4092/4092 4084/4084
f 4094/4094 4087/4087 4090/4090
f 4094/4094 4091/4091 4087/4087
f 4077/4077 4095/4095 714/714
f 4079/4079 3942/3942 3870/3870
f 4096/4096 4097/4097 4083/4083
f 4083/4083 4097/4097 4086/4086
f 4097/4097 4090/4090 4086/4086
f 4094/4094 4098/4098 4091/4091
f 4091/4091 4099/4099 4092/4092
f 4099/4099 4093/4093 4092/4092
f 4093/4093 4100/4100 4088/4088
f 4095/4095 715/715 714/714
f 4090/4090 4098/4098 4094/4094
f 4101/4101 715/715 4095/4095
f 4097/4097 4098/4098 4090/4090
f 4098/4098 4102/4102 4091/4091
f 4091/4091 4102/4102 4099/4099
f 4103/4103 4102/4102 4098/4098
f 4099/4099 4104/4104 4093/4093
f 4104/4104 4100/4100 4093/4093
f 4101/4101 717/717 715/715
f 4105/4105 4097/4097 4096/4096
f 4103/4103 4106/4106 4102/4102
f 4104/4104 4107/4107 4100/4100
f 4097/4097 4103/4103 4098/4098
f 4102/4102 4108/4108 4099/4099
f 4108/4108 4104/4104 4099/4099
f 4105/4105 4109/4109 4097/4097
f 4106/4106 4108/4108 4102/4102
f 4109/4109 4103/4103 4097/4097
f 4106/4106 4110/4110 4108/4108
f 4110/4110 4104/4104 4108/4108
f 767/767 766/766 4101/4101
f 4101/4101 766/766 717/717
f 4105/4105 4111/4111 4109/4109
f 4111/4111 4112/4112 4109/4109
f 4112/4112 4103/4103 4109/4109
f 4110/4110 4113/4113 4104/4104
f 4113/4113 4114/4114 4104/4104
f 4104/4104 4114/4114 4107/4107
f 4115/4115 4111/4111 4105/4105
f 4116/4116 4110/4110 4106/4106
f 4112/4112 4117/4117 4103/4103
f 4117/4117 4116/4116 4106/4106
f 4117/4117 4106/4106 4103/4103
f 3942/3942 4118/4118 3875/3875
f 4111/4111 4117/4117 4112/4112
f 767/767 4119/4119 765/765
f 765/765 4119/4119 3943/3943
f 4120/4120 4121/4121 4115/4115
f 4115/4115 4121/4121 4111/4111
f 4121/4121 4117/4117 4111/4111
f 4116/4116 4113/4113 4110/4110
f 4121/4121 4122/4122 4117/4117
f 4122/4122 4123/4123 4117/4117
f 4123/4123 4124/4124 4117/4117
f 4117/4117 4124/4124 4116/4116
f 4116/4116 4125/4125 4113/4113
f 4125/4125 4126/4126 4113/4113
f 4126/4126 4127/4127 4114/4114
f 4126/4126 4114/4114 4113/4113
f 4128/4128 4129/4129 4120/4120
f 4120/4120 4129/4129 4121/4121
f 4129/4129 4123/4123 4122/4122
f 4129/4129 4122/4122 4121/4121
f 4124/4124 4125/4125 4116/4116
f 3914/3914 4130/4130 3915/3915
f 4130/4130 3944/3944 3916/3916
f 4130/4130 3916/3916 3915/3915
f 4131/4131 4132/4132 3945/3945
f 4131/4131 3945/3945 3944/3944
f 3945/3945 4132/4132 3917/3917
f 4119/4119 4133/4133 3946/3946
f 4119/4119 3946/3946 3943/3943
f 720/720 4134/4134 3884/3884
f 4134/4134 3885/3885 3884/3884
f 3947/3947 4135/4135 3918/3918
f 3918/3918 4135/4135 3948/3948
f 4135/4135 4136/4136 3948/3948
f 3948/3948 4137/4137 3949/3949
f 3949/3949 4138/4138 3950/3950
f 4138/4138 4139/4139 3950/3950
f 4139/4139 3951/3951 3950/3950
f 4139/4139 4140/4140 3951/3951
f 4140/4140 3952/3952 3951/3951
f 3919/3919 4141/4141 3920/3920
f 4141/4141 4142/4142 3920/3920
f 3920/3920 4142/4142 3921/3921
f 4128/4128 4143/4143 4129/4129
f 4143/4143 4144/4144 4129/4129
f 4129/4129 4144/4144 4123/4123
f 4144/4144 4145/4145 4123/4123
f 4123/4123 4145/4145 4124/4124
f 4145/4145 4146/4146 4124/4124
f 4124/4124 4146/4146 4125/4125
f 4146/4146 4147/4147 4125/4125
f 4147/4147 4126/4126 4125/4125
f 4147/4147 4148/4148 4127/4127
f 4147/4147 4127/4127 4126/4126
f 3875/3875 4118/4118 3894/3894
f 4149/4149 720/720 722/722
f 4150/4150 4151/4151 4145/4145
f 4145/4145 4151/4151 4146/4146
f 4151/4151 4152/4152 4146/4146
f 4152/4152 4153/4153 4147/4147
f 4152/4152 4147/4147 4146/4146
f 4153/4153 4154/4154 4148/4148
f 4153/4153 4148/4148 4147/4147
f 4118/4118 3922/3922 3894/3894
f 3955/3955 4155/4155 3838/3838
f 4156/4156 692/692 3923/3923
f 4157/4157 4158/4158 3924/3924
f 3924/3924 4158/4158 3925/3925
f 4158/4158 3896/3896 3925/3925
f 4158/4158 4159/4159 3896/3896
f 4159/4159 3897/3897 3896/3896
f 4159/4159 3926/3926 3897/3897
f 4159/4159 4160/4160 3926/3926
f 4160/4160 3956/3956 3926/3926
f 3959/3959 3960/3960 3898/3898
f 3960/3960 4161/4161 3928/3928
f 3928/3928 4161/4161 3929/3929
f 4161/4161 4162/4162 3929/3929
f 4162/4162 3961/3961 3929/3929
f 3961/3961 4163/4163 3849/3849
f 3849/3849 4163/4163 3930/3930
f 3962/3962 3931/3931 3851/3851
f 3931/3931 3899/3899 3851/3851
f 3931/3931 3963/3963 3852/3852
f 3903/3903 4164/4164 3904/3904
f 4164/4164 3967/3967 3904/3904
f 799/799 801/801 891/891
f 821/821 793/793 894/894
f 4165/4165 829/829 4166/4166
f 4165/4165 4166/4166 4167/4167
f 4168/4168 4169/4169 903/903
f 4168/4168 903/903 902/902
f 4169/4169 4170/4170 903/903
f 903/903 4170/4170 905/905
f 4170/4170 4171/4171 905/905
f 833/833 832/832 4172/4172
f 4171/4171 907/907 905/905
f 832/832 4173/4173 4172/4172
f 4174/4174 4175/4175 3932/3932
f 3932/3932 4175/4175 3976/3976
f 4172/4172 4173/4173 4176/4176
f 815/815 737/737 816/816
f 829/829 4177/4177 827/827
f 4165/4165 4177/4177 829/829
f 3986/3986 4173/4173 832/832
f 4178/4178 4177/4177 4165/4165
f 4177/4177 3991/3991 827/827
f 4175/4175 4179/4179 3992/3992
f 4175/4175 3992/3992 3976/3976
f 3986/3986 4180/4180 4173/4173
f 4181/4181 4182/4182 3986/3986
f 4181/4181 3986/3986 830/830
f 4182/4182 4180/4180 3986/3986
f 4183/4183 4184/4184 4178/4178
f 4178/4178 4184/4184 4177/4177
f 4184/4184 3991/3991 4177/4177
f 3991/3991 4184/4184 830/830
f 4184/4184 4181/4181 830/830
f 4179/4179 4000/4000 3992/3992
f 3905/3905 4185/4185 3908/3908
f 4180/4180 4186/4186 4187/4187
f 4182/4182 4186/4186 4180/4180
f 4183/4183 4188/4188 4184/4184
f 4184/4184 4189/4189 4181/4181
f 4189/4189 4182/4182 4181/4181
f 4187/4187 4186/4186 4190/4190
f 4188/4188 4189/4189 4184/4184
f 4191/4191 4189/4189 4188/4188
f 4192/4192 4182/4182 4189/4189
f 4192/4192 4186/4186 4182/4182
f 4185/4185 3934/3934 3908/3908
f 4183/4183 4191/4191 4188/4188
f 4193/4193 4192/4192 4189/4189
f 4186/4186 4194/4194 4190/4190
f 4191/4191 4193/4193 4189/4189
f 4195/4195 4191/4191 4183/4183
f 4185/4185 4196/4196 3934/3934
f 4186/4186 4197/4197 4194/4194
f 4192/4192 4197/4197 4186/4186
f 4191/4191 4198/4198 4193/4193
f 4193/4193 4197/4197 4192/4192
f 4195/4195 4199/4199 4191/4191
f 4199/4199 4198/4198 4191/4191
f 4198/4198 4197/4197 4193/4193
f 4194/4194 4197/4197 4200/4200
f 4201/4201 4199/4199 4195/4195
f 4199/4199 4202/4202 4198/4198
f 4203/4203 4202/4202 4199/4199
f 4202/4202 4197/4197 4198/4198
f 4201/4201 4203/4203 4199/4199
f 4202/4202 4204/4204 4197/4197
f 4197/4197 4204/4204 4200/4200
f 4204/4204 4205/4205 4200/4200
f 4203/4203 4206/4206 4202/4202
f 4206/4206 4204/4204 4202/4202
f 4196/4196 3935/3935 3934/3934
f 4207/4207 4206/4206 4203/4203
f 4196/4196 4208/4208 3935/3935
f 4204/4204 4209/4209 4205/4205
f 4201/4201 4210/4210 4203/4203
f 4210/4210 4207/4207 4203/4203
f 4211/4211 4210/4210 4201/4201
f 4210/4210 4206/4206 4207/4207
f 4212/4212 4209/4209 4204/4204
f 4206/4206 4212/4212 4204/4204
f 751/751 4213/4213 4051/4051
f 4210/4210 4212/4212 4206/4206
f 4211/4211 4214/4214 4210/4210
f 4214/4214 4212/4212 4210/4210
f 4213/4213 4215/4215 4051/4051
f 4212/4212 4216/4216 4209/4209
f 4051/4051 4215/4215 4055/4055
f 4217/4217 4212/4212 4214/4214
f 4217/4217 4216/4216 4212/4212
f 4215/4215 4218/4218 4055/4055
f 4219/4219 4220/4220 4214/4214
f 4219/4219 4214/4214 4211/4211
f 4214/4214 4220/4220 4217/4217
f 4220/4220 4221/4221 4217/4217
f 4221/4221 4222/4222 4217/4217
f 4217/4217 4222/4222 4216/4216
f 4222/4222 4223/4223 4216/4216
f 4219/4219 4224/4224 4220/4220
f 4224/4224 4225/4225 4220/4220
f 4225/4225 4221/4221 4220/4220
f 4225/4225 4226/4226 4221/4221
f 4226/4226 4222/4222 4221/4221
f 4226/4226 4227/4227 4222/4222
f 4222/4222 4227/4227 4223/4223
f 4218/4218 4228/4228 4055/4055
f 4055/4055 4228/4228 4059/4059
f 4227/4227 4229/4229 4223/4223
f 4208/4208 3938/3938 3935/3935
f 4230/4230 4231/4231 4219/4219
f 4219/4219 4231/4231 4224/4224
f 4231/4231 4232/4232 4225/4225
f 4231/4231 4225/4225 4224/4224
f 4232/4232 4226/4226 4225/4225
f 4232/4232 4233/4233 4226/4226
f 4226/4226 4233/4233 4227/4227
f 4228/4228 4234/4234 4059/4059
f 4235/4235 926/926 925/925
f 4236/4236 4063/4063 4059/4059
f 4237/4237 929/929 928/928
f 4236/4236 4238/4238 4063/4063
f 4239/4239 4240/4240 4241/4241
f 4239/4239 4241/4241 4242/4242
f 4240/4240 4243/4243 4241/4241
f 4241/4241 4243/4243 4244/4244
f 4243/4243 4245/4245 4244/4244
f 4245/4245 4246/4246 4247/4247
f 4245/4245 4247/4247 4244/4244
f 4238/4238 4248/4248 4063/4063
f 4247/4247 4246/4246 4249/4249
f 4250/4250 4240/4240 4239/4239
f 4243/4243 4251/4251 4245/4245
f 4251/4251 4246/4246 4245/4245
f 4251/4251 4252/4252 4246/4246
f 4248/4248 4253/4253 4063/4063
f 4252/4252 4254/4254 4246/4246
f 4253/4253 4068/4068 4063/4063
f 4250/4250 4255/4255 4240/4240
f 4240/4240 4255/4255 4243/4243
f 4255/4255 4251/4251 4243/4243
f 4255/4255 4252/4252 4251/4251
f 4256/4256 4252/4252 4255/4255
f 4068/4068 4253/4253 4077/4077
f 4256/4256 4257/4257 4252/4252
f 4253/4253 4258/4258 4077/4077
f 4257/4257 4259/4259 4254/4254
f 4257/4257 4254/4254 4252/4252
f 4250/4250 4260/4260 4255/4255
f 4261/4261 4079/4079 3938/3938
f 4260/4260 4256/4256 4255/4255
f 868/868 937/937 866/866
f 4262/4262 4260/4260 4250/4250
f 4256/4256 4263/4263 4257/4257
f 4263/4263 4259/4259 4257/4257
f 4260/4260 4264/4264 4256/4256
f 4264/4264 4263/4263 4256/4256
f 4265/4265 4264/4264 4260/4260
f 4262/4262 4265/4265 4260/4260
f 4258/4258 4266/4266 4095/4095
f 4258/4258 4095/4095 4077/4077
f 4263/4263 4267/4267 4259/4259
f 4264/4264 4267/4267 4263/4263
f 4262/4262 4268/4268 4265/4265
f 4265/4265 4269/4269 4264/4264
f 4269/4269 4267/4267 4264/4264
f 4079/4079 4270/4270 3942/3942
f 4268/4268 4269/4269 4265/4265
f 4095/4095 4266/4266 4101/4101
f 4268/4268 4271/4271 4269/4269
f 4269/4269 4272/4272 4267/4267
f 4273/4273 4271/4271 4268/4268
f 4271/4271 4272/4272 4269/4269
f 4267/4267 4274/4274 4275/4275
f 4272/4272 4274/4274 4267/4267
f 4262/4262 4273/4273 4268/4268
f 4276/4276 4273/4273 4262/4262
f 4270/4270 4118/4118 3942/3942
f 4273/4273 4277/4277 4271/4271
f 4277/4277 4274/4274 4271/4271
f 4271/4271 4274/4274 4272/4272
f 4274/4274 4278/4278 4275/4275
f 4101/4101 4279/4279 767/767
f 4277/4277 4280/4280 4274/4274
f 4280/4280 4278/4278 4274/4274
f 4276/4276 4281/4281 4273/4273
f 4281/4281 4282/4282 4273/4273
f 4282/4282 4283/4283 4273/4273
f 4273/4273 4283/4283 4277/4277
f 4283/4283 4280/4280 4277/4277
f 767/767 4279/4279 4119/4119
f 4284/4284 4285/4285 4276/4276
f 4276/4276 4285/4285 4281/4281
f 4285/4285 4286/4286 4281/4281
f 4281/4281 4286/4286 4282/4282
f 4286/4286 4287/4287 4283/4283
f 4286/4286 4283/4283 4282/4282
f 4279/4279 4288/4288 4119/4119
f 4280/4280 4289/4289 4278/4278
f 4287/4287 4290/4290 4283/4283
f 4283/4283 4290/4290 4280/4280
f 4290/4290 4289/4289 4280/4280
f 4291/4291 4292/4292 3914/3914
f 4292/4292 4130/4130 3914/3914
f 4292/4292 4293/4293 4130/4130
f 4130/4130 4293/4293 3944/3944
f 4293/4293 4131/4131 3944/3944
f 4284/4284 4294/4294 4285/4285
f 4294/4294 4295/4295 4285/4285
f 4285/4285 4295/4295 4286/4286
f 4295/4295 4296/4296 4286/4286
f 4286/4286 4296/4296 4287/4287
f 4287/4287 4296/4296 4290/4290
f 4296/4296 4297/4297 4290/4290
f 4288/4288 4298/4298 4133/4133
f 4288/4288 4133/4133 4119/4119
f 4297/4297 4289/4289 4290/4290
f 4299/4299 4134/4134 720/720
f 4134/4134 3947/3947 3885/3885
f 4136/4136 4137/4137 3948/3948
f 3949/3949 4137/4137 4138/4138
f 4140/4140 4300/4300 3952/3952
f 3952/3952 4300/4300 3953/3953
f 4300/4300 3954/3954 3953/3953
f 3954/3954 4301/4301 3919/3919
f 3919/3919 4301/4301 4141/4141
f 4301/4301 4302/4302 4141/4141
f 4302/4302 4142/4142 4141/4141
f 4302/4302 4303/4303 4304/4304
f 4302/4302 4304/4304 4142/4142
f 4305/4305 4303/4303 4302/4302
f 4131/4131 4306/4306 4132/4132
f 4307/4307 4299/4299 4149/4149
f 4149/4149 4299/4299 720/720
f 4303/4303 4308/4308 4304/4304
f 4308/4308 4309/4309 4304/4304
f 4304/4304 4309/4309 4310/4310
f 4310/4310 4309/4309 4311/4311
f 4309/4309 4312/4312 4311/4311
f 4313/4313 4314/4314 4315/4315
f 4314/4314 4316/4316 4315/4315
f 4315/4315 4316/4316 4317/4317
f 4316/4316 4318/4318 4319/4319
f 4316/4316 4319/4319 4317/4317
f 4118/4118 4320/4320 3922/3922
f 4320/4320 3955/3955 3922/3922
f 4158/4158 4321/4321 4159/4159
f 4162/4162 4322/4322 3961/3961
f 4322/4322 4163/4163 3961/3961
f 4163/4163 4323/4323 3930/3930
f 3930/3930 4323/4323 3962/3962
f 4323/4323 3931/3931 3962/3962
f 4324/4324 3963/3963 3931/3931
f 3853/3853 4325/4325 3854/3854
f 4325/4325 3964/3964 3854/3854
f 910/910 912/912 965/965
f 965/965 912/912 966/966
f 894/894 912/912 821/821
f 966/966 912/912 894/894
f 4326/4326 4327/4327 4328/4328
f 824/824 825/825 973/973
f 825/825 727/727 975/975
f 975/975 727/727 981/981
f 727/727 826/826 981/981
f 826/826 900/900 981/981
f 900/900 826/826 806/806
f 814/814 732/732 985/985
f 814/814 985/985 909/909
f 732/732 4329/4329 985/985
f 732/732 834/834 4329/4329
f 834/834 4330/4330 4329/4329
f 834/834 733/733 4330/4330
f 733/733 734/734 4330/4330
f 734/734 997/997 4330/4330
f 734/734 913/913 997/997
f 913/913 835/835 997/997
f 997/997 835/835 998/998
f 835/835 836/836 998/998
f 836/836 1001/1001 998/998
f 836/836 837/837 1001/1001
f 837/837 911/911 1001/1001
f 837/837 914/914 911/911
f 911/911 914/914 838/838
f 3967/3967 4331/4331 3905/3905
f 4331/4331 4185/4185 3905/3905
f 923/923 4332/4332 921/921
f 921/921 4332/4332 4333/4333
f 4334/4334 4234/4234 4228/4228
f 920/920 919/919 925/925
f 925/925 919/919 4335/4335
f 919/919 922/922 4335/4335
f 4234/4234 4336/4336 4059/4059
f 4336/4336 4236/4236 4059/4059
f 4208/4208 4337/4337 3938/3938
f 4337/4337 4261/4261 3938/3938
f 4292/4292 4338/4338 4293/4293
f 4338/4338 4339/4339 4293/4293
f 4339/4339 4340/4340 4293/4293
f 4293/4293 4341/4341 4131/4131
f 4293/4293 4340/4340 4341/4341
f 4299/4299 4342/4342 4134/4134
f 4343/4343 4344/4344 4342/4342
f 4342/4342 4345/4345 4134/4134
f 4342/4342 4344/4344 4345/4345
f 4345/4345 3947/3947 4134/4134
f 4346/4346 4347/4347 4348/4348
f 4345/4345 4349/4349 3947/3947
f 4345/4345 4350/4350 4349/4349
f 4349/4349 4135/4135 3947/3947
f 4350/4350 4351/4351 4349/4349
f 4349/4349 4352/4352 4135/4135
f 4351/4351 4352/4352 4349/4349
f 4135/4135 4352/4352 4136/4136
f 4136/4136 4352/4352 4137/4137
f 4351/4351 4353/4353 4352/4352
f 4352/4352 4354/4354 4138/4138
f 4352/4352 4138/4138 4137/4137
f 4352/4352 4353/4353 4354/4354
f 4354/4354 4139/4139 4138/4138
f 4354/4354 4355/4355 4139/4139
f 4353/4353 4355/4355 4354/4354
f 4355/4355 4140/4140 4139/4139
f 4353/4353 4356/4356 4355/4355
f 4140/4140 4355/4355 4300/4300
f 4355/4355 4357/4357 4300/4300
f 4356/4356 4357/4357 4355/4355
f 4357/4357 3954/3954 4300/4300
f 4358/4358 4359/4359 4360/4360
f 3954/3954 4357/4357 4301/4301
f 4359/4359 4361/4361 4360/4360
f 4357/4357 4305/4305 4301/4301
f 4360/4360 4361/4361 4362/4362
f 4305/4305 4302/4302 4301/4301
f 4363/4363 4292/4292 4291/4291
f 4341/4341 4340/4340 4131/4131
f 4340/4340 4364/4364 4306/4306
f 4340/4340 4306/4306 4131/4131
f 4364/4364 4365/4365 4366/4366
f 4364/4364 4366/4366 4306/4306
f 4365/4365 4367/4367 4368/4368
f 4365/4365 4368/4368 4366/4366
f 4367/4367 4369/4369 4368/4368
f 4370/4370 4369/4369 4367/4367
f 4368/4368 4369/4369 4307/4307
f 4369/4369 4371/4371 4307/4307
f 4370/4370 4371/4371 4369/4369
f 4370/4370 4372/4372 4371/4371
f 4371/4371 4343/4343 4299/4299
f 4371/4371 4299/4299 4307/4307
f 4371/4371 4372/4372 4343/4343
f 4343/4343 4342/4342 4299/4299
f 4372/4372 4344/4344 4343/4343
f 4361/4361 4373/4373 4362/4362
f 4305/4305 4374/4374 4303/4303
f 4375/4375 4374/4374 4305/4305
f 4374/4374 4308/4308 4303/4303
f 4375/4375 4376/4376 4308/4308
f 4375/4375 4308/4308 4374/4374
f 4308/4308 4377/4377 4309/4309
f 4376/4376 4377/4377 4308/4308
f 4377/4377 4378/4378 4312/4312
f 4377/4377 4312/4312 4309/4309
f 4376/4376 4378/4378 4377/4377
f 4378/4378 4379/4379 4312/4312
f 4312/4312 4379/4379 4313/4313
f 4379/4379 4314/4314 4313/4313
f 4379/4379 4380/4380 4314/4314
f 4314/4314 4380/4380 4316/4316
f 4380/4380 4381/4381 4316/4316
f 4316/4316 4381/4381 4318/4318
f 4382/4382 4383/4383 4158/4158
f 4382/4382 4158/4158 4157/4157
f 4384/4384 4385/4385 4386/4386
f 4383/4383 4321/4321 4158/4158
f 4383/4383 4387/4387 4321/4321
f 4385/4385 4388/4388 4386/4386
f 4321/4321 4387/4387 4159/4159
f 4385/4385 4389/4389 4388/4388
f 4389/4389 4390/4390 4388/4388
f 4387/4387 4391/4391 4159/4159
f 4388/4388 4390/4390 4392/4392
f 4391/4391 4160/4160 4159/4159
f 4390/4390 4393/4393 4392/4392
f 4391/4391 4394/4394 4160/4160
f 4160/4160 4394/4394 3956/3956
f 4391/4391 4395/4395 4394/4394
f 4394/4394 3957/3957 3956/3956
f 4394/4394 4396/4396 3957/3957
f 4396/4396 3958/3958 3957/3957
f 4396/4396 4397/4397 3958/3958
f 3958/3958 4397/4397 3959/3959
f 4397/4397 4398/4398 3959/3959
f 3959/3959 4398/4398 3960/3960
f 3960/3960 4398/4398 4161/4161
f 4398/4398 4399/4399 4162/4162
f 4398/4398 4162/4162 4161/4161
f 4399/4399 4322/4322 4162/4162
f 4399/4399 4400/4400 4322/4322
f 4322/4322 4400/4400 4163/4163
f 4163/4163 4400/4400 4323/4323
f 4400/4400 4401/4401 4323/4323
f 4323/4323 4401/4401 3931/3931
f 4401/4401 4402/4402 3931/3931
f 4402/4402 4324/4324 3931/3931
f 3963/3963 4403/4403 3853/3853
f 4403/4403 4325/4325 3853/3853
f 4404/4404 4405/4405 4384/4384
f 4384/4384 4405/4405 4385/4385
f 4405/4405 4406/4406 4389/4389
f 4405/4405 4389/4389 4385/4385
f 4404/4404 4407/4407 4405/4405
f 4407/4407 4408/4408 4405/4405
f 4408/4408 4406/4406 4405/4405
f 4408/4408 4409/4409 4406/4406
f 4409/4409 1028/1028 4406/4406
f 1028/1028 4410/4410 1029/1029
f 4409/4409 4410/4410 1028/1028
f 4410/4410 4411/4411 1029/1029
f 1029/1029 4411/4411 1031/1031
f 4411/4411 4412/4412 1031/1031
f 1031/1031 4412/4412 4413/4413
f 4412/4412 4414/4414 4413/4413
f 4413/4413 4415/4415 1032/1032
f 4415/4415 1033/1033 1032/1032
f 4328/4328 4416/4416 4404/4404
f 4404/4404 4416/4416 4407/4407
f 4416/4416 4417/4417 4407/4407
f 4407/4407 4417/4417 4408/4408
f 4408/4408 4417/4417 4409/4409
f 4409/4409 4418/4418 4410/4410
f 4418/4418 4419/4419 4410/4410
f 4410/4410 4419/4419 4411/4411
f 4419/4419 4420/4420 4411/4411
f 4420/4420 4412/4412 4411/4411
f 4414/4414 4415/4415 4413/4413
f 4415/4415 4421/4421 1033/1033
f 1033/1033 4421/4421 4422/4422
f 4421/4421 4423/4423 4422/4422
f 4423/4423 4424/4424 4425/4425
f 4426/4426 4427/4427 1035/1035
f 1035/1035 4427/4427 1036/1036
f 1036/1036 4428/4428 1038/1038
f 4428/4428 4429/4429 1039/1039
f 4428/4428 1039/1039 1038/1038
f 4328/4328 4327/4327 4416/4416
f 4327/4327 4430/4430 4416/4416
f 4430/4430 4431/4431 4416/4416
f 4416/4416 4431/4431 4417/4417
f 4431/4431 4432/4432 4417/4417
f 4417/4417 4432/4432 4409/4409
f 4409/4409 4432/4432 4418/4418
f 4432/4432 960/960 4418/4418
f 4418/4418 960/960 4419/4419
f 960/960 961/961 4420/4420
f 960/960 4420/4420 4419/4419
f 961/961 964/964 4420/4420
f 4420/4420 964/964 4412/4412
f 964/964 4414/4414 4412/4412
f 964/964 4433/4433 4414/4414
f 4433/4433 4415/4415 4414/4414
f 4433/4433 4434/4434 4415/4415
f 4415/4415 4434/4434 4421/4421
f 4434/4434 4435/4435 4421/4421
f 4421/4421 4435/4435 4423/4423
f 4435/4435 4436/4436 4423/4423
f 4436/4436 4424/4424 4423/4423
f 4436/4436 4437/4437 4424/4424
f 4436/4436 1046/1046 4437/4437
f 4437/4437 1046/1046 1048/1048
f 1047/1047 4438/4438 4439/4439
f 4438/4438 4440/4440 4439/4439
f 4438/4438 4441/4441 4440/4440
f 4441/4441 4426/4426 4440/4440
f 4441/4441 4442/4442 4426/4426
f 4426/4426 4442/4442 4427/4427
f 4442/4442 4443/4443 4427/4427
f 4443/4443 4444/4444 1036/1036
f 4443/4443 1036/1036 4427/4427
f 4444/4444 4445/4445 1036/1036
f 1036/1036 4445/4445 4428/4428
f 4445/4445 4446/4446 4428/4428
f 4446/4446 4447/4447 4429/4429
f 4446/4446 4429/4429 4428/4428
f 1094/1094 898/898 799/799
f 1094/1094 799/799 891/891
f 4327/4327 976/976 4430/4430
f 976/976 978/978 4431/4431
f 976/976 4431/4431 4430/4430
f 978/978 980/980 4431/4431
f 980/980 4432/4432 4431/4431
f 980/980 4448/4448 4432/4432
f 4432/4432 4448/4448 960/960
f 4448/4448 958/958 960/960
f 963/963 989/989 964/964
f 964/964 989/989 4433/4433
f 989/989 988/988 4433/4433
f 988/988 991/991 4433/4433
f 991/991 4434/4434 4433/4433
f 991/991 993/993 4434/4434
f 993/993 4435/4435 4434/4434
f 993/993 994/994 4435/4435
f 994/994 4436/4436 4435/4435
f 994/994 996/996 4436/4436
f 996/996 4449/4449 1046/1046
f 996/996 1046/1046 4436/4436
f 4449/4449 4450/4450 1046/1046
f 1046/1046 4450/4450 1047/1047
f 4450/4450 4438/4438 1047/1047
f 4450/4450 4451/4451 4438/4438
f 4451/4451 4441/4441 4438/4438
f 4451/4451 4452/4452 4441/4441
f 4452/4452 4442/4442 4441/4441
f 4452/4452 4453/4453 4442/4442
f 4442/4442 4453/4453 4443/4443
f 4331/4331 4454/4454 4185/4185
f 4185/4185 4455/4455 4196/4196
f 4455/4455 4456/4456 4196/4196
f 4456/4456 4457/4457 4196/4196
f 4196/4196 4457/4457 4208/4208
f 918/918 4458/4458 919/919
f 1053/1053 1103/1103 859/859
f 926/926 1006/1006 920/920
f 4458/4458 4459/4459 919/919
f 4459/4459 4460/4460 919/919
f 4460/4460 923/923 922/922
f 4460/4460 922/922 919/919
f 4461/4461 4462/4462 4261/4261
f 4261/4261 4462/4462 4079/4079
f 4462/4462 4270/4270 4079/4079
f 4462/4462 4463/4463 4270/4270
f 4270/4270 4463/4463 4118/4118
f 4464/4464 4465/4465 4466/4466
f 4467/4467 4465/4465 4464/4464
f 4465/4465 4467/4467 4468/4468
f 4467/4467 4469/4469 4468/4468
f 4469/4469 4470/4470 4468/4468
f 4339/4339 4471/4471 4340/4340
f 4471/4471 4472/4472 4340/4340
f 4470/4470 4473/4473 4474/4474
f 4472/4472 4475/4475 4340/4340
f 4340/4340 4475/4475 4364/4364
f 4474/4474 4473/4473 4476/4476
f 4473/4473 4477/4477 4476/4476
f 4475/4475 4365/4365 4364/4364
f 4475/4475 4367/4367 4365/4365
f 4476/4476 4477/4477 4478/4478
f 4346/4346 4479/4479 4347/4347
f 4479/4479 4480/4480 4347/4347
f 4479/4479 4481/4481 4480/4480
f 4481/4481 4482/4482 4480/4480
f 4480/4480 4483/4483 4347/4347
f 4347/4347 4483/4483 4484/4484
f 4480/4480 4482/4482 4483/4483
f 4482/4482 4485/4485 4483/4483
f 4483/4483 4486/4486 4484/4484
f 4485/4485 4486/4486 4483/4483
f 4486/4486 4487/4487 4484/4484
f 4485/4485 4487/4487 4486/4486
f 4487/4487 4488/4488 4484/4484
f 4485/4485 4489/4489 4487/4487
f 4489/4489 4490/4490 4487/4487
f 4487/4487 4491/4491 4488/4488
f 4487/4487 4490/4490 4491/4491
f 4488/4488 4491/4491 4358/4358
f 4490/4490 4492/4492 4491/4491
f 4491/4491 4493/4493 4358/4358
f 4492/4492 4493/4493 4491/4491
f 4492/4492 4494/4494 4493/4493
f 4493/4493 4359/4359 4358/4358
f 4493/4493 4361/4361 4359/4359
f 4494/4494 4361/4361 4493/4493
f 4494/4494 4495/4495 4361/4361
f 4496/4496 4497/4497 4464/4464
f 4464/4464 4497/4497 4467/4467
f 4497/4497 4498/4498 4467/4467
f 4498/4498 4469/4469 4467/4467
f 4498/4498 4499/4499 4469/4469
f 4499/4499 4500/4500 4469/4469
f 4469/4469 4500/4500 4470/4470
f 4500/4500 4501/4501 4473/4473
f 4500/4500 4473/4473 4470/4470
f 4501/4501 4502/4502 4473/4473
f 4502/4502 4477/4477 4473/4473
f 4502/4502 4503/4503 4477/4477
f 4478/4478 4477/4477 4504/4504
f 4503/4503 4505/4505 4477/4477
f 4477/4477 4506/4506 4504/4504
f 4477/4477 4505/4505 4506/4506
f 4506/4506 4479/4479 4504/4504
f 4505/4505 4507/4507 4506/4506
f 4506/4506 4481/4481 4479/4479
f 4507/4507 4481/4481 4506/4506
f 4507/4507 4508/4508 4481/4481
f 4508/4508 4509/4509 4481/4481
f 4481/4481 4509/4509 4482/4482
f 4509/4509 4510/4510 4482/4482
f 4510/4510 4511/4511 4482/4482
f 4511/4511 4512/4512 4482/4482
f 4512/4512 4485/4485 4482/4482
f 4512/4512 4513/4513 4485/4485
f 4485/4485 4513/4513 4489/4489
f 4513/4513 4514/4514 4489/4489
f 4489/4489 4514/4514 4490/4490
f 4514/4514 4515/4515 4490/4490
f 4515/4515 4516/4516 4490/4490
f 4490/4490 4516/4516 4492/4492
f 4516/4516 4517/4517 4492/4492
f 4517/4517 4494/4494 4492/4492
f 4517/4517 4518/4518 4494/4494
f 4494/4494 4518/4518 4495/4495
f 4361/4361 4495/4495 4373/4373
f 4495/4495 4519/4519 4373/4373
f 4373/4373 4519/4519 4520/4520
f 4518/4518 4521/4521 4519/4519
f 4518/4518 4519/4519 4495/4495
f 4519/4519 4522/4522 4520/4520
f 4376/4376 4523/4523 4378/4378
f 4521/4521 4522/4522 4519/4519
f 4521/4521 4524/4524 4522/4522
f 4523/4523 4525/4525 4378/4378
f 4378/4378 4525/4525 4379/4379
f 4522/4522 4524/4524 4526/4526
f 4525/4525 4527/4527 4379/4379
f 4524/4524 4528/4528 4526/4526
f 4526/4526 4528/4528 4529/4529
f 4379/4379 4530/4530 4380/4380
f 4531/4531 4532/4532 4496/4496
f 4496/4496 4532/4532 4497/4497
f 4532/4532 4498/4498 4497/4497
f 4502/4502 4505/4505 4503/4503
f 4512/4512 4533/4533 4513/4513
f 4533/4533 4534/4534 4513/4513
f 4534/4534 4514/4514 4513/4513
f 4518/4518 4535/4535 4521/4521
f 4535/4535 4524/4524 4521/4521
f 4536/4536 4498/4498 4532/4532
f 4498/4498 4536/4536 4499/4499
f 4536/4536 4537/4537 4499/4499
f 4537/4537 4500/4500 4499/4499
f 4500/4500 4538/4538 4501/4501
f 4538/4538 4502/4502 4501/4501
f 4538/4538 4539/4539 4502/4502
f 4502/4502 4539/4539 4505/4505
f 4539/4539 4507/4507 4505/4505
f 4539/4539 4540/4540 4507/4507
f 4507/4507 4540/4540 4508/4508
f 4508/4508 4540/4540 4509/4509
f 4540/4540 4541/4541 4509/4509
f 4541/4541 4510/4510 4509/4509
f 4510/4510 1070/1070 4511/4511
f 1070/1070 4512/4512 4511/4511
f 1070/1070 4533/4533 4512/4512
f 4534/4534 4542/4542 4514/4514
f 4514/4514 4542/4542 4515/4515
f 4542/4542 4543/4543 4515/4515
f 4515/4515 4543/4543 4516/4516
f 4516/4516 4543/4543 4517/4517
f 4543/4543 4544/4544 4518/4518
f 4543/4543 4518/4518 4517/4517
f 4544/4544 4535/4535 4518/4518
f 4545/4545 4524/4524 4535/4535
f 4524/4524 4546/4546 4528/4528
f 4532/4532 4547/4547 4536/4536
f 4547/4547 4537/4537 4536/4536
f 4537/4537 4538/4538 4500/4500
f 4541/4541 1070/1070 4510/4510
f 1070/1070 1071/1071 4533/4533
f 1071/1071 1072/1072 4533/4533
f 1072/1072 4534/4534 4533/4533
f 1072/1072 4548/4548 4534/4534
f 4548/4548 4542/4542 4534/4534
f 4549/4549 4545/4545 4535/4535
f 4545/4545 1080/1080 4524/4524
f 1080/1080 4546/4546 4524/4524
f 4550/4550 4551/4551 4531/4531
f 4531/4531 4551/4551 4532/4532
f 4551/4551 4552/4552 4532/4532
f 4532/4532 4552/4552 4547/4547
f 4552/4552 4553/4553 4547/4547
f 4547/4547 4553/4553 4537/4537
f 4553/4553 4538/4538 4537/4537
f 4553/4553 4554/4554 4538/4538
f 4554/4554 4539/4539 4538/4538
f 4539/4539 4554/4554 4540/4540
f 4554/4554 1068/1068 4540/4540
f 4540/4540 1068/1068 4541/4541
f 1079/1079 1080/1080 4545/4545
f 4550/4550 4555/4555 4551/4551
f 4555/4555 4556/4556 4551/4551
f 4551/4551 4556/4556 4552/4552
f 4556/4556 4557/4557 4552/4552
f 4557/4557 4553/4553 4552/4552
f 4557/4557 4558/4558 4553/4553
f 4558/4558 4554/4554 4553/4553
f 4558/4558 4559/4559 4554/4554
f 4554/4554 4559/4559 1068/1068
f 4559/4559 4560/4560 1068/1068
f 1068/1068 4560/4560 1069/1069
f 4560/4560 4561/4561 1069/1069
f 4561/4561 4562/4562 1073/1073
f 4561/4561 1073/1073 1069/1069
f 4562/4562 4563/4563 1073/1073
f 1073/1073 4563/4563 1074/1074
f 1074/1074 4563/4563 1076/1076
f 4563/4563 4564/4564 1076/1076
f 4564/4564 1077/1077 1076/1076
f 1022/1022 1023/1023 4565/4565
f 1077/1077 4566/4566 1079/1079
f 1079/1079 4566/4566 1080/1080
f 4566/4566 1081/1081 1080/1080
f 4156/4156 1027/1027 692/692
f 4395/4395 4396/4396 4394/4394
f 4395/4395 4567/4567 4396/4396
f 4568/4568 4569/4569 4393/4393
f 4393/4393 4569/4569 4570/4570
f 4567/4567 4397/4397 4396/4396
f 4569/4569 4571/4571 4570/4570
f 4567/4567 4572/4572 4397/4397
f 4571/4571 4573/4573 4570/4570
f 4397/4397 4572/4572 4398/4398
f 4571/4571 4574/4574 4573/4573
f 4572/4572 4575/4575 4398/4398
f 4573/4573 4574/4574 4576/4576
f 4398/4398 4575/4575 4399/4399
f 4575/4575 4400/4400 4399/4399
f 4574/4574 4577/4577 4576/4576
f 4575/4575 4578/4578 4400/4400
f 4577/4577 4579/4579 4576/4576
f 4577/4577 4580/4580 4579/4579
f 4580/4580 4581/4581 4579/4579
f 4578/4578 4401/4401 4400/4400
f 4578/4578 4582/4582 4401/4401
f 4579/4579 4581/4581 4583/4583
f 4581/4581 4584/4584 4583/4583
f 4582/4582 4402/4402 4401/4401
f 4582/4582 4585/4585 4402/4402
f 4584/4584 4586/4586 4587/4587
f 4584/4584 4587/4587 4583/4583
f 4585/4585 4588/4588 4324/4324
f 4585/4585 4324/4324 4402/4402
f 4586/4586 4589/4589 4587/4587
f 4587/4587 4589/4589 4590/4590
f 4389/4389 4406/4406 4390/4390
f 4406/4406 4591/4591 4390/4390
f 4406/4406 1028/1028 4591/4591
f 4390/4390 4591/4591 4393/4393
f 4591/4591 4568/4568 4393/4393
f 1028/1028 1030/1030 4591/4591
f 4591/4591 1030/1030 4568/4568
f 1030/1030 1031/1031 4568/4568
f 4568/4568 1031/1031 4569/4569
f 1031/1031 4413/4413 4569/4569
f 4413/4413 1032/1032 4569/4569
f 4569/4569 1032/1032 4571/4571
f 1032/1032 1034/1034 4571/4571
f 1034/1034 4592/4592 4571/4571
f 4592/4592 4574/4574 4571/4571
f 4592/4592 4593/4593 4574/4574
f 4593/4593 4594/4594 4574/4574
f 4574/4574 4594/4594 4577/4577
f 4594/4594 4580/4580 4577/4577
f 4594/4594 4595/4595 4580/4580
f 4580/4580 4595/4595 4581/4581
f 4595/4595 4596/4596 4581/4581
f 4596/4596 4597/4597 4581/4581
f 4597/4597 4584/4584 4581/4581
f 4597/4597 4598/4598 4584/4584
f 4584/4584 4598/4598 4586/4586
f 4598/4598 4589/4589 4586/4586
f 1034/1034 4422/4422 4592/4592
f 4593/4593 4437/4437 4594/4594
f 4594/4594 4599/4599 4595/4595
f 1035/1035 1037/1037 4597/4597
f 1037/1037 4598/4598 4597/4597
f 1037/1037 1038/1038 4598/4598
f 1038/1038 4589/4589 4598/4598
f 1033/1033 4422/4422 1034/1034
f 4422/4422 4423/4423 4592/4592
f 4423/4423 4425/4425 4592/4592
f 4592/4592 4425/4425 4593/4593
f 4425/4425 4424/4424 4593/4593
f 4424/4424 4437/4437 4593/4593
f 4599/4599 4440/4440 4595/4595
f 4595/4595 4440/4440 4596/4596
f 4440/4440 4426/4426 4596/4596
f 4426/4426 1035/1035 4596/4596
f 1035/1035 4597/4597 4596/4596
f 1038/1038 1040/1040 4589/4589
f 1048/1048 4594/4594 4437/4437
f 1048/1048 1047/1047 4594/4594
f 4594/4594 1047/1047 4599/4599
f 1047/1047 4439/4439 4599/4599
f 4599/4599 4439/4439 4440/4440
f 4457/4457 4337/4337 4208/4208
f 1052/1052 4458/4458 918/918
f 4460/4460 4600/4600 923/923
f 4600/4600 4332/4332 923/923
f 4336/4336 4601/4601 4236/4236
f 4601/4601 4602/4602 4236/4236
f 4602/4602 4238/4238 4236/4236
f 4603/4603 4461/4461 4261/4261
f 4463/4463 4320/4320 4118/4118
f 4604/4604 4379/4379 4527/4527
f 4604/4604 4530/4530 4379/4379
f 4544/4544 4549/4549 4535/4535
f 4605/4605 3955/3955 4320/4320
f 1068/1068 1070/1070 4541/4541
f 1072/1072 1075/1075 4548/4548
f 4548/4548 1075/1075 4542/4542
f 1075/1075 4543/4543 4542/4542
f 1075/1075 1076/1076 4543/4543
f 1076/1076 1078/1078 4543/4543
f 1078/1078 4544/4544 4543/4543
f 1078/1078 4549/4549 4544/4544
f 1078/1078 1079/1079 4549/4549
f 1079/1079 4545/4545 4549/4549
f 1083/1083 1067/1067 1066/1066
f 1082/1082 4546/4546 1080/1080
f 1083/1083 1085/1085 1067/1067
f 4164/4164 4331/4331 3967/3967
f 4606/4606 4454/4454 4331/4331
f 4454/4454 4455/4455 4185/4185
f 4458/4458 4607/4607 4459/4459
f 4607/4607 4600/4600 4459/4459
f 4459/4459 4600/4600 4460/4460
f 4234/4234 4608/4608 4336/4336
f 4608/4608 4601/4601 4336/4336
f 4602/4602 4609/4609 4238/4238
f 4610/4610 4603/4603 4337/4337
f 4603/4603 4261/4261 4337/4337
f 4611/4611 4463/4463 4462/4462
f 4612/4612 4320/4320 4463/4463
f 4530/4530 4613/4613 4380/4380
f 4613/4613 1135/1135 4380/4380
f 4380/4380 1135/1135 4381/4381
f 4588/4588 4614/4614 4324/4324
f 4614/4614 3963/3963 4324/4324
f 4606/4606 4455/4455 4454/4454
f 1052/1052 4615/4615 4458/4458
f 4615/4615 4607/4607 4458/4458
f 4607/4607 4616/4616 4600/4600
f 4616/4616 4617/4617 4600/4600
f 4600/4600 4617/4617 4332/4332
f 4618/4618 4234/4234 4334/4334
f 4619/4619 4461/4461 4603/4603
f 4620/4620 4611/4611 4462/4462
f 4611/4611 4612/4612 4463/4463
f 4621/4621 4530/4530 4604/4604
f 4613/4613 1136/1136 1135/1135
f 4622/4622 4605/4605 4320/4320
f 3964/3964 4623/4623 3965/3965
f 4623/4623 4624/4624 3965/3965
f 4625/4625 3903/3903 3966/3966
f 4164/4164 4626/4626 4331/4331
f 4456/4456 4627/4627 4457/4457
f 4610/4610 4337/4337 4457/4457
f 4628/4628 1052/1052 1006/1006
f 4618/4618 4629/4629 4234/4234
f 4629/4629 4608/4608 4234/4234
f 4630/4630 4631/4631 4621/4621
f 4631/4631 4632/4632 4621/4621
f 4621/4621 4632/4632 4530/4530
f 4632/4632 1138/1138 4613/4613
f 4632/4632 4613/4613 4530/4530
f 1138/1138 1136/1136 4613/4613
f 4633/4633 3963/3963 4614/4614
f 4625/4625 4634/4634 3903/3903
f 4634/4634 4164/4164 3903/3903
f 4626/4626 4606/4606 4331/4331
f 4635/4635 4455/4455 4606/4606
f 4627/4627 4610/4610 4457/4457
f 4602/4602 4636/4636 4609/4609
f 4461/4461 4620/4620 4462/4462
f 4612/4612 4622/4622 4320/4320
f 1158/1158 1178/1178 1132/1132
f 1138/1138 4637/4637 1137/1137
f 4638/4638 4614/4614 4588/4588
f 4634/4634 4639/4639 4164/4164
f 1145/1145 1183/1183 1146/1146
f 4635/4635 4640/4640 4455/4455
f 4640/4640 4641/4641 4455/4455
f 4641/4641 4456/4456 4455/4455
f 4627/4627 4642/4642 4610/4610
f 4610/4610 4619/4619 4603/4603
f 4632/4632 4643/4643 1138/1138
f 4643/4643 4644/4644 1138/1138
f 1138/1138 4644/4644 4637/4637
f 4644/4644 4645/4645 4637/4637
f 4642/4642 4646/4646 4610/4610
f 4610/4610 4646/4646 4619/4619
f 4611/4611 4620/4620 4612/4612
f 4631/4631 4643/4643 4632/4632
f 4403/4403 4647/4647 4325/4325
f 4647/4647 4648/4648 3964/3964
f 4647/4647 3964/3964 4325/4325
f 4648/4648 4623/4623 3964/3964
f 4628/4628 4649/4649 1052/1052
f 4649/4649 4615/4615 1052/1052
f 4650/4650 4616/4616 4607/4607
f 4651/4651 4617/4617 4616/4616
f 4629/4629 4652/4652 4608/4608
f 4652/4652 4601/4601 4608/4608
f 4644/4644 4653/4653 4645/4645
f 4633/4633 4654/4654 3963/3963
f 4655/4655 4606/4606 4626/4626
f 4655/4655 4635/4635 4606/4606
f 4456/4456 4656/4656 4627/4627
f 4656/4656 4642/4642 4627/4627
f 4650/4650 4651/4651 4616/4616
f 4630/4630 4657/4657 4631/4631
f 4657/4657 4643/4643 4631/4631
f 4638/4638 4658/4658 4614/4614
f 4658/4658 4633/4633 4614/4614
f 4654/4654 4403/4403 3963/3963
f 4164/4164 4639/4639 4626/4626
f 1190/1190 1196/1196 1165/1165
f 4659/4659 4640/4640 4635/4635
f 4641/4641 4656/4656 4456/4456
f 4652/4652 4660/4660 4601/4601
f 4660/4660 4661/4661 4601/4601
f 4601/4601 4661/4661 4602/4602
f 4661/4661 4636/4636 4602/4602
f 4619/4619 4662/4662 4461/4461
f 4662/4662 4663/4663 4461/4461
f 4461/4461 4664/4664 4620/4620
f 4664/4664 4612/4612 4620/4620
f 4665/4665 4644/4644 4643/4643
f 3955/3955 4666/4666 4155/4155
f 4667/4667 1027/1027 4156/4156
f 4639/4639 4655/4655 4626/4626
f 4655/4655 4659/4659 4635/4635
f 4615/4615 4668/4668 4607/4607
f 4668/4668 4650/4650 4607/4607
f 4642/4642 4669/4669 4646/4646
f 4661/4661 4670/4670 4636/4636
f 4671/4671 1154/1154 1153/1153
f 4646/4646 4662/4662 4619/4619
f 4663/4663 4664/4664 4461/4461
f 4664/4664 4672/4672 4612/4612
f 4657/4657 4673/4673 4643/4643
f 4673/4673 4665/4665 4643/4643
f 4612/4612 4674/4674 4622/4622
f 4665/4665 4675/4675 4644/4644
f 4675/4675 4653/4653 4644/4644
f 4676/4676 4659/4659 4655/4655
f 4656/4656 4677/4677 4642/4642
f 4677/4677 4669/4669 4642/4642
f 4651/4651 4678/4678 4617/4617
f 4679/4679 4629/4629 4618/4618
f 4680/4680 4662/4662 4646/4646
f 4605/4605 4681/4681 3955/3955
f 4681/4681 4666/4666 3955/3955
f 4667/4667 1218/1218 1027/1027
f 4682/4682 4654/4654 4633/4633
f 4648/4648 4683/4683 4623/4623
f 4683/4683 4624/4624 4623/4623
f 4634/4634 4684/4684 4639/4639
f 4685/4685 4640/4640 4659/4659
f 4640/4640 4686/4686 4641/4641
f 4687/4687 4649/4649 4628/4628
f 4649/4649 4688/4688 4615/4615
f 4688/4688 4668/4668 4615/4615
f 4679/4679 4689/4689 4629/4629
f 4689/4689 4652/4652 4629/4629
f 4630/4630 4690/4690 4657/4657
f 4671/4671 1213/1213 1154/1154
f 4669/4669 4680/4680 4646/4646
f 4672/4672 4674/4674 4612/4612
f 4690/4690 4673/4673 4657/4657
f 4622/4622 4691/4691 4605/4605
f 4691/4691 4681/4681 4605/4605
f 4640/4640 4692/4692 4686/4686
f 4686/4686 4693/4693 4641/4641
f 4693/4693 4656/4656 4641/4641
f 4694/4694 4695/4695 4650/4650
f 4650/4650 4695/4695 4651/4651
f 4695/4695 4678/4678 4651/4651
f 4680/4680 4663/4663 4662/4662
f 4663/4663 4672/4672 4664/4664
f 4625/4625 4696/4696 4634/4634
f 4696/4696 4684/4684 4634/4634
f 4693/4693 4677/4677 4656/4656
f 4677/4677 4697/4697 4669/4669
f 4687/4687 4698/4698 4649/4649
f 4698/4698 4688/4688 4649/4649
f 4699/4699 4690/4690 4630/4630
f 4673/4673 4700/4700 4665/4665
f 4700/4700 4701/4701 4665/4665
f 4665/4665 4701/4701 4675/4675
f 4658/4658 4682/4682 4633/4633
f 4684/4684 4702/4702 4639/4639
f 4702/4702 4703/4703 4655/4655
f 4702/4702 4655/4655 4639/4639
f 4668/4668 4694/4694 4650/4650
f 1237/1237 1257/1257 1186/1186
f 4663/4663 4704/4704 4672/4672
f 4682/4682 4705/4705 4654/4654
f 4705/4705 4403/4403 4654/4654
f 4703/4703 4676/4676 4655/4655
f 4676/4676 4685/4685 4659/4659
f 4685/4685 4692/4692 4640/4640
f 4706/4706 4680/4680 4669/4669
f 4690/4690 4707/4707 4673/4673
f 4707/4707 4700/4700 4673/4673
f 4708/4708 4658/4658 4638/4638
f 4705/4705 4647/4647 4403/4403
f 4697/4697 4706/4706 4669/4669
f 4680/4680 4709/4709 4663/4663
f 4699/4699 4710/4710 4690/4690
f 4710/4710 4707/4707 4690/4690
f 4647/4647 4711/4711 4648/4648
f 4711/4711 4683/4683 4648/4648
f 1265/1265 1261/1261 1274/1274
f 4712/4712 4697/4697 4677/4677
f 4709/4709 4704/4704 4663/4663
f 4705/4705 4713/4713 4647/4647
f 4713/4713 4711/4711 4647/4647
f 4688/4688 4714/4714 4668/4668
f 4714/4714 4694/4694 4668/4668
f 4689/4689 4715/4715 4652/4652
f 4715/4715 4716/4716 4652/4652
f 4652/4652 4716/4716 4660/4660
f 4716/4716 4717/4717 4660/4660
f 4660/4660 4717/4717 4661/4661
f 4717/4717 4670/4670 4661/4661
f 4718/4718 4680/4680 4706/4706
f 1275/1275 1265/1265 1274/1274
f 4712/4712 4719/4719 4697/4697
f 4704/4704 4674/4674 4672/4672
f 4720/4720 4710/4710 4699/4699
f 4721/4721 4722/4722 4707/4707
f 4707/4707 4722/4722 4700/4700
f 4722/4722 4701/4701 4700/4700
f 4723/4723 4622/4622 4674/4674
f 4683/4683 4724/4724 4624/4624
f 4725/4725 4696/4696 4625/4625
f 1275/1275 1283/1283 1265/1265
f 4693/4693 4712/4712 4677/4677
f 4726/4726 4698/4698 4687/4687
f 4727/4727 4695/4695 4694/4694
f 4719/4719 4706/4706 4697/4697
f 4728/4728 4704/4704 4709/4709
f 4729/4729 4723/4723 4674/4674
f 4720/4720 4730/4730 4710/4710
f 4730/4730 4721/4721 4710/4710
f 4710/4710 4721/4721 4707/4707
f 4711/4711 4731/4731 4683/4683
f 4731/4731 4724/4724 4683/4683
f 4732/4732 4686/4686 4692/4692
f 4671/4671 1296/1296 1213/1213
f 4718/4718 4709/4709 4680/4680
f 1305/1305 1283/1283 1275/1275
f 4685/4685 4732/4732 4692/4692
f 4686/4686 4733/4733 4693/4693
f 4714/4714 4727/4727 4694/4694
f 4704/4704 4729/4729 4674/4674
f 4681/4681 4734/4734 4666/4666
f 4735/4735 1218/1218 4667/4667
f 4684/4684 4736/4736 4702/4702
f 4736/4736 4737/4737 4702/4702
f 4737/4737 4703/4703 4702/4702
f 4703/4703 4738/4738 4676/4676
f 4738/4738 4685/4685 4676/4676
f 4739/4739 4686/4686 4732/4732
f 4733/4733 4712/4712 4693/4693
f 4695/4695 4740/4740 4678/4678
f 4740/4740 4741/4741 4678/4678
f 4719/4719 4742/4742 4706/4706
f 4743/4743 4722/4722 4721/4721
f 4722/4722 4744/4744 4701/4701
f 4739/4739 4733/4733 4686/4686
f 4712/4712 4742/4742 4719/4719
f 4688/4688 4745/4745 4714/4714
f 4745/4745 4727/4727 4714/4714
f 4727/4727 4740/4740 4695/4695
f 4717/4717 4746/4746 4670/4670
f 4747/4747 1296/1296 4671/4671
f 4742/4742 4718/4718 4706/4706
f 4748/4748 4709/4709 4718/4718
f 4709/4709 4748/4748 4728/4728
f 4749/4749 4729/4729 4704/4704
f 4743/4743 4744/4744 4722/4722
f 4691/4691 4750/4750 4681/4681
f 4750/4750 4734/4734 4681/4681
f 4735/4735 1325/1325 1218/1218
f 4708/4708 4751/4751 4658/4658
f 4751/4751 4682/4682 4658/4658
f 4752/4752 4705/4705 4682/4682
f 4740/4740 4753/4753 4741/4741
f 4754/4754 4715/4715 4689/4689
f 4728/4728 4749/4749 4704/4704
f 4723/4723 4691/4691 4622/4622
f 4751/4751 4752/4752 4682/4682
f 4755/4755 4713/4713 4705/4705
f 4756/4756 4757/4757 4698/4698
f 4756/4756 4698/4698 4726/4726
f 4757/4757 4758/4758 4688/4688
f 4757/4757 4688/4688 4698/4698
f 4758/4758 4745/4745 4688/4688
f 4745/4745 4759/4759 4727/4727
f 4713/4713 4760/4760 4711/4711
f 4760/4760 4731/4731 4711/4711
f 1332/1332 1335/1335 1283/1283
f 1332/1332 1283/1283 1305/1305
f 4738/4738 4761/4761 4685/4685
f 4685/4685 4761/4761 4732/4732
f 4762/4762 4742/4742 4712/4712
f 4715/4715 4763/4763 4716/4716
f 4763/4763 4717/4717 4716/4716
f 4749/4749 4764/4764 4729/4729
f 4763/4763 4765/4765 4717/4717
f 4765/4765 4746/4746 4717/4717
f 4747/4747 1345/1345 1296/1296
f 4742/4742 4766/4766 4718/4718
f 4766/4766 4748/4748 4718/4718
f 4764/4764 4723/4723 4729/4729
f 4720/4720 4767/4767 4730/4730
f 4767/4767 4768/4768 4721/4721
f 4767/4767 4721/4721 4730/4730
f 4768/4768 4743/4743 4721/4721
f 4752/4752 4769/4769 4705/4705
f 4761/4761 4770/4770 4732/4732
f 4733/4733 4762/4762 4712/4712
f 4771/4771 4766/4766 4742/4742
f 4748/4748 4772/4772 4728/4728
f 4772/4772 4773/4773 4728/4728
f 4774/4774 4769/4769 4752/4752
f 4769/4769 4755/4755 4705/4705
f 4755/4755 4760/4760 4713/4713
f 4773/4773 4749/4749 4728/4728
f 4773/4773 4764/4764 4749/4749
f 4775/4775 4691/4691 4723/4723
f 4725/4725 4776/4776 4696/4696
f 4776/4776 4736/4736 4696/4696
f 4696/4696 4736/4736 4684/4684
f 4754/4754 4763/4763 4715/4715
f 4777/4777 4767/4767 4720/4720
f 4778/4778 4779/4779 4751/4751
f 4778/4778 4751/4751 4708/4708
f 4779/4779 4752/4752 4751/4751
f 4739/4739 4780/4780 4733/4733
f 4759/4759 4781/4781 4727/4727
f 4781/4781 4782/4782 4740/4740
f 4781/4781 4740/4740 4727/4727
f 4783/4783 4784/4784 4754/4754
f 4782/4782 4753/4753 4740/4740
f 4784/4784 4763/4763 4754/4754
f 4767/4767 4785/4785 4768/4768
f 4775/4775 4786/4786 4691/4691
f 4786/4786 4750/4750 4691/4691
f 4779/4779 4774/4774 4752/4752
f 1367/1367 1361/1361 1332/1332
f 4737/4737 4738/4738 4703/4703
f 4756/4756 4787/4787 4757/4757
f 4787/4787 4788/4788 4758/4758
f 4787/4787 4758/4758 4757/4757
f 4788/4788 4745/4745 4758/4758
f 4770/4770 4789/4789 4732/4732
f 4732/4732 4789/4789 4739/4739
f 4733/4733 4780/4780 4762/4762
f 4762/4762 4790/4790 4742/4742
f 4791/4791 4792/4792 4763/4763
f 4763/4763 4792/4792 4765/4765
f 4790/4790 4771/4771 4742/4742
f 4792/4792 4746/4746 4765/4765
f 4766/4766 4793/4793 4748/4748
f 4793/4793 4772/4772 4748/4748
f 4750/4750 4794/4794 4734/4734
f 4795/4795 1377/1377 4735/4735
f 4735/4735 1377/1377 1325/1325
f 4760/4760 4796/4796 4731/4731
f 4796/4796 4724/4724 4731/4731
f 4797/4797 4761/4761 4738/4738
f 4798/4798 4787/4787 4756/4756
f 4747/4747 1373/1373 1345/1345
f 4799/4799 4773/4773 4772/4772
f 4800/4800 4767/4767 4777/4777
f 4785/4785 4801/4801 4768/4768
f 4801/4801 4743/4743 4768/4768
f 4743/4743 4802/4802 4744/4744
f 4769/4769 4803/4803 4755/4755
f 4804/4804 4805/4805 4725/4725
f 4805/4805 4776/4776 4725/4725
f 4776/4776 4806/4806 4736/4736
f 4737/4737 4797/4797 4738/4738
f 4807/4807 4766/4766 4771/4771
f 4772/4772 4793/4793 4799/4799
f 4764/4764 4775/4775 4723/4723
f 4801/4801 4802/4802 4743/4743
f 4808/4808 4797/4797 4737/4737
f 4789/4789 4780/4780 4739/4739
f 4788/4788 4809/4809 4745/4745
f 4809/4809 4759/4759 4745/4745
f 4759/4759 4810/4810 4781/4781
f 4786/4786 4811/4811 4750/4750
f 4811/4811 4794/4794 4750/4750
f 4774/4774 4803/4803 4769/4769
f 4755/4755 4812/4812 4760/4760
f 4812/4812 4796/4796 4760/4760
f 4797/4797 4770/4770 4761/4761
f 4780/4780 4790/4790 4762/4762
f 4790/4790 4813/4813 4771/4771
f 4813/4813 4807/4807 4771/4771
f 4807/4807 4814/4814 4766/4766
f 4814/4814 4793/4793 4766/4766
f 4799/4799 4815/4815 4764/4764
f 4799/4799 4764/4764 4773/4773
f 4816/4816 4803/4803 4774/4774
f 4806/4806 4817/4817 4736/4736
f 4817/4817 4737/4737 4736/4736
f 4818/4818 4808/4808 4737/4737
f 4789/4789 4819/4819 4780/4780
f 4819/4819 4790/4790 4780/4780
f 4779/4779 4820/4820 4774/4774
f 4803/4803 4821/4821 4755/4755
f 4821/4821 4812/4812 4755/4755
f 4809/4809 4810/4810 4759/4759
f 4784/4784 4822/4822 4763/4763
f 4822/4822 4791/4791 4763/4763
f 4792/4792 4823/4823 4746/4746
f 4824/4824 1373/1373 4747/4747
f 4815/4815 4825/4825 4764/4764
f 4785/4785 4826/4826 4801/4801
f 4826/4826 4827/4827 4801/4801
f 4827/4827 4802/4802 4801/4801
f 4820/4820 4816/4816 4774/4774
f 4817/4817 4818/4818 4737/4737
f 4814/4814 4828/4828 4793/4793
f 4767/4767 4826/4826 4785/4785
f 4827/4827 4829/4829 4802/4802
f 1419/1419 1401/1401 1367/1367
f 4797/4797 4830/4830 4770/4770
f 4807/4807 4831/4831 4814/4814
f 4793/4793 4815/4815 4799/4799
f 4800/4800 4832/4832 4767/4767
f 4832/4832 4826/4826 4767/4767
f 4833/4833 4830/4830 4797/4797
f 4819/4819 4834/4834 4790/4790
f 4813/4813 4835/4835 4807/4807
f 4824/4824 1430/1430 1373/1373
f 4825/4825 4775/4775 4764/4764
f 1419/1419 1432/1432 1401/1401
f 4834/4834 4813/4813 4790/4790
f 4783/4783 4836/4836 4784/4784
f 4836/4836 4822/4822 4784/4784
f 4828/4828 4815/4815 4793/4793
f 4821/4821 4837/4837 4812/4812
f 4837/4837 4796/4796 4812/4812
f 4805/4805 4838/4838 4776/4776
f 4838/4838 4806/4806 4776/4776
f 4808/4808 4839/4839 4797/4797
f 4830/4830 4789/4789 4770/4770
f 4840/4840 4841/4841 4798/4798
f 4798/4798 4841/4841 4787/4787
f 4841/4841 4842/4842 4788/4788
f 4841/4841 4788/4788 4787/4787
f 4842/4842 4809/4809 4788/4788
f 4809/4809 4843/4843 4810/4810
f 4810/4810 4844/4844 4781/4781
f 4844/4844 4782/4782 4781/4781
f 4822/4822 4845/4845 4791/4791
f 4845/4845 4792/4792 4791/4791
f 4846/4846 4832/4832 4800/4800
f 4847/4847 4811/4811 4786/4786
f 4779/4779 4848/4848 4820/4820
f 4848/4848 4816/4816 4820/4820
f 4839/4839 4833/4833 4797/4797
f 4843/4843 4844/4844 4810/4810
f 4845/4845 4849/4849 4792/4792
f 4849/4849 4823/4823 4792/4792
f 4835/4835 4831/4831 4807/4807
f 4831/4831 4828/4828 4814/4814
f 4850/4850 4827/4827 4826/4826
f 4851/4851 4779/4779 4778/4778
f 4852/4852 4821/4821 4803/4803
f 4844/4844 4853/4853 4782/4782
f 4854/4854 4836/4836 4783/4783
f 4832/4832 4850/4850 4826/4826
f 4816/4816 4852/4852 4803/4803
f 4830/4830 4855/4855 4789/4789
f 4789/4789 4855/4855 4819/4819
f 4856/4856 4828/4828 4831/4831
f 4850/4850 4857/4857 4827/4827
f 4857/4857 4829/4829 4827/4827
f 4795/4795 1455/1455 1377/1377
f 4851/4851 4858/4858 4779/4779
f 4858/4858 4848/4848 4779/4779
f 4813/4813 4834/4834 4835/4835
f 4859/4859 4815/4815 4828/4828
f 4775/4775 4860/4860 4786/4786
f 4811/4811 4861/4861 4794/4794
f 4862/4862 1455/1455 4795/4795
f 4848/4848 4852/4852 4816/4816
f 4837/4837 4863/4863 4796/4796
f 4864/4864 4865/4865 4804/4804
f 4804/4804 4865/4865 4805/4805
f 4865/4865 4838/4838 4805/4805
f 4818/4818 4866/4866 4808/4808
f 4866/4866 4839/4839 4808/4808
f 4834/4834 4867/4867 4835/4835
f 4868/4868 4775/4775 4825/4825
f 4860/4860 4847/4847 4786/4786
f 4838/4838 4869/4869 4806/4806
f 4869/4869 4817/4817 4806/4806
f 1419/1419 1473/1473 1432/1432
f 4846/4846 4870/4870 4832/4832
f 4870/4870 4871/4871 4832/4832
f 4832/4832 4871/4871 4850/4850
f 4871/4871 4857/4857 4850/4850
f 4868/4868 4860/4860 4775/4775
f 1470/1470 1473/1473 1419/1419
f 1459/1459 4872/4872 1446/1446
f 4822/4822 4873/4873 4845/4845
f 4873/4873 4849/4849 4845/4845
f 4815/4815 4874/4874 4825/4825
f 4857/4857 4875/4875 4829/4829
f 4855/4855 4876/4876 4819/4819
f 4876/4876 4834/4834 4819/4819
f 4849/4849 4877/4877 4823/4823
f 4878/4878 1430/1430 4824/4824
f 4874/4874 4815/4815 4859/4859
f 4847/4847 4879/4879 4811/4811
f 4879/4879 4861/4861 4811/4811
f 4833/4833 4855/4855 4830/4830
f 4876/4876 4880/4880 4834/4834
f 4842/4842 4881/4881 4809/4809
f 4881/4881 4843/4843 4809/4809
f 4882/4882 4831/4831 4835/4835
f 4882/4882 4856/4856 4831/4831
f 4856/4856 4859/4859 4828/4828
f 4874/4874 4868/4868 4825/4825
f 4883/4883 4852/4852 4848/4848
f 4839/4839 4884/4884 4833/4833
f 4855/4855 4885/4885 4876/4876
f 4886/4886 4853/4853 4844/4844
f 4836/4836 4887/4887 4822/4822
f 4887/4887 4873/4873 4822/4822
f 4867/4867 4882/4882 4835/4835
f 4888/4888 4859/4859 4856/4856
f 4869/4869 4818/4818 4817/4817
f 4889/4889 4866/4866 4818/4818
f 4843/4843 4886/4886 4844/4844
f 4890/4890 4870/4870 4846/4846
f 4862/4862 1502/1502 1455/1455
f 4869/4869 4889/4889 4818/4818
f 1470/1470 1512/1512 1473/1473
f 4889/4889 4891/4891 4866/4866
f 4891/4891 4892/4892 4866/4866
f 4892/4892 4839/4839 4866/4866
f 4884/4884 4855/4855 4833/4833
f 4880/4880 4867/4867 4834/4834
f 4841/4841 4881/4881 4842/4842
f 4854/4854 4893/4893 4836/4836
f 4893/4893 4887/4887 4836/4836
f 4873/4873 4894/4894 4849/4849
f 4894/4894 4877/4877 4849/4849
f 4895/4895 4856/4856 4882/4882
f 4874/4874 4896/4896 4868/4868
f 4858/4858 4883/4883 4848/4848
f 4865/4865 4897/4897 4838/4838
f 4897/4897 4869/4869 4838/4838
f 4839/4839 4892/4892 4884/4884
f 4886/4886 4898/4898 4853/4853
f 4899/4899 4893/4893 4854/4854
f 4900/4900 4882/4882 4867/4867
f 4895/4895 4901/4901 4856/4856
f 4902/4902 4903/4903 4858/4858
f 4902/4902 4858/4858 4851/4851
f 4903/4903 4883/4883 4858/4858
f 4864/4864 4904/4904 4865/4865
f 4904/4904 4897/4897 4865/4865
f 4885/4885 4905/4905 4876/4876
f 4880/4880 4900/4900 4867/4867
f 4890/4890 4906/4906 4870/4870
f 4906/4906 4871/4871 4870/4870
f 4907/4907 4852/4852 4883/4883
f 4907/4907 4821/4821 4852/4852
f 4821/4821 4908/4908 4837/4837
f 4908/4908 4863/4863 4837/4837
f 1515/1515 1512/1512 1470/1470
f 4905/4905 4880/4880 4876/4876
f 4878/4878 1518/1518 1430/1430
f 4909/4909 4874/4874 4859/4859
f 4896/4896 4910/4910 4868/4868
f 4857/4857 4911/4911 4875/4875
f 4879/4879 4912/4912 4861/4861
f 4913/4913 1502/1502 4862/4862
f 1522/1522 4872/4872 1459/1459
f 4887/4887 4914/4914 4873/4873
f 4914/4914 4894/4894 4873/4873
f 4888/4888 4909/4909 4859/4859
f 4871/4871 4915/4915 4857/4857
f 4915/4915 4911/4911 4857/4857
f 4910/4910 4860/4860 4868/4868
f 4907/4907 4916/4916 4821/4821
f 4916/4916 4908/4908 4821/4821
f 4897/4897 4917/4917 4869/4869
f 4892/4892 4918/4918 4884/4884
f 1522/1522 4919/4919 4872/4872
f 4920/4920 4881/4881 4841/4841
f 4901/4901 4888/4888 4856/4856
f 4918/4918 4855/4855 4884/4884
f 4881/4881 4921/4921 4843/4843
f 4921/4921 4886/4886 4843/4843
f 4894/4894 4922/4922 4877/4877
f 4923/4923 1518/1518 4878/4878
f 4905/4905 4924/4924 4880/4880
f 4900/4900 4895/4895 4882/4882
f 4906/4906 4925/4925 4871/4871
f 4925/4925 4915/4915 4871/4871
f 4885/4885 4924/4924 4905/4905
f 4920/4920 4926/4926 4881/4881
f 4927/4927 4921/4921 4881/4881
f 4921/4921 4928/4928 4886/4886
f 4928/4928 4898/4898 4886/4886
f 4914/4914 4929/4929 4894/4894
f 4929/4929 4922/4922 4894/4894
f 4909/4909 4896/4896 4874/4874
f 4930/4930 4860/4860 4910/4910
f 4847/4847 4931/4931 4879/4879
f 4931/4931 4912/4912 4879/4879
f 4903/4903 4932/4932 4883/4883
f 4883/4883 4933/4933 4907/4907
f 4934/4934 4855/4855 4918/4918
f 4934/4934 4885/4885 4855/4855
f 4880/4880 4935/4935 4900/4900
f 4926/4926 4927/4927 4881/4881
f 4936/4936 4901/4901 4895/4895
f 4901/4901 4937/4937 4888/4888
f 4860/4860 4938/4938 4847/4847
f 4938/4938 4931/4931 4847/4847
f 4916/4916 4939/4939 4908/4908
f 4939/4939 4940/4940 4908/4908
f 4908/4908 4940/4940 4863/4863
f 4941/4941 4904/4904 4864/4864
f 1552/1552 1512/1512 1515/1515
f 1556/1556 4919/4919 1522/1522
f 4887/4887 4942/4942 4914/4914
f 4942/4942 4929/4929 4914/4914
f 4900/4900 4943/4943 4895/4895
f 4913/4913 1559/1559 1502/1502
f 4944/4944 4945/4945 4902/4902
f 4902/4902 4945/4945 4903/4903
f 4945/4945 4932/4932 4903/4903
f 1552/1552 1562/1562 1512/1512
f 4892/4892 4946/4946 4918/4918
f 4935/4935 4880/4880 4924/4924
f 4893/4893 4947/4947 4887/4887
f 4947/4947 4942/4942 4887/4887
f 4943/4943 4936/4936 4895/4895
f 4948/4948 4906/4906 4890/4890
f 4930/4930 4938/4938 4860/4860
f 4932/4932 4933/4933 4883/4883
f 4917/4917 4949/4949 4869/4869
f 4869/4869 4949/4949 4889/4889
f 4949/4949 4950/4950 4889/4889
f 4946/4946 4934/4934 4918/4918
f 4934/4934 4951/4951 4885/4885
f 4923/4923 1550/1550 1518/1518
f 4952/4952 4943/4943 4900/4900
f 4953/4953 4910/4910 4896/4896
f 4953/4953 4930/4930 4910/4910
f 4933/4933 4954/4954 4907/4907
f 4954/4954 4916/4916 4907/4907
f 4950/4950 4891/4891 4889/4889
f 4955/4955 4951/4951 4934/4934
f 4951/4951 4924/4924 4885/4885
f 4951/4951 4956/4956 4924/4924
f 4935/4935 4952/4952 4900/4900
f 4936/4936 4937/4937 4901/4901
f 4937/4937 4909/4909 4888/4888
f 4937/4937 4957/4957 4909/4909
f 4957/4957 4896/4896 4909/4909
f 4941/4941 4958/4958 4904/4904
f 4958/4958 4897/4897 4904/4904
f 4959/4959 4946/4946 4892/4892
f 4899/4899 4947/4947 4893/4893
f 4915/4915 4960/4960 4911/4911
f 1587/1587 1562/1562 1552/1552
f 4950/4950 4959/4959 4891/4891
f 4891/4891 4959/4959 4892/4892
f 4927/4927 4961/4961 4921/4921
f 4961/4961 4962/4962 4921/4921
f 4962/4962 4928/4928 4921/4921
f 4928/4928 4963/4963 4898/4898
f 4964/4964 4947/4947 4899/4899
f 4929/4929 4965/4965 4922/4922
f 4965/4965 4966/4966 4922/4922
f 1587/1587 1618/1618 1562/1562
f 4946/4946 4955/4955 4934/4934
f 4956/4956 4935/4935 4924/4924
f 4962/4962 4963/4963 4928/4928
f 4967/4967 4937/4937 4936/4936
f 4957/4957 4953/4953 4896/4896
f 4968/4968 4906/4906 4948/4948
f 4969/4969 4915/4915 4925/4925
f 4970/4970 4952/4952 4935/4935
f 1556/1556 4971/4971 4919/4919
f 4972/4972 4926/4926 4920/4920
f 4926/4926 4961/4961 4927/4927
f 4967/4967 4973/4973 4937/4937
f 4968/4968 4974/4974 4906/4906
f 4974/4974 4969/4969 4906/4906
f 4906/4906 4969/4969 4925/4925
f 1607/1607 4971/4971 1556/1556
f 4961/4961 4975/4975 4962/4962
f 4976/4976 4977/4977 4942/4942
f 4976/4976 4942/4942 4947/4947
f 4977/4977 4978/4978 4929/4929
f 4977/4977 4929/4929 4942/4942
f 4978/4978 4965/4965 4929/4929
f 4965/4965 4979/4979 4966/4966
f 4953/4953 4980/4980 4930/4930
f 4969/4969 4981/4981 4915/4915
f 4981/4981 4960/4960 4915/4915
f 4945/4945 4982/4982 4932/4932
f 4964/4964 4983/4983 4947/4947
f 4983/4983 4976/4976 4947/4947
f 4943/4943 4967/4967 4936/4936
f 4931/4931 4984/4984 4912/4912
f 4985/4985 1559/1559 4913/4913
f 4944/4944 4986/4986 4945/4945
f 4986/4986 4982/4982 4945/4945
f 4982/4982 4933/4933 4932/4932
f 4958/4958 4987/4987 4897/4897
f 4987/4987 4917/4917 4897/4897
f 4959/4959 4988/4988 4946/4946
f 4951/4951 4989/4989 4956/4956
f 1615/1615 1591/1591 1535/1535
f 4990/4990 4931/4931 4938/4938
f 4991/4991 4986/4986 4944/4944
f 4987/4987 4992/4992 4917/4917
f 4992/4992 4949/4949 4917/4917
f 4993/4993 4970/4970 4935/4935
f 4952/4952 4994/4994 4943/4943
f 4995/4995 4937/4937 4973/4973
f 4995/4995 4957/4957 4937/4937
f 4980/4980 4938/4938 4930/4930
f 4982/4982 4954/4954 4933/4933
f 4950/4950 4996/4996 4959/4959
f 4993/4993 4956/4956 4989/4989
f 4956/4956 4993/4993 4935/4935
f 4972/4972 4997/4997 4926/4926
f 4997/4997 4961/4961 4926/4926
f 4994/4994 4967/4967 4943/4943
f 4998/4998 4973/4973 4967/4967
f 4999/4999 4980/4980 4953/4953
f 4939/4939 5000/5000 4940/4940
f 5001/5001 4958/4958 4941/4941
f 4997/4997 4975/4975 4961/4961
f 4975/4975 5002/5002 4962/4962
f 5002/5002 4963/4963 4962/4962
f 4968/4968 5003/5003 4974/4974
f 5003/5003 4969/4969 4974/4974
f 4985/4985 1632/1632 1559/1559
f 4986/4986 5004/5004 4982/4982
f 4996/4996 4950/4950 4949/4949
f 4988/4988 4955/4955 4946/4946
f 4989/4989 4951/4951 4955/4955
f 5005/5005 4970/4970 4993/4993
f 4957/4957 4999/4999 4953/4953
f 4916/4916 5006/5006 4939/4939
f 5006/5006 5000/5000 4939/4939
f 4996/4996 4988/4988 4959/4959
f 4994/4994 4998/4998 4967/4967
f 4995/4995 4999/4999 4957/4957
f 4981/4981 5007/5007 4960/4960
f 5004/5004 4954/4954 4982/4982
f 5008/5008 4993/4993 4989/4989
f 1615/1615 1641/1641 1591/1591
f 4980/4980 4990/4990 4938/4938
f 4954/4954 5009/5009 4916/4916
f 5009/5009 5006/5006 4916/4916
f 1647/1647 1650/1650 1618/1618
f 1647/1647 1618/1618 1587/1587
f 5010/5010 4998/4998 4994/4994
f 4995/4995 5011/5011 4999/4999
f 4969/4969 5012/5012 4981/4981
f 5012/5012 5007/5007 4981/4981
f 4988/4988 5013/5013 4955/4955
f 5014/5014 5003/5003 4968/4968
f 1635/1635 1653/1653 1644/1644
f 4949/4949 5015/5015 4996/4996
f 4996/4996 5016/5016 4988/4988
f 5008/5008 5005/5005 4993/4993
f 4970/4970 5017/5017 4952/4952
f 5018/5018 4973/4973 4998/4998
f 5013/5013 4989/4989 4955/4955
f 1607/1607 1707/1707 4971/4971
f 5019/5019 4997/4997 4972/4972
f 5020/5020 5002/5002 4975/4975
f 5020/5020 4975/4975 4997/4997
f 4964/4964 5021/5021 4983/4983
f 5021/5021 4976/4976 4983/4983
f 4973/4973 5011/5011 4995/4995
f 5022/5022 4954/4954 5004/5004
f 5001/5001 5023/5023 4958/4958
f 5023/5023 4987/4987 4958/4958
f 1685/1685 1650/1650 1647/1647
f 5016/5016 5013/5013 4988/4988
f 5005/5005 5017/5017 4970/4970
f 5019/5019 5020/5020 4997/4997
f 5021/5021 5024/5024 4976/4976
f 5024/5024 5025/5025 4977/4977
f 5024/5024 4977/4977 4976/4976
f 5025/5025 1689/1689 4977/4977
f 4977/4977 1689/1689 4978/4978
f 5017/5017 4994/4994 4952/4952
f 1689/1689 1691/1691 4965/4965
f 1689/1689 4965/4965 4978/4978
f 1691/1691 4979/4979 4965/4965
f 5018/5018 5011/5011 4973/4973
f 5003/5003 5026/5026 4969/4969
f 5026/5026 5012/5012 4969/4969
f 4990/4990 5027/5027 4931/4931
f 5027/5027 4984/4984 4931/4931
f 5015/5015 5016/5016 4996/4996
f 5008/5008 5028/5028 5005/5005
f 5029/5029 1639/1639 1640/1640
f 5017/5017 5010/5010 4994/4994
f 5010/5010 5030/5030 4998/4998
f 4999/4999 5031/5031 4980/4980
f 5032/5032 5007/5007 5012/5012
f 5022/5022 5033/5033 4954/4954
f 5033/5033 5009/5009 4954/4954
f 5013/5013 5034/5034 4989/4989
f 5034/5034 5035/5035 4989/4989
f 4989/4989 5035/5035 5008/5008
f 5030/5030 5036/5036 4998/4998
f 4998/4998 5036/5036 5018/5018
f 5035/5035 5028/5028 5008/5008
f 5026/5026 5032/5032 5012/5012
f 4980/4980 5031/5031 4990/4990
f 5031/5031 5027/5027 4990/4990
f 1685/1685 1669/1669 1650/1650
f 5037/5037 4963/4963 5002/5002
f 5018/5018 5038/5038 5011/5011
f 5014/5014 5039/5039 5003/5003
f 5039/5039 5026/5026 5003/5003
f 4986/4986 5040/5040 5004/5004
f 5040/5040 5022/5022 5004/5004
f 5020/5020 5037/5037 5002/5002
f 5037/5037 5041/5041 4963/4963
f 5042/5042 5021/5021 4964/4964
f 5043/5043 5010/5010 5017/5017
f 5043/5043 5044/5044 5010/5010
f 5044/5044 5030/5030 5010/5010
f 5045/5045 5039/5039 5014/5014
f 5032/5032 5046/5046 5007/5007
f 4991/4991 5047/5047 4986/4986
f 5047/5047 5040/5040 4986/4986
f 4992/4992 5015/5015 4949/4949
f 5048/5048 5034/5034 5013/5013
f 5038/5038 4999/4999 5011/5011
f 5015/5015 5049/5049 5016/5016
f 5016/5016 5048/5048 5013/5013
f 5050/5050 5037/5037 5020/5020
f 1709/1709 5051/5051 5052/5052
f 1709/1709 5052/5052 1691/1691
f 4999/4999 5053/5053 5031/5031
f 5009/5009 5054/5054 5006/5006
f 5054/5054 5000/5000 5006/5006
f 4992/4992 5055/5055 5015/5015
f 1713/1713 1669/1669 1685/1685
f 5049/5049 5048/5048 5016/5016
f 5035/5035 5056/5056 5028/5028
f 5057/5057 5005/5005 5028/5028
f 5057/5057 5017/5017 5005/5005
f 5058/5058 5020/5020 5019/5019
f 5050/5050 5059/5059 5037/5037
f 5042/5042 1779/1779 5021/5021
f 1779/1779 1781/1781 5021/5021
f 5021/5021 1781/1781 5024/5024
f 1781/1781 5025/5025 5024/5024
f 5036/5036 5060/5060 5018/5018
f 5061/5061 5038/5038 5018/5018
f 5038/5038 5053/5053 4999/4999
f 5062/5062 5047/5047 4991/4991
f 1713/1713 1714/1714 1669/1669
f 5055/5055 5049/5049 5015/5015
f 5034/5034 5056/5056 5035/5035
f 5058/5058 5050/5050 5020/5020
f 5025/5025 5063/5063 1689/1689
f 5063/5063 1690/1690 1689/1689
f 5064/5064 5036/5036 5030/5030
f 5053/5053 5065/5065 5031/5031
f 5045/5045 5066/5066 5039/5039
f 5066/5066 5026/5026 5039/5039
f 5027/5027 5067/5067 4984/4984
f 5068/5068 1632/1632 4985/4985
f 5057/5057 5069/5069 5017/5017
f 5069/5069 5043/5043 5017/5017
f 5063/5063 1729/1729 1690/1690
f 5060/5060 5061/5061 5018/5018
f 5066/5066 5070/5070 5026/5026
f 5070/5070 5032/5032 5026/5026
f 5054/5054 5071/5071 5000/5000
f 5072/5072 5023/5023 5001/5001
f 5072/5072 4987/4987 5023/5023
f 5073/5073 5037/5037 5059/5059
f 5065/5065 5074/5074 5031/5031
f 5074/5074 5027/5027 5031/5031
f 5068/5068 1741/1741 1632/1632
f 5072/5072 5075/5075 4987/4987
f 5075/5075 5076/5076 4992/4992
f 5075/5075 4992/4992 4987/4987
f 5076/5076 5055/5055 4992/4992
f 1747/1747 1714/1714 1713/1713
f 5037/5037 5077/5077 5041/5041
f 5078/5078 1779/1779 5042/5042
f 1781/1781 5079/5079 5025/5025
f 5079/5079 5063/5063 5025/5025
f 5074/5074 5080/5080 5027/5027
f 5080/5080 5067/5067 5027/5027
f 5040/5040 5081/5081 5022/5022
f 1747/1747 1743/1743 1714/1714
f 5049/5049 5082/5082 5048/5048
f 5056/5056 5057/5057 5028/5028
f 5061/5061 1800/1800 5038/5038
f 5070/5070 5083/5083 5032/5032
f 5083/5083 5046/5046 5032/5032
f 5081/5081 5084/5084 5022/5022
f 5022/5022 5084/5084 5033/5033
f 5084/5084 5009/5009 5033/5033
f 5076/5076 5085/5085 5055/5055
f 5085/5085 5049/5049 5055/5055
f 5058/5058 5086/5086 5050/5050
f 5086/5086 5087/5087 5050/5050
f 5087/5087 5059/5059 5050/5050
f 1800/1800 5088/5088 5038/5038
f 5088/5088 5053/5053 5038/5038
f 5082/5082 5034/5034 5048/5048
f 5087/5087 5073/5073 5059/5059
f 5073/5073 5077/5077 5037/5037
f 5044/5044 5064/5064 5030/5030
f 5064/5064 5060/5060 5036/5036
f 5082/5082 5089/5089 5034/5034
f 5089/5089 5056/5056 5034/5034
f 5088/5088 5065/5065 5053/5053
f 5090/5090 5066/5066 5045/5045
f 1770/1770 1743/1743 1747/1747
f 5069/5069 5091/5091 5043/5043
f 1776/1776 5051/5051 1709/1709
f 5043/5043 5092/5092 5044/5044
f 5060/5060 1800/1800 5061/5061
f 5093/5093 5088/5088 1800/1800
f 5094/5094 5083/5083 5070/5070
f 5094/5094 5046/5046 5083/5083
f 5095/5095 5047/5047 5062/5062
f 5085/5085 5082/5082 5049/5049
f 5096/5096 5056/5056 5089/5089
f 5056/5056 5097/5097 5057/5057
f 5098/5098 1756/1756 1722/1722
f 5092/5092 5064/5064 5044/5044
f 5064/5064 1801/1801 5060/5060
f 5066/5066 5099/5099 5070/5070
f 5099/5099 5094/5094 5070/5070
f 5094/5094 1812/1812 5046/5046
f 5047/5047 5100/5100 5040/5040
f 5100/5100 5081/5081 5040/5040
f 5101/5101 5102/5102 5072/5072
f 5072/5072 5102/5102 5075/5075
f 5102/5102 5076/5076 5075/5075
f 1770/1770 1787/1787 1743/1743
f 5097/5097 5069/5069 5057/5057
f 5087/5087 5103/5103 5073/5073
f 5092/5092 1801/1801 5064/5064
f 5093/5093 5104/5104 5088/5088
f 5088/5088 5104/5104 5065/5065
f 5084/5084 5105/5105 5009/5009
f 5105/5105 5106/5106 5009/5009
f 5009/5009 5106/5106 5054/5054
f 5106/5106 5107/5107 5071/5071
f 5106/5106 5071/5071 5054/5054
f 5108/5108 5101/5101 5072/5072
f 5076/5076 5109/5109 5085/5085
f 5110/5110 5089/5089 5082/5082
f 5111/5111 5089/5089 5110/5110
f 5097/5097 5091/5091 5069/5069
f 5112/5112 5086/5086 5058/5058
f 5103/5103 5077/5077 5073/5073
f 5091/5091 5092/5092 5043/5043
f 1802/1802 5093/5093 1800/1800
f 5085/5085 5113/5113 5082/5082
f 5113/5113 5110/5110 5082/5082
f 1799/1799 5079/5079 1781/1781
f 5060/5060 1801/1801 1800/1800
f 5104/5104 5114/5114 5065/5065
f 5115/5115 5066/5066 5090/5090
f 5114/5114 5074/5074 5065/5065
f 5095/5095 5116/5116 5047/5047
f 5116/5116 5100/5100 5047/5047
f 5111/5111 5096/5096 5089/5089
f 5094/5094 1813/1813 1812/1812
f 5102/5102 5117/5117 5076/5076
f 5117/5117 5118/5118 5076/5076
f 5118/5118 5109/5109 5076/5076
f 5096/5096 5097/5097 5056/5056
f 1799/1799 5063/5063 5079/5079
f 5092/5092 5119/5119 1801/1801
f 5115/5115 5120/5120 5066/5066
f 5120/5120 5121/5121 5099/5099
f 5120/5120 5099/5099 5066/5066
f 5099/5099 1815/1815 5094/5094
f 1815/1815 1813/1813 5094/5094
f 5080/5080 5122/5122 5067/5067
f 5123/5123 1741/1741 5068/5068
f 5109/5109 5113/5113 5085/5085
f 5112/5112 5124/5124 5086/5086
f 5124/5124 5087/5087 5086/5086
f 5124/5124 5103/5103 5087/5087
f 5125/5125 5092/5092 5091/5091
f 5099/5099 5126/5126 1815/1815
f 5126/5126 1829/1829 1815/1815
f 1815/1815 1829/1829 1814/1814
f 5126/5126 1830/1830 1829/1829
f 5078/5078 5127/5127 1779/1779
f 5127/5127 1804/1804 1779/1779
f 1779/1779 1804/1804 1780/1780
f 1799/1799 5128/5128 5063/5063
f 5128/5128 1729/1729 5063/5063
f 5129/5129 1756/1756 5098/5098
f 5125/5125 5119/5119 5092/5092
f 5130/5130 5104/5104 5093/5093
f 5104/5104 5131/5131 5114/5114
f 5121/5121 1832/1832 5099/5099
f 1832/1832 5126/5126 5099/5099
f 1832/1832 1830/1830 5126/5126
f 5100/5100 5132/5132 5081/5081
f 5081/5081 5132/5132 5084/5084
f 5132/5132 5133/5133 5084/5084
f 5084/5084 5133/5133 5105/5105
f 5133/5133 5106/5106 5105/5105
f 1802/1802 5130/5130 5093/5093
f 5121/5121 5134/5134 1832/1832
f 5134/5134 1864/1864 1831/1831
f 5134/5134 1831/1831 1832/1832
f 5134/5134 1865/1865 1864/1864
f 5114/5114 5135/5135 5074/5074
f 5135/5135 5136/5136 5074/5074
f 5074/5074 5136/5136 5080/5080
f 5136/5136 5122/5122 5080/5080
f 5108/5108 5137/5137 5101/5101
f 5137/5137 5102/5102 5101/5101
f 1843/1843 1787/1787 1770/1770
f 5109/5109 5138/5138 5113/5113
f 5139/5139 5091/5091 5097/5097
f 1802/1802 5140/5140 5130/5130
f 5130/5130 5131/5131 5104/5104
f 1843/1843 1844/1844 1787/1787
f 5113/5113 5111/5111 5110/5110
f 5124/5124 5141/5141 5103/5103
f 5141/5141 5077/5077 5103/5103
f 5128/5128 1846/1846 1729/1729
f 1801/1801 5142/5142 1802/1802
f 5123/5123 1847/1847 1741/1741
f 5133/5133 5143/5143 5106/5106
f 5143/5143 5107/5107 5106/5106
f 5144/5144 5111/5111 5113/5113
f 5145/5145 5096/5096 5111/5111
f 5146/5146 5139/5139 5097/5097
f 5147/5147 5148/5148 5125/5125
f 5147/5147 5125/5125 5091/5091
f 5129/5129 1809/1809 1756/1756
f 5148/5148 5119/5119 5125/5125
f 5119/5119 5149/5149 1801/1801
f 5121/5121 1865/1865 5134/5134
f 5118/5118 5150/5150 5109/5109
f 5151/5151 5097/5097 5096/5096
f 5139/5139 5147/5147 5091/5091
f 5152/5152 1802/1802 5142/5142
f 5152/5152 5140/5140 1802/1802
f 5100/5100 5153/5153 5132/5132
f 1868/1868 1844/1844 1843/1843
f 5138/5138 5144/5144 5113/5113
f 5151/5151 5146/5146 5097/5097
f 5154/5154 5124/5124 5112/5112
f 5155/5155 5141/5141 5124/5124
f 5141/5141 5156/5156 5077/5077
f 5157/5157 5127/5127 5078/5078
f 5149/5149 5142/5142 1801/1801
f 5137/5137 5158/5158 5102/5102
f 5158/5158 5117/5117 5102/5102
f 5150/5150 5138/5138 5109/5109
f 5145/5145 5151/5151 5096/5096
f 5159/5159 1809/1809 5129/5129
f 5160/5160 5114/5114 5131/5131
f 5116/5116 5161/5161 5100/5100
f 5153/5153 5162/5162 5132/5132
f 5162/5162 5133/5133 5132/5132
f 5144/5144 5145/5145 5111/5111
f 5145/5145 5163/5163 5151/5151
f 5157/5157 5164/5164 5127/5127
f 5164/5164 1804/1804 5127/5127
f 1804/1804 5165/5165 1799/1799
f 5165/5165 5128/5128 1799/1799
f 5165/5165 1846/1846 5128/5128
f 5121/5121 1866/1866 1865/1865
f 5166/5166 5116/5116 5095/5095
f 5143/5143 5167/5167 5107/5107
f 5168/5168 5137/5137 5108/5108
f 1913/1913 5165/5165 1804/1804
f 5162/5162 5169/5169 5133/5133
f 5169/5169 5143/5143 5133/5133
f 1898/1898 1844/1844 1868/1868
f 5165/5165 1906/1906 1846/1846
f 5159/5159 1919/1919 1809/1809
f 5119/5119 5170/5170 5149/5149
f 5149/5149 5152/5152 5142/5142
f 5140/5140 5171/5171 5130/5130
f 5130/5130 5160/5160 5131/5131
f 5115/5115 5172/5172 5120/5120
f 5172/5172 5173/5173 5121/5121
f 5172/5172 5121/5121 5120/5120
f 5173/5173 1910/1910 5121/5121
f 5121/5121 1910/1910 1866/1866
f 5174/5174 5144/5144 5138/5138
f 5154/5154 5175/5175 5124/5124
f 5175/5175 5155/5155 5124/5124
f 5176/5176 5156/5156 5141/5141
f 5164/5164 1914/1914 1804/1804
f 5177/5177 5119/5119 5148/5148
f 5171/5171 5160/5160 5130/5130
f 5178/5178 5172/5172 5115/5115
f 5179/5179 5114/5114 5160/5160
f 5161/5161 5153/5153 5100/5100
f 5163/5163 5146/5146 5151/5151
f 5147/5147 5180/5180 5148/5148
f 5155/5155 5176/5176 5141/5141
f 5177/5177 5170/5170 5119/5119
f 5170/5170 5152/5152 5149/5149
f 5117/5117 5181/5181 5118/5118
f 5181/5181 5150/5150 5118/5118
f 1898/1898 1917/1917 1844/1844
f 5182/5182 5174/5174 5138/5138
f 5173/5173 5183/5183 1910/1910
f 5183/5183 5184/5184 1910/1910
f 1910/1910 5184/5184 1909/1909
f 5185/5185 5162/5162 5153/5153
f 5182/5182 5186/5186 5174/5174
f 5144/5144 5187/5187 5145/5145
f 5188/5188 5139/5139 5146/5146
f 5189/5189 5152/5152 5170/5170
f 5190/5190 5140/5140 5152/5152
f 5181/5181 5191/5191 5150/5150
f 5150/5150 5182/5182 5138/5138
f 1914/1914 5192/5192 1913/1913
f 5192/5192 5193/5193 5165/5165
f 5192/5192 5165/5165 1913/1913
f 5193/5193 1906/1906 5165/5165
f 1928/1928 5194/5194 1874/1874
f 5195/5195 5170/5170 5177/5177
f 5196/5196 5171/5171 5140/5140
f 5183/5183 5197/5197 5184/5184
f 5169/5169 5198/5198 5143/5143
f 5198/5198 5167/5167 5143/5143
f 1937/1937 1917/1917 1898/1898
f 5174/5174 5187/5187 5144/5144
f 5187/5187 5163/5163 5145/5145
f 5199/5199 5146/5146 5163/5163
f 5180/5180 5147/5147 5188/5188
f 5188/5188 5147/5147 5139/5139
f 5175/5175 5200/5200 5155/5155
f 5189/5189 5190/5190 5152/5152
f 5190/5190 5196/5196 5140/5140
f 5123/5123 1936/1936 1847/1847
f 5191/5191 5182/5182 5150/5150
f 5187/5187 5201/5201 5163/5163
f 5201/5201 5199/5199 5163/5163
f 5202/5202 5175/5175 5154/5154
f 1928/1928 1906/1906 5193/5193
f 5195/5195 5189/5189 5170/5170
f 5203/5203 5160/5160 5171/5171
f 5173/5173 5197/5197 5183/5183
f 5116/5116 5204/5204 5161/5161
f 5185/5185 5205/5205 5162/5162
f 5205/5205 5169/5169 5162/5162
f 5137/5137 5206/5206 5158/5158
f 5206/5206 5117/5117 5158/5158
f 5202/5202 5200/5200 5175/5175
f 5155/5155 5207/5207 5176/5176
f 5207/5207 5156/5156 5176/5176
f 1928/1928 5208/5208 5194/5194
f 5180/5180 5177/5177 5148/5148
f 5196/5196 5203/5203 5171/5171
f 5173/5173 5209/5209 5197/5197
f 5204/5204 5185/5185 5161/5161
f 5161/5161 5185/5185 5153/5153
f 2013/2013 5188/5188 5146/5146
f 5164/5164 5210/5210 1914/1914
f 5210/5210 5192/5192 1914/1914
f 5172/5172 5211/5211 5173/5173
f 5211/5211 5209/5209 5173/5173
f 5207/5207 5212/5212 5156/5156
f 5213/5213 5214/5214 5164/5164
f 5213/5213 5164/5164 5157/5157
f 5214/5214 5210/5210 5164/5164
f 5203/5203 5215/5215 5160/5160
f 5215/5215 5179/5179 5160/5160
f 5178/5178 5216/5216 5172/5172
f 5216/5216 5211/5211 5172/5172
f 5179/5179 5217/5217 5114/5114
f 5217/5217 5135/5135 5114/5114
f 5206/5206 5181/5181 5117/5117
f 1964/1964 1917/1917 1937/1937
f 5199/5199 2013/2013 5146/5146
f 5218/5218 5195/5195 5177/5177
f 5166/5166 5219/5219 5116/5116
f 5219/5219 5204/5204 5116/5116
f 1964/1964 1970/1970 1917/1917
f 5191/5191 5186/5186 5182/5182
f 5200/5200 5207/5207 5155/5155
f 5180/5180 5218/5218 5177/5177
f 5186/5186 5220/5220 5174/5174
f 5220/5220 5187/5187 5174/5174
f 5188/5188 5221/5221 5180/5180
f 5202/5202 5222/5222 5200/5200
f 5192/5192 5223/5223 5193/5193
f 5223/5223 5224/5224 5193/5193
f 5193/5193 5224/5224 1928/1928
f 5224/5224 5208/5208 1928/1928
f 5195/5195 2055/2055 5189/5189
f 5225/5225 5215/5215 5203/5203
f 5135/5135 5226/5226 5136/5136
f 5226/5226 5227/5227 5122/5122
f 5226/5226 5122/5122 5136/5136
f 2000/2000 1936/1936 5123/5123
f 5220/5220 5228/5228 5187/5187
f 5228/5228 5201/5201 5187/5187
f 5216/5216 5229/5229 5211/5211
f 5229/5229 5209/5209 5211/5211
f 5217/5217 5230/5230 5135/5135
f 5230/5230 5226/5226 5135/5135
f 5231/5231 5232/5232 5181/5181
f 5181/5181 5232/5232 5191/5191
f 5232/5232 5233/5233 5191/5191
f 5191/5191 5233/5233 5186/5186
f 5199/5199 2014/2014 2013/2013
f 2015/2015 5221/5221 5188/5188
f 5210/5210 5234/5234 5192/5192
f 5234/5234 5223/5223 5192/5192
f 5195/5195 5235/5235 2055/2055
f 5236/5236 5190/5190 5189/5189
f 5196/5196 5237/5237 5203/5203
f 5237/5237 5225/5225 5203/5203
f 5229/5229 5238/5238 5209/5209
f 5239/5239 5217/5217 5179/5179
f 5169/5169 5240/5240 5198/5198
f 5240/5240 5167/5167 5198/5198
f 5186/5186 5241/5241 5220/5220
f 5180/5180 5221/5221 5218/5218
f 5218/5218 5235/5235 5195/5195
f 5190/5190 5236/5236 5196/5196
f 5242/5242 5185/5185 5204/5204
f 1997/1997 2004/2004 1964/1964
f 1964/1964 2004/2004 1970/1970
f 5228/5228 5243/5243 5201/5201
f 1946/1946 5244/5244 1938/1938
f 5245/5245 5222/5222 5202/5202
f 5222/5222 5246/5246 5200/5200
f 5246/5246 5207/5207 5200/5200
f 5215/5215 5239/5239 5179/5179
f 5247/5247 5216/5216 5178/5178
f 5226/5226 5248/5248 5227/5227
f 5219/5219 5242/5242 5204/5204
f 5137/5137 5249/5249 5206/5206
f 5249/5249 5181/5181 5206/5206
f 5233/5233 5241/5241 5186/5186
f 2055/2055 5236/5236 5189/5189
f 5236/5236 5237/5237 5196/5196
f 5250/5250 5219/5219 5166/5166
f 5205/5205 5251/5251 5169/5169
f 5251/5251 5240/5240 5169/5169
f 5240/5240 5252/5252 5167/5167
f 5253/5253 5137/5137 5168/5168
f 5201/5201 5243/5243 5199/5199
f 5243/5243 2014/2014 5199/5199
f 2013/2013 2015/2015 5188/5188
f 5247/5247 5254/5254 5216/5216
f 5254/5254 5255/5255 5229/5229
f 5254/5254 5229/5229 5216/5216
f 5255/5255 5238/5238 5229/5229
f 5185/5185 5256/5256 5205/5205
f 5256/5256 5251/5251 5205/5205
f 5253/5253 5257/5257 5137/5137
f 5257/5257 5249/5249 5137/5137
f 2014/2014 5258/5258 2015/2015
f 5245/5245 5246/5246 5222/5222
f 5224/5224 5259/5259 5208/5208
f 5230/5230 5260/5260 5226/5226
f 5260/5260 5248/5248 5226/5226
f 1936/1936 2029/2029 1893/1893
f 2030/2030 5244/5244 1946/1946
f 5261/5261 5212/5212 5207/5207
f 2057/2057 5236/5236 2055/2055
f 5242/5242 5256/5256 5185/5185
f 5249/5249 5262/5262 5181/5181
f 5262/5262 5231/5231 5181/5181
f 5213/5213 5263/5263 5214/5214
f 5263/5263 5210/5210 5214/5214
f 5263/5263 5234/5234 5210/5210
f 5264/5264 5215/5215 5225/5225
f 5232/5232 5265/5265 5233/5233
f 5265/5265 5241/5241 5233/5233
f 5266/5266 5228/5228 5220/5220
f 5267/5267 5243/5243 5228/5228
f 5268/5268 5261/5261 5246/5246
f 5246/5246 5261/5261 5207/5207
f 5269/5269 5218/5218 5221/5221
f 5218/5218 5269/5269 5235/5235
f 5215/5215 5270/5270 5239/5239
f 5255/5255 5271/5271 5238/5238
f 5272/5272 5217/5217 5239/5239
f 5250/5250 5273/5273 5219/5219
f 5273/5273 5242/5242 5219/5219
f 5266/5266 5220/5220 5241/5241
f 5266/5266 5267/5267 5228/5228
f 5274/5274 2014/2014 5243/5243
f 5245/5245 5268/5268 5246/5246
f 2057/2057 5275/5275 5236/5236
f 5275/5275 5237/5237 5236/5236
f 5237/5237 5264/5264 5225/5225
f 1997/1997 2042/2042 2004/2004
f 5270/5270 5272/5272 5239/5239
f 5274/5274 5276/5276 2014/2014
f 5277/5277 5269/5269 5221/5221
f 5215/5215 5264/5264 5270/5270
f 5230/5230 5278/5278 5260/5260
f 5278/5278 5248/5248 5260/5260
f 5279/5279 5256/5256 5242/5242
f 5231/5231 5280/5280 5232/5232
f 2051/2051 2042/2042 1997/1997
f 2049/2049 2081/2081 2048/2048
f 5265/5265 5281/5281 5241/5241
f 5281/5281 5266/5266 5241/5241
f 5277/5277 5221/5221 2015/2015
f 5269/5269 2056/2056 5235/5235
f 5235/5235 2056/2056 2055/2055
f 5282/5282 5264/5264 5237/5237
f 5272/5272 5230/5230 5217/5217
f 5283/5283 5278/5278 5230/5230
f 2001/2001 2059/2059 1936/1936
f 5276/5276 5258/5258 2014/2014
f 5258/5258 5277/5277 2015/2015
f 2064/2064 5244/5244 2030/2030
f 5263/5263 5284/5284 5234/5234
f 5284/5284 5223/5223 5234/5234
f 5254/5254 5285/5285 5255/5255
f 5271/5271 5286/5286 5238/5238
f 5278/5278 5287/5287 5248/5248
f 5288/5288 2059/2059 2001/2001
f 5280/5280 5265/5265 5232/5232
f 5275/5275 5282/5282 5237/5237
f 5285/5285 5271/5271 5255/5255
f 5272/5272 5283/5283 5230/5230
f 2062/2062 2081/2081 2049/2049
f 5267/5267 5274/5274 5243/5243
f 5289/5289 5261/5261 5268/5268
f 5284/5284 5290/5290 5223/5223
f 5290/5290 5224/5224 5223/5223
f 5247/5247 5291/5291 5254/5254
f 5291/5291 5285/5285 5254/5254
f 5289/5289 5292/5292 5261/5261
f 5292/5292 5293/5293 5261/5261
f 5261/5261 5293/5293 5212/5212
f 5294/5294 5263/5263 5213/5213
f 5295/5295 5284/5284 5263/5263
f 5296/5296 5275/5275 2057/2057
f 5297/5297 5291/5291 5247/5247
f 5285/5285 5286/5286 5271/5271
f 5273/5273 5279/5279 5242/5242
f 5279/5279 5298/5298 5256/5256
f 5231/5231 5299/5299 5280/5280
f 2090/2090 5300/5300 2064/2064
f 2064/2064 5300/5300 5244/5244
f 5301/5301 5289/5289 5245/5245
f 5245/5245 5289/5289 5268/5268
f 5294/5294 5295/5295 5263/5263
f 5302/5302 2056/2056 5269/5269
f 5296/5296 5282/5282 5275/5275
f 5303/5303 5270/5270 5264/5264
f 5304/5304 5273/5273 5250/5250
f 5280/5280 5281/5281 5265/5265
f 5305/5305 5258/5258 5276/5276
f 5306/5306 5269/5269 5277/5277
f 5303/5303 5264/5264 5282/5282
f 5307/5307 2057/2057 2056/2056
f 5282/5282 5308/5308 5303/5303
f 5303/5303 5309/5309 5270/5270
f 5285/5285 5310/5310 5286/5286
f 5311/5311 5272/5272 5270/5270
f 5310/5310 5312/5312 5286/5286
f 5311/5311 5283/5283 5272/5272
f 5278/5278 5313/5313 5287/5287
f 5314/5314 2059/2059 5288/5288
f 5256/5256 5315/5315 5251/5251
f 5315/5315 5240/5240 5251/5251
f 5253/5253 5316/5316 5257/5257
f 5316/5316 5249/5249 5257/5257
f 5262/5262 5299/5299 5231/5231
f 2051/2051 2110/2110 2042/2042
f 5266/5266 5317/5317 5267/5267
f 5274/5274 5305/5305 5276/5276
f 5305/5305 5277/5277 5258/5258
f 5318/5318 5292/5292 5289/5289
f 5306/5306 5302/5302 5269/5269
f 5290/5290 5319/5319 5224/5224
f 5319/5319 5259/5259 5224/5224
f 5302/5302 5307/5307 2056/2056
f 5296/5296 5308/5308 5282/5282
f 5291/5291 5320/5320 5285/5285
f 5320/5320 5310/5310 5285/5285
f 2109/2109 2110/2110 2051/2051
f 5321/5321 5280/5280 5299/5299
f 5321/5321 5281/5281 5280/5280
f 5267/5267 5322/5322 5274/5274
f 5306/5306 5323/5323 5302/5302
f 5307/5307 5296/5296 2057/2057
f 5309/5309 5311/5311 5270/5270
f 5297/5297 5324/5324 5291/5291
f 5324/5324 5320/5320 5291/5291
f 5283/5283 5325/5325 5278/5278
f 5325/5325 5313/5313 5278/5278
f 5298/5298 5326/5326 5256/5256
f 5326/5326 5315/5315 5256/5256
f 5315/5315 5327/5327 5240/5240
f 5327/5327 5252/5252 5240/5240
f 5316/5316 5328/5328 5249/5249
f 5328/5328 5262/5262 5249/5249
f 5321/5321 5329/5329 5281/5281
f 5329/5329 5266/5266 5281/5281
f 5329/5329 5317/5317 5266/5266
f 5317/5317 5322/5322 5267/5267
f 5305/5305 5306/5306 5277/5277
f 5330/5330 5284/5284 5295/5295
f 5307/5307 5331/5331 5296/5296
f 5332/5332 5303/5303 5308/5308
f 5332/5332 5309/5309 5303/5303
f 5333/5333 5325/5325 5283/5283
f 5304/5304 5334/5334 5273/5273
f 5334/5334 5279/5279 5273/5273
f 5335/5335 5298/5298 5279/5279
f 5322/5322 5305/5305 5274/5274
f 2119/2119 5300/5300 2090/2090
f 5301/5301 5336/5336 5289/5289
f 5336/5336 5318/5318 5289/5289
f 5318/5318 5337/5337 5292/5292
f 5337/5337 5293/5293 5292/5292
f 5330/5330 5338/5338 5284/5284
f 5338/5338 5339/5339 5284/5284
f 5284/5284 5339/5339 5290/5290
f 5339/5339 5319/5319 5290/5290
f 5310/5310 5340/5340 5312/5312
f 5305/5305 5341/5341 5306/5306
f 5294/5294 5330/5330 5295/5295
f 5302/5302 5342/5342 5307/5307
f 5320/5320 5343/5343 5310/5310
f 5343/5343 5340/5340 5310/5310
f 5311/5311 5333/5333 5283/5283
f 5334/5334 5335/5335 5279/5279
f 5323/5323 5342/5342 5302/5302
f 5342/5342 5331/5331 5307/5307
f 5344/5344 5332/5332 5308/5308
f 5314/5314 2140/2140 2059/2059
f 5341/5341 5323/5323 5306/5306
f 5319/5319 5345/5345 5259/5259
f 5344/5344 5308/5308 5296/5296
f 5346/5346 5333/5333 5311/5311
f 5347/5347 5317/5317 5329/5329
f 5348/5348 5337/5337 5318/5318
f 5309/5309 5349/5349 5311/5311
f 5350/5350 5298/5298 5335/5335
f 5351/5351 5352/5352 5321/5321
f 5321/5321 5352/5352 5329/5329
f 5347/5347 5353/5353 5322/5322
f 5347/5347 5322/5322 5317/5317
f 5348/5348 5293/5293 5337/5337
f 5323/5323 5354/5354 5342/5342
f 5331/5331 5355/5355 5296/5296
f 5355/5355 5344/5344 5296/5296
f 5332/5332 5349/5349 5309/5309
f 5297/5297 5356/5356 5324/5324
f 5356/5356 5357/5357 5320/5320
f 5356/5356 5320/5320 5324/5324
f 5349/5349 5346/5346 5311/5311
f 5326/5326 5358/5358 5315/5315
f 5358/5358 5327/5327 5315/5315
f 5353/5353 5359/5359 5322/5322
f 5336/5336 5348/5348 5318/5318
f 5294/5294 5360/5360 5330/5330
f 5360/5360 5361/5361 5330/5330
f 5361/5361 5338/5338 5330/5330
f 5354/5354 5362/5362 5342/5342
f 5342/5342 5355/5355 5331/5331
f 5363/5363 5356/5356 5297/5297
f 5357/5357 5343/5343 5320/5320
f 5328/5328 5364/5364 5262/5262
f 5364/5364 5299/5299 5262/5262
f 5299/5299 5365/5365 5321/5321
f 5359/5359 5366/5366 5322/5322
f 5366/5366 5305/5305 5322/5322
f 5367/5367 5323/5323 5341/5341
f 5327/5327 5368/5368 5252/5252
f 5369/5369 5316/5316 5253/5253
f 5352/5352 5347/5347 5329/5329
f 5370/5370 5371/5371 5301/5301
f 5371/5371 5336/5336 5301/5301
f 5372/5372 5348/5348 5336/5336
f 5348/5348 5373/5373 5293/5293
f 5374/5374 5360/5360 5294/5294
f 5333/5333 5375/5375 5325/5325
f 5375/5375 5376/5376 5325/5325
f 5325/5325 5376/5376 5313/5313
f 5376/5376 5377/5377 5313/5313
f 5313/5313 5377/5377 5378/5378
f 5358/5358 5379/5379 5327/5327
f 5379/5379 5368/5368 5327/5327
f 5305/5305 5366/5366 5341/5341
f 5366/5366 5367/5367 5341/5341
f 5380/5380 5371/5371 5370/5370
f 5371/5371 5372/5372 5336/5336
f 5362/5362 5355/5355 5342/5342
f 5350/5350 5381/5381 5298/5298
f 5381/5381 5326/5326 5298/5298
f 5382/5382 5373/5373 5348/5348
f 5383/5383 5332/5332 5344/5344
f 2217/2217 2219/2219 5349/5349
f 2217/2217 5349/5349 5332/5332
f 5343/5343 5384/5384 5340/5340
f 5304/5304 5385/5385 5334/5334
f 5385/5385 5335/5335 5334/5334
f 5386/5386 5359/5359 5353/5353
f 5372/5372 5382/5382 5348/5348
f 5361/5361 5387/5387 5338/5338
f 5387/5387 5339/5339 5338/5338
f 5339/5339 5388/5388 5319/5319
f 5388/5388 5345/5345 5319/5319
f 5383/5383 2217/2217 5332/5332
f 5389/5389 5343/5343 5357/5357
f 5369/5369 5390/5390 5316/5316
f 5390/5390 5328/5328 5316/5316
f 2186/2186 2180/2180 2148/2148
f 5367/5367 5354/5354 5323/5323
f 5362/5362 5391/5391 5355/5355
f 5389/5389 5392/5392 5343/5343
f 5392/5392 5384/5384 5343/5343
f 5393/5393 5385/5385 5304/5304
f 5385/5385 5350/5350 5335/5335
f 5390/5390 5394/5394 5328/5328
f 5394/5394 5364/5364 5328/5328
f 5365/5365 5351/5351 5321/5321
f 5386/5386 5353/5353 5347/5347
f 5391/5391 5395/5395 5355/5355
f 5383/5383 5344/5344 5355/5355
f 5363/5363 5396/5396 5356/5356
f 5396/5396 5397/5397 5356/5356
f 5356/5356 5397/5397 5357/5357
f 5397/5397 5389/5389 5357/5357
f 5364/5364 5398/5398 5299/5299
f 5398/5398 5365/5365 5299/5299
f 5371/5371 5399/5399 5372/5372
f 5399/5399 5382/5382 5372/5372
f 5395/5395 5383/5383 5355/5355
f 2219/2219 5346/5346 5349/5349
f 5400/5400 5381/5381 5350/5350
f 5360/5360 5401/5401 5361/5361
f 5401/5401 5387/5387 5361/5361
f 5402/5402 5352/5352 5351/5351
f 5403/5403 5386/5386 5347/5347
f 5366/5366 5404/5404 5367/5367
f 5405/5405 5371/5371 5380/5380
f 5387/5387 5406/5406 5339/5339
f 5406/5406 5388/5388 5339/5339
f 5354/5354 5407/5407 5362/5362
f 5408/5408 5346/5346 2219/2219
f 5365/5365 5402/5402 5351/5351
f 5409/5409 5404/5404 5366/5366
f 5374/5374 5401/5401 5360/5360
f 5407/5407 5410/5410 5362/5362
f 5362/5362 5410/5410 5391/5391
f 5395/5395 5411/5411 5383/5383
f 5383/5383 2218/2218 2217/2217
f 5363/5363 5412/5412 5396/5396
f 5412/5412 5397/5397 5396/5396
f 5397/5397 5413/5413 5389/5389
f 5352/5352 5403/5403 5347/5347
f 5414/5414 5359/5359 5386/5386
f 5359/5359 5415/5415 5366/5366
f 5415/5415 5409/5409 5366/5366
f 5408/5408 5416/5416 5346/5346
f 5389/5389 5417/5417 5392/5392
f 5417/5417 5384/5384 5392/5392
f 5326/5326 5418/5418 5358/5358
f 5418/5418 5379/5379 5358/5358
f 5419/5419 5382/5382 5399/5399
f 5391/5391 5420/5420 5395/5395
f 5411/5411 2218/2218 5383/5383
f 5421/5421 5412/5412 5363/5363
f 5416/5416 5422/5422 5346/5346
f 5390/5390 5423/5423 5394/5394
f 5423/5423 5364/5364 5394/5394
f 5371/5371 5424/5424 5399/5399
f 5424/5424 5419/5419 5399/5399
f 5382/5382 5425/5425 5373/5373
f 5426/5426 5401/5401 5374/5374
f 5427/5427 5354/5354 5367/5367
f 5406/5406 5428/5428 5388/5388
f 5429/5429 2236/2236 2146/2146
f 5428/5428 5345/5345 5388/5388
f 5395/5395 5420/5420 5411/5411
f 5412/5412 5430/5430 5397/5397
f 5430/5430 5413/5413 5397/5397
f 5418/5418 5431/5431 5379/5379
f 5431/5431 5368/5368 5379/5379
f 5398/5398 5432/5432 5365/5365
f 5432/5432 5402/5402 5365/5365
f 5403/5403 5414/5414 5386/5386
f 5414/5414 5415/5415 5359/5359
f 5427/5427 5407/5407 5354/5354
f 2218/2218 5408/5408 2219/2219
f 5413/5413 5433/5433 5389/5389
f 5433/5433 5417/5417 5389/5389
f 5422/5422 5434/5434 5346/5346
f 5346/5346 5434/5434 5333/5333
f 5434/5434 5375/5375 5333/5333
f 5393/5393 5435/5435 5385/5385
f 5435/5435 5350/5350 5385/5385
f 5402/5402 5436/5436 5352/5352
f 5352/5352 5436/5436 5403/5403
f 2183/2183 2249/2249 2151/2151
f 5435/5435 5437/5437 5350/5350
f 5437/5437 5400/5400 5350/5350
f 5381/5381 5438/5438 5326/5326
f 5438/5438 5418/5418 5326/5326
f 5404/5404 5427/5427 5367/5367
f 5405/5405 5439/5439 5371/5371
f 5439/5439 5424/5424 5371/5371
f 5417/5417 5440/5440 5384/5384
f 5441/5441 5407/5407 5427/5427
f 2218/2218 5416/5416 5408/5408
f 5375/5375 5442/5442 5376/5376
f 5442/5442 5377/5377 5376/5376
f 5400/5400 5438/5438 5381/5381
f 5423/5423 5443/5443 5364/5364
f 5443/5443 5398/5398 5364/5364
f 5444/5444 5439/5439 5405/5405
f 5419/5419 5445/5445 5382/5382
f 5445/5445 5425/5425 5382/5382
f 5426/5426 5446/5446 5401/5401
f 5446/5446 5447/5447 5401/5401
f 5447/5447 5387/5387 5401/5401
f 5448/5448 5420/5420 5391/5391
f 5449/5449 5411/5411 5420/5420
f 5431/5431 5450/5450 5368/5368
f 5451/5451 5390/5390 5369/5369
f 5451/5451 5423/5423 5390/5390
f 5436/5436 5452/5452 5403/5403
f 5453/5453 5415/5415 5414/5414
f 5447/5447 5454/5454 5387/5387
f 5454/5454 5406/5406 5387/5387
f 5441/5441 5410/5410 5407/5407
f 5410/5410 5448/5448 5391/5391
f 5453/5453 5414/5414 5403/5403
f 5424/5424 5445/5445 5419/5419
f 5455/5455 5441/5441 5427/5427
f 5441/5441 5448/5448 5410/5410
f 5434/5434 5456/5456 5375/5375
f 5456/5456 5442/5442 5375/5375
f 5457/5457 5404/5404 5409/5409
f 5454/5454 5458/5458 5406/5406
f 5458/5458 5428/5428 5406/5406
f 5420/5420 5448/5448 5449/5449
f 5411/5411 5459/5459 2218/2218
f 5433/5433 5460/5460 5417/5417
f 5460/5460 5440/5440 5417/5417
f 2281/2281 2317/2317 2280/2280
f 5461/5461 5435/5435 5393/5393
f 5437/5437 5462/5462 5400/5400
f 5462/5462 5438/5438 5400/5400
f 5452/5452 5453/5453 5403/5403
f 5421/5421 5463/5463 5412/5412
f 5463/5463 5430/5430 5412/5412
f 5464/5464 5422/5422 5416/5416
f 5443/5443 5432/5432 5398/5398
f 5465/5465 5402/5402 5432/5432
f 5465/5465 5436/5436 5402/5402
f 5466/5466 5415/5415 5453/5453
f 5466/5466 5409/5409 5415/5415
f 5455/5455 5427/5427 5404/5404
f 5455/5455 5467/5467 5441/5441
f 5449/5449 5459/5459 5411/5411
f 5468/5468 5464/5464 5416/5416
f 5468/5468 5416/5416 2218/2218
f 5463/5463 5469/5469 5430/5430
f 5469/5469 5413/5413 5430/5430
f 5413/5413 5470/5470 5433/5433
f 5470/5470 5460/5460 5433/5433
f 5442/5442 5471/5471 5377/5377
f 5435/5435 5472/5472 5437/5437
f 5451/5451 5473/5473 5423/5423
f 5473/5473 5443/5443 5423/5423
f 5457/5457 5455/5455 5404/5404
f 5458/5458 5474/5474 5428/5428
f 5474/5474 5475/5475 5428/5428
f 5441/5441 5476/5476 5448/5448
f 5459/5459 5468/5468 2218/2218
f 5469/5469 5470/5470 5413/5413
f 5462/5462 5418/5418 5438/5438
f 5444/5444 5477/5477 5439/5439
f 5477/5477 5424/5424 5439/5439
f 5478/5478 2304/2304 2236/2236
f 5479/5479 5463/5463 5421/5421
f 5460/5460 5480/5480 5440/5440
f 5431/5431 5481/5481 5450/5450
f 5482/5482 5483/5483 5451/5451
f 5483/5483 5473/5473 5451/5451
f 2319/2319 2321/2321 2290/2290
f 5466/5466 5484/5484 5409/5409
f 5477/5477 5485/5485 5424/5424
f 5485/5485 5445/5445 5424/5424
f 5486/5486 5468/5468 5459/5459
f 5486/5486 5459/5459 5449/5449
f 5472/5472 5462/5462 5437/5437
f 5443/5443 5487/5487 5432/5432
f 5487/5487 5465/5465 5432/5432
f 5465/5465 5488/5488 5452/5452
f 5465/5465 5452/5452 5436/5436
f 5489/5489 5466/5466 5453/5453
f 5409/5409 5484/5484 5457/5457
f 5490/5490 5477/5477 5444/5444
f 5476/5476 5449/5449 5448/5448
f 5488/5488 5453/5453 5452/5452
f 5445/5445 5491/5491 5425/5425
f 5492/5492 5446/5446 5426/5426
f 5446/5446 5493/5493 5447/5447
f 5493/5493 5454/5454 5447/5447
f 5467/5467 5494/5494 5441/5441
f 5494/5494 5476/5476 5441/5441
f 5468/5468 5495/5495 5464/5464
f 5460/5460 5496/5496 5480/5480
f 5497/5497 5462/5462 5472/5472
f 5485/5485 5498/5498 5445/5445
f 5498/5498 5499/5499 5445/5445
f 5493/5493 5500/5500 5454/5454
f 5500/5500 5458/5458 5454/5454
f 5495/5495 5501/5501 5464/5464
f 5502/5502 5418/5418 5462/5462
f 5418/5418 5503/5503 5431/5431
f 5503/5503 5481/5481 5431/5431
f 5504/5504 5489/5489 5488/5488
f 5488/5488 5489/5489 5453/5453
f 5499/5499 5491/5491 5445/5445
f 5492/5492 5505/5505 5446/5446
f 5505/5505 5493/5493 5446/5446
f 5476/5476 5506/5506 5449/5449
f 5506/5506 5486/5486 5449/5449
f 5501/5501 5422/5422 5464/5464
f 5463/5463 5507/5507 5469/5469
f 5507/5507 5508/5508 5469/5469
f 5469/5469 5508/5508 5470/5470
f 5508/5508 5460/5460 5470/5470
f 5422/5422 5509/5509 5434/5434
f 5509/5509 5456/5456 5434/5434
f 5502/5502 5510/5510 5418/5418
f 5510/5510 5503/5503 5418/5418
f 5479/5479 5511/5511 5463/5463
f 5511/5511 5507/5507 5463/5463
f 5512/5512 5513/5513 5461/5461
f 5461/5461 5513/5513 5435/5435
f 5513/5513 5472/5472 5435/5435
f 5489/5489 5514/5514 5466/5466
f 5484/5484 2446/2446 5457/5457
f 5455/5455 5515/5515 5467/5467
f 5515/5515 5494/5494 5467/5467
f 5456/5456 5516/5516 5442/5442
f 5516/5516 5471/5471 5442/5442
f 5517/5517 5488/5488 5465/5465
f 2446/2446 5455/5455 5457/5457
f 5508/5508 5518/5518 5460/5460
f 5518/5518 5496/5496 5460/5460
f 5498/5498 5519/5519 5499/5499
f 5500/5500 5520/5520 5458/5458
f 5520/5520 5521/5521 5458/5458
f 5458/5458 5521/5521 5474/5474
f 5522/5522 2304/2304 5478/5478
f 5476/5476 5523/5523 5506/5506
f 5486/5486 5524/5524 5468/5468
f 5468/5468 5524/5524 5495/5495
f 5502/5502 5462/5462 5497/5497
f 2366/2366 2321/2321 2319/2319
f 5525/5525 5477/5477 5490/5490
f 5485/5485 5526/5526 5498/5498
f 5519/5519 5527/5527 5499/5499
f 5527/5527 5491/5491 5499/5499
f 5505/5505 5528/5528 5493/5493
f 5528/5528 5500/5500 5493/5493
f 5494/5494 5523/5523 5476/5476
f 5524/5524 5501/5501 5495/5495
f 5507/5507 5518/5518 5508/5508
f 5473/5473 5529/5529 5443/5443
f 5529/5529 5487/5487 5443/5443
f 5504/5504 5514/5514 5489/5489
f 5514/5514 5484/5484 5466/5466
f 2446/2446 2448/2448 5455/5455
f 5515/5515 5455/5455 2448/2448
f 5477/5477 5530/5530 5485/5485
f 5530/5530 5526/5526 5485/5485
f 5528/5528 5531/5531 5500/5500
f 5531/5531 5520/5520 5500/5500
f 5522/5522 2379/2379 2304/2304
f 5506/5506 5532/5532 5486/5486
f 5533/5533 5534/5534 5479/5479
f 5479/5479 5534/5534 5511/5511
f 5534/5534 5507/5507 5511/5511
f 5483/5483 5535/5535 5473/5473
f 5535/5535 5529/5529 5473/5473
f 5525/5525 5536/5536 5477/5477
f 5536/5536 5530/5530 5477/5477
f 5527/5527 5537/5537 5491/5491
f 5538/5538 5505/5505 5492/5492
f 5532/5532 5524/5524 5486/5486
f 5534/5534 5539/5539 5507/5507
f 5539/5539 5518/5518 5507/5507
f 5509/5509 5540/5540 5456/5456
f 5540/5540 5516/5516 5456/5456
f 5513/5513 5497/5497 5472/5472
f 5487/5487 5517/5517 5465/5465
f 5538/5538 5541/5541 5505/5505
f 5541/5541 5528/5528 5505/5505
f 5542/5542 5494/5494 5515/5515
f 5516/5516 5543/5543 5471/5471
f 5482/5482 5544/5544 5483/5483
f 5544/5544 5535/5535 5483/5483
f 2446/2446 2445/2445 2448/2448
f 5519/5519 5498/5498 5526/5526
f 5542/5542 5523/5523 5494/5494
f 5545/5545 5422/5422 5501/5501
f 2457/2457 5496/5496 5518/5518
f 5517/5517 5504/5504 5488/5488
f 5484/5484 5514/5514 2446/2446
f 5546/5546 5506/5506 5523/5523
f 5524/5524 5545/5545 5501/5501
f 5539/5539 2457/2457 5518/5518
f 5547/5547 5504/5504 5517/5517
f 5548/5548 5514/5514 5504/5504
f 5549/5549 5534/5534 5533/5533
f 5550/5550 5513/5513 5512/5512
f 5529/5529 5551/5551 5487/5487
f 5551/5551 5517/5517 5487/5487
f 5541/5541 5552/5552 5528/5528
f 5552/5552 5553/5553 5531/5531
f 5552/5552 5531/5531 5528/5528
f 5553/5553 5554/5554 5531/5531
f 5531/5531 5554/5554 5520/5520
f 5554/5554 5521/5521 5520/5520
f 5549/5549 5555/5555 5534/5534
f 5555/5555 5539/5539 5534/5534
f 5555/5555 2457/2457 5539/5539
f 5550/5550 5556/5556 5513/5513
f 5556/5556 5497/5497 5513/5513
f 2448/2448 5557/5557 5515/5515
f 5546/5546 5532/5532 5506/5506
f 5556/5556 5558/5558 5497/5497
f 5547/5547 5559/5559 5504/5504
f 5559/5559 5548/5548 5504/5504
f 5548/5548 2460/2460 5514/5514
f 5514/5514 2459/2459 2446/2446
f 5515/5515 5557/5557 5542/5542
f 5557/5557 5523/5523 5542/5542
f 5422/5422 5560/5560 5509/5509
f 5558/5558 5502/5502 5497/5497
f 5551/5551 5547/5547 5517/5517
f 2444/2444 2446/2446 2459/2459
f 5561/5561 5536/5536 5525/5525
f 5532/5532 2487/2487 5524/5524
f 2487/2487 5545/5545 5524/5524
f 5540/5540 5562/5562 5516/5516
f 5562/5562 5543/5543 5516/5516
f 5510/5510 5563/5563 5503/5503
f 5563/5563 5481/5481 5503/5503
f 2460/2460 2459/2459 5514/5514
f 5527/5527 5564/5564 5537/5537
f 5565/5565 5541/5541 5538/5538
f 5522/5522 2437/2437 2379/2379
f 5541/5541 5566/5566 5552/5552
f 5566/5566 5553/5553 5552/5552
f 5557/5557 5567/5567 5523/5523
f 5567/5567 5546/5546 5523/5523
f 5568/5568 2457/2457 5555/5555
f 5545/5545 5569/5569 5422/5422
f 5569/5569 5560/5560 5422/5422
f 5558/5558 5570/5570 5502/5502
f 5563/5563 5571/5571 5481/5481
f 5572/5572 5544/5544 5482/5482
f 5573/5573 2447/2447 2445/2445
f 5530/5530 5574/5574 5526/5526
f 5574/5574 5519/5519 5526/5526
f 2447/2447 5557/5557 2448/2448
f 5554/5554 5575/5575 5521/5521
f 2537/2537 2437/2437 5522/5522
f 5576/5576 5567/5567 5557/5557
f 5546/5546 5577/5577 5532/5532
f 5577/5577 2487/2487 5532/5532
f 5549/5549 5568/5568 5555/5555
f 5574/5574 5578/5578 5519/5519
f 5578/5578 5527/5527 5519/5519
f 5578/5578 5564/5564 5527/5527
f 2487/2487 2486/2486 5545/5545
f 5509/5509 5579/5579 5540/5540
f 5579/5579 5562/5562 5540/5540
f 2444/2444 5573/5573 2445/2445
f 2475/2475 2432/2432 2408/2408
f 2447/2447 5576/5576 5557/5557
f 5576/5576 5580/5580 5567/5567
f 5568/5568 2462/2462 2457/2457
f 5560/5560 5579/5579 5509/5509
f 5581/5581 5570/5570 5558/5558
f 5570/5570 5582/5582 5502/5502
f 5582/5582 5510/5510 5502/5502
f 5583/5583 5573/5573 2444/2444
f 5565/5565 5584/5584 5541/5541
f 5584/5584 5566/5566 5541/5541
f 5566/5566 5585/5585 5553/5553
f 5553/5553 5585/5585 5554/5554
f 5585/5585 5575/5575 5554/5554
f 2447/2447 5586/5586 5576/5576
f 5567/5567 2550/2550 5546/5546
f 2486/2486 5569/5569 5545/5545
f 5562/5562 5587/5587 5543/5543
f 5548/5548 5588/5588 2460/2460
f 5589/5589 5536/5536 5561/5561
f 2475/2475 2468/2468 2432/2432
f 2550/2550 5577/5577 5546/5546
f 5577/5577 2488/2488 2487/2487
f 5549/5549 5590/5590 5568/5568
f 2492/2492 2462/2462 5568/5568
f 5582/5582 5591/5591 5510/5510
f 5591/5591 5563/5563 5510/5510
f 5580/5580 2550/2550 5567/5567
f 5590/5590 2492/2492 5568/5568
f 5556/5556 5581/5581 5558/5558
f 5559/5559 5588/5588 5548/5548
f 2460/2460 5592/5592 2444/2444
f 5573/5573 5586/5586 2447/2447
f 5593/5593 5590/5590 5549/5549
f 5594/5594 5547/5547 5551/5551
f 5547/5547 5594/5594 5559/5559
f 5588/5588 5592/5592 2460/2460
f 5595/5595 5583/5583 2444/2444
f 5584/5584 5596/5596 5566/5566
f 2550/2550 2488/2488 5577/5577
f 2422/2422 2499/2499 2454/2454
f 5597/5597 5560/5560 5569/5569
f 5594/5594 5598/5598 5559/5559
f 5598/5598 5588/5588 5559/5559
f 5592/5592 5595/5595 2444/2444
f 5574/5574 5599/5599 5578/5578
f 2537/2537 2505/2505 2437/2437
f 5576/5576 5586/5586 5600/5600
f 5601/5601 5556/5556 5550/5550
f 5591/5591 5602/5602 5563/5563
f 5602/5602 5571/5571 5563/5563
f 5544/5544 5603/5603 5535/5535
f 5603/5603 5529/5529 5535/5535
f 5589/5589 2755/2755 5536/5536
f 2755/2755 5604/5604 5536/5536
f 5536/5536 5604/5604 5530/5530
f 5604/5604 5574/5574 5530/5530
f 5599/5599 5605/5605 5578/5578
f 5578/5578 5605/5605 5564/5564
f 5606/5606 5584/5584 5565/5565
f 5600/5600 5586/5586 5573/5573
f 5607/5607 5580/5580 5576/5576
f 5608/5608 2488/2488 2550/2550
f 5608/5608 2486/2486 2488/2488
f 2486/2486 5609/5609 5569/5569
f 5590/5590 5610/5610 2492/2492
f 5609/5609 5597/5597 5569/5569
f 5601/5601 5611/5611 5556/5556
f 5611/5611 5581/5581 5556/5556
f 5604/5604 5599/5599 5574/5574
f 5596/5596 5612/5612 5566/5566
f 5566/5566 5612/5612 5585/5585
f 5612/5612 5575/5575 5585/5585
f 5600/5600 5607/5607 5576/5576
f 5607/5607 2551/2551 5580/5580
f 2551/2551 2550/2550 5580/5580
f 5608/5608 5613/5613 2486/2486
f 5593/5593 5614/5614 5590/5590
f 5581/5581 5582/5582 5570/5570
f 5602/5602 5615/5615 5571/5571
f 5616/5616 5544/5544 5572/5572
f 5551/5551 5617/5617 5594/5594
f 5583/5583 5600/5600 5573/5573
f 5606/5606 5618/5618 5584/5584
f 5618/5618 5596/5596 5584/5584
f 5612/5612 5619/5619 5575/5575
f 5613/5613 5609/5609 2486/2486
f 5610/5610 5620/5620 2492/2492
f 5562/5562 5621/5621 5587/5587
f 5611/5611 5622/5622 5581/5581
f 5529/5529 5617/5617 5551/5551
f 5598/5598 5592/5592 5588/5588
f 5598/5598 5623/5623 5592/5592
f 5623/5623 5595/5595 5592/5592
f 2755/2755 5624/5624 5604/5604
f 5624/5624 5625/5625 5604/5604
f 5604/5604 5625/5625 5599/5599
f 2552/2552 5608/5608 2550/2550
f 5614/5614 5626/5626 5610/5610
f 5614/5614 5610/5610 5590/5590
f 5626/5626 5627/5627 5610/5610
f 5627/5627 5620/5620 5610/5610
f 2558/2558 2556/2556 2518/2518
f 2556/2556 2558/2558 2557/2557
f 5595/5595 5628/5628 5583/5583
f 5628/5628 5600/5600 5583/5583
f 5629/5629 2755/2755 5589/5589
f 5579/5579 5621/5621 5562/5562
f 2686/2686 5630/5630 5611/5611
f 2686/2686 5611/5611 5601/5601
f 5630/5630 5622/5622 5611/5611
f 5616/5616 5603/5603 5544/5544
f 5603/5603 5617/5617 5529/5529
f 5617/5617 5631/5631 5594/5594
f 5631/5631 5598/5598 5594/5594
f 5632/5632 5628/5628 5595/5595
f 5633/5633 5614/5614 5593/5593
f 5622/5622 5582/5582 5581/5581
f 5582/5582 5634/5634 5591/5591
f 5634/5634 5602/5602 5591/5591
f 5635/5635 5623/5623 5598/5598
f 5623/5623 5636/5636 5595/5595
f 2756/2756 2755/2755 5629/5629
f 5637/5637 5599/5599 5625/5625
f 2552/2552 5638/5638 5608/5608
f 5608/5608 5638/5638 5613/5613
f 5633/5633 5639/5639 5626/5626
f 5633/5633 5626/5626 5614/5614
f 5639/5639 5627/5627 5626/5626
f 5622/5622 5640/5640 5582/5582
f 5640/5640 5634/5634 5582/5582
f 5631/5631 5635/5635 5598/5598
f 5636/5636 5632/5632 5595/5595
f 5624/5624 5641/5641 5625/5625
f 5641/5641 5637/5637 5625/5625
f 5637/5637 5605/5605 5599/5599
f 5618/5618 5642/5642 5596/5596
f 5642/5642 5643/5643 5612/5612
f 5642/5642 5612/5612 5596/5596
f 5643/5643 5644/5644 5612/5612
f 5612/5612 5644/5644 5619/5619
f 5645/5645 5607/5607 5600/5600
f 5646/5646 5639/5639 5633/5633
f 5560/5560 5647/5647 5579/5579
f 5647/5647 5621/5621 5579/5579
f 2680/2680 2592/2592 2591/2591
f 2680/2680 5648/5648 2592/2592
f 5648/5648 5649/5649 2592/2592
f 2592/2592 5649/5649 2595/2595
f 5650/5650 5651/5651 5652/5652
f 5651/5651 5653/5653 5654/5654
f 5655/5655 2597/2597 2595/2595
f 5654/5654 5653/5653 2683/2683
f 5653/5653 2681/2681 2683/2683
f 2682/2682 5630/5630 2686/2686
f 2677/2677 2602/2602 2604/2604
f 2602/2602 2591/2591 2594/2594
f 2599/2599 5656/5656 2600/2600
f 2600/2600 5656/5656 2613/2613
f 2757/2757 5624/5624 2755/2755
f 2757/2757 5641/5641 5624/5624
f 5641/5641 5657/5657 5637/5637
f 5637/5637 5658/5658 5605/5605
f 5659/5659 5618/5618 5606/5606
f 2645/2645 2823/2823 2646/2646
f 2837/2837 2831/2831 2843/2843
f 2651/2651 2833/2833 2631/2631
f 2823/2823 2659/2659 2646/2646
f 2834/2834 2835/2835 2844/2844
f 2661/2661 2630/2630 2647/2647
f 5660/5660 5661/5661 5662/5662
f 5661/5661 5663/5663 5662/5662
f 5662/5662 5663/5663 5664/5664
f 5663/5663 5665/5665 5664/5664
f 5664/5664 5665/5665 5666/5666
f 5665/5665 5667/5667 5666/5666
f 5667/5667 5668/5668 5666/5666
f 5667/5667 5669/5669 5668/5668
f 5668/5668 5669/5669 5670/5670
f 5669/5669 5671/5671 5670/5670
f 5671/5671 5672/5672 5670/5670
f 5671/5671 5673/5673 5672/5672
f 5672/5672 5673/5673 5674/5674
f 5673/5673 5675/5675 5674/5674
f 5675/5675 5676/5676 5674/5674
f 5676/5676 5677/5677 5674/5674
f 5676/5676 5678/5678 5677/5677
f 5677/5677 5678/5678 5650/5650
f 5678/5678 5679/5679 5650/5650
f 5679/5679 5651/5651 5650/5650
f 5679/5679 5680/5680 5651/5651
f 5651/5651 5680/5680 5653/5653
f 5680/5680 5681/5681 5653/5653
f 5653/5653 5681/5681 2681/2681
f 5681/5681 5682/5682 2681/2681
f 5682/5682 2682/2682 2681/2681
f 5682/5682 5630/5630 2682/2682
f 5683/5683 5631/5631 5617/5617
f 2886/2886 2888/2888 2752/2752
f 2886/2886 2752/2752 2736/2736
f 5635/5635 5636/5636 5623/5623
f 5632/5632 5600/5600 5628/5628
f 5632/5632 5645/5645 5600/5600
f 5657/5657 3089/3089 5637/5637
f 5657/5657 3090/3090 3089/3089
f 3089/3089 5658/5658 5637/5637
f 5659/5659 5684/5684 5618/5618
f 5685/5685 2758/2758 2756/2756
f 2757/2757 5657/5657 5641/5641
f 5684/5684 5642/5642 5618/5618
f 5645/5645 5686/5686 5607/5607
f 5607/5607 5686/5686 2551/2551
f 5686/5686 5638/5638 2551/2551
f 2551/2551 5638/5638 2552/2552
f 5638/5638 5687/5687 5613/5613
f 5687/5687 5609/5609 5613/5613
f 5688/5688 5689/5689 2767/2767
f 2767/2767 5689/5689 2768/2768
f 5689/5689 5690/5690 2768/2768
f 5690/5690 5691/5691 2768/2768
f 2768/2768 5691/5691 2770/2770
f 2941/2941 2944/2944 5692/5692
f 2944/2944 2945/2945 5692/5692
f 5692/5692 2945/2945 5693/5693
f 2945/2945 5694/5694 5693/5693
f 5695/5695 2946/2946 5696/5696
f 5695/5695 5696/5696 5697/5697
f 2946/2946 2948/2948 5696/5696
f 5698/5698 5699/5699 2777/2777
f 5699/5699 2780/2780 2777/2777
f 2780/2780 5699/5699 2782/2782
f 5699/5699 5700/5700 2782/2782
f 5700/5700 2785/2785 2782/2782
f 5700/5700 5701/5701 2785/2785
f 2954/2954 2956/2956 5702/5702
f 2956/2956 5703/5703 5702/5702
f 2956/2956 2958/2958 5703/5703
f 5703/5703 2958/2958 5704/5704
f 2958/2958 5705/5705 5704/5704
f 2958/2958 2960/2960 5705/5705
f 2960/2960 5706/5706 5705/5705
f 2960/2960 5707/5707 5706/5706
f 2775/2775 2776/2776 2778/2778
f 2793/2793 5708/5708 2794/2794
f 5707/5707 3166/3166 5709/5709
f 5708/5708 2814/2814 2794/2794
f 3166/3166 5710/5710 5709/5709
f 5710/5710 5711/5711 5709/5709
f 5710/5710 5712/5712 5711/5711
f 2816/2816 2966/2966 2817/2817
f 5712/5712 3170/3170 5646/5646
f 3170/3170 5639/5639 5646/5646
f 3170/3170 5713/5713 5639/5639
f 5609/5609 5714/5714 5597/5597
f 2817/2817 2966/2966 2825/2825
f 5639/5639 5713/5713 5627/5627
f 5713/5713 3171/3171 5620/5620
f 5713/5713 5620/5620 5627/5627
f 5714/5714 5560/5560 5597/5597
f 5660/5660 5715/5715 5661/5661
f 5715/5715 5663/5663 5661/5661
f 5715/5715 5716/5716 5663/5663
f 5663/5663 5716/5716 5665/5665
f 5716/5716 5717/5717 5665/5665
f 5665/5665 5717/5717 5667/5667
f 5717/5717 5718/5718 5667/5667
f 5667/5667 5718/5718 5669/5669
f 5718/5718 5719/5719 5669/5669
f 5669/5669 5719/5719 5671/5671
f 5719/5719 5720/5720 5671/5671
f 5720/5720 5673/5673 5671/5671
f 5721/5721 5675/5675 5673/5673
f 5721/5721 5676/5676 5675/5675
f 5721/5721 5722/5722 5676/5676
f 5676/5676 5722/5722 5678/5678
f 5722/5722 5723/5723 5678/5678
f 5723/5723 5679/5679 5678/5678
f 5679/5679 5724/5724 5680/5680
f 5680/5680 5724/5724 5681/5681
f 5724/5724 5725/5725 5681/5681
f 5681/5681 5725/5725 5682/5682
f 5725/5725 5726/5726 5682/5682
f 5682/5682 5726/5726 5630/5630
f 5622/5622 5727/5727 5640/5640
f 5603/5603 5683/5683 5617/5617
f 3020/3020 3022/3022 2889/2889
f 2889/2889 3022/3022 2931/2931
f 5635/5635 5728/5728 5636/5636
f 5729/5729 5730/5730 5632/5632
f 5729/5729 5632/5632 5636/5636
f 3091/3091 5731/5731 3089/3089
f 3089/3089 5731/5731 5658/5658
f 5732/5732 5684/5684 5659/5659
f 5733/5733 5734/5734 5685/5685
f 5685/5685 5734/5734 2758/2758
f 5734/5734 2757/2757 2758/2758
f 5734/5734 5735/5735 2757/2757
f 2757/2757 5735/5735 5657/5657
f 5735/5735 3090/3090 5657/5657
f 5642/5642 5736/5736 5643/5643
f 5736/5736 5644/5644 5643/5643
f 5737/5737 5686/5686 5645/5645
f 5738/5738 2938/2938 2937/2937
f 5738/5738 5739/5739 2938/2938
f 2938/2938 5739/5739 2942/2942
f 5739/5739 5740/5740 2942/2942
f 2942/2942 5740/5740 2943/2943
f 3563/3563 5741/5741 2946/2946
f 5741/5741 2947/2947 2946/2946
f 5741/5741 5742/5742 2947/2947
f 5742/5742 2949/2949 2947/2947
f 5742/5742 5743/5743 2949/2949
f 5743/5743 2951/2951 2949/2949
f 5743/5743 5744/5744 2953/2953
f 5743/5743 2953/2953 2951/2951
f 5744/5744 2955/2955 2953/2953
f 5744/5744 5745/5745 2955/2955
f 5745/5745 5746/5746 2955/2955
f 5746/5746 2957/2957 2955/2955
f 5746/5746 5747/5747 2957/2957
f 5747/5747 2959/2959 2957/2957
f 5747/5747 3162/3162 2959/2959
f 2943/2943 3155/3155 2945/2945
f 3155/3155 3158/3158 5694/5694
f 3155/3155 5694/5694 2945/2945
f 3158/3158 5748/5748 5694/5694
f 5694/5694 5748/5748 5749/5749
f 5748/5748 5750/5750 5749/5749
f 5749/5749 5750/5750 5697/5697
f 5750/5750 5695/5695 5697/5697
f 5750/5750 5751/5751 5695/5695
f 5751/5751 3563/3563 5695/5695
f 5695/5695 3563/3563 2946/2946
f 2959/2959 3163/3163 2960/2960
f 3163/3163 5752/5752 5707/5707
f 3163/3163 5707/5707 2960/2960
f 5752/5752 3164/3164 3166/3166
f 5752/5752 3166/3166 5707/5707
f 3166/3166 3165/3165 5710/5710
f 3165/3165 5753/5753 5710/5710
f 5753/5753 5754/5754 5710/5710
f 5710/5710 5754/5754 5712/5712
f 5754/5754 3168/3168 5712/5712
f 5712/5712 3168/3168 3170/3170
f 3170/3170 3171/3171 5713/5713
f 5714/5714 5647/5647 5560/5560
f 5755/5755 5756/5756 5715/5715
f 5755/5755 5715/5715 5660/5660
f 5757/5757 5718/5718 5717/5717
f 5719/5719 5758/5758 5720/5720
f 5759/5759 5722/5722 5721/5721
f 5759/5759 5723/5723 5722/5722
f 5726/5726 5727/5727 5630/5630
f 5727/5727 5622/5622 5630/5630
f 5760/5760 3017/3017 3015/3015
f 3208/3208 3232/3232 3021/3021
f 3208/3208 3021/3021 3020/3020
f 3226/3226 3027/3027 3025/3025
f 3226/3226 3036/3036 3027/3027
f 3203/3203 3205/3205 5761/5761
f 5760/5760 3042/3042 3017/3017
f 3205/3205 5762/5762 5761/5761
f 5761/5761 5762/5762 5763/5763
f 5683/5683 5728/5728 5631/5631
f 5631/5631 5728/5728 5635/5635
f 3043/3043 5764/5764 3047/3047
f 5764/5764 3259/3259 3047/3047
f 3259/3259 3261/3261 3047/3047
f 3261/3261 3053/3053 3047/3047
f 3261/3261 5765/5765 3053/3053
f 5728/5728 5729/5729 5636/5636
f 5765/5765 5766/5766 3053/3053
f 5766/5766 3062/3062 3053/3053
f 5766/5766 5767/5767 3062/3062
f 5767/5767 3070/3070 3062/3062
f 5767/5767 3076/3076 3070/3070
f 5768/5768 5684/5684 5732/5732
f 5767/5767 3084/3084 3076/3076
f 5644/5644 5736/5736 5769/5769
f 5736/5736 5770/5770 5771/5771
f 5736/5736 5771/5771 5769/5769
f 5771/5771 5770/5770 5772/5772
f 5770/5770 5773/5773 5772/5772
f 3374/3374 3119/3119 3120/3120
f 5774/5774 3127/3127 3117/3117
f 5774/5774 5775/5775 3127/3127
f 5686/5686 5776/5776 5638/5638
f 5775/5775 5777/5777 3127/3127
f 5777/5777 3135/3135 3127/3127
f 5777/5777 5778/5778 3135/3135
f 5778/5778 3139/3139 3135/3135
f 3410/3410 5779/5779 5780/5780
f 5779/5779 5781/5781 5782/5782
f 5779/5779 5782/5782 5780/5780
f 5783/5783 5784/5784 2937/2937
f 2937/2937 5784/5784 5738/5738
f 5784/5784 5739/5739 5738/5738
f 5784/5784 5785/5785 5739/5739
f 5739/5739 5785/5785 5740/5740
f 5785/5785 5786/5786 5740/5740
f 5740/5740 5786/5786 2943/2943
f 5786/5786 5787/5787 3153/3153
f 5786/5786 3153/3153 2943/2943
f 5787/5787 5788/5788 3154/3154
f 5787/5787 3154/3154 3153/3153
f 5781/5781 5789/5789 5782/5782
f 5782/5782 5789/5789 5790/5790
f 3563/3563 5791/5791 5741/5741
f 5741/5741 5792/5792 5742/5742
f 5792/5792 5793/5793 5742/5742
f 5793/5793 5743/5743 5742/5742
f 5794/5794 5795/5795 5744/5744
f 5744/5744 5795/5795 5745/5745
f 5795/5795 5796/5796 5745/5745
f 5745/5745 5796/5796 5746/5746
f 5796/5796 5797/5797 5746/5746
f 5797/5797 5747/5747 5746/5746
f 5797/5797 5798/5798 5747/5747
f 5798/5798 3162/3162 5747/5747
f 3162/3162 3446/3446 3163/3163
f 5687/5687 5799/5799 5609/5609
f 5800/5800 5751/5751 5750/5750
f 3446/3446 3448/3448 3163/3163
f 3163/3163 3448/3448 5752/5752
f 3448/3448 3451/3451 3164/3164
f 3448/3448 3164/3164 5752/5752
f 3451/3451 5801/5801 3165/3165
f 3451/3451 3165/3165 3164/3164
f 5801/5801 5753/5753 3165/3165
f 5753/5753 5802/5802 5754/5754
f 5802/5802 3168/3168 5754/5754
f 5802/5802 5803/5803 3168/3168
f 5803/5803 5804/5804 3169/3169
f 5803/5803 3169/3169 3168/3168
f 5804/5804 5805/5805 3169/3169
f 3169/3169 5805/5805 3172/3172
f 5799/5799 5714/5714 5609/5609
f 5647/5647 5806/5806 5621/5621
f 5807/5807 2995/2995 2542/2542
f 5756/5756 5808/5808 5715/5715
f 5715/5715 5808/5808 5716/5716
f 5808/5808 5809/5809 5716/5716
f 5716/5716 5809/5809 5717/5717
f 5809/5809 5810/5810 5717/5717
f 5717/5717 5810/5810 5757/5757
f 5757/5757 5811/5811 5718/5718
f 5811/5811 5812/5812 5718/5718
f 5718/5718 5812/5812 5719/5719
f 5758/5758 5813/5813 5720/5720
f 5813/5813 5814/5814 5720/5720
f 5720/5720 5814/5814 5673/5673
f 5814/5814 5721/5721 5673/5673
f 5723/5723 5815/5815 5679/5679
f 5815/5815 5816/5816 5724/5724
f 5815/5815 5724/5724 5679/5679
f 5816/5816 5725/5725 5724/5724
f 5725/5725 5817/5817 5726/5726
f 5727/5727 5634/5634 5640/5640
f 5634/5634 5818/5818 5602/5602
f 5818/5818 5819/5819 5602/5602
f 5602/5602 5819/5819 5615/5615
f 5820/5820 5821/5821 5616/5616
f 5821/5821 5603/5603 5616/5616
f 3204/3204 3474/3474 3205/3205
f 3474/3474 5822/5822 3205/3205
f 3205/3205 5822/5822 5762/5762
f 3245/3245 3477/3477 3224/3224
f 5683/5683 5823/5823 5728/5728
f 3496/3496 3492/3492 3494/3494
f 5822/5822 5824/5824 5762/5762
f 5762/5762 5824/5824 5825/5825
f 5824/5824 3277/3277 5825/5825
f 5826/5826 3277/3277 5824/5824
f 3278/3278 3277/3277 5826/5826
f 3500/3500 5827/5827 3287/3287
f 5728/5728 5828/5828 5729/5729
f 5827/5827 5829/5829 3287/3287
f 5827/5827 5830/5830 5829/5829
f 5829/5829 5830/5830 5768/5768
f 5830/5830 5831/5831 5768/5768
f 5730/5730 5832/5832 5632/5632
f 5632/5632 5832/5832 5645/5645
f 5831/5831 5684/5684 5768/5768
f 5831/5831 5833/5833 5684/5684
f 5684/5684 5833/5833 5642/5642
f 5642/5642 5833/5833 5736/5736
f 5833/5833 5834/5834 5736/5736
f 5834/5834 5770/5770 5736/5736
f 5834/5834 5835/5835 5770/5770
f 5770/5770 5835/5835 5773/5773
f 5835/5835 5836/5836 5773/5773
f 5832/5832 5737/5737 5645/5645
f 5776/5776 5686/5686 5737/5737
f 5836/5836 5837/5837 5773/5773
f 5837/5837 3394/3394 5773/5773
f 5837/5837 5838/5838 3394/3394
f 5838/5838 3395/3395 3394/3394
f 3509/3509 3395/3395 5838/5838
f 5776/5776 5839/5839 5638/5638
f 3509/3509 3405/3405 3395/3395
f 5839/5839 5687/5687 5638/5638
f 3509/3509 5840/5840 3410/3410
f 5840/5840 5779/5779 3410/3410
f 5779/5779 5840/5840 5781/5781
f 5840/5840 5841/5841 5781/5781
f 5839/5839 5799/5799 5687/5687
f 5783/5783 5842/5842 5784/5784
f 5842/5842 5843/5843 5784/5784
f 5843/5843 5844/5844 5784/5784
f 5784/5784 5844/5844 5785/5785
f 5785/5785 5845/5845 5786/5786
f 5841/5841 5846/5846 5781/5781
f 5781/5781 5846/5846 5789/5789
f 5791/5791 5847/5847 5741/5741
f 5847/5847 5792/5792 5741/5741
f 5793/5793 5848/5848 5743/5743
f 5848/5848 5744/5744 5743/5743
f 5848/5848 5794/5794 5744/5744
f 5794/5794 5849/5849 5795/5795
f 5850/5850 5798/5798 5797/5797
f 5851/5851 3162/3162 5798/5798
f 3162/3162 5851/5851 3446/3446
f 5851/5851 5852/5852 3446/3446
f 3446/3446 5852/5852 3447/3447
f 5852/5852 5853/5853 3447/3447
f 3447/3447 5853/5853 3449/3449
f 5800/5800 5854/5854 5751/5751
f 5854/5854 3563/3563 5751/5751
f 5755/5755 5855/5855 5756/5756
f 5856/5856 5758/5758 5719/5719
f 5721/5721 5814/5814 5759/5759
f 5857/5857 5723/5723 5759/5759
f 5857/5857 5815/5815 5723/5723
f 5858/5858 5725/5725 5816/5816
f 5858/5858 5817/5817 5725/5725
f 5817/5817 5727/5727 5726/5726
f 5821/5821 5859/5859 5603/5603
f 5859/5859 5683/5683 5603/5603
f 3529/3529 5822/5822 3474/3474
f 3245/3245 3538/3538 3477/3477
f 5860/5860 5826/5826 5824/5824
f 5823/5823 5828/5828 5728/5728
f 5826/5826 3500/3500 3278/3278
f 5861/5861 5827/5827 3500/3500
f 5827/5827 5861/5861 5830/5830
f 5861/5861 5862/5862 5830/5830
f 5862/5862 5831/5831 5830/5830
f 5730/5730 5863/5863 5832/5832
f 5831/5831 5864/5864 5833/5833
f 5834/5834 5865/5865 5835/5835
f 5863/5863 5737/5737 5832/5832
f 5865/5865 5836/5836 5835/5835
f 5865/5865 5866/5866 5836/5836
f 5836/5836 5866/5866 5837/5837
f 5866/5866 5838/5838 5837/5837
f 5866/5866 3607/3607 5838/5838
f 3607/3607 3509/3509 5838/5838
f 3607/3607 5867/5867 3509/3509
f 3509/3509 5867/5867 5840/5840
f 5867/5867 5841/5841 5840/5840
f 5786/5786 5868/5868 5787/5787
f 5868/5868 5788/5788 5787/5787
f 5841/5841 5869/5869 5846/5846
f 3562/3562 5791/5791 3563/3563
f 5847/5847 5870/5870 5792/5792
f 5870/5870 5871/5871 5792/5792
f 5792/5792 5871/5871 5793/5793
f 5871/5871 5872/5872 5793/5793
f 5793/5793 5872/5872 5848/5848
f 5849/5849 5873/5873 5795/5795
f 5795/5795 5873/5873 5796/5796
f 5873/5873 5797/5797 5796/5796
f 5873/5873 5850/5850 5797/5797
f 5850/5850 5874/5874 5798/5798
f 5874/5874 5851/5851 5798/5798
f 5874/5874 5875/5875 5851/5851
f 5875/5875 5852/5852 5851/5851
f 5852/5852 5876/5876 5853/5853
f 3564/3564 3563/3563 5854/5854
f 5714/5714 5877/5877 5647/5647
f 5877/5877 5806/5806 5647/5647
f 5855/5855 5878/5878 5756/5756
f 5878/5878 5808/5808 5756/5756
f 5879/5879 5809/5809 5808/5808
f 5810/5810 5811/5811 5757/5757
f 5812/5812 5880/5880 5719/5719
f 5880/5880 5856/5856 5719/5719
f 5856/5856 5813/5813 5758/5758
f 5881/5881 5759/5759 5814/5814
f 5881/5881 5857/5857 5759/5759
f 5881/5881 5815/5815 5857/5857
f 5859/5859 5882/5882 5683/5683
f 5683/5683 5882/5882 5823/5823
f 5883/5883 3529/3529 3473/3473
f 5882/5882 5884/5884 5823/5823
f 5883/5883 5885/5885 3529/3529
f 3529/3529 5885/5885 5822/5822
f 5885/5885 5860/5860 5822/5822
f 5822/5822 5860/5860 5824/5824
f 5860/5860 5886/5886 5826/5826
f 5884/5884 5887/5887 5823/5823
f 5823/5823 5887/5887 5828/5828
f 5886/5886 5888/5888 5826/5826
f 5888/5888 3590/3590 5826/5826
f 3590/3590 3500/3500 5826/5826
f 5887/5887 5729/5729 5828/5828
f 3500/3500 3590/3590 5861/5861
f 3590/3590 3589/3589 5861/5861
f 5887/5887 5889/5889 5729/5729
f 5889/5889 5730/5730 5729/5729
f 3589/3589 5862/5862 5861/5861
f 5889/5889 5890/5890 5730/5730
f 5862/5862 5891/5891 5831/5831
f 5890/5890 5863/5863 5730/5730
f 5891/5891 5864/5864 5831/5831
f 5890/5890 5892/5892 5863/5863
f 5864/5864 5834/5834 5833/5833
f 5864/5864 3599/3599 5834/5834
f 5834/5834 3599/3599 5865/5865
f 5892/5892 5737/5737 5863/5863
f 5892/5892 5893/5893 5737/5737
f 3599/3599 3601/3601 5865/5865
f 5893/5893 5776/5776 5737/5737
f 3601/3601 5866/5866 5865/5865
f 3601/3601 3604/3604 5866/5866
f 5893/5893 5894/5894 5776/5776
f 3604/3604 3607/3607 5866/5866
f 5894/5894 5895/5895 5776/5776
f 5776/5776 5895/5895 5839/5839
f 3611/3611 5867/5867 3607/3607
f 5867/5867 5896/5896 5841/5841
f 5783/5783 5897/5897 5842/5842
f 5897/5897 5843/5843 5842/5842
f 5897/5897 5898/5898 5843/5843
f 5844/5844 5845/5845 5785/5785
f 5845/5845 5899/5899 5786/5786
f 5899/5899 5868/5868 5786/5786
f 5868/5868 5900/5900 5788/5788
f 5896/5896 5869/5869 5841/5841
f 5901/5901 5847/5847 5791/5791
f 5901/5901 5902/5902 5847/5847
f 5902/5902 5870/5870 5847/5847
f 5872/5872 5903/5903 5848/5848
f 5903/5903 5794/5794 5848/5848
f 5903/5903 5904/5904 5794/5794
f 5794/5794 5904/5904 5849/5849
f 5904/5904 5873/5873 5849/5849
f 5875/5875 5905/5905 5852/5852
f 5905/5905 5876/5876 5852/5852
f 5839/5839 5895/5895 5799/5799
f 5895/5895 5877/5877 5799/5799
f 5799/5799 5877/5877 5714/5714
f 5906/5906 5855/5855 5755/5755
f 5878/5878 5879/5879 5808/5808
f 5813/5813 5907/5907 5814/5814
f 5814/5814 5907/5907 5881/5881
f 5907/5907 5908/5908 5881/5881
f 5908/5908 5815/5815 5881/5881
f 5908/5908 5909/5909 5815/5815
f 5815/5815 5909/5909 5816/5816
f 5909/5909 5910/5910 5816/5816
f 5910/5910 5858/5858 5816/5816
f 5910/5910 5911/5911 5858/5858
f 5911/5911 5817/5817 5858/5858
f 5911/5911 5912/5912 5817/5817
f 5817/5817 5912/5912 5727/5727
f 5912/5912 5913/5913 5634/5634
f 5912/5912 5634/5634 5727/5727
f 5913/5913 5818/5818 5634/5634
f 5913/5913 5819/5819 5818/5818
f 5914/5914 5819/5819 5913/5913
f 5820/5820 5915/5915 5859/5859
f 5820/5820 5859/5859 5821/5821
f 5859/5859 5915/5915 5882/5882
f 5915/5915 5916/5916 5882/5882
f 5917/5917 5918/5918 5883/5883
f 5919/5919 5918/5918 5917/5917
f 5882/5882 5916/5916 5884/5884
f 5918/5918 5885/5885 5883/5883
f 3637/3637 3694/3694 3636/3636
f 5918/5918 5920/5920 5885/5885
f 5885/5885 5920/5920 5860/5860
f 5920/5920 5921/5921 5860/5860
f 5860/5860 5921/5921 5886/5886
f 5916/5916 5887/5887 5884/5884
f 5921/5921 5888/5888 5886/5886
f 5921/5921 3590/3590 5888/5888
f 5922/5922 3590/3590 5921/5921
f 5916/5916 5923/5923 5887/5887
f 3642/3642 3590/3590 5922/5922
f 5887/5887 5923/5923 5889/5889
f 3642/3642 3591/3591 3590/3590
f 5923/5923 5924/5924 5889/5889
f 3642/3642 5925/5925 3589/3589
f 5925/5925 5862/5862 3589/3589
f 5924/5924 5890/5890 5889/5889
f 5925/5925 5926/5926 5862/5862
f 5862/5862 5926/5926 5891/5891
f 5924/5924 5927/5927 5890/5890
f 5926/5926 5928/5928 5891/5891
f 5891/5891 5928/5928 5864/5864
f 5927/5927 5892/5892 5890/5890
f 5927/5927 5929/5929 5892/5892
f 5864/5864 5928/5928 3599/3599
f 5928/5928 5930/5930 3599/3599
f 5929/5929 5893/5893 5892/5892
f 5930/5930 5931/5931 3599/3599
f 5931/5931 3600/3600 3599/3599
f 3644/3644 3600/3600 5931/5931
f 5929/5929 5932/5932 5893/5893
f 3644/3644 3602/3602 3600/3600
f 3644/3644 5933/5933 3604/3604
f 3644/3644 3604/3604 3601/3601
f 5932/5932 5894/5894 5893/5893
f 5933/5933 3605/3605 3604/3604
f 5934/5934 3605/3605 5933/5933
f 5934/5934 3606/3606 3605/3605
f 5932/5932 5895/5895 5894/5894
f 5934/5934 3610/3610 3606/3606
f 5932/5932 5935/5935 5895/5895
f 3650/3650 3610/3610 5934/5934
f 3650/3650 5867/5867 3611/3611
f 3650/3650 5936/5936 5867/5867
f 5936/5936 5937/5937 5896/5896
f 5936/5936 5896/5896 5867/5867
f 3560/3560 3652/3652 3649/3649
f 5938/5938 5939/5939 5940/5940
f 3728/3728 5939/5939 5938/5938
f 5939/5939 3729/3729 3731/3731
f 5939/5939 3731/3731 5940/5940
f 3654/3654 3725/3725 3651/3651
f 5941/5941 5897/5897 5783/5783
f 5898/5898 5844/5844 5843/5843
f 5844/5844 5899/5899 5845/5845
f 5899/5899 5942/5942 5868/5868
f 5868/5868 5942/5942 5900/5900
f 5899/5899 5943/5943 5942/5942
f 5943/5943 5944/5944 5942/5942
f 3727/3727 5945/5945 3728/3728
f 5945/5945 5946/5946 5939/5939
f 5945/5945 5939/5939 3728/3728
f 5939/5939 5946/5946 3729/3729
f 5946/5946 3736/3736 3729/3729
f 3729/3729 3736/3736 3730/3730
f 5947/5947 3732/3732 3616/3616
f 5947/5947 3616/3616 3615/3615
f 3733/3733 3732/3732 5947/5947
f 3616/3616 3732/3732 3562/3562
f 3562/3562 5901/5901 5791/5791
f 5870/5870 5902/5902 5871/5871
f 5902/5902 5948/5948 5871/5871
f 5948/5948 5872/5872 5871/5871
f 5948/5948 5949/5949 5872/5872
f 5949/5949 5950/5950 5872/5872
f 5872/5872 5950/5950 5903/5903
f 5903/5903 5950/5950 5904/5904
f 5950/5950 5951/5951 5904/5904
f 5904/5904 5951/5951 5873/5873
f 5951/5951 5952/5952 5873/5873
f 5873/5873 5952/5952 5850/5850
f 5952/5952 5874/5874 5850/5850
f 5952/5952 5953/5953 5874/5874
f 5874/5874 5953/5953 5875/5875
f 5953/5953 5954/5954 5905/5905
f 5953/5953 5905/5905 5875/5875
f 5935/5935 5955/5955 5895/5895
f 5955/5955 5877/5877 5895/5895
f 5955/5955 5956/5956 5877/5877
f 5877/5877 5956/5956 5806/5806
f 5956/5956 5957/5957 5806/5806
f 5906/5906 5958/5958 5855/5855
f 5959/5959 5960/5960 5961/5961
f 5961/5961 5960/5960 5962/5962
f 5958/5958 5878/5878 5855/5855
f 5960/5960 5963/5963 5962/5962
f 5958/5958 5964/5964 5878/5878
f 5963/5963 5965/5965 5962/5962
f 5964/5964 5966/5966 5879/5879
f 5964/5964 5879/5879 5878/5878
f 5965/5965 5963/5963 5967/5967
f 5879/5879 5966/5966 5809/5809
f 5963/5963 5968/5968 5967/5967
f 5809/5809 5966/5966 5810/5810
f 5966/5966 5969/5969 5810/5810
f 5968/5968 5970/5970 5967/5967
f 5968/5968 5971/5971 5970/5970
f 5810/5810 5969/5969 5811/5811
f 5969/5969 5972/5972 5811/5811
f 5971/5971 5973/5973 5970/5970
f 5971/5971 5974/5974 5973/5973
f 5972/5972 5812/5812 5811/5811
f 5972/5972 5975/5975 5812/5812
f 5974/5974 5976/5976 5973/5973
f 5975/5975 5880/5880 5812/5812
f 5974/5974 5977/5977 5976/5976
f 5880/5880 5975/5975 5856/5856
f 5977/5977 5978/5978 5976/5976
f 5975/5975 5979/5979 5856/5856
f 5976/5976 5978/5978 5980/5980
f 5856/5856 5979/5979 5813/5813
f 5978/5978 5981/5981 5980/5980
f 5979/5979 5982/5982 5813/5813
f 5981/5981 5983/5983 5980/5980
f 5813/5813 5982/5982 5907/5907
f 5981/5981 5984/5984 5983/5983
f 5982/5982 5985/5985 5907/5907
f 5984/5984 5986/5986 5983/5983
f 5907/5907 5985/5985 5908/5908
f 5985/5985 5987/5987 5908/5908
f 5984/5984 5988/5988 5986/5986
f 5984/5984 5989/5989 5988/5988
f 5908/5908 5987/5987 5909/5909
f 5989/5989 5990/5990 5988/5988
f 5987/5987 5991/5991 5909/5909
f 5988/5988 5990/5990 5992/5992
f 5909/5909 5991/5991 5910/5910
f 5991/5991 5993/5993 5910/5910
f 5910/5910 5993/5993 5911/5911
f 5990/5990 5994/5994 5995/5995
f 5990/5990 5995/5995 5992/5992
f 5911/5911 5993/5993 5912/5912
f 5993/5993 5996/5996 5912/5912
f 5994/5994 5997/5997 5995/5995
f 5994/5994 5998/5998 5997/5997
f 5912/5912 5996/5996 5913/5913
f 5996/5996 5914/5914 5913/5913
f 5998/5998 5999/5999 5997/5997
f 6000/6000 5971/5971 5968/5968
f 6001/6001 6002/6002 5971/5971
f 6002/6002 5974/5974 5971/5971
f 5977/5977 6003/6003 5978/5978
f 5978/5978 6004/6004 5981/5981
f 6004/6004 6005/6005 5981/5981
f 5981/5981 6005/6005 5984/5984
f 6005/6005 6006/6006 5984/5984
f 6006/6006 6007/6007 5984/5984
f 5984/5984 6007/6007 5989/5989
f 6007/6007 5990/5990 5989/5989
f 6007/6007 6008/6008 5990/5990
f 6008/6008 6009/6009 5994/5994
f 6008/6008 5994/5994 5990/5990
f 6009/6009 6010/6010 5994/5994
f 6010/6010 5998/5998 5994/5994
f 6010/6010 6011/6011 5998/5998
f 6011/6011 6012/6012 5999/5999
f 6011/6011 5999/5999 5998/5998
f 6013/6013 5915/5915 5820/5820
f 6014/6014 6015/6015 5960/5960
f 6014/6014 5960/5960 5959/5959
f 6015/6015 5963/5963 5960/5960
f 6015/6015 6016/6016 5963/5963
f 5963/5963 6016/6016 5968/5968
f 6016/6016 6017/6017 5968/5968
f 5968/5968 6017/6017 6000/6000
f 6000/6000 6018/6018 5971/5971
f 6018/6018 6001/6001 5971/5971
f 6002/6002 5977/5977 5974/5974
f 6002/6002 6019/6019 5977/5977
f 6019/6019 6003/6003 5977/5977
f 6003/6003 6020/6020 6004/6004
f 6003/6003 6004/6004 5978/5978
f 6021/6021 6008/6008 6007/6007
f 6008/6008 6022/6022 6009/6009
f 6009/6009 6023/6023 6010/6010
f 6010/6010 6024/6024 6011/6011
f 6014/6014 6025/6025 6015/6015
f 6025/6025 6026/6026 6015/6015
f 6026/6026 6016/6016 6015/6015
f 6018/6018 6027/6027 6001/6001
f 6020/6020 6028/6028 6004/6004
f 6028/6028 6029/6029 6004/6004
f 6029/6029 6005/6005 6004/6004
f 6005/6005 6029/6029 6006/6006
f 6029/6029 6030/6030 6006/6006
f 6030/6030 6007/6007 6006/6006
f 6030/6030 6021/6021 6007/6007
f 6021/6021 6022/6022 6008/6008
f 6022/6022 6023/6023 6009/6009
f 6023/6023 6024/6024 6010/6010
f 6031/6031 6025/6025 6014/6014
f 6026/6026 6017/6017 6016/6016
f 6017/6017 6032/6032 6000/6000
f 6033/6033 6018/6018 6000/6000
f 6001/6001 6034/6034 6002/6002
f 6034/6034 6019/6019 6002/6002
f 6035/6035 6020/6020 6003/6003
f 6035/6035 6028/6028 6020/6020
f 6036/6036 6029/6029 6028/6028
f 6036/6036 6037/6037 6029/6029
f 6037/6037 6030/6030 6029/6029
f 6030/6030 6038/6038 6021/6021
f 6038/6038 6022/6022 6021/6021
f 6039/6039 6040/6040 6022/6022
f 6022/6022 6040/6040 6023/6023
f 6041/6041 6024/6024 6023/6023
f 6024/6024 6042/6042 6011/6011
f 6031/6031 6043/6043 6025/6025
f 6025/6025 6043/6043 6026/6026
f 6043/6043 6044/6044 6026/6026
f 6044/6044 6017/6017 6026/6026
f 6044/6044 6032/6032 6017/6017
f 6032/6032 6033/6033 6000/6000
f 6033/6033 6045/6045 6018/6018
f 6045/6045 6027/6027 6018/6018
f 6045/6045 6046/6046 6027/6027
f 6027/6027 6046/6046 6001/6001
f 6046/6046 6034/6034 6001/6001
f 6035/6035 6036/6036 6028/6028
f 6037/6037 6038/6038 6030/6030
f 6038/6038 6039/6039 6022/6022
f 6042/6042 6047/6047 6011/6011
f 6047/6047 6012/6012 6011/6011
f 6013/6013 5916/5916 5915/5915
f 6031/6031 6048/6048 6043/6043
f 6048/6048 6049/6049 6043/6043
f 6049/6049 6050/6050 6043/6043
f 6043/6043 6050/6050 6044/6044
f 6050/6050 6051/6051 6044/6044
f 6051/6051 6032/6032 6044/6044
f 6032/6032 6051/6051 6033/6033
f 6051/6051 6052/6052 6033/6033
f 6052/6052 6045/6045 6033/6033
f 6052/6052 3682/3682 6045/6045
f 3682/3682 6046/6046 6045/6045
f 6053/6053 6054/6054 6046/6046
f 6046/6046 6054/6054 6034/6034
f 6054/6054 6055/6055 6034/6034
f 6055/6055 6056/6056 6034/6034
f 6034/6034 6056/6056 6019/6019
f 6056/6056 6057/6057 6019/6019
f 6019/6019 6057/6057 6003/6003
f 6057/6057 6035/6035 6003/6003
f 6057/6057 6058/6058 6035/6035
f 6035/6035 6058/6058 6036/6036
f 6058/6058 6059/6059 6036/6036
f 6059/6059 6037/6037 6036/6036
f 6059/6059 6060/6060 6037/6037
f 6060/6060 6038/6038 6037/6037
f 6060/6060 6061/6061 6038/6038
f 6061/6061 6062/6062 6039/6039
f 6061/6061 6039/6039 6038/6038
f 6062/6062 6063/6063 6040/6040
f 6062/6062 6040/6040 6039/6039
f 6063/6063 6064/6064 6040/6040
f 6064/6064 6023/6023 6040/6040
f 6047/6047 6065/6065 6012/6012
f 6013/6013 6066/6066 5916/5916
f 6065/6065 6067/6067 5999/5999
f 6065/6065 5999/5999 6012/6012
f 6068/6068 3621/3621 6069/6069
f 3621/3621 3622/3622 6069/6069
f 3622/3622 3676/3676 6069/6069
f 6070/6070 6051/6051 6050/6050
f 6070/6070 6071/6071 6051/6051
f 6051/6051 6071/6071 6052/6052
f 6071/6071 6072/6072 6052/6052
f 6072/6072 3683/3683 6052/6052
f 3683/3683 3682/3682 6052/6052
f 3682/3682 3684/3684 6046/6046
f 3684/3684 6073/6073 6053/6053
f 3684/3684 6053/6053 6046/6046
f 6074/6074 6056/6056 6055/6055
f 6074/6074 6075/6075 6056/6056
f 6075/6075 6076/6076 6056/6056
f 6056/6056 6076/6076 6057/6057
f 6076/6076 6077/6077 6057/6057
f 6057/6057 6077/6077 6058/6058
f 6077/6077 6078/6078 6058/6058
f 6078/6078 6079/6079 6058/6058
f 6058/6058 6079/6079 6059/6059
f 6079/6079 6080/6080 6059/6059
f 6059/6059 6080/6080 6060/6060
f 6060/6060 6080/6080 6061/6061
f 6080/6080 6081/6081 6061/6061
f 6081/6081 6062/6062 6061/6061
f 6081/6081 6082/6082 6062/6062
f 6082/6082 6063/6063 6062/6062
f 6082/6082 3696/3696 6063/6063
f 3696/3696 3698/3698 6063/6063
f 3698/3698 6064/6064 6063/6063
f 6064/6064 6041/6041 6023/6023
f 3699/3699 3683/3683 6072/6072
f 6073/6073 6083/6083 6053/6053
f 5919/5919 6084/6084 5918/5918
f 6085/6085 6042/6042 6024/6024
f 3681/3681 6086/6086 3684/3684
f 6086/6086 6073/6073 3684/3684
f 6041/6041 6087/6087 6024/6024
f 6087/6087 6085/6085 6024/6024
f 6085/6085 6047/6047 6042/6042
f 3701/3701 6088/6088 3699/3699
f 3699/3699 6088/6088 3683/3683
f 6088/6088 3681/3681 3683/3683
f 6088/6088 6086/6086 3681/3681
f 6084/6084 6089/6089 5920/5920
f 6084/6084 5920/5920 5918/5918
f 6086/6086 6090/6090 6073/6073
f 6073/6073 6090/6090 6083/6083
f 6091/6091 6092/6092 3698/3698
f 6091/6091 3698/3698 3697/3697
f 6092/6092 6093/6093 3698/3698
f 3698/3698 6093/6093 6064/6064
f 6094/6094 6041/6041 6064/6064
f 6095/6095 3701/3701 3700/3700
f 6096/6096 6086/6086 6088/6088
f 6093/6093 6094/6094 6064/6064
f 6094/6094 6087/6087 6041/6041
f 3701/3701 6097/6097 6088/6088
f 6097/6097 6098/6098 6088/6088
f 6098/6098 6096/6096 6088/6088
f 6087/6087 6099/6099 6085/6085
f 6095/6095 6100/6100 3701/3701
f 6100/6100 6097/6097 3701/3701
f 6096/6096 6101/6101 6086/6086
f 6101/6101 6102/6102 6086/6086
f 6102/6102 6090/6090 6086/6086
f 6093/6093 6103/6103 6094/6094
f 6085/6085 6104/6104 6047/6047
f 6104/6104 6065/6065 6047/6047
f 6098/6098 6101/6101 6096/6096
f 6089/6089 6105/6105 5920/5920
f 6102/6102 6106/6106 6090/6090
f 6092/6092 6107/6107 6093/6093
f 6094/6094 6108/6108 6087/6087
f 6108/6108 6099/6099 6087/6087
f 6099/6099 6104/6104 6085/6085
f 6105/6105 5921/5921 5920/5920
f 6109/6109 6092/6092 6091/6091
f 6107/6107 6103/6103 6093/6093
f 6110/6110 6101/6101 6098/6098
f 6109/6109 6111/6111 6092/6092
f 6111/6111 6107/6107 6092/6092
f 6103/6103 6108/6108 6094/6094
f 6095/6095 6112/6112 6100/6100
f 6112/6112 6097/6097 6100/6100
f 6108/6108 6113/6113 6099/6099
f 6107/6107 6114/6114 6103/6103
f 6066/6066 6115/6115 5916/5916
f 6065/6065 6116/6116 6067/6067
f 6097/6097 6110/6110 6098/6098
f 6117/6117 6113/6113 6108/6108
f 6113/6113 6118/6118 6099/6099
f 6099/6099 6118/6118 6104/6104
f 6118/6118 6065/6065 6104/6104
f 6105/6105 5922/5922 5921/5921
f 6115/6115 5923/5923 5916/5916
f 6112/6112 6119/6119 6097/6097
f 6119/6119 6110/6110 6097/6097
f 6110/6110 6120/6120 6101/6101
f 6120/6120 6102/6102 6101/6101
f 6121/6121 6111/6111 6109/6109
f 6111/6111 6122/6122 6107/6107
f 6122/6122 6123/6123 6107/6107
f 6123/6123 6114/6114 6107/6107
f 6118/6118 6124/6124 6065/6065
f 6124/6124 6116/6116 6065/6065
f 6125/6125 6118/6118 6113/6113
f 6126/6126 6112/6112 6095/6095
f 6127/6127 6120/6120 6110/6110
f 6128/6128 6117/6117 6108/6108
f 6120/6120 6129/6129 6102/6102
f 6129/6129 6106/6106 6102/6102
f 6114/6114 6128/6128 6103/6103
f 6128/6128 6108/6108 6103/6103
f 6126/6126 6130/6130 6112/6112
f 6130/6130 6119/6119 6112/6112
f 6106/6106 6131/6131 6132/6132
f 6129/6129 6131/6131 6106/6106
f 6117/6117 6125/6125 6113/6113
f 6121/6121 6133/6133 6111/6111
f 6133/6133 6122/6122 6111/6111
f 6123/6123 6128/6128 6114/6114
f 6117/6117 6134/6134 6125/6125
f 6119/6119 6135/6135 6110/6110
f 6135/6135 6127/6127 6110/6110
f 6136/6136 3642/3642 5922/5922
f 6137/6137 6133/6133 6121/6121
f 6122/6122 6138/6138 6123/6123
f 6128/6128 6139/6139 6117/6117
f 6139/6139 6134/6134 6117/6117
f 6135/6135 6120/6120 6127/6127
f 6133/6133 6138/6138 6122/6122
f 6134/6134 6140/6140 6125/6125
f 6140/6140 6141/6141 6125/6125
f 6125/6125 6141/6141 6118/6118
f 6141/6141 6142/6142 6124/6124
f 6141/6141 6124/6124 6118/6118
f 6142/6142 6116/6116 6124/6124
f 6143/6143 6130/6130 6126/6126
f 6137/6137 6144/6144 6133/6133
f 6144/6144 6138/6138 6133/6133
f 6145/6145 6139/6139 6128/6128
f 6130/6130 6146/6146 6119/6119
f 6146/6146 6135/6135 6119/6119
f 6135/6135 6147/6147 6120/6120
f 6148/6148 6144/6144 6137/6137
f 6138/6138 6145/6145 6123/6123
f 6123/6123 6145/6145 6128/6128
f 6145/6145 6149/6149 6139/6139
f 6115/6115 6150/6150 5923/5923
f 6147/6147 6151/6151 6120/6120
f 6120/6120 6151/6151 6129/6129
f 6151/6151 6131/6131 6129/6129
f 6150/6150 5924/5924 5923/5923
f 3642/3642 6136/6136 5925/5925
f 6152/6152 6145/6145 6138/6138
f 6149/6149 6134/6134 6139/6139
f 6140/6140 6153/6153 6141/6141
f 6153/6153 6142/6142 6141/6141
f 6154/6154 6147/6147 6135/6135
f 6155/6155 6140/6140 6134/6134
f 6153/6153 6156/6156 6142/6142
f 6146/6146 6154/6154 6135/6135
f 6136/6136 6157/6157 5925/5925
f 6151/6151 6158/6158 6131/6131
f 6144/6144 6159/6159 6138/6138
f 6159/6159 6152/6152 6138/6138
f 6149/6149 6155/6155 6134/6134
f 6155/6155 6160/6160 6140/6140
f 6160/6160 6153/6153 6140/6140
f 6143/6143 6161/6161 6130/6130
f 6161/6161 6146/6146 6130/6130
f 6150/6150 6162/6162 5924/5924
f 6163/6163 6144/6144 6148/6148
f 6164/6164 6149/6149 6145/6145
f 6165/6165 6161/6161 6143/6143
f 6166/6166 6145/6145 6152/6152
f 6153/6153 6167/6167 6156/6156
f 6154/6154 6168/6168 6147/6147
f 6168/6168 6151/6151 6147/6147
f 5925/5925 6157/6157 5926/5926
f 6166/6166 6164/6164 6145/6145
f 6164/6164 6169/6169 6149/6149
f 6169/6169 6155/6155 6149/6149
f 6170/6170 6160/6160 6155/6155
f 6161/6161 6171/6171 6146/6146
f 6171/6171 6154/6154 6146/6146
f 6160/6160 6172/6172 6153/6153
f 6172/6172 6167/6167 6153/6153
f 5924/5924 6162/6162 5927/5927
f 6171/6171 6173/6173 6154/6154
f 6173/6173 6174/6174 6154/6154
f 6174/6174 6168/6168 6154/6154
f 6170/6170 6175/6175 6160/6160
f 6175/6175 6172/6172 6160/6160
f 6162/6162 6176/6176 5927/5927
f 6167/6167 6177/6177 6156/6156
f 6144/6144 6178/6178 6159/6159
f 6159/6159 6178/6178 6152/6152
f 6178/6178 6166/6166 6152/6152
f 6179/6179 6144/6144 6163/6163
f 6166/6166 6169/6169 6164/6164
f 6157/6157 6180/6180 5926/5926
f 6151/6151 6181/6181 6158/6158
f 6169/6169 6182/6182 6155/6155
f 6182/6182 6170/6170 6155/6155
f 6165/6165 6183/6183 6161/6161
f 6183/6183 6171/6171 6161/6161
f 6168/6168 6184/6184 6151/6151
f 5926/5926 6180/6180 5928/5928
f 6184/6184 6181/6181 6151/6151
f 6174/6174 6184/6184 6168/6168
f 6179/6179 6185/6185 6144/6144
f 6185/6185 6186/6186 6144/6144
f 6144/6144 6186/6186 6178/6178
f 6166/6166 6182/6182 6169/6169
f 6187/6187 6183/6183 6165/6165
f 6186/6186 6188/6188 6178/6178
f 6188/6188 6166/6166 6178/6178
f 6188/6188 6182/6182 6166/6166
f 6176/6176 5929/5929 5927/5927
f 6188/6188 6189/6189 6182/6182
f 6182/6182 6190/6190 6170/6170
f 6190/6190 6175/6175 6170/6170
f 6191/6191 6174/6174 6173/6173
f 6192/6192 6181/6181 6184/6184
f 6171/6171 6191/6191 6173/6173
f 6174/6174 6192/6192 6184/6184
f 6180/6180 6193/6193 5928/5928
f 6192/6192 6194/6194 6181/6181
f 6191/6191 6195/6195 6174/6174
f 6174/6174 6195/6195 6192/6192
f 6176/6176 6196/6196 5929/5929
f 6167/6167 6197/6197 6177/6177
f 6179/6179 6198/6198 6185/6185
f 6198/6198 6186/6186 6185/6185
f 6199/6199 6188/6188 6186/6186
f 6190/6190 6200/6200 6175/6175
f 6200/6200 6172/6172 6175/6175
f 6172/6172 6197/6197 6167/6167
f 6195/6195 6201/6201 6192/6192
f 5928/5928 6193/6193 5930/5930
f 6198/6198 6202/6202 6186/6186
f 6202/6202 6199/6199 6186/6186
f 6187/6187 6203/6203 6183/6183
f 6203/6203 6171/6171 6183/6183
f 6203/6203 6204/6204 6171/6171
f 6204/6204 6191/6191 6171/6171
f 6205/6205 6198/6198 6179/6179
f 6189/6189 6206/6206 6182/6182
f 6206/6206 6190/6190 6182/6182
f 6201/6201 6207/6207 6192/6192
f 6207/6207 6194/6194 6192/6192
f 6188/6188 6208/6208 6189/6189
f 6208/6208 6206/6206 6189/6189
f 6200/6200 6209/6209 6172/6172
f 6209/6209 6197/6197 6172/6172
f 6204/6204 6210/6210 6191/6191
f 6210/6210 6195/6195 6191/6191
f 6211/6211 6203/6203 6187/6187
f 6196/6196 6212/6212 5929/5929
f 6210/6210 6201/6201 6195/6195
f 6193/6193 6213/6213 5931/5931
f 6193/6193 5931/5931 5930/5930
f 6207/6207 6214/6214 6194/6194
f 6215/6215 6208/6208 6188/6188
f 6209/6209 6216/6216 6197/6197
f 6205/6205 6217/6217 6198/6198
f 6217/6217 6202/6202 6198/6198
f 6206/6206 6200/6200 6190/6190
f 6210/6210 6218/6218 6201/6201
f 6218/6218 6207/6207 6201/6201
f 6199/6199 6215/6215 6188/6188
f 6219/6219 6217/6217 6205/6205
f 6217/6217 6220/6220 6202/6202
f 6220/6220 6199/6199 6202/6202
f 6220/6220 6221/6221 6199/6199
f 6221/6221 6215/6215 6199/6199
f 6208/6208 6222/6222 6206/6206
f 5931/5931 6213/6213 3644/3644
f 6200/6200 6223/6223 6209/6209
f 6223/6223 6216/6216 6209/6209
f 6212/6212 5932/5932 5929/5929
f 6212/6212 6224/6224 5932/5932
f 6225/6225 6208/6208 6215/6215
f 6226/6226 6206/6206 6222/6222
f 6227/6227 6203/6203 6211/6211
f 6226/6226 6228/6228 6206/6206
f 6228/6228 6200/6200 6206/6206
f 6223/6223 6229/6229 6216/6216
f 6204/6204 6230/6230 6210/6210
f 6230/6230 6218/6218 6210/6210
f 6218/6218 6231/6231 6207/6207
f 6231/6231 6214/6214 6207/6207
f 6225/6225 6222/6222 6208/6208
f 6228/6228 6223/6223 6200/6200
f 6203/6203 6232/6232 6204/6204
f 6232/6232 6230/6230 6204/6204
f 6213/6213 5933/5933 3644/3644
f 6219/6219 6233/6233 6217/6217
f 6233/6233 6220/6220 6217/6217
f 6225/6225 6226/6226 6222/6222
f 6213/6213 6234/6234 5933/5933
f 6231/6231 6235/6235 6214/6214
f 6221/6221 6225/6225 6215/6215
f 6227/6227 6236/6236 6203/6203
f 6236/6236 6232/6232 6203/6203
f 6237/6237 6233/6233 6219/6219
f 6233/6233 6238/6238 6220/6220
f 6238/6238 6221/6221 6220/6220
f 6226/6226 6239/6239 6228/6228
f 6230/6230 6231/6231 6218/6218
f 5933/5933 6234/6234 5934/5934
f 6225/6225 6240/6240 6226/6226
f 6239/6239 6223/6223 6228/6228
f 6238/6238 6241/6241 6221/6221
f 6221/6221 6241/6241 6225/6225
f 6240/6240 6239/6239 6226/6226
f 6239/6239 6242/6242 6223/6223
f 6242/6242 6229/6229 6223/6223
f 6240/6240 6243/6243 6239/6239
f 6243/6243 6242/6242 6239/6239
f 6244/6244 6231/6231 6230/6230
f 6245/6245 6233/6233 6237/6237
f 5932/5932 6224/6224 5935/5935
f 6232/6232 6244/6244 6230/6230
f 5934/5934 6234/6234 3650/3650
f 6246/6246 6235/6235 6231/6231
f 3721/3721 6236/6236 6227/6227
f 6236/6236 6247/6247 6232/6232
f 6247/6247 6244/6244 6232/6232
f 6246/6246 6231/6231 6244/6244
f 6233/6233 6248/6248 6238/6238
f 6248/6248 6241/6241 6238/6238
f 6241/6241 6249/6249 6225/6225
f 6249/6249 6240/6240 6225/6225
f 6234/6234 6250/6250 3650/3650
f 6246/6246 6251/6251 6235/6235
f 6243/6243 6252/6252 6242/6242
f 6248/6248 6249/6249 6241/6241
f 6253/6253 6252/6252 6243/6243
f 6245/6245 6254/6254 6233/6233
f 6254/6254 6248/6248 6233/6233
f 6249/6249 6255/6255 6240/6240
f 6255/6255 6243/6243 6240/6240
f 6224/6224 6256/6256 5935/5935
f 6242/6242 6257/6257 6229/6229
f 6258/6258 6246/6246 6244/6244
f 6250/6250 6259/6259 3650/3650
f 6246/6246 6260/6260 6251/6251
f 6261/6261 6254/6254 6245/6245
f 6254/6254 6262/6262 6248/6248
f 6255/6255 6253/6253 6243/6243
f 6247/6247 6258/6258 6244/6244
f 6262/6262 6249/6249 6248/6248
f 3650/3650 6259/6259 5936/5936
f 3721/3721 3723/3723 6236/6236
f 3723/3723 5938/5938 6247/6247
f 3723/3723 6247/6247 6236/6236
f 5938/5938 6258/6258 6247/6247
f 5938/5938 5940/5940 6258/6258
f 6258/6258 5940/5940 6246/6246
f 5940/5940 6263/6263 6246/6246
f 6263/6263 6260/6260 6246/6246
f 6254/6254 6264/6264 6262/6262
f 6252/6252 6257/6257 6242/6242
f 3724/3724 5938/5938 3723/3723
f 5936/5936 6259/6259 5937/5937
f 6265/6265 6266/6266 6261/6261
f 6261/6261 6266/6266 6254/6254
f 6266/6266 6264/6264 6254/6254
f 6264/6264 6249/6249 6262/6262
f 6267/6267 6255/6255 6249/6249
f 5940/5940 3731/3731 6263/6263
f 6259/6259 6268/6268 5937/5937
f 3731/3731 6260/6260 6263/6263
f 6264/6264 6267/6267 6249/6249
f 5938/5938 3724/3724 3728/3728
f 5941/5941 6269/6269 5897/5897
f 6270/6270 6271/6271 6272/6272
f 6270/6270 6272/6272 6273/6273
f 5897/5897 6269/6269 5898/5898
f 6269/6269 6274/6274 5898/5898
f 6271/6271 6275/6275 6272/6272
f 6272/6272 6275/6275 6276/6276
f 6274/6274 5844/5844 5898/5898
f 6274/6274 6277/6277 5844/5844
f 5844/5844 6277/6277 5899/5899
f 6276/6276 6275/6275 6278/6278
f 6275/6275 6279/6279 6278/6278
f 6277/6277 6280/6280 5943/5943
f 6277/6277 5943/5943 5899/5899
f 3737/3737 6281/6281 3735/3735
f 3734/3734 3562/3562 3732/3732
f 3734/3734 6282/6282 3562/3562
f 3735/3735 6281/6281 6283/6283
f 3562/3562 6282/6282 5901/5901
f 6281/6281 6284/6284 6283/6283
f 6282/6282 6285/6285 5902/5902
f 6282/6282 5902/5902 5901/5901
f 6283/6283 6284/6284 6286/6286
f 6284/6284 6287/6287 6286/6286
f 6285/6285 6288/6288 5902/5902
f 6286/6286 6287/6287 6289/6289
f 6288/6288 5948/5948 5902/5902
f 6288/6288 6290/6290 5948/5948
f 6289/6289 6287/6287 6291/6291
f 6290/6290 5949/5949 5948/5948
f 6287/6287 6292/6292 6291/6291
f 5949/5949 6290/6290 5950/5950
f 6290/6290 6293/6293 5950/5950
f 6292/6292 6294/6294 6291/6291
f 6293/6293 6295/6295 5951/5951
f 6293/6293 5951/5951 5950/5950
f 6294/6294 6292/6292 6296/6296
f 6292/6292 6297/6297 6296/6296
f 6295/6295 6298/6298 5951/5951
f 6296/6296 6297/6297 6299/6299
f 5951/5951 6298/6298 5952/5952
f 6297/6297 6300/6300 6299/6299
f 6298/6298 6301/6301 5952/5952
f 6299/6299 6300/6300 6302/6302
f 5952/5952 6301/6301 5953/5953
f 6301/6301 6303/6303 5953/5953
f 6302/6302 6300/6300 6304/6304
f 6303/6303 5954/5954 5953/5953
f 6300/6300 6305/6305 6304/6304
f 6304/6304 6266/6266 6265/6265
f 6303/6303 6306/6306 5954/5954
f 6304/6304 6305/6305 6266/6266
f 6266/6266 6305/6305 6264/6264
f 6264/6264 6305/6305 6267/6267
f 6267/6267 6307/6307 6255/6255
f 6307/6307 6308/6308 6253/6253
f 6307/6307 6253/6253 6255/6255
f 6256/6256 5955/5955 5935/5935
f 6309/6309 6310/6310 6273/6273
f 6273/6273 6310/6310 6270/6270
f 6310/6310 6311/6311 6270/6270
f 6311/6311 6271/6271 6270/6270
f 6311/6311 6312/6312 6271/6271
f 6271/6271 6312/6312 6275/6275
f 6312/6312 6313/6313 6275/6275
f 6313/6313 6314/6314 6275/6275
f 6275/6275 6314/6314 6279/6279
f 5943/5943 6280/6280 5944/5944
f 6279/6279 6315/6315 5945/5945
f 6314/6314 6316/6316 6279/6279
f 6279/6279 6316/6316 6315/6315
f 6315/6315 5946/5946 5945/5945
f 6315/6315 6317/6317 5946/5946
f 6316/6316 6318/6318 6317/6317
f 6316/6316 6317/6317 6315/6315
f 6317/6317 3737/3737 5946/5946
f 5946/5946 3737/3737 3736/3736
f 6318/6318 6319/6319 3737/3737
f 6318/6318 3737/3737 6317/6317
f 3737/3737 6319/6319 6281/6281
f 6319/6319 6320/6320 6281/6281
f 6320/6320 6284/6284 6281/6281
f 6320/6320 6321/6321 6284/6284
f 6321/6321 6287/6287 6284/6284
f 6321/6321 6322/6322 6287/6287
f 6322/6322 6323/6323 6287/6287
f 6287/6287 6323/6323 6292/6292
f 6323/6323 6324/6324 6292/6292
f 6324/6324 6297/6297 6292/6292
f 6324/6324 6325/6325 6297/6297
f 6325/6325 6326/6326 6297/6297
f 6297/6297 6326/6326 6300/6300
f 6326/6326 6327/6327 6300/6300
f 6300/6300 6327/6327 6305/6305
f 6327/6327 6328/6328 6305/6305
f 6328/6328 6267/6267 6305/6305
f 6313/6313 6329/6329 6314/6314
f 6314/6314 6329/6329 6316/6316
f 6329/6329 6330/6330 6316/6316
f 6330/6330 6318/6318 6316/6316
f 6330/6330 6331/6331 6318/6318
f 6318/6318 6331/6331 6319/6319
f 6331/6331 6320/6320 6319/6319
f 6320/6320 6332/6332 6321/6321
f 6328/6328 6307/6307 6267/6267
f 6252/6252 6333/6333 6257/6257
f 6310/6310 6334/6334 6311/6311
f 6334/6334 6335/6335 6312/6312
f 6334/6334 6312/6312 6311/6311
f 6335/6335 6313/6313 6312/6312
f 6336/6336 6329/6329 6313/6313
f 6329/6329 6337/6337 6330/6330
f 6337/6337 6331/6331 6330/6330
f 6331/6331 6338/6338 6320/6320
f 6338/6338 6339/6339 6320/6320
f 6320/6320 6339/6339 6332/6332
f 6332/6332 6340/6340 6321/6321
f 6340/6340 6322/6322 6321/6321
f 6340/6340 6341/6341 6322/6322
f 6322/6322 6341/6341 6323/6323
f 6341/6341 6342/6342 6323/6323
f 6323/6323 6342/6342 6324/6324
f 6342/6342 6343/6343 6325/6325
f 6342/6342 6325/6325 6324/6324
f 6343/6343 6326/6326 6325/6325
f 6344/6344 6345/6345 6326/6326
f 6345/6345 6327/6327 6326/6326
f 6308/6308 6333/6333 6252/6252
f 6308/6308 6252/6252 6253/6253
f 6346/6346 6347/6347 6309/6309
f 6309/6309 6347/6347 6310/6310
f 6347/6347 6334/6334 6310/6310
f 6335/6335 6336/6336 6313/6313
f 6336/6336 6337/6337 6329/6329
f 6337/6337 6338/6338 6331/6331
f 6339/6339 6340/6340 6332/6332
f 6343/6343 6344/6344 6326/6326
f 6345/6345 6328/6328 6327/6327
f 6256/6256 5956/5956 5955/5955
f 6348/6348 6349/6349 6257/6257
f 6348/6348 6257/6257 6333/6333
f 6350/6350 6338/6338 6337/6337
f 6350/6350 6339/6339 6338/6338
f 6339/6339 6351/6351 6340/6340
f 6351/6351 6341/6341 6340/6340
f 6351/6351 6352/6352 6341/6341
f 6352/6352 6342/6342 6341/6341
f 6342/6342 6352/6352 6343/6343
f 6352/6352 6353/6353 6343/6343
f 6353/6353 6344/6344 6343/6343
f 6354/6354 6328/6328 6345/6345
f 6354/6354 6307/6307 6328/6328
f 6354/6354 6308/6308 6307/6307
f 6308/6308 6348/6348 6333/6333
f 6355/6355 6356/6356 6346/6346
f 6346/6346 6356/6356 6347/6347
f 6347/6347 6356/6356 6334/6334
f 6356/6356 6357/6357 6334/6334
f 6357/6357 6335/6335 6334/6334
f 6357/6357 6358/6358 6335/6335
f 6358/6358 6336/6336 6335/6335
f 6336/6336 6358/6358 6337/6337
f 6358/6358 6350/6350 6337/6337
f 6358/6358 6359/6359 6350/6350
f 6350/6350 6359/6359 6339/6339
f 6359/6359 6360/6360 6339/6339
f 6339/6339 6360/6360 6351/6351
f 6360/6360 6361/6361 6351/6351
f 6351/6351 6361/6361 6352/6352
f 6361/6361 6362/6362 6352/6352
f 6362/6362 6353/6353 6352/6352
f 6362/6362 6363/6363 6353/6353
f 6353/6353 6363/6363 6344/6344
f 6363/6363 6364/6364 6344/6344
f 6344/6344 6364/6364 6345/6345
f 6364/6364 6354/6354 6345/6345
f 6364/6364 6365/6365 6354/6354
f 6354/6354 6365/6365 6308/6308
f 6365/6365 6348/6348 6308/6308
f 6355/6355 6366/6366 6356/6356
f 6356/6356 6366/6366 6357/6357
f 6366/6366 6367/6367 6357/6357
f 6357/6357 6367/6367 6358/6358
f 6367/6367 6368/6368 6358/6358
f 6358/6358 6368/6368 6359/6359
f 6368/6368 6369/6369 6359/6359
f 6359/6359 6369/6369 6360/6360
f 6369/6369 6370/6370 6360/6360
f 6360/6360 6370/6370 6361/6361
f 6370/6370 6371/6371 6361/6361
f 6361/6361 6371/6371 6362/6362
f 6371/6371 6372/6372 6362/6362
f 6362/6362 6372/6372 6363/6363
f 6372/6372 6373/6373 6363/6363
f 6363/6363 6373/6373 6364/6364
f 6373/6373 6374/6374 6364/6364
f 6364/6364 6374/6374 6365/6365
f 6374/6374 6375/6375 6365/6365
f 6375/6375 6348/6348 6365/6365
f 6376/6376 3749/3749 2995/2995
f 6348/6348 6375/6375 6349/6349
# Vertices: 6376, normals: 0, texture coordinates: 6376, faces: 10592

