# File generated by ImageToStl.com - Free Image and 3D model conversion tools

mtllib mesa_pequena.mtl

o obj1
v 0.09116751 0.43546787 -0.02044857
v 0.08853371 0.43557534 -0.01805656
v 0.08392975 0.4356688 -0.01429225
v 0.08689876 0.43543738 -0.01555366
v 0.09125736 0.43556753 -0.0243199
v 0.08853371 0.43557534 -0.01805656
v 0.09116751 0.43546787 -0.02044857
v 0.08392975 0.4356688 -0.01429225
v 0.08689876 0.43543738 -0.01555366
v 0.07944842 0.43565115 -0.00669547
v 0.08111282 0.43549874 -0.00779575
v 0.08111282 0.43549874 -0.00779575
v -0.25841746 0.4755213 0.1258727
v -0.25747141 0.47233027 0.12200814
v -0.25619465 0.47546041 0.12306526
v -0.24819094 0.4359087 0.13059694
v -0.24816728 0.43686298 0.12667561
v -0.25307167 0.44040903 0.12215641
v -0.25518772 0.44454268 0.11893091
v -0.25754985 0.44708684 0.12186856
v -0.25307167 0.44040903 0.12215641
v -0.26704657 0.44210377 0.13077465
v -0.26461154 0.43790355 0.1305849
v -0.2673122 0.4627994 0.13077407
v -0.25809148 0.46258858 0.12187131
v -0.26379761 0.46755385 0.12673354
v -0.26265374 0.47418341 0.12907656
v -0.26028359 0.43584347 0.13063288
v -0.24423169 0.43592802 0.12668483
v -0.26461154 0.43790355 0.1305849
v 0.12337983 0.43801934 0.26061267
v 0.11884548 0.43778139 0.26417613
v 0.12249241 0.43862173 0.26367891
v 0.13139008 0.46841744 0.0466396
v 0.12662576 0.47684598 0.04791478
v 0.12419929 0.47576022 0.04408274
v 0.11573338 0.45167753 0.03998693
v 0.12952282 0.45256832 0.04567383
v 0.1161371 0.46207276 0.04163609
v 0.15855995 0.46222025 0.05675988
v 0.14539339 0.46887684 0.05190277
v 0.14364232 0.45353475 0.05121487
v 0.11936701 0.43592972 0.05258644
v 0.14344859 0.44851762 0.05118099
v 0.13014348 0.45865685 0.04612764
v 0.13045272 0.46499503 0.0465949
v 0.14314885 0.47698182 0.05281906
v 0.132424 0.47693738 0.05220618
v 0.15867102 0.47207031 0.05717823
v 0.15130053 0.47683054 0.05991079
v 0.15844998 0.4753187 0.06203632
v 0.15130053 0.47683054 0.05991079
v 0.15867102 0.47207031 0.05717823
v 0.12184634 0.46646926 0.04333374
v 0.1166611 0.47069207 0.04138871
v 0.1189492 0.47233996 0.04177022
v 0.10355655 0.43591696 0.04851699
v 0.10366656 0.43593574 0.05259626
v 0.10859993 0.43806615 0.04274468
v 0.11276052 0.44047701 0.04132182
v 0.10859993 0.43806615 0.04274468
v 0.11427512 0.44380715 0.04027467
v 0.11427512 0.44380715 0.04027467
v 0.10859993 0.43806615 0.04274468
v 0.15552925 0.4763017 0.06452482
v 0.15797876 0.44716886 0.05665824
v 0.15696108 0.44031832 0.07704077
v 0.15797876 0.44716886 0.05665824
v 0.15464652 0.43820447 0.07617009
v 0.15809189 0.45457682 0.05661007
v 0.15855995 0.46222025 0.05675988
v 0.15797876 0.44716886 0.05665824
v 0.11936701 0.43592972 0.05258644
v 0.11882538 0.47608951 0.04322104
v 0.15015286 0.43591437 0.05250237
v 0.15015286 0.43591437 0.05250237
v 0.15015286 0.43591437 0.05250237
v 0.15005457 0.43596157 0.07799895
v 0.15464652 0.43820447 0.07617009
v 0.12896341 0.45876715 0.25504747
v 0.12893894 0.44788429 0.25446257
v 0.12903176 0.45236918 0.25494859
v 0.13198058 0.43788713 0.24837428
v 0.14535059 0.43826458 0.24881464
v 0.12733874 0.43594611 0.24414587
v 0.15097061 0.43800455 0.24866274
v 0.15439045 0.43868887 0.24800639
v 0.15493284 0.43798903 0.24446
v 0.15475436 0.43802863 0.2397656
v 0.15033934 0.43595308 0.22910921
v 0.27139667 0.43221778 -0.04587366
v 0.26808113 0.43240947 -0.04829564
v 0.26028925 0.43223643 -0.04650917
v 0.26208276 0.43246695 -0.04852546
v 0.26898399 0.43231693 -0.02654127
v 0.27154419 0.43241379 -0.03382911
v 0.26264262 0.43248397 -0.03148406
v 0.27137327 0.43241468 -0.02815801
v 0.00981855 0.43584093 0.26813006
v 0.01352761 0.43588677 0.25956327
v -0.01108386 0.43579885 0.27584204
v 0.01356657 0.43669999 0.26369125
v 0.11931513 0.43587202 0.25224298
v 0.11922824 0.43589923 0.24775591
v 0.11916494 0.4358004 0.26035497
v 0.35824269 0.49773407 -0.21523567
v 0.35939276 0.49514759 -0.20096992
v 0.35844931 0.49561855 -0.21791555
v 0.35735863 0.49872103 -0.21708727
v 0.35741284 0.49942207 -0.20499642
v 0.35882547 0.49043339 -0.21989976
v 0.35891274 0.48089167 -0.22004889
v 0.3591114 0.47885552 -0.20068724
v 0.35862803 0.47894222 -0.21999106
v 0.35880521 0.49793586 -0.20089945
v 0.35974833 0.48944435 -0.19904922
v 0.35901549 0.48516276 -0.21813092
v 0.35954258 0.48094258 -0.19699217
v 0.35997373 0.4814719 -0.15055695
v 0.35923728 0.47832498 -0.16361171
v 0.36017951 0.49048913 -0.13406877
v 0.35763419 0.49949363 -0.1386784
v 0.35967356 0.4951348 -0.14611605
v 0.35909379 0.49805409 -0.1326651
v 0.3603895 0.48137218 -0.11680095
v 0.360293 0.47909853 -0.09811953
v 0.35978574 0.47818455 -0.10699946
v 0.35996726 0.49487814 -0.1190844
v 0.35782677 0.49958739 -0.09036095
v 0.36055923 0.48149851 -0.08428796
v 0.36050066 0.49029174 -0.08225671
v 0.35947591 0.4982934 -0.05092515
v 0.36011928 0.49535871 -0.05928503
v 0.3598175 0.47793838 -0.03394068
v 0.3580136 0.49972874 -0.04073225
v 0.36037195 0.48173347 -0.03127664
v 0.36015531 0.47883299 -0.01069409
v 0.3600499 0.49551973 -0.01319626
v 0.36035532 0.49079645 -0.01451403
v 0.35957432 0.49841398 0.02687204
v 0.36047572 0.48173872 0.00782096
v 0.36049908 0.49093729 0.02084096
v 0.36022168 0.49553916 0.03152507
v 0.36043772 0.48100704 0.05152351
v 0.35957432 0.49841398 0.02687204
v 0.3580136 0.49972874 -0.04073225
v 0.35799584 0.49968344 0.06361663
v 0.35986811 0.47790644 0.05421482
v 0.36021483 0.47871357 0.05508178
v 0.36048517 0.49035868 0.06441302
v 0.3601636 0.49541184 0.09355671
v 0.35928226 0.49828601 0.12739897
v 0.35928226 0.49828601 0.12739897
v 0.36032826 0.48122478 0.09810492
v 0.35987946 0.47851554 0.12636383
v 0.35949659 0.4777905 0.12594838
v 0.3604112 0.49115947 0.1053194
v 0.35776317 0.49961603 0.13777652
v 0.36011428 0.48143101 0.14122576
v 0.3599245 0.49553385 0.1364664
v 0.36020413 0.49097359 0.13967697
v 0.35999173 0.48076966 0.19587824
v 0.36022308 0.49098742 0.19446054
v 0.3599762 0.49547052 0.19174452
v 0.3596088 0.47796196 0.19183829
v 0.35932299 0.49826163 0.18390276
v 0.35773751 0.4996843 0.18800581
v 0.35932299 0.49826163 0.18390276
v 0.35890743 0.49823007 0.21945409
v 0.35890743 0.49823007 0.21945409
v 0.35992226 0.49066719 0.21828669
v 0.35910079 0.47803485 0.22296816
v 0.35958928 0.49555951 0.21897854
v 0.35732764 0.49959862 0.22509138
v 0.35963288 0.48073128 0.21984668
v 0.35790512 0.49855345 0.23344892
v 0.35854861 0.49602446 0.23521978
v 0.35732764 0.49959862 0.22509138
v 0.35907918 0.49129876 0.23455364
v 0.35910091 0.4861401 0.2365402
v 0.3590295 0.48074833 0.23653388
v 0.35874879 0.47833008 0.23589279
v 0.35427245 0.48139688 -0.28971383
v 0.35591888 0.48140866 -0.27997896
v 0.35366413 0.47883311 -0.28995705
v 0.35552049 0.49133468 -0.28222322
v 0.35591888 0.48140866 -0.27997896
v 0.35517907 0.47885406 -0.2796911
v 0.35366413 0.47883311 -0.28995705
v 0.35504007 0.49779579 -0.28097287
v 0.35391223 0.49870762 -0.28300819
v 0.35398126 0.49956903 -0.27557558
v 0.35487363 0.49537194 -0.28418678
v 0.35552049 0.49133468 -0.28222322
v 0.35612032 0.4985055 -0.26382065
v 0.35706681 0.49582744 -0.25951749
v 0.35743228 0.48718265 -0.26422507
v 0.35728928 0.48091891 -0.26532173
v 0.35658598 0.47835609 -0.26292863
v 0.35398126 0.49956903 -0.27557558
v 0.35464263 0.50005817 -0.2402589
v 0.35612032 0.4985055 -0.26382065
v 0.35811424 0.49098384 -0.24694479
v 0.35704938 0.49880028 -0.23393276
v 0.35704938 0.49880028 -0.23393276
v 0.35844848 0.4856163 -0.2443556
v 0.35847875 0.48101255 -0.24209218
v 0.35797921 0.4787975 -0.23950157
v 0.35797921 0.4787975 -0.23950157
v 0.35774907 0.47808805 -0.2205459
v 0.35658598 0.47835609 -0.26292863
v 0.35449961 0.50014031 -0.21602289
v 0.35862803 0.47894222 -0.21999106
v 0.35735863 0.49872103 -0.21708727
v 0.35741284 0.49942207 -0.20499642
v 0.35450473 0.50014579 -0.19424886
v 0.35923728 0.47832498 -0.16361171
v 0.35810024 0.47793776 -0.16495612
v 0.35763419 0.49949363 -0.1386784
v 0.35418451 0.50011402 -0.13182048
v 0.35782677 0.49958739 -0.09036095
v 0.35466471 0.50007361 -0.06172857
v 0.35430497 0.50004041 0.01283221
v 0.35436159 0.50004184 0.06351458
v 0.35417578 0.5000481 0.1397185
v 0.35436121 0.50011492 0.1882842
v 0.35421675 0.5002352 0.23093531
v 0.35790512 0.49855345 0.23344892
v 0.35464257 0.50014549 0.24176666
v 0.35910079 0.47803485 0.22296816
v 0.35874879 0.47833008 0.23589279
v 0.35800278 0.47747278 0.23150647
v 0.3567979 0.49869001 0.25361711
v 0.3567979 0.49869001 0.25361711
v 0.35791072 0.4958362 0.25001299
v 0.35830814 0.49140668 0.25089327
v 0.35824063 0.48081249 0.25312176
v 0.35754323 0.47793773 0.25280151
v 0.3546294 0.49985296 0.25518045
v 0.3583158 0.48583263 0.25305259
v 0.35754323 0.47793773 0.25280151
v 0.35559139 0.49750358 0.26803127
v 0.35679954 0.48886356 0.26497892
v 0.35619074 0.47853628 0.26465705
v 0.35416245 0.49932826 0.26630777
v 0.35648137 0.48068756 0.2662394
v 0.35416245 0.49932826 0.26630777
v 0.35347617 0.47785324 0.27442116
v 0.35409096 0.49857324 0.27142102
v 0.35491419 0.49543002 0.2726987
v 0.35530773 0.48901293 0.27283868
v 0.35373974 0.48066509 0.27937442
v 0.35390458 0.47863507 0.27706203
v 0.35041708 0.49710196 -0.30309695
v 0.35305822 0.49116713 -0.29574618
v 0.35067901 0.48901862 -0.30413079
v 0.34944832 0.49843019 -0.30270043
v 0.34989169 0.49965495 -0.29773229
v 0.35299134 0.49546173 -0.29463401
v 0.35301825 0.48115638 -0.29556775
v 0.34993589 0.48115495 -0.30606931
v 0.35005644 0.47923237 -0.30435947
v 0.3525812 0.49852386 -0.29254845
v 0.34989169 0.49965495 -0.29773229
v 0.35084233 0.50014973 -0.2858451
v 0.3525812 0.49852386 -0.29254845
v 0.35391223 0.49870762 -0.28300819
v 0.35487363 0.49537194 -0.28418678
v 0.35391223 0.49870762 -0.28300819
v 0.3509331 0.50025403 -0.27761894
v 0.35075355 0.50026482 -0.27064812
v 0.35058436 0.50029653 -0.23976995
v 0.34990236 0.50011253 -0.21285811
v 0.34927467 0.49997672 -0.17670959
v 0.34890079 0.49998713 -0.11404918
v 0.34928694 0.499944 -0.06943641
v 0.34897798 0.49990252 0.0052202
v 0.34916145 0.49977109 0.04105023
v 0.34908342 0.49980482 0.11557232
v 0.34953707 0.49973857 0.17657141
v 0.35017395 0.49951395 0.19600074
v 0.34993941 0.49965739 0.2229896
v 0.35092327 0.49995884 0.24679485
v 0.35113046 0.50013238 0.25870007
v 0.35107297 0.50009763 0.26952392
v 0.35409096 0.49857324 0.27142102
v 0.35044816 0.49985349 0.28151411
v 0.35176817 0.49818796 0.28355452
v 0.35315877 0.49554121 0.28061455
v 0.35176817 0.49818796 0.28355452
v 0.35353327 0.48895228 0.28060347
v 0.35121891 0.47769028 0.28227657
v 0.3496896 0.49537247 0.29100332
v 0.34970039 0.49843886 0.28828785
v 0.34924552 0.48989499 0.2931402
v 0.35014468 0.47853237 0.28854373
v 0.34975433 0.48070419 0.29130137
v 0.34641382 0.49769184 -0.31242505
v 0.34957966 0.4950296 -0.30631748
v 0.34592003 0.49451864 -0.31530023
v 0.34717026 0.48979461 -0.31333667
v 0.3456544 0.48102295 -0.31623828
v 0.34591025 0.47930917 -0.31488135
v 0.34641382 0.49769184 -0.31242505
v 0.34535134 0.49978638 -0.30942345
v 0.34944832 0.49843019 -0.30270043
v 0.34810737 0.4784663 -0.30723587
v 0.34616789 0.50013089 -0.303159
v 0.34627464 0.50014502 -0.29881424
v 0.34687293 0.49971288 -0.28106773
v 0.34667167 0.49906224 -0.26930884
v 0.34662867 0.49908924 -0.23761335
v 0.34599772 0.49898207 -0.20880613
v 0.34549895 0.49892074 -0.1759038
v 0.34544381 0.49895027 -0.13515848
v 0.34540457 0.49894759 -0.07661321
v 0.34531677 0.49893612 -0.02705522
v 0.34578112 0.49891692 0.0075459
v 0.34626672 0.49880356 0.05157599
v 0.34623277 0.49880803 0.11609235
v 0.34662101 0.49873462 0.1743228
v 0.34773055 0.49842143 0.19849941
v 0.34734979 0.49865076 0.22769207
v 0.34788132 0.49876723 0.24134547
v 0.34777659 0.49903315 0.26076216
v 0.34698287 0.49929875 0.26999494
v 0.34703657 0.4998728 0.27818555
v 0.34668478 0.50008094 0.28754133
v 0.34970039 0.49843886 0.28828785
v 0.34601286 0.49970537 0.29393488
v 0.34587508 0.47871715 0.29917887
v 0.34375736 0.47802037 0.30167305
v 0.34628752 0.49788296 0.29754627
v 0.34454149 0.49517938 0.30284932
v 0.34628752 0.49788296 0.29754627
v 0.34667981 0.48939121 0.29914153
v 0.3459349 0.48066011 0.30001491
v 0.34250507 0.48845032 -0.32284421
v 0.34182429 0.48098901 -0.32361457
v 0.34190589 0.47920397 -0.32255679
v 0.34264624 0.49780482 -0.32000542
v 0.34264624 0.49780482 -0.32000542
v 0.34164047 0.49993521 -0.31629843
v 0.34208956 0.50020456 -0.31119889
v 0.34249175 0.50001591 -0.30532658
v 0.34236938 0.49892691 -0.29795066
v 0.34368819 0.49867195 -0.28442106
v 0.34452781 0.49782962 -0.2700344
v 0.34320858 0.49688482 -0.27250403
v 0.34305334 0.4960362 -0.26291126
v 0.34308106 0.49642718 -0.23544808
v 0.3446871 0.49756056 -0.22715122
v 0.34284824 0.49594158 -0.20912105
v 0.34445974 0.49704286 -0.19419228
v 0.34260055 0.4954401 -0.18038458
v 0.34400195 0.49684975 -0.17735541
v 0.34261119 0.49523157 -0.14409164
v 0.34400237 0.49674362 -0.14087787
v 0.34256929 0.49552119 -0.11215491
v 0.34256151 0.49547318 -0.07968992
v 0.34390256 0.4969427 -0.07692308
v 0.34263653 0.49582338 -0.04310813
v 0.34277591 0.49554145 -0.01487004
v 0.34420615 0.49701628 -0.0179018
v 0.34522331 0.49662188 0.02462806
v 0.34332421 0.49526593 0.02179591
v 0.34339052 0.4954381 0.03712288
v 0.34547824 0.4967342 0.06542936
v 0.34343076 0.49554932 0.080772
v 0.34343264 0.49540129 0.11744821
v 0.3455891 0.49662101 0.13233832
v 0.34354553 0.49538997 0.14039204
v 0.345714 0.49665084 0.17402036
v 0.34353286 0.49537572 0.18487823
v 0.34646437 0.4966529 0.19474918
v 0.34352502 0.49511737 0.22044019
v 0.34605598 0.49646363 0.22712547
v 0.34354302 0.49544489 0.24981907
v 0.34634292 0.49691454 0.25387397
v 0.34320498 0.49579173 0.26210567
v 0.34384209 0.49685439 0.26660213
v 0.34432837 0.49865383 0.274966
v 0.34292379 0.49906239 0.28713012
v 0.34296548 0.50002956 0.29422009
v 0.34254658 0.49987531 0.29952547
v 0.34276956 0.49785778 0.30456272
v 0.34058985 0.49974981 0.30467021
v 0.34276956 0.49785778 0.30456272
v 0.34303117 0.48944727 0.30619448
v 0.34188178 0.47909901 0.30729502
v 0.33955747 0.49034128 -0.32744095
v 0.33859581 0.48139799 -0.32871196
v 0.3384338 0.47921732 -0.32777959
v 0.3381584 0.49735111 -0.32776949
v 0.34213543 0.49493438 -0.32257158
v 0.33872417 0.49502879 -0.32790986
v 0.33625916 0.49921057 -0.32738298
v 0.33748785 0.49994048 -0.32297513
v 0.33625916 0.49921057 -0.32738298
v 0.33836657 0.50007111 -0.31763962
v 0.33777064 0.49891132 -0.31222522
v 0.34016952 0.4985376 -0.30222401
v 0.33993328 0.49688575 -0.29783434
v 0.33903292 0.49579316 -0.2941938
v 0.34164351 0.49681476 -0.28969157
v 0.33985654 0.49566934 -0.26795813
v 0.33972532 0.49590513 -0.24188825
v 0.34011489 0.49573088 -0.20485447
v 0.33983171 0.49523738 -0.16731715
v 0.33968109 0.49539214 -0.11713897
v 0.33994129 0.49543592 -0.07120161
v 0.33968884 0.49544922 -0.03294387
v 0.339791 0.4954547 -0.00297172
v 0.33650753 0.49583831 0.14082994
v 0.33680448 0.49586239 0.17110784
v 0.3344031 0.49577707 0.21147703
v 0.33936274 0.49551442 0.2410021
v 0.33979189 0.49532601 0.26644349
v 0.33943278 0.49526924 0.27503735
v 0.34202325 0.49676752 0.27905458
v 0.33932728 0.49554375 0.2818324
v 0.34013179 0.49696621 0.28664559
v 0.33939821 0.49890572 0.29512814
v 0.33918545 0.49969351 0.29989979
v 0.33795941 0.49998042 0.30475807
v 0.3390362 0.49677965 0.31156158
v 0.33713454 0.49925277 0.31164181
v 0.33713454 0.49925277 0.31164181
v 0.33975947 0.48922533 0.3114247
v 0.33820722 0.47827998 0.31175405
v 0.33386555 0.49729928 0.31783035
v 0.33836791 0.48073074 0.31280702
v 0.33224007 0.49734265 -0.33461332
v 0.33468005 0.49014574 -0.33371565
v 0.33468813 0.48144731 -0.33363926
v 0.33418483 0.47928163 -0.33293167
v 0.3319653 0.4996334 -0.32605746
v 0.3339043 0.49877995 -0.31946149
v 0.33589119 0.49673733 -0.31114209
v 0.33520553 0.49552745 -0.3071444
v 0.33761308 0.49677959 -0.30712447
v 0.33600971 0.4956356 -0.29887304
v 0.33393165 0.49615365 -0.28521422
v 0.33375636 0.49614617 -0.25871861
v 0.33403659 0.49630424 -0.2343937
v 0.33563787 0.49607137 -0.20031658
v 0.33581367 0.49577072 -0.1782653
v 0.33592567 0.49561518 -0.13913757
v 0.33595529 0.49574634 -0.11205183
v 0.33544284 0.49595246 -0.07436572
v 0.33517048 0.49592331 -0.04607876
v 0.33504876 0.49596789 -0.01878149
v 0.33448595 0.49579629 0.01655206
v 0.33530751 0.49604991 0.08304331
v 0.33573046 0.49511835 0.2844089
v 0.33554929 0.49537423 0.29136783
v 0.33803621 0.49704763 0.29312608
v 0.3347275 0.49697307 0.29934782
v 0.33667132 0.49856579 0.29921368
v 0.33416486 0.49868742 0.30419958
v 0.33368248 0.49985579 0.31301618
v 0.33266571 0.49495417 0.32002148
v 0.33391082 0.4909614 0.31885865
v 0.33285323 0.48106417 0.31979778
v 0.33522448 0.47873667 0.31584921
v 0.32772627 0.49782908 -0.3390519
v 0.33083898 0.48900619 -0.33803433
v 0.33046728 0.47984141 -0.33802918
v 0.33068001 0.4997896 -0.33049315
v 0.33076116 -0.46628428 -0.32912114
v 0.33110824 -0.46534294 -0.32529891
v 0.33054957 -0.48424909 -0.33035302
v 0.3307384 -0.49061263 -0.32711193
v 0.33025017 -0.49412102 -0.32804856
v 0.33070451 -0.45769128 -0.32425636
v 0.33106673 -0.49194741 -0.31543133
v 0.32896307 0.49848542 -0.32587731
v 0.32982728 0.49682844 -0.32198411
v 0.33356848 0.49709934 -0.31732038
v 0.33120298 -0.45272458 -0.31185928
v 0.33021948 -0.4975867 -0.31789568
v 0.33152017 0.4956924 -0.31587115
v 0.33074602 -0.4491511 -0.31146589
v 0.33030427 -0.45274436 -0.31906617
v 0.33134136 -0.46129623 -0.31499735
v 0.33206874 0.49566716 -0.31156188
v 0.33111921 -0.44786629 -0.30323902
v 0.33138347 -0.44743344 -0.29152301
v 0.33118162 -0.49209607 -0.29333112
v 0.33065429 -0.49581686 -0.29260212
v 0.33120427 -0.4472678 -0.25217959
v 0.33132887 -0.45338485 -0.26439455
v 0.33062765 -0.49554911 -0.26281649
v 0.33024329 -0.49720013 -0.26722804
v 0.33098358 -0.49206915 -0.25508574
v 0.33073205 -0.45948625 -0.21427706
v 0.33058825 -0.49209666 -0.21122575
v 0.33020958 -0.49436492 -0.19264336
v 0.3262687 0.49648792 -0.21046832
v 0.33027828 -0.49187484 -0.19138974
v 0.32973582 -0.4955354 -0.18944699
v 0.32950965 0.49597615 -0.15605338
v 0.3299799 0.49604419 -0.11511562
v 0.32698205 0.49624923 0.11160178
v 0.32704797 0.49621093 0.17235017
v 0.32812327 0.49600005 0.23959672
v 0.33188936 0.4952094 0.29598022
v 0.33166969 0.49566671 0.3003352
v 0.33041778 0.49723515 0.30709952
v 0.32850119 0.49868423 0.31349865
v 0.32845753 0.4995335 0.3212468
v 0.32845753 0.4995335 0.3212468
v 0.33820722 0.47827998 0.31175405
v 0.33522448 0.47873667 0.31584921
v 0.3262336 0.47801572 0.32427961
v 0.32897168 0.49776942 0.3229095
v 0.32715863 0.49005073 0.32601541
v 0.32858992 0.47869316 0.3231442
v 0.32858992 0.47869316 0.3231442
v 0.3319982 0.49467921 -0.33608717
v 0.32573602 0.49491751 -0.34213588
v 0.32646635 0.48162675 -0.34199685
v 0.32353956 0.49943829 -0.34055629
v 0.32772627 0.49782908 -0.3390519
v 0.3300674 -0.47002906 -0.33071738
v 0.330024 -0.48214754 -0.33118644
v 0.32451814 0.49899176 -0.3327603
v 0.32993215 -0.45863757 -0.32669991
v 0.33012038 -0.45506251 -0.32313216
v 0.3274999 -0.45870697 -0.32712936
v 0.32754171 -0.45434862 -0.32328719
v 0.33012038 -0.45506251 -0.32313216
v 0.32993215 -0.45863757 -0.32669991
v 0.33012038 -0.45506251 -0.32313216
v 0.32754171 -0.45434862 -0.32328719
v 0.3273454 -0.45069563 -0.31881145
v 0.33030427 -0.45274436 -0.31906617
v 0.32929635 -0.49671704 -0.32649937
v 0.33021948 -0.4975867 -0.31789568
v 0.32898304 -0.49753678 -0.32396641
v 0.32587895 0.49597052 -0.32231593
v 0.32592541 0.49622267 -0.31388041
v 0.33002076 -0.45018047 -0.31619674
v 0.33002076 -0.45018047 -0.31619674
v 0.32766071 -0.4471375 -0.31130785
v 0.33074602 -0.4491511 -0.31146589
v 0.33008105 -0.44681484 -0.30819529
v 0.33008105 -0.44681484 -0.30819529
v 0.32790682 -0.44510153 -0.30082631
v 0.33024329 -0.49720013 -0.26722804
v 0.32969695 -0.49787456 -0.29614928
v 0.33051017 -0.44585639 -0.2937271
v 0.33051017 -0.44585639 -0.2937271
v 0.32801861 -0.4445487 -0.2834965
v 0.32542184 0.49645516 -0.28260568
v 0.3304294 -0.44554555 -0.252168
v 0.3304294 -0.44554555 -0.252168
v 0.32784387 -0.44393653 -0.22604764
v 0.33003536 -0.49637023 -0.21401104
v 0.32971704 -0.49770302 -0.26547381
v 0.3301923 -0.44517371 -0.207504
v 0.33080229 -0.44691044 -0.20669562
v 0.3301923 -0.44517371 -0.207504
v 0.32924333 -0.49746451 -0.20832027
v 0.32765329 -0.44363341 -0.19207825
v 0.33013394 -0.4569951 -0.17965521
v 0.32862213 -0.49720594 -0.18367419
v 0.32920191 -0.44500402 -0.15685461
v 0.32920191 -0.44500402 -0.15685461
v 0.32989579 -0.49171174 -0.1613827
v 0.32723862 -0.44346449 -0.16232932
v 0.32953736 -0.44696563 -0.14598303
v 0.32757291 -0.4435699 -0.14083697
v 0.32793632 -0.49524921 -0.10435954
v 0.32912853 -0.47193128 -0.12723811
v 0.32898286 -0.49201471 -0.12112188
v 0.3272002 -0.49683735 -0.11476533
v 0.32846177 -0.44479752 -0.12152965
v 0.32757291 -0.4435699 -0.14083697
v 0.32856089 -0.44638357 -0.09920034
v 0.32832837 -0.44999567 -0.09091005
v 0.32851392 -0.48242626 -0.09897254
v 0.32694942 -0.44295302 -0.08321852
v 0.32776096 -0.44389927 -0.08228531
v 0.32751441 -0.49209288 -0.07681859
v 0.32668206 -0.49604493 -0.08343433
v 0.32295501 0.49623746 -0.10007646
v 0.3279672 -0.47437036 -0.08127774
v 0.32764715 -0.44548941 -0.08011267
v 0.32775006 -0.45609981 -0.07715447
v 0.32691827 -0.49497202 -0.07692843
v 0.32457036 0.49610826 -0.04606844
v 0.32570684 0.4961735 -0.01808586
v 0.32194409 0.49613082 0.02279538
v 0.32538819 0.49619991 0.05910217
v 0.32166225 0.49611378 0.21068032
v 0.31942299 0.4959031 0.2843498
v 0.32789996 0.49535212 0.30376655
v 0.32732078 0.49690369 0.31090823
v 0.32583821 0.49982968 0.32122332
v 0.32439628 0.49772277 0.32724655
v 0.32515788 0.49530125 0.32734925
v 0.32598707 0.48114109 0.32663265
v 0.3262336 0.47801572 0.32427961
v 0.32329869 0.4974654 -0.34304288
v 0.32329869 0.4974654 -0.34304288
v 0.31969815 0.49989057 -0.34154868
v 0.32383165 0.49633396 -0.32750091
v 0.32372326 0.49751821 -0.33072218
v 0.3211658 -0.44773459 -0.3134194
v 0.32141316 -0.44648585 -0.30999234
v 0.32358709 -0.44542173 -0.30388477
v 0.32200512 0.49644515 -0.29684764
v 0.32100186 -0.44480583 -0.299292
v 0.32387778 -0.44430134 -0.28326732
v 0.32383171 -0.44339657 -0.21620859
v 0.32364178 -0.44274041 -0.16361579
v 0.32008812 0.49621481 -0.16336982
v 0.32608992 -0.44290414 -0.16056068
v 0.32594007 -0.4425506 -0.10806094
v 0.32328194 -0.44243354 -0.13966304
v 0.32252792 -0.44204029 -0.11172638
v 0.32694942 -0.44295302 -0.08321852
v 0.32276338 -0.44158655 -0.09123725
v 0.32585168 -0.4419218 -0.08377359
v 0.322238 -0.44127178 -0.08169578
v 0.32618564 -0.44228256 -0.08081546
v 0.32618564 -0.44228256 -0.08081546
v 0.32271004 -0.16753232 -0.07944603
v 0.32337704 -0.20474978 -0.0777515
v 0.32279843 -0.18009479 -0.08134376
v 0.32320359 -0.20922598 -0.08053873
v 0.32346138 -0.23876263 -0.07765695
v 0.32317686 -0.24762833 -0.08103266
v 0.32353997 -0.25945938 -0.07796716
v 0.32364696 -0.29421911 -0.07798741
v 0.32346109 -0.29774475 -0.08043537
v 0.32411522 -0.32968619 -0.07774782
v 0.32395351 -0.36635324 -0.08030076
v 0.32426679 -0.36887598 -0.0778981
v 0.32431868 -0.41792479 -0.07751241
v 0.32406303 -0.42803994 -0.08029251
v 0.32452339 -0.43064809 -0.07735667
v 0.32496265 -0.43697256 -0.07990722
v 0.32550457 -0.44054392 -0.08017714
v 0.32548213 -0.49674702 -0.07618991
v 0.32304645 -0.18722703 -0.05352601
v 0.32482406 -0.43556678 -0.07124882
v 0.3254641 -0.4419302 -0.07006022
v 0.32613131 -0.44335541 -0.07021994
v 0.3264125 -0.44593966 -0.06473204
v 0.32739088 -0.47062573 -0.06564414
v 0.32727405 -0.48764217 -0.0632523
v 0.32695904 -0.4921433 -0.06148855
v 0.32338727 -0.20879623 -0.04044351
v 0.32354587 -0.29331422 -0.05035885
v 0.32632706 -0.45247635 -0.05561086
v 0.32595277 -0.49510723 -0.06165143
v 0.32404971 -0.33148599 -0.05822503
v 0.3242057 -0.36876512 -0.05538302
v 0.32455546 -0.42667997 -0.05418507
v 0.32374883 -0.31289786 -0.04896525
v 0.32427177 -0.39577729 -0.04413985
v 0.32558608 -0.44420588 -0.04970834
v 0.32658648 -0.47560331 -0.04676298
v 0.32649693 -0.48765826 -0.0414258
v 0.32480523 -0.49501711 -0.04042212
v 0.32595277 -0.49510723 -0.06165143
v 0.32480523 -0.49501711 -0.04042212
v 0.32292441 -0.49684304 -0.04159634
v 0.32548213 -0.49674702 -0.07618991
v 0.32397026 -0.33355814 -0.02636238
v 0.3251594 -0.44247687 -0.03551436
v 0.32614529 -0.49206549 -0.04031378
v 0.32448256 -0.42713737 -0.0246749
v 0.32559201 -0.44830087 -0.03754727
v 0.32601422 -0.46710572 -0.03010958
v 0.32484865 -0.43790755 -0.03388783
v 0.32411003 -0.37695748 -0.0212943
v 0.32574359 -0.49200058 -0.01252212
v 0.32305899 -0.20574468 -0.00852098
v 0.32335067 -0.24482659 -0.02563267
v 0.32542238 -0.45576295 -0.00044395
v 0.32602799 -0.48802429 -0.0132334
v 0.32344106 -0.29829648 -0.02354058
v 0.32340208 -0.30783653 -0.00799657
v 0.32385814 -0.35948992 -0.00800646
v 0.32422805 -0.41883758 -0.00789529
v 0.32518581 -0.44328889 -0.00255416
v 0.32431516 -0.49506125 -0.01297613
v 0.32431516 -0.49506125 -0.01297613
v 0.32324687 -0.25462535 -0.00814149
v 0.32254964 -0.16888587 -0.00830207
v 0.32183143 -0.16982587 -0.00617476
v 0.32256064 -0.17156671 -0.00662971
v 0.32256064 -0.17156671 -0.00662971
v 0.32183143 -0.16982587 -0.00617476
v 0.3214359 -0.20003876 -0.00560339
v 0.32297823 -0.23817502 -0.00619519
v 0.32297823 -0.23817502 -0.00619519
v 0.32210565 -0.25386736 -0.00518479
v 0.32300022 -0.30963209 -0.00524735
v 0.32300022 -0.30963209 -0.00524735
v 0.32366574 -0.37552544 -0.00531042
v 0.32383889 -0.42206794 -0.00412482
v 0.32451308 -0.43352532 -0.00785632
v 0.32449469 -0.43722683 -0.00405066
v 0.32489473 -0.4405055 -0.00522538
v 0.32553566 -0.48812738 0.013032
v 0.32324749 -0.37027296 -0.00445813
v 0.32227951 -0.31171021 -0.00469141
v 0.32247987 -0.36678135 -0.00407055
v 0.32324749 -0.37027296 -0.00445813
v 0.32322747 -0.43621704 -0.00355179
v 0.32383889 -0.42206794 -0.00412482
v 0.32449469 -0.43722683 -0.00405066
v 0.32506362 -0.44695118 0.00794705
v 0.32561234 -0.48229825 0.01580213
v 0.32521433 -0.49202543 0.01206602
v 0.32389373 -0.49488068 0.01855639
v 0.32453489 -0.44127721 0.00171246
v 0.32460621 -0.44238633 0.01539481
v 0.32431906 -0.44086432 0.02096425
v 0.32453489 -0.44127721 0.00171246
v 0.32331914 -0.4404881 0.00228669
v 0.32431906 -0.44086432 0.02096425
v 0.32540154 -0.45851722 0.02403955
v 0.32511538 -0.44765821 0.02630888
v 0.32342702 -0.43968409 0.03115607
v 0.32571429 -0.48270419 0.04531129
v 0.32538569 -0.49204364 0.08060103
v 0.32520443 -0.44184497 0.05666465
v 0.32564816 -0.48817289 0.05564304
v 0.32540008 -0.44800997 0.05413709
v 0.3248353 -0.43886703 0.07278177
v 0.3248353 -0.43886703 0.07278177
v 0.32414907 -0.494923 0.08110351
v 0.32551241 -0.45880473 0.07898845
v 0.32536387 -0.44199815 0.0806546
v 0.3251152 -0.43938598 0.08409041
v 0.32551119 -0.48795259 0.10998525
v 0.32548186 -0.46542519 0.12600882
v 0.32414317 -0.49489522 0.10322809
v 0.32231697 -0.49667647 0.0834462
v 0.32414907 -0.494923 0.08110351
v 0.32414317 -0.49489522 0.10322809
v 0.32519889 -0.43944752 0.12291951
v 0.32531983 -0.49199119 0.10686843
v 0.32341981 -0.43811718 0.06850624
v 0.32344556 -0.4374283 0.12841637
v 0.32529718 -0.44175062 0.14228795
v 0.32488036 -0.43818423 0.15142938
v 0.32488036 -0.43818423 0.15142938
v 0.32515997 -0.49204922 0.1747523
v 0.32348818 -0.43716937 0.15694436
v 0.32409999 -0.49487659 0.17600305
v 0.32535654 -0.46043941 0.17459942
v 0.32538405 -0.48823157 0.17034899
v 0.32495293 -0.4383367 0.18085825
v 0.32495293 -0.4383367 0.18085825
v 0.32336524 -0.43705413 0.18363066
v 0.32517463 -0.44274718 0.18267605
v 0.32518995 -0.46459365 0.20467187
v 0.32478657 -0.49202701 0.20201649
v 0.32372114 -0.49484989 0.21038736
v 0.32490122 -0.43781418 0.20922108
v 0.32518262 -0.43932381 0.21675855
v 0.32490122 -0.43781418 0.20922108
v 0.32507339 -0.48740423 0.20412666
v 0.32343587 -0.43685237 0.21862225
v 0.3251498 -0.43983334 0.23617125
v 0.32513314 -0.47060883 0.24793562
v 0.32502687 -0.48767212 0.24037527
v 0.32489446 -0.43784162 0.25997773
v 0.32489446 -0.43784162 0.25997773
v 0.32477129 -0.49206215 0.24217488
v 0.3234475 -0.43683383 0.28061309
v 0.32527676 -0.43946591 0.26987931
v 0.32383564 -0.49517924 0.27657071
v 0.32509074 -0.48831999 0.27592796
v 0.32518348 -0.45157793 0.27911124
v 0.32490236 -0.49210137 0.28086603
v 0.32490703 -0.43822983 0.28378969
v 0.32490703 -0.43822983 0.28378969
v 0.32500243 -0.44333363 0.29368055
v 0.32511801 -0.45768523 0.29999942
v 0.32493433 -0.48757264 0.29811177
v 0.32359579 -0.49459857 0.29788753
v 0.32261154 -0.43807116 0.29641351
v 0.32450542 -0.4395225 0.29544196
v 0.32448763 -0.49191567 0.29862922
v 0.32450542 -0.4395225 0.29544196
v 0.32485291 -0.4479503 0.30110553
v 0.32218954 -0.44223127 0.3043775
v 0.32218954 -0.44223127 0.3043775
v 0.32411 -0.44560695 0.30523896
v 0.32488599 -0.46447262 0.30797002
v 0.32463765 -0.485257 0.30652428
v 0.3224113 -0.49379024 0.30555445
v 0.32393795 0.49564603 0.31017926
v 0.32436287 -0.45228773 0.30935791
v 0.32332703 -0.48963296 0.30882388
v 0.32228228 -0.44647586 0.30843696
v 0.32436287 -0.45228773 0.30935791
v 0.32228228 -0.44647586 0.30843696
v 0.32121873 -0.45090702 0.31158736
v 0.32316378 -0.45869461 0.3125051
v 0.32422918 -0.46950272 0.3124209
v 0.32316378 -0.45869461 0.3125051
v 0.32386768 -0.48277646 0.31101808
v 0.32362065 0.49715349 0.31578746
v 0.32061458 0.49874079 0.3219775
v 0.3209742 0.49920672 0.32830745
v 0.32439628 0.49772277 0.32724655
v 0.31935248 0.48945901 0.33195353
v 0.3208842 0.48065257 0.33034191
v 0.32273671 0.47829816 0.32792318
v 0.31960234 0.4957855 -0.34623075
v 0.32527792 0.49041751 -0.34307581
v 0.31922048 0.49026659 -0.34715182
v 0.32084075 0.48156363 -0.34609282
v 0.32429847 0.47922036 -0.34248608
v 0.31944874 0.47949857 -0.34633309
v 0.31568944 0.49769121 -0.3472662
v 0.31712028 0.49976712 -0.34129643
v 0.3163442 0.49864092 -0.33878028
v 0.31968498 0.4964833 -0.33239996
v 0.32014447 0.49612868 -0.32787472
v 0.31557712 0.49668309 -0.31932643
v 0.31240559 -0.45476276 -0.32396993
v 0.31798345 -0.44425806 -0.28221074
v 0.31555 -0.44376424 -0.24489279
v 0.3062363 0.49651614 -0.2549296
v 0.31555894 -0.44249716 -0.16826911
v 0.3147898 0.49624527 -0.12216783
v 0.32148936 0.43070301 -0.0819286
v 0.32125777 0.46027058 -0.08118396
v 0.32196867 0.42204306 -0.08087162
v 0.32157847 0.34253001 -0.0818779
v 0.3219898 0.38322935 -0.08083635
v 0.32209903 0.35648909 -0.08085422
v 0.32215202 0.25049934 -0.08092273
v 0.32159263 0.26389495 -0.08197728
v 0.32159528 0.15161291 -0.08222614
v 0.3221193 0.1480682 -0.08097903
v 0.32218921 0.0825573 -0.08097384
v 0.32173595 0.05950447 -0.08215187
v 0.32234636 0.03974196 -0.08094378
v 0.32237604 -0.02969485 -0.08090968
v 0.3218163 -0.01140909 -0.08219694
v 0.32191709 -0.06473434 -0.0819479
v 0.32249895 -0.05898177 -0.08091378
v 0.32261106 -0.11200331 -0.08075883
v 0.32205135 -0.16261581 -0.08194329
v 0.32263052 -0.15196343 -0.08088598
v 0.32205135 -0.16261581 -0.08194329
v 0.32279843 -0.18009479 -0.08134376
v 0.32243219 -0.21013202 -0.08149607
v 0.32317686 -0.24762833 -0.08103266
v 0.3224723 -0.2469583 -0.08145508
v 0.32257456 -0.29742342 -0.08129545
v 0.32334554 -0.31693947 -0.08085275
v 0.32355991 -0.36527783 -0.08097091
v 0.32289341 -0.38465634 -0.08113322
v 0.32334888 -0.43025559 -0.0808951
v 0.32550457 -0.44054392 -0.08017714
v 0.31811103 -0.4402034 -0.08133659
v 0.32168865 0.4762378 -0.07986128
v 0.32151675 0.47124431 -0.07613937
v 0.3212387 0.46912009 -0.08113425
v 0.32140923 0.45834839 -0.07477781
v 0.32216474 0.31540987 -0.07845162
v 0.32222953 0.22526829 -0.07849097
v 0.32243896 0.04346599 -0.07631702
v 0.30388674 0.49625486 -0.07316862
v 0.3220571 0.30673218 -0.06643237
v 0.32216668 0.16942015 -0.07065982
v 0.32220656 0.11482095 -0.06036668
v 0.32250682 -0.02395912 -0.0615374
v 0.32179779 0.4297699 -0.05043663
v 0.32191938 0.40008527 -0.04254266
v 0.32202572 0.28316092 -0.04718922
v 0.3220633 0.25657588 -0.05894701
v 0.32208455 0.21019 -0.05391283
v 0.3221693 0.18102875 -0.05017212
v 0.32221848 0.13527071 -0.04151434
v 0.32255191 0.00256682 -0.04659315
v 0.32262278 -0.06733629 -0.04758751
v 0.32260332 -0.07116821 -0.08012562
v 0.32270926 -0.12256311 -0.0550727
v 0.32222742 0.47799945 -0.08040622
v 0.32212147 0.47718289 -0.04103732
v 0.32195505 0.36099929 -0.03856533
v 0.32239407 0.06163014 -0.04792015
v 0.32273644 -0.1650126 -0.03946159
v 0.32350522 -0.26948455 -0.04703914
v 0.32198602 0.32351825 -0.04316857
v 0.32165816 0.47573075 -0.01411925
v 0.32205936 0.23210196 -0.0385782
v 0.32223207 0.1020605 -0.03356704
v 0.32255247 0.03267463 -0.04749401
v 0.32249886 -0.03410102 -0.03103074
v 0.32143682 0.46994442 -0.0246728
v 0.32139471 0.45556587 -0.02530438
v 0.3222335 0.08144249 -0.02771559
v 0.32263514 -0.10097077 -0.03266595
v 0.32217735 0.17103383 -0.03002443
v 0.3224436 0.04920589 -0.0347559
v 0.32250017 0.0178443 -0.03196485
v 0.32268864 -0.139826 -0.03403937
v 0.32184198 0.41685659 -0.02168986
v 0.32209188 0.21113923 -0.02479462
v 0.32218373 0.14884555 -0.0222536
v 0.32246953 -0.07745045 -0.00861537
v 0.32189944 0.32127926 -0.00880334
v 0.32198596 0.27060661 -0.02216312
v 0.32242104 0.00125966 -0.01943913
v 0.32210031 0.47736245 -0.01005428
v 0.32176596 0.38093209 -0.01475435
v 0.32207507 0.22944327 -0.01410415
v 0.3221786 0.06813177 -0.00847004
v 0.32252595 -0.12284059 -0.00843574
v 0.32162744 0.41887385 -0.00873402
v 0.32186136 0.26658022 -0.00863616
v 0.32200018 0.19552073 -0.0085661
v 0.32209587 0.12003736 -0.00849843
v 0.32132769 0.47532985 -0.00968532
v 0.32106289 0.45644993 -0.00769114
v 0.32229933 -0.01964233 -0.00845687
v 0.32104102 0.47721747 -0.00794703
v 0.32161242 0.38491404 -0.00862041
v 0.32104102 0.47721747 -0.00794703
v 0.3194268 0.47577175 -0.00741441
v 0.31923565 0.45741189 -0.00697594
v 0.32106289 0.45644993 -0.00769114
v 0.32105106 0.43419093 -0.00700649
v 0.31949258 0.43191323 -0.0066157
v 0.32105106 0.43419093 -0.00700649
v 0.31932735 0.38069478 -0.00666461
v 0.3210507 0.3711136 -0.00710952
v 0.3210507 0.3711136 -0.00710952
v 0.31936333 0.31883895 -0.00668665
v 0.32118586 0.26439402 -0.00695195
v 0.32118586 0.26439402 -0.00695195
v 0.31948742 0.25230038 -0.00656201
v 0.3213672 0.21060318 -0.00700852
v 0.3213672 0.21060318 -0.00700852
v 0.31943816 0.21075597 -0.0065995
v 0.31962159 0.15083739 -0.00631264
v 0.32147431 0.10611571 -0.00674508
v 0.32147431 0.10611571 -0.00674508
v 0.31956923 0.0948064 -0.00638084
v 0.32164109 0.01818075 -0.00663415
v 0.32164109 0.01818075 -0.00663415
v 0.31962541 0.06331166 -0.00628725
v 0.31963563 -0.015077 -0.00619956
v 0.31963348 -0.05732239 -0.00623853
v 0.32180557 -0.09739507 -0.00660165
v 0.32180557 -0.09739507 -0.00660165
v 0.31966549 -0.11546203 -0.00596694
v 0.31953752 -0.17382453 -0.00560997
v 0.32156065 -0.214875 -0.00551565
v 0.31990284 -0.26135355 -0.00485162
v 0.31996554 -0.32004756 -0.0042632
v 0.32003284 -0.37346449 -0.00377262
v 0.32023016 -0.42300114 -0.00347741
v 0.31951195 -0.43647689 -0.00305957
v 0.32349968 -0.44019583 -0.00238046
v 0.32349968 -0.44019583 -0.00238046
v 0.32023326 -0.43919495 -0.00187795
v 0.32349968 -0.44019583 -0.00238046
v 0.32023326 -0.43919495 -0.00187795
v 0.32025689 -0.43948254 0.00119735
v 0.31970403 -0.43909478 0.0104951
v 0.30503124 0.49623662 -0.00242328
v 0.32009664 -0.43856865 0.03018982
v 0.31923878 -0.43708098 0.05423217
v 0.32229096 -0.43879688 0.03600497
v 0.30772567 0.49639231 0.08131285
v 0.32183808 -0.49710819 0.04793445
v 0.3198728 -0.43650898 0.0979633
v 0.32223403 -0.4967334 0.10325948
v 0.30672109 0.49638471 0.13188921
v 0.31989366 -0.43625897 0.13242736
v 0.32219598 -0.49694109 0.15324265
v 0.32005244 -0.43586853 0.16520344
v 0.32016397 -0.4359425 0.19344012
v 0.32174933 -0.49713197 0.203906
v 0.32219598 -0.49694109 0.15324265
v 0.3201783 -0.43591928 0.2433759
v 0.31998935 -0.43579176 0.28309348
v 0.31985933 -0.4366504 0.29489094
v 0.3200655 -0.43857393 0.30008927
v 0.3224113 -0.49379024 0.30555445
v 0.31895909 -0.4967657 0.30476981
v 0.32104746 -0.49725029 0.29780757
v 0.32018939 0.49569678 0.31232923
v 0.31910786 -0.4426758 0.30760148
v 0.31910786 -0.4426758 0.30760148
v 0.31910786 -0.4426758 0.30760148
v 0.32007965 0.49603871 0.31592742
v 0.31984016 -0.45748588 0.31368166
v 0.3230342 -0.47007096 0.31354281
v 0.32422918 -0.46950272 0.3124209
v 0.32006747 -0.46901113 0.31470692
v 0.32220221 -0.48282495 0.31270728
v 0.32386768 -0.48277646 0.31101808
v 0.31956479 -0.48315105 0.31397772
v 0.32068679 -0.48952925 0.31190538
v 0.32068679 -0.48952925 0.31190538
v 0.32012379 -0.49379876 0.30950052
v 0.3197197 0.49721211 0.31959921
v 0.31601241 0.4994452 0.33038607
v 0.31718424 0.49577484 0.33307728
v 0.32439628 0.49772277 0.32724655
v 0.3209742 0.49920672 0.32830745
v 0.31718424 0.49577484 0.33307728
v 0.31487292 0.48116413 0.33462164
v 0.31571662 0.47877386 0.33347744
v 0.31237629 0.49911886 -0.34751853
v 0.31509259 0.497069 -0.33740488
v 0.31310192 0.49623901 -0.33491421
v 0.31026563 0.49659237 -0.33096328
v 0.30803019 -0.45039642 -0.31895104
v 0.30302918 0.49646431 -0.21623693
v 0.3050465 -0.443039 -0.20038316
v 0.31333718 -0.44205403 -0.13341893
v 0.30968264 -0.44137383 -0.09795292
v 0.31175053 -0.44086307 -0.08231467
v 0.31475252 0.47541386 -0.0809812
v 0.31973022 0.47586957 -0.08064187
v 0.3212387 0.46912009 -0.08113425
v 0.3187179 0.47726601 -0.00628152
v 0.3150456 0.47589871 -0.00683288
v 0.31625214 0.47242728 -0.00710142
v 0.31120279 -0.21132334 -0.00550975
v 0.31414372 -0.43269059 -0.00335415
v 0.31387314 -0.43822399 -0.00303107
v 0.31387314 -0.43822399 -0.00303107
v 0.30445433 -0.43665859 0.00302061
v 0.30744833 -0.43681896 0.02456548
v 0.31245649 -0.43637097 0.04403554
v 0.31565097 -0.43629771 0.05947527
v 0.31583625 -0.43577674 0.100866
v 0.31398466 -0.43509126 0.14914741
v 0.31292295 -0.43486825 0.16688021
v 0.29555216 0.49641502 0.15863129
v 0.31299621 -0.4350028 0.18292977
v 0.31319448 -0.43510357 0.21042871
v 0.3120786 -0.43504724 0.24266182
v 0.30310529 0.4962185 0.24317285
v 0.31279439 -0.43490008 0.2835573
v 0.31586507 -0.43618742 0.29700762
v 0.31446165 -0.43880621 0.30365619
v 0.31362215 -0.44635659 0.31161365
v 0.3163105 0.49591482 0.31616849
v 0.31556901 -0.45340407 0.31383523
v 0.31451428 -0.46187264 0.31521875
v 0.31681648 -0.47220725 0.31528324
v 0.31441694 -0.48342976 0.31517556
v 0.31475475 -0.48718801 0.31463259
v 0.31639275 -0.49243495 0.3123233
v 0.32012379 -0.49379876 0.30950052
v 0.31460807 -0.49476391 0.31148839
v 0.31609085 0.49670863 0.32124761
v 0.31286073 0.49847737 0.32810909
v 0.31235141 0.49724665 0.3354708
v 0.31235141 0.49724665 0.3354708
v 0.3124038 0.48981956 0.33638492
v 0.31571662 0.47877386 0.33347744
v 0.30958632 0.47785935 0.33548346
v 0.32273671 0.47829816 0.32792318
v 0.31178534 0.49575227 -0.35081717
v 0.30836454 0.48121908 -0.35324678
v 0.31370065 0.48139253 -0.35039949
v 0.31207815 0.47920823 -0.35060424
v 0.30995277 0.49972332 -0.34643698
v 0.3115975 0.49897033 -0.34272245
v 0.31014386 0.49690962 -0.33976513
v 0.28933272 -0.44612533 -0.30376416
v 0.30207196 0.49627396 -0.12469457
v 0.30666199 0.4323819 -0.0068023
v 0.29739293 0.23882064 -0.00665559
v 0.29846075 0.20865068 -0.00667898
v 0.30250913 0.03243089 -0.00634284
v 0.28941202 -0.09078224 -0.00629614
v 0.30847287 -0.13689347 -0.00581762
v 0.28945461 -0.26148331 -0.00502598
v 0.2889587 -0.29529318 -0.00475391
v 0.2893005 -0.36575887 -0.00392087
v 0.30835089 -0.41091534 -0.00363499
v 0.31142437 -0.43585512 0.05504262
v 0.31117281 -0.43523103 0.090685
v 0.30705318 -0.43515021 0.29014421
v 0.30854148 -0.43549463 0.2956017
v 0.30748722 -0.43581593 0.29886159
v 0.30768839 0.49623635 0.30438885
v 0.31068435 -0.44179204 0.30856556
v 0.31068435 -0.44179204 0.30856556
v 0.31113055 0.49632534 0.32169312
v 0.32018939 0.49569678 0.31232923
v 0.31113055 0.49632534 0.32169312
v 0.3163105 0.49591482 0.31616849
v 0.30747858 -0.4482401 0.31300551
v 0.30974731 -0.45165944 0.31397584
v 0.3104811 -0.49115759 0.3140575
v 0.31141034 -0.4766477 0.31572619
v 0.31304452 0.49708605 0.32479104
v 0.3088038 0.49937099 0.33422533
v 0.31107461 0.4989765 0.33459657
v 0.30837905 0.49475813 0.33819103
v 0.3124038 0.48981956 0.33638492
v 0.31487292 0.48116413 0.33462164
v 0.30807328 0.48051596 0.33819661
v 0.30757886 0.47870383 0.33804426
v 0.31571662 0.47877386 0.33347744
v 0.30159569 0.49730763 -0.35449782
v 0.3045207 0.49947864 -0.3502118
v 0.30425361 0.49856684 -0.34585771
v 0.30676645 0.49742815 -0.34247255
v 0.30570215 0.49667892 -0.33882093
v 0.30123046 0.49678773 -0.3204563
v 0.29475757 0.49662259 -0.28735554
v 0.30353788 -0.44195271 -0.13160864
v 0.29648221 0.29356775 -0.00664919
v 0.29413125 0.17170975 -0.00645491
v 0.30188864 0.12094064 -0.00648525
v 0.28915337 0.00199455 -0.00643582
v 0.28914794 -0.04198378 -0.00648269
v 0.28889576 -0.16498095 -0.00571761
v 0.30293581 -0.42854244 -0.00320898
v 0.30500454 -0.43586329 -0.00308714
v 0.28928667 -0.3224293 -0.00436498
v 0.30500454 -0.43586329 -0.00308714
v 0.30271533 -0.43628395 -0.00195508
v 0.305062 -0.43586326 0.03738964
v 0.30359209 -0.43517002 0.07121607
v 0.30165729 -0.43484229 0.09044096
v 0.30541059 -0.4349038 0.11719406
v 0.30572295 -0.4347254 0.1770138
v 0.30736116 -0.43480274 0.20148702
v 0.28829837 0.49636996 0.20542911
v 0.30714449 -0.43463373 0.28382301
v 0.29889116 0.49620575 0.27829638
v 0.30443853 -0.43752265 0.30269814
v 0.3013466 -0.46594089 0.31582749
v 0.29974401 -0.47608703 0.31609705
v 0.30011857 -0.48667619 0.31561485
v 0.30618984 0.49734205 0.32932779
v 0.30462903 0.49823296 0.33199298
v 0.30523211 0.49753204 0.33894444
v 0.30523211 0.49753204 0.33894444
v 0.30367875 0.48950231 0.34074706
v 0.28933465 -0.44845229 -0.31405139
v 0.28935838 -0.44400358 -0.23990083
v 0.28725547 0.49644238 -0.17839685
v 0.29978362 -0.44251755 -0.17030874
v 0.2900525 -0.43961889 -0.08118428
v 0.29829636 0.49620458 -0.04202398
v 0.30148396 0.47734207 -0.00600903
v 0.29853395 0.47236297 -0.00707473
v 0.29305634 0.45504728 -0.00705418
v 0.30193111 0.40949395 -0.00681824
v 0.2982581 0.32876089 -0.00697163
v 0.28723386 -0.22368148 -0.00562114
v 0.29547122 -0.43514335 -0.00315963
v 0.29842842 -0.43470284 0.15187916
v 0.29948115 -0.43468237 0.2045106
v 0.29874989 -0.43476719 0.24278882
v 0.2966862 -0.43459079 0.28343385
v 0.29685786 -0.44153491 0.30888674
v 0.29685786 -0.44153491 0.30888674
v 0.29741511 -0.4441804 0.31107384
v 0.29976386 -0.45898262 0.31516567
v 0.29902706 -0.49216524 0.31445721
v 0.30163288 -0.49535713 0.31211758
v 0.30296898 0.49663228 0.32741791
v 0.30257562 0.4991782 0.33566624
v 0.30164269 0.49941072 0.33848748
v 0.29989973 0.49510622 0.34196088
v 0.29898268 0.48074424 0.34232354
v 0.30141237 0.47794765 0.34006992
v 0.29713681 0.49920258 -0.35356769
v 0.29937893 0.49948454 -0.35073659
v 0.29187992 0.49753526 -0.3491075
v 0.30138183 0.49747455 -0.34562665
v 0.29918897 0.49691829 -0.34358606
v 0.29786646 0.49698064 -0.3385773
v 0.29926184 -0.45852178 -0.32724071
v 0.2894111 -0.45473599 -0.32358414
v 0.28936121 -0.44705325 -0.30994749
v 0.28923184 -0.44464386 -0.27607319
v 0.27872282 0.49667299 -0.26212287
v 0.27668422 0.49658602 -0.21457198
v 0.28483284 0.49638003 -0.15064716
v 0.2911514 -0.44169861 -0.11004826
v 0.28579116 -0.44126174 -0.09578338
v 0.29154152 -0.44072071 -0.08293222
v 0.28198016 0.49637246 -0.11007707
v 0.29339132 0.47580343 -0.00715788
v 0.29364669 0.43595386 -0.00682355
v 0.29848552 0.35693154 -0.00700668
v 0.28742439 0.14012416 -0.00651576
v 0.2893517 0.10978185 -0.00668665
v 0.28923219 -0.21080938 -0.00570681
v 0.2897549 -0.41554934 -0.00364221
v 0.29547122 -0.43514335 -0.00315963
v 0.29836613 -0.43598238 0.00063358
v 0.29767039 -0.43560538 0.02203925
v 0.29485318 -0.43563613 0.03589163
v 0.29462713 -0.43510184 0.07219327
v 0.29414859 -0.43486944 0.11961582
v 0.28253597 -0.43539956 0.29442167
v 0.29490098 -0.43866166 0.30457413
v 0.31097621 -0.49658403 0.30981755
v 0.28380343 -0.49739686 0.31068966
v 0.31333339 -0.49732721 0.30812082
v 0.29884696 0.49741039 0.33302024
v 0.29686633 0.49773523 0.34240773
v 0.29686633 0.49773523 0.34240773
v 0.29550305 0.4909986 0.34396675
v 0.2950401 0.48627082 0.34409004
v 0.29662102 0.47830778 0.34252343
v 0.2921803 0.49758393 -0.35667995
v 0.29389995 0.49902627 -0.3511728
v 0.2894111 -0.45473599 -0.32358414
v 0.28924748 -0.45091733 -0.31895733
v 0.28920782 -0.44559458 -0.29840663
v 0.28904721 -0.44308713 -0.18729956
v 0.28618157 -0.4430702 -0.18418747
v 0.28913653 -0.44233873 -0.14124073
v 0.29133385 0.4776091 -0.0060196
v 0.29078877 0.43239442 -0.00644635
v 0.29612869 0.40815258 -0.00697321
v 0.28918713 0.06447957 -0.00656488
v 0.28717527 -0.19139865 -0.00565793
v 0.2907896 -0.43286034 -0.002957
v 0.29174566 -0.43551758 -0.00195989
v 0.29295996 -0.43573746 0.00945122
v 0.29357266 -0.43550652 0.01750115
v 0.29070118 -0.43499276 0.08761486
v 0.28893602 -0.43481636 0.20502986
v 0.28252813 -0.43607205 0.29824913
v 0.28301999 -0.44876906 0.31294101
v 0.28205013 -0.45242155 0.31399161
v 0.29337731 0.49640894 0.31617537
v 0.28202325 -0.4617759 0.31558892
v 0.28224978 -0.47095779 0.31616622
v 0.28231907 -0.48445186 0.31603336
v 0.29547206 0.49668711 0.33083978
v 0.29478708 0.49947309 0.33947936
v 0.29331782 0.49929753 0.34226823
v 0.29283664 0.49181587 -0.3585619
v 0.28895921 0.49601108 -0.35861015
v 0.29528457 0.49469796 -0.35738304
v 0.29134843 0.49958056 -0.35412765
v 0.28736585 -0.45890585 -0.32699215
v 0.28736389 -0.45473644 -0.32339814
v 0.28242186 0.49636656 -0.07626869
v 0.29083094 0.4751339 -0.00640259
v 0.29072338 0.46001121 -0.00644093
v 0.29132843 0.43462312 -0.00621531
v 0.2895571 0.40509263 -0.00736772
v 0.28949404 0.37229046 -0.00744581
v 0.28941554 0.3430261 -0.00745455
v 0.28925359 0.32166639 -0.00734784
v 0.28703558 0.30112019 -0.00705556
v 0.28696737 0.28327879 -0.00696342
v 0.28881946 0.25629628 -0.00694731
v 0.28862879 0.20387562 -0.00696556
v 0.28794971 0.17270172 -0.00652648
v 0.29174566 -0.43551758 -0.00195989
v 0.28676829 -0.43627906 0.00141027
v 0.28533298 0.49647927 0.04086452
v 0.28563538 -0.43557933 0.05295274
v 0.28596795 -0.43509811 0.16798049
v 0.28050485 0.49634948 0.24768899
v 0.28350621 -0.43509179 0.23995723
v 0.28319678 -0.43493226 0.28440696
v 0.2821945 -0.43831778 0.30336982
v 0.2828325 -0.4929302 0.31452772
v 0.28292996 -0.49549225 0.31259891
v 0.2825259 -0.48826131 0.31562704
v 0.29034755 0.49732688 0.33565384
v 0.29331782 0.49929753 0.34226823
v 0.28620401 0.4976517 0.34610409
v 0.28210133 0.49502665 0.34831366
v 0.28373054 0.48084882 0.3477923
v 0.28760594 0.47863477 0.34594849
v 0.28895921 0.49601108 -0.35861015
v 0.28461215 0.49867195 -0.35724798
v 0.28571838 0.4997173 -0.35453609
v 0.28498235 0.49872813 -0.352038
v 0.28848067 0.49716458 -0.34708047
v 0.28736585 -0.45890585 -0.32699215
v 0.28615618 -0.4565677 -0.32364592
v 0.25589782 0.49697128 -0.32321554
v 0.28677583 -0.45033982 -0.31668532
v 0.28602305 -0.44985119 -0.31431839
v 0.28721988 -0.44704774 -0.30931008
v 0.28649944 -0.44648689 -0.3013832
v 0.28614333 -0.44514745 -0.2696301
v 0.28573245 -0.44421017 -0.22298542
v 0.28397575 -0.44320619 -0.17249247
v 0.28542739 -0.44262901 -0.14543264
v 0.28528523 -0.4418433 -0.11015908
v 0.28598511 -0.44058377 -0.0834368
v 0.28582951 -0.43950814 -0.08040719
v 0.27272585 0.49636292 -0.04425948
v 0.28904009 0.43252692 -0.00800492
v 0.29010487 0.429791 -0.00655535
v 0.28862071 0.43382969 -0.00635366
v 0.28723204 0.09521499 -0.00700194
v 0.28700128 0.02509505 -0.00692066
v 0.28704825 -0.04039672 -0.00694136
v 0.28694966 -0.08739259 -0.00684121
v 0.28689614 -0.16694522 -0.00594624
v 0.28655747 -0.21890989 -0.00603327
v 0.29133385 0.4776091 -0.0060196
v 0.29011887 0.475986 -0.00328961
v 0.29083094 0.4751339 -0.00640259
v 0.28987351 0.46948087 -0.00358777
v 0.29072338 0.46001121 -0.00644093
v 0.29043999 0.45016125 -0.00376124
v 0.29132843 0.43462312 -0.00621531
v 0.29043236 0.43509194 -0.00353291
v 0.28643167 -0.2855404 -0.00501636
v 0.28657874 -0.33706346 -0.00445591
v 0.28610793 -0.41969138 -0.00394225
v 0.28624514 -0.43318182 -0.00302468
v 0.28558335 -0.43606997 -0.0020212
v 0.29088756 0.47749221 0.01487729
v 0.29016986 0.44751158 0.00246258
v 0.28558335 -0.43606997 -0.0020212
v 0.28996459 0.43510756 0.00258132
v 0.2901701 0.47590712 0.01633827
v 0.29000509 0.46379671 0.01445071
v 0.286856 -0.43637878 0.01423697
v 0.29001909 0.44807523 0.03276159
v 0.28993732 0.4373818 0.01689679
v 0.28947127 0.43423486 0.0110918
v 0.28996977 0.46343336 0.04403132
v 0.28254914 -0.43636346 0.02651488
v 0.29033345 0.47572172 0.04411839
v 0.28951126 0.43493778 0.04816028
v 0.28901142 0.4343344 0.04826403
v 0.29096809 0.47698262 0.05249723
v 0.29008347 0.47221804 0.05465656
v 0.29002011 0.43750292 0.05261795
v 0.29050225 0.47549364 0.09873264
v 0.290306 0.44501626 0.08239597
v 0.2903159 0.43743563 0.08034589
v 0.28931275 0.43457344 0.09965933
v 0.29024893 0.45903543 0.09835555
v 0.28986707 0.4350481 0.08078691
v 0.2911022 0.47662926 0.09798167
v 0.2902815 0.47239792 0.11683252
v 0.29029459 0.43742412 0.11400155
v 0.28211242 -0.43541184 0.0965373
v 0.28212157 -0.43544722 0.11327071
v 0.27566972 0.49657029 0.10772134
v 0.28975025 0.43485278 0.15763344
v 0.29021662 0.45925051 0.13781291
v 0.29025832 0.44741729 0.13670938
v 0.29104412 0.47693646 0.15062743
v 0.29020223 0.43756744 0.1556619
v 0.28918606 0.43422174 0.16427447
v 0.28198263 -0.43537349 0.15590757
v 0.29024243 0.47175106 0.16794126
v 0.29051617 0.47547328 0.1946926
v 0.29022235 0.45710355 0.18691978
v 0.29007989 0.4347299 0.2054583
v 0.29025319 0.47244859 0.21123075
v 0.29038769 0.43736887 0.21030766
v 0.29113957 0.47640792 0.21842223
v 0.28942788 0.43389469 0.19933033
v 0.29011264 0.46279517 0.25722995
v 0.29025173 0.43740547 0.24345578
v 0.28913254 0.43409881 0.25320005
v 0.29142249 0.47645742 0.26042223
v 0.29030108 0.47230676 0.25077814
v 0.28988627 0.43485576 0.24517024
v 0.29062864 0.47537369 0.25675789
v 0.29003924 0.45369527 0.25728443
v 0.29003319 0.4376471 0.25683826
v 0.28925142 0.43498415 0.25964579
v 0.29008368 0.47376686 0.2591967
v 0.28928792 0.47479397 0.26073441
v 0.28962538 0.46664757 0.26196569
v 0.28955716 0.43826866 0.26058346
v 0.289076 0.43595347 0.26181075
v 0.287839 0.47630814 0.26436463
v 0.28782529 0.47555515 0.26332164
v 0.29121837 0.47633994 0.26213583
v 0.289076 0.43595347 0.26181075
v 0.28851947 0.4606553 0.26244423
v 0.2877177 0.43789282 0.26244423
v 0.28240106 -0.44166249 0.30797955
v 0.28240106 -0.44166249 0.30797955
v 0.28253338 -0.44474745 0.31065279
v 0.28783956 0.49659097 0.3318401
v 0.28500322 0.49847314 0.34027851
v 0.28654698 0.49961957 0.3431834
v 0.28620401 0.4976517 0.34610409
v 0.28760594 0.47863477 0.34594849
v 0.27775899 0.47783172 0.34811243
v 0.29662102 0.47830778 0.34252343
v 0.27761912 0.49733007 -0.35976318
v 0.27879623 0.49760869 -0.35135406
v 0.28677583 -0.45033982 -0.31668532
v 0.28615618 -0.4565677 -0.32364592
v 0.28602305 -0.44985119 -0.31431839
v 0.25671929 0.4968338 -0.29998064
v 0.28558391 -0.44706509 -0.30089623
v 0.28419352 -0.44561237 -0.2391984
v 0.2833257 -0.44430459 -0.17785181
v 0.28340423 -0.44283777 -0.1340197
v 0.28290269 -0.44229203 -0.10578319
v 0.28295255 -0.44139761 -0.08234549
v 0.28836 0.35798827 -0.08036578
v 0.28704429 0.3562783 -0.08007219
v 0.28723103 0.35796019 -0.07820953
v 0.28690961 0.32507506 -0.08011013
v 0.28712946 0.32066891 -0.07743603
v 0.28654081 0.28237149 -0.07775027
v 0.28680998 0.28533751 -0.07607057
v 0.28659812 0.22409059 -0.07816678
v 0.286805 0.23153099 -0.07629941
v 0.28676575 0.19701104 -0.07544681
v 0.28657612 0.19295037 -0.07811138
v 0.28675976 0.15398714 -0.0801722
v 0.28682351 0.1556851 -0.07653253
v 0.28666437 0.12984262 -0.07746869
v 0.28436318 -0.43958116 -0.07763003
v 0.28436318 -0.43958116 -0.07763003
v 0.28148094 -0.44124234 -0.06477311
v 0.28398162 -0.43774092 -0.06012221
v 0.28615618 0.04384924 -0.07330884
v 0.28606516 -0.00625902 -0.05860456
v 0.2861419 0.03924929 -0.04411543
v 0.2858277 -0.08891547 -0.07759057
v 0.28584567 -0.11244877 -0.05896241
v 0.28600344 -0.0580926 -0.05434007
v 0.28568751 -0.16011202 -0.07776186
v 0.28575766 -0.15817159 -0.04260483
v 0.28645089 0.12400183 -0.0499664
v 0.28537896 0.12582867 -0.0491222
v 0.2866182 0.12890653 -0.04988996
v 0.28673902 0.12479963 -0.02959377
v 0.28519744 0.1253611 -0.03189287
v 0.28665221 0.12262158 -0.03247068
v 0.2868053 0.12917309 -0.02650182
v 0.28467587 0.12728812 -0.02825942
v 0.28673902 0.12479963 -0.02959377
v 0.28698283 0.43297076 -0.0252924
v 0.28455037 0.43018806 -0.0262522
v 0.28743875 0.43171063 -0.02549958
v 0.28747299 0.42657301 -0.02591193
v 0.28501591 0.41629028 -0.02647108
v 0.28746021 0.37759122 -0.02586946
v 0.28509912 0.37803316 -0.02641749
v 0.28484654 0.32467195 -0.02649567
v 0.28691918 0.30712068 -0.02596008
v 0.28494018 0.30385938 -0.02661925
v 0.28496796 0.2678448 -0.02662762
v 0.28695312 0.23026967 -0.02609527
v 0.28500843 0.21997918 -0.02685137
v 0.28492486 0.17506306 -0.02674724
v 0.28693759 0.15058883 -0.02592468
v 0.28497985 0.13517368 -0.02656255
v 0.28680974 0.13474546 -0.02580462
v 0.28499907 0.12982371 -0.02695057
v 0.25371516 0.49642208 -0.01656272
v 0.27992204 0.49643043 0.00401517
v 0.28734422 0.34594476 -0.01210692
v 0.28689373 0.34395561 -0.00967226
v 0.2874063 0.34578869 -0.00871657
v 0.28748587 0.3373003 -0.00826813
v 0.28671554 0.32013664 -0.00967493
v 0.28735316 0.31901303 -0.00791754
v 0.28703558 0.30112019 -0.00705556
v 0.28674158 0.25803241 -0.00959421
v 0.28696737 0.28327879 -0.00696342
v 0.28701308 0.2608155 -0.00752085
v 0.2871289 0.2537722 -0.00838348
v 0.28647318 -0.08161476 -0.00756736
v 0.28616762 -0.16684581 -0.00651453
v 0.28694966 -0.08739259 -0.00684121
v 0.28616762 -0.16684581 -0.00651453
v 0.28583705 -0.22363447 -0.00652094
v 0.28550327 -0.29236004 -0.00525455
v 0.28470218 -0.42924696 -0.00369156
v 0.28491652 -0.42244136 -0.00417305
v 0.28372645 -0.43624699 -0.00499987
v 0.28447133 -0.43557802 -0.00389294
v 0.28557405 -0.35082883 -0.0046941
v 0.28491652 -0.42244136 -0.00417305
v 0.28252599 -0.43769801 -0.0020451
v 0.28447133 -0.43557802 -0.00389294
v 0.28252599 -0.43769801 -0.0020451
v 0.28113997 -0.43801758 0.01123133
v 0.28177726 -0.43588328 0.05051145
v 0.27122843 0.49657911 0.08351803
v 0.2796126 -0.43544441 0.18129805
v 0.27943656 -0.43534204 0.21003963
v 0.28913254 0.43409881 0.25320005
v 0.28925142 0.43498415 0.25964579
v 0.28561637 0.43434414 0.2621097
v 0.28928792 0.47479397 0.26073441
v 0.28782529 0.47555515 0.26332164
v 0.28765163 0.47256067 0.2624878
v 0.28367418 0.47253317 0.26289827
v 0.28962538 0.46664757 0.26196569
v 0.2844941 0.46059027 0.26296264
v 0.28454056 0.4524906 0.26279524
v 0.28377679 0.4378714 0.26289207
v 0.28561637 0.43434414 0.2621097
v 0.27975756 -0.4583807 0.31488112
v 0.28345385 0.4965705 0.33542794
v 0.28247246 0.49723125 0.33883044
v 0.28186572 0.49928033 0.34602949
v 0.2811915 0.49137327 0.34880292
v 0.27639928 0.478589 0.34953687
v 0.27710032 0.49929202 -0.3578175
v 0.27701271 0.49912125 -0.35497558
v 0.27156195 0.49731773 -0.34732896
v 0.28180516 -0.49207312 -0.12075341
v 0.28184766 -0.49412486 -0.11868116
v 0.28158098 -0.49228144 -0.10938049
v 0.28151983 -0.44296041 -0.09715138
v 0.28124785 -0.44311479 -0.08429321
v 0.28295255 -0.44139761 -0.08234549
v 0.28299883 0.44190827 -0.07557646
v 0.2858617 0.44054621 -0.07444224
v 0.28371385 0.43766588 -0.07431086
v 0.28169236 0.438889 -0.07511315
v 0.28083307 -0.44242814 -0.06385313
v 0.28131965 -0.43924212 -0.05318941
v 0.28226921 -0.43598273 -0.04916807
v 0.2810407 -0.43835151 -0.04951338
v 0.28087109 -0.43885115 -0.02575736
v 0.2823067 -0.43625331 -0.02628593
v 0.27536687 0.43325391 -0.02539875
v 0.27711338 0.43065062 -0.02608871
v 0.27273497 0.25851768 -0.02674729
v 0.27926862 0.128554 -0.02656611
v 0.28058976 -0.43960136 -0.01888934
v 0.28225428 -0.43828923 -0.01686466
v 0.27982852 -0.43906727 0.01225907
v 0.28113997 -0.43801758 0.01123133
v 0.27975652 -0.43742007 0.02649261
v 0.27939266 -0.43719813 0.04037718
v 0.27910909 -0.4366073 0.05815236
v 0.27894917 -0.43625256 0.1036511
v 0.27363706 0.49652424 0.15800518
v 0.27879563 -0.43604368 0.16998948
v 0.27942339 -0.43535826 0.28793579
v 0.26920936 0.47540227 0.26286966
v 0.26920936 0.47540227 0.26286966
v 0.27818581 0.43503705 0.26274881
v 0.27986187 0.43410364 0.26241693
v 0.27913526 -0.43676254 0.29671395
v 0.27975604 -0.43908596 0.30357477
v 0.27960905 -0.44236413 0.30752021
v 0.27960905 -0.44236413 0.30752021
v 0.27972662 -0.44740295 0.31148854
v 0.28008693 -0.491193 0.31465819
v 0.2788882 -0.49440885 0.31204727
v 0.27915317 -0.46869519 0.31551647
v 0.27938226 -0.48607171 0.31534928
v 0.2787109 0.49873006 0.34300607
v 0.28186572 0.49928033 0.34602949
v 0.27421001 0.49749869 0.34975863
v 0.27634934 0.48079577 0.3500545
v 0.260308 0.49729308 -0.34638143
v 0.27799582 0.47076079 -0.28668383
v 0.27690384 0.47071156 -0.28714141
v 0.27761179 0.47374195 -0.28464982
v 0.27831092 0.46118763 -0.28693965
v 0.2785033 0.43838444 -0.28460503
v 0.27810499 0.43909779 -0.28684413
v 0.27768895 0.43586883 -0.28641346
v 0.27799582 0.47076079 -0.28668383
v 0.27842665 0.47197351 -0.28050736
v 0.27761179 0.47374195 -0.28464982
v 0.27826115 0.47705972 -0.27945501
v 0.27863702 0.4552381 -0.27909184
v 0.27866355 0.43775994 -0.27630755
v 0.27823356 0.43560645 -0.27820861
v 0.27841565 0.4780671 -0.28076211
v 0.2793785 0.47809464 -0.27549151
v 0.27855989 0.47014689 -0.2729086
v 0.27855253 0.4762868 -0.26510507
v 0.27848816 0.4565165 -0.24924871
v 0.27853373 0.43753549 -0.24688964
v 0.27813858 0.43558332 -0.24422532
v 0.2784048 0.44482169 -0.24178612
v 0.27935651 0.47798494 -0.22286938
v 0.27845371 0.47200784 -0.23087771
v 0.27848262 0.47613716 -0.2062823
v 0.2783975 0.44758186 -0.21092843
v 0.27859583 0.43759716 -0.21113051
v 0.27819806 0.43557099 -0.21072504
v 0.27898836 0.47798842 -0.16432074
v 0.27796111 0.45530099 -0.16907445
v 0.27786425 0.43764108 -0.17011447
v 0.27755713 0.43556446 -0.17133987
v 0.27810875 0.47608063 -0.16595969
v 0.27801371 0.47660375 -0.15404986
v 0.2780914 0.47210041 -0.13051675
v 0.27797851 0.45762506 -0.13882539
v 0.2778171 0.43757904 -0.12779172
v 0.27906999 0.47797593 -0.12582615
v 0.27756143 0.43554413 -0.12647367
v 0.27801624 0.4768948 -0.1294831
v 0.27801165 0.44217822 -0.10995995
v 0.27841708 0.47619182 -0.12104516
v 0.27831054 0.45789629 -0.10854004
v 0.27846217 0.47220543 -0.10448594
v 0.27820072 0.43733919 -0.08883403
v 0.27793339 0.43548119 -0.09541857
v 0.27958614 0.47813582 -0.08888275
v 0.27864483 0.47626832 -0.08707739
v 0.27843073 0.47122246 -0.08655918
v 0.27811491 0.44815734 -0.08335409
v 0.27844334 0.43541652 -0.08363893
v 0.28053918 0.47821558 -0.08114659
v 0.27888384 0.47573385 -0.08325896
v 0.27849689 0.46352625 -0.08256798
v 0.27859113 0.43891385 -0.08319666
v 0.28018272 0.47553912 -0.08064812
v 0.27978256 0.46792713 -0.08026627
v 0.27947855 0.45060539 -0.07858926
v 0.28062958 0.4375912 -0.07715102
v 0.28034195 0.46599171 -0.07872734
v 0.27991384 0.44157875 -0.07781407
v 0.28028551 0.43537149 -0.07507557
v 0.27898017 0.43310717 -0.05499589
v 0.28204462 0.43272319 -0.05295163
v 0.2790314 0.43165746 -0.05175241
v 0.27512297 0.43185058 -0.05059748
v 0.28505942 0.13360378 -0.05028262
v 0.28208414 0.1291147 -0.04982586
v 0.27917412 0.12725672 -0.05016945
v 0.28115955 0.12683839 -0.04914023
v 0.27230093 0.43180406 -0.02630676
v 0.27239057 0.41189429 -0.02652051
v 0.26658791 0.33839118 -0.02662802
v 0.2685177 0.23585492 -0.02685029
v 0.27017316 0.19921331 -0.02682181
v 0.259951 0.16100413 -0.02672179
v 0.27935559 0.12708178 -0.02666849
v 0.28467587 0.12728812 -0.02825942
v 0.27935559 0.12708178 -0.02666849
v 0.28115365 0.12687021 -0.02860826
v 0.26144791 0.4965362 0.04398552
v 0.27939266 -0.43719813 0.04037718
v 0.27891332 -0.43844301 0.0275248
v 0.27812499 -0.43749946 0.06379693
v 0.27910909 -0.4366073 0.05815236
v 0.27894917 -0.43625256 0.1036511
v 0.27768981 -0.43711445 0.15984197
v 0.27768981 -0.43711445 0.15984197
v 0.25012612 0.49641395 0.20203382
v 0.27763626 -0.43675223 0.21396448
v 0.27851975 -0.43590143 0.22117741
v 0.26218617 0.49642324 0.22450125
v 0.26922178 0.46309415 0.26253232
v 0.27236021 0.44775352 0.26243633
v 0.27851975 -0.43590143 0.22117741
v 0.27763626 -0.43675223 0.21396448
v 0.27777991 -0.43680578 0.28428105
v 0.27781984 -0.43823469 0.29678589
v 0.27942339 -0.43535826 0.28793579
v 0.27913526 -0.43676254 0.29671395
v 0.27975604 -0.43908596 0.30357477
v 0.27822116 -0.44248024 0.30551517
v 0.26116437 0.49651745 0.33280253
v 0.27960905 -0.44236413 0.30752021
v 0.27820867 -0.44959661 0.31079268
v 0.27972662 -0.44740295 0.31148854
v 0.27820867 -0.44959661 0.31079268
v 0.27812374 -0.46095693 0.31381196
v 0.27812374 -0.46095693 0.31381196
v 0.27824965 -0.48587856 0.31398499
v 0.27915317 -0.46869519 0.31551647
v 0.27938226 -0.48607171 0.31534928
v 0.2788882 -0.49440885 0.31204727
v 0.28008693 -0.491193 0.31465819
v 0.27097118 0.49643189 0.33890936
v 0.27443901 0.49947548 0.34683564
v 0.27421001 0.49749869 0.34975863
v 0.27723339 0.48129347 -0.36134785
v 0.27598715 0.47925654 -0.36092347
v 0.27154982 0.47959527 -0.36180267
v 0.26790333 0.49953815 -0.35830805
v 0.2751047 0.43872413 -0.28743231
v 0.27215642 0.44343549 -0.28738657
v 0.27688786 0.44349542 -0.28721666
v 0.27495664 0.47809198 -0.28629041
v 0.27644303 0.47795233 -0.28484038
v 0.27644303 0.47795233 -0.28484038
v 0.26089388 0.49645311 -0.11046956
v 0.27285543 0.43435201 -0.02582206
v 0.26195288 0.3008031 -0.0267348
v 0.25459638 0.47639251 0.26385894
v 0.26621866 0.47255087 0.26237816
v 0.27373224 0.49725959 0.34161767
v 0.271393 0.49855655 0.34967875
v 0.26430213 0.49124467 0.35337174
v 0.26676467 0.48104054 0.35271782
v 0.26821765 0.47833002 0.35141602
v 0.26344243 0.49749368 -0.36101708
v 0.2699016 0.49751306 -0.35368887
v 0.2637355 0.49718064 -0.35149077
v 0.27248409 0.47822988 -0.28757188
v 0.27256286 0.47654414 -0.28674382
v 0.2473316 0.49663734 -0.22075289
v 0.25167602 0.49650618 -0.17353615
v 0.27124 0.47294384 -0.06632791
v 0.26804653 0.47454748 -0.066524
v 0.26851371 0.46755794 -0.06605119
v 0.27148676 0.46459958 -0.06592139
v 0.27164882 0.47793856 -0.0634337
v 0.26898974 0.47647378 -0.06583492
v 0.27164882 0.47793856 -0.0634337
v 0.27124 0.47294384 -0.06632791
v 0.27234933 0.46994555 -0.06489566
v 0.26846471 0.46205339 -0.06557413
v 0.27231455 0.4626199 -0.06474755
v 0.26809394 0.44279042 -0.06445964
v 0.2724244 0.44275531 -0.06355853
v 0.27166846 0.43865716 -0.0626709
v 0.27166846 0.43865716 -0.0626709
v 0.2686533 0.4366132 -0.0601119
v 0.27209288 0.43768317 -0.05970836
v 0.2722446 0.43520036 -0.05974026
v 0.27270266 0.43183509 -0.04895223
v 0.27211711 0.4339456 -0.04092456
v 0.26901123 0.43285921 -0.03856418
v 0.27217451 0.43397224 -0.03598736
v 0.27230093 0.43180406 -0.02630676
v 0.25570855 0.1270595 -0.02732957
v 0.24717441 0.49638456 0.28856951
v 0.2666415 0.49914038 0.34732443
v 0.26631108 0.49916005 0.35027558
v 0.26631108 0.49916005 0.35027558
v 0.2648775 0.49762478 0.35212547
v 0.271393 0.49855655 0.34967875
v 0.26386261 0.49509132 0.35311192
v 0.25200626 0.49845189 -0.35608879
v 0.25993314 0.43892032 -0.28737038
v 0.24677193 0.49674705 -0.26208287
v 0.26359439 0.47650814 -0.06766894
v 0.26249182 0.47265112 -0.06807306
v 0.26295546 0.46797118 -0.0668167
v 0.26377144 0.47797108 -0.06468036
v 0.26559916 0.47774696 -0.06609841
v 0.26898974 0.47647378 -0.06583492
v 0.27164882 0.47793856 -0.0634337
v 0.26477319 0.46628538 -0.06587221
v 0.26257858 0.45628867 -0.06535484
v 0.26273501 0.44194725 -0.0644931
v 0.26292488 0.43843964 -0.06333564
v 0.26292488 0.43843964 -0.06333564
v 0.26411161 0.4363206 -0.05966114
v 0.26404718 0.43526191 -0.05936957
v 0.26089898 0.43249378 -0.04179633
v 0.27136248 0.43230551 -0.04300583
v 0.26213676 0.43287671 -0.03874592
v 0.26898399 0.43231693 -0.02654127
v 0.26148707 0.43204272 -0.02671982
v 0.25813171 0.4303076 -0.02661181
v 0.25613201 0.41526437 -0.02672722
v 0.25597745 0.39664912 -0.02656246
v 0.25301018 0.25390059 -0.02682621
v 0.25476566 0.13906042 -0.02677489
v 0.25820965 0.12907647 -0.02696083
v 0.24742025 0.49655026 0.13759625
v 0.25207171 0.49641594 0.25289071
v 0.24017398 0.46218893 0.26253998
v 0.25271186 0.44332951 0.26262796
v 0.25531611 0.43742612 0.26289192
v 0.24931271 0.43428209 0.26284423
v 0.25816938 0.49727452 0.34489664
v 0.26821765 0.47833002 0.35141602
v 0.25924048 0.47759151 0.35228801
v 0.23362248 0.49719736 -0.33667955
v 0.24045473 0.49643868 -0.13489518
v 0.26111904 0.47799981 -0.06884179
v 0.25956595 0.47810379 -0.07214361
v 0.26046795 0.47657514 -0.07017141
v 0.26046795 0.47657514 -0.07017141
v 0.26036683 0.47117057 -0.06904408
v 0.26002985 0.46235657 -0.06802281
v 0.26068947 0.45924747 -0.0659762
v 0.26002985 0.46235657 -0.06802281
v 0.25998211 0.45315695 -0.06554402
v 0.26068947 0.45924747 -0.0659762
v 0.25998211 0.45315695 -0.06554402
v 0.2601507 0.44152832 -0.06499509
v 0.26010934 0.43750292 -0.06405561
v 0.26010934 0.43750292 -0.06405561
v 0.26030907 0.43605119 -0.0601782
v 0.26411161 0.4363206 -0.05966114
v 0.26316929 0.43559742 -0.05659771
v 0.26404718 0.43526191 -0.05936957
v 0.26074719 0.43555072 -0.05657106
v 0.26316929 0.43559742 -0.05659771
v 0.27514943 0.4284822 -0.04955416
v 0.2592324 0.43135789 -0.04941741
v 0.27270266 0.43183509 -0.04895223
v 0.25974339 0.43241289 -0.03526434
v 0.25474218 0.43213603 -0.0286494
v 0.26148707 0.43204272 -0.02671982
v 0.25725701 0.49668252 0.34171644
v 0.25719979 0.49836645 0.3474578
v 0.25779343 0.49933514 0.35084155
v 0.25391072 0.49742851 0.35405678
v 0.25391072 0.49742851 0.35405678
v 0.25312045 0.48561704 0.35558227
v 0.25825259 0.48058766 0.35434166
v 0.25788274 0.47844368 0.35386178
v 0.25788274 0.47844368 0.35386178
v 0.25063258 0.49661052 -0.36229771
v 0.24967381 0.49820429 -0.36101964
v 0.25511536 0.49928823 -0.35850963
v 0.25208071 0.49751326 -0.3542493
v 0.24487539 0.49639213 -0.05810644
v 0.25405386 0.43213275 -0.04671605
v 0.25492671 0.43218133 -0.03042291
v 0.24870332 0.2083011 -0.026842
v 0.23417951 0.49656561 0.07134375
v 0.25387383 0.49525613 0.35486197
v 0.24472761 0.43135819 -0.02723707
v 0.24472761 0.43135819 -0.02723707
v 0.22789699 0.36357528 -0.02671513
v 0.22332639 0.34279668 -0.02671733
v 0.23548663 0.31745574 -0.02672907
v 0.23726946 0.29147023 -0.02681503
v 0.25459638 0.47639251 0.26385894
v 0.22234337 0.47537437 0.26316711
v 0.23330928 0.47248593 0.26242456
v 0.23283678 0.49647716 0.32034588
v 0.24896081 0.49684605 0.33926535
v 0.24923435 0.49926051 0.35114884
v 0.25037751 0.49852046 0.35364044
v 0.24369556 0.49140364 0.35712397
v 0.24809344 0.48075813 0.35618967
v 0.22789127 0.49644849 -0.08488458
v 0.2592324 0.43135789 -0.04941741
v 0.2291217 0.43213677 -0.03284848
v 0.2353735 0.42971179 -0.02659996
v 0.22372088 0.26187238 -0.02682011
v 0.2326028 0.49682748 0.3353219
v 0.2422915 0.49727228 0.34622753
v 0.22685112 0.49762112 -0.34966302
v 0.23236173 0.43064043 -0.04916225
v 0.22318973 0.49657354 0.14071195
v 0.24310105 0.49894476 0.35399684
v 0.24310105 0.49894476 0.35399684
v 0.23142579 0.49801615 0.3565433
v 0.25037751 0.49852046 0.35364044
v 0.24148272 0.49536672 0.35672826
v 0.24002816 0.48588809 0.35760552
v 0.24108045 0.47842184 0.35642225
v 0.24108045 0.47842184 0.35642225
v 0.22518109 0.47772563 0.35724574
v 0.23275281 0.49898005 -0.35866842
v 0.23626833 0.49768326 -0.35450813
v 0.21823166 0.49674004 -0.25736773
v 0.23594314 0.43207341 -0.04176919
v 0.20814417 0.1400611 -0.02675684
v 0.22532165 0.49643666 0.22823533
v 0.21559237 0.49651462 0.26133764
v 0.23578306 0.4807274 0.3578071
v 0.21107623 0.4972446 -0.33684322
v 0.22781493 0.43174073 -0.04668749
v 0.22166896 0.49641028 -0.05234741
v 0.20521355 0.12726294 -0.02741848
v 0.22431517 0.43811849 0.26274586
v 0.22447932 0.43510118 0.26276591
v 0.23285331 0.49868155 0.35166061
v 0.23156354 0.49916387 0.35436237
v 0.23142579 0.49801615 0.3565433
v 0.2136714 0.49692646 -0.30457512
v 0.22276625 0.43242413 -0.03063906
v 0.22661489 0.49653196 0.01314859
v 0.2201391 0.43414897 0.26252455
v 0.22784314 0.49744928 0.34797561
v 0.22676824 0.49538571 0.358239
v 0.22759917 0.49064744 0.35885328
v 0.21955183 0.47832277 0.35836872
v 0.21955183 0.47832277 0.35836872
v 0.21391684 0.49655485 -0.19134247
v 0.22032842 0.49645671 -0.13466875
v 0.20807227 0.43223512 -0.0283507
v 0.20332335 0.41279274 -0.02678736
v 0.21091188 0.3075273 -0.02673423
v 0.21324989 0.20940939 -0.02680748
v 0.20543233 0.49667484 0.07806657
v 0.22048193 0.49643743 0.20155299
v 0.23231995 0.46947879 0.2508949
v 0.22867866 0.47255677 0.25079495
v 0.23053433 0.47459051 0.25093576
v 0.21586679 0.47631171 0.26430953
v 0.22234337 0.47537437 0.26316711
v 0.20753032 0.49835616 -0.36117014
v 0.20332746 0.3975603 -0.02669259
v 0.21104336 0.16869178 -0.02673332
v 0.20863758 0.49651107 -0.02806683
v 0.22826631 0.47522753 0.24879092
v 0.21826899 0.45871252 0.26242864
v 0.22245763 0.48063415 0.35871661
v 0.18528295 0.49661595 -0.36241946
v 0.20583093 0.43206051 -0.0387961
v 0.19995752 0.42977601 -0.02652138
v 0.19692627 0.49659672 0.18615861
v 0.22512692 0.43762937 0.25127655
v 0.22513156 0.43491998 0.25304481
v 0.22320314 0.43575692 0.25121802
v 0.20090719 0.49658042 0.29962635
v 0.19297871 0.49666116 0.31861752
v 0.21895419 0.49748597 0.34939373
v 0.21755573 0.49799493 0.35730085
v 0.21755573 0.49799493 0.35730085
v 0.21875995 0.49509621 0.35865116
v 0.21774119 0.49013013 0.35919058
v 0.19750439 0.43210235 -0.03276867
v 0.20346957 0.12917753 -0.02683073
v 0.21643542 0.49908024 0.35468835
v 0.19983286 0.49908131 -0.35865802
v 0.19506164 0.49771082 -0.35439318
v 0.20228703 0.49766493 -0.34961727
v 0.1992999 0.49689749 -0.28133652
v 0.20124528 0.49655575 -0.14869177
v 0.19818152 0.43183404 -0.04672782
v 0.20247732 0.49662346 -0.00300763
v 0.19457023 0.49668062 0.02862061
v 0.19320138 0.49657971 0.22762614
v 0.2049683 0.4376505 0.25120348
v 0.19870096 0.44250491 0.26249483
v 0.21007231 0.49862397 0.3573156
v 0.21168372 0.4970521 0.3584933
v 0.21007231 0.49862397 0.3573156
v 0.20608364 0.48085517 0.35963818
v 0.187186 0.49712107 -0.31217724
v 0.20273077 0.49682754 -0.25731283
v 0.19732586 0.49660116 -0.1033881
v 0.1869538 0.49665707 -0.07399695
v 0.19790234 0.43055871 -0.04922675
v 0.20510483 0.43144631 -0.02687594
v 0.20510483 0.43144631 -0.02687594
v 0.1992227 0.33374587 -0.02664211
v 0.20038207 0.25918549 -0.02675085
v 0.20671433 0.43575996 0.25117084
v 0.20178872 0.47540259 0.26291913
v 0.20178872 0.47540259 0.26291913
v 0.19832809 0.4975335 0.35018072
v 0.19758353 0.4949013 0.36005896
v 0.20010054 0.49096316 0.36023799
v 0.19543959 0.49675265 -0.22044766
v 0.18758464 0.49672776 -0.17833813
v 0.17355266 0.49670747 -0.03540961
v 0.19344227 0.43261182 -0.03107967
v 0.17992866 0.49680078 0.10800965
v 0.1798164 0.49673834 0.15024778
v 0.20124167 0.47261885 0.26209253
v 0.18891378 0.45952353 0.2622295
v 0.16932483 0.49670762 0.28929448
v 0.20011981 0.4989658 0.35496375
v 0.173868 0.49690199 -0.23722173
v 0.18677805 0.43242547 -0.02787794
v 0.18625729 0.19877052 -0.02661242
v 0.17432021 0.12934209 -0.0264469
v 0.19547758 0.4763152 0.26381508
v 0.18646777 0.4350602 0.26276961
v 0.18770114 0.43376073 0.26257813
v 0.17796843 0.49703431 0.33746439
v 0.19569565 0.49885991 0.35758287
v 0.193159 0.49733466 0.35922045
v 0.193159 0.49733466 0.35922045
v 0.16849287 0.4776727 0.35926992
v 0.19327466 0.43249932 -0.03830293
v 0.18580756 0.29017553 -0.02658407
v 0.19989689 0.47457054 0.26198462
v 0.1846102 0.47475949 0.26176637
v 0.18917315 0.48084605 0.3603825
v 0.19596159 0.43200767 -0.04882108
v 0.18462937 0.43256664 -0.04698618
v 0.19329539 0.36542773 -0.02663491
v 0.16418834 0.49688929 0.06652702
v 0.18156999 0.4703986 0.26203746
v 0.17903571 0.49738795 0.34662783
v 0.17885867 0.49814451 -0.36102849
v 0.17222442 0.49892259 -0.35856324
v 0.17962301 0.49792352 -0.35026127
v 0.17386152 0.49754158 -0.33852288
v 0.17164275 0.49700096 -0.26149964
v 0.16150419 0.49696058 -0.20815061
v 0.17511575 0.432547 -0.04910929
v 0.17119008 0.43213263 -0.02625422
v 0.17119008 0.43213263 -0.02625422
v 0.14108053 0.41396388 -0.02633642
v 0.17306176 0.3341192 -0.02641485
v 0.18043734 0.23630178 -0.02656951
v 0.17209566 0.47845533 0.36026794
v 0.17209566 0.47845533 0.36026794
v 0.15961015 0.49709037 -0.28509825
v 0.19052768 0.43267095 -0.0402641
v 0.18164901 0.43317679 -0.0313926
v 0.14388822 0.3823297 -0.02623221
v 0.16087043 0.36744171 -0.02635244
v 0.15891692 0.29796603 -0.02628292
v 0.17033479 0.26169568 -0.02646374
v 0.16516888 0.49674958 0.19342554
v 0.17627996 0.45965955 0.26237074
v 0.17143212 0.490161 0.36111718
v 0.17044106 0.49778423 -0.35401058
v 0.16146213 0.4968518 -0.12174235
v 0.1539645 0.49675852 0.23189065
v 0.17360802 0.44578522 0.26248574
v 0.16893016 0.43346608 -0.04188944
v 0.16390744 0.39765343 -0.02638718
v 0.14867173 0.4969601 0.03468946
v 0.1692875 0.47471657 0.26204982
v 0.16965124 0.4649958 0.2623266
v 0.16789871 0.43245339 0.26249474
v 0.1687672 0.4807972 0.36091265
v 0.14287362 0.49792805 -0.34743398
v 0.15452191 0.49698353 -0.17909479
v 0.1500589 0.49693564 -0.07809152
v 0.16760066 0.43323019 -0.04678597
v 0.16698596 0.433236 -0.02784639
v 0.16389014 0.20160216 -0.02639699
v 0.15529805 0.49686992 0.01188935
v 0.1417098 0.49695605 0.09794062
v 0.16690525 0.43987781 0.2626453
v 0.16353641 0.49876246 0.35490939
v 0.15695944 0.49723262 -0.30562252
v 0.15656918 0.49690771 -0.15317661
v 0.16453302 0.43355578 -0.03140211
v 0.13902248 0.49683031 0.31874594
v 0.15256628 0.49879742 0.3577587
v 0.15063614 0.49726588 0.35976952
v 0.15063614 0.49726588 0.35976952
v 0.14072052 0.49459648 0.36116567
v 0.14772651 0.15827392 -0.02628326
v 0.16777292 0.45067891 0.03964619
v 0.16796766 0.45420074 0.04552929
v 0.16739917 0.43797559 0.03819956
v 0.16773985 0.43836549 0.05560898
v 0.16719201 0.43382189 0.04626841
v 0.16723932 0.43509674 0.03854393
v 0.17046361 0.47729492 0.05844333
v 0.16910657 0.47678968 0.0612949
v 0.16848409 0.4775629 0.03848391
v 0.16790649 0.46219048 0.06104767
v 0.16793784 0.45001182 0.06540895
v 0.16771834 0.43379179 0.07101736
v 0.16711584 0.43216178 0.06091861
v 0.16673473 0.43232903 0.04713428
v 0.16791332 0.44124916 0.09451386
v 0.16803311 0.47072631 0.06549554
v 0.1679237 0.46333238 0.10826708
v 0.16719012 0.43224281 0.09740579
v 0.16801789 0.43737933 0.11659782
v 0.16793834 0.47134909 0.12757228
v 0.16779913 0.47259441 0.06398506
v 0.16791187 0.43397227 0.12068915
v 0.16791414 0.44197768 0.14251253
v 0.16732238 0.43222025 0.14529626
v 0.16782321 0.46314359 0.14760607
v 0.16769111 0.47462547 0.17181532
v 0.16792904 0.46821177 0.16269101
v 0.16806599 0.43414876 0.17432165
v 0.16792893 0.4728165 0.17389914
v 0.16801123 0.44231123 0.16912162
v 0.16732423 0.43217161 0.18422702
v 0.16800098 0.45867121 0.19986601
v 0.16881768 0.47526881 0.19177184
v 0.16800293 0.47274294 0.1896092
v 0.16888547 0.47542131 0.17382555
v 0.16799189 0.47437716 0.19189365
v 0.16815314 0.46830785 0.19984223
v 0.16782756 0.43908602 0.2065552
v 0.1677241 0.43396217 0.20845138
v 0.16905564 0.47537839 0.20434691
v 0.16810441 0.47243738 0.20425344
v 0.16793074 0.47456226 0.20645526
v 0.16827725 0.46776438 0.23219095
v 0.16792591 0.44021466 0.22481972
v 0.16817489 0.47279221 0.22121437
v 0.16803607 0.4745619 0.21971561
v 0.16729936 0.43219882 0.24928297
v 0.16904664 0.47542986 0.22086062
v 0.16852295 0.47256154 0.24269314
v 0.16948727 0.4753527 0.24290852
v 0.16832197 0.44883883 0.24392419
v 0.16812031 0.43814906 0.24889359
v 0.16780183 0.43399939 0.24908182
v 0.16840692 0.46278638 0.24440674
v 0.17066577 0.47473973 0.25091681
v 0.16955338 0.47194058 0.24843234
v 0.16892762 0.46205455 0.24877937
v 0.16859245 0.44851565 0.24893683
v 0.16991715 0.4635289 0.25156176
v 0.16961375 0.45353583 0.25172138
v 0.16926005 0.43481824 0.25230539
v 0.16856885 0.43237472 0.25352567
v 0.16507928 0.47262391 0.26280007
v 0.1649076 0.45907027 0.2628659
v 0.15707923 0.49768734 0.35018945
v 0.1314216 0.12744951 -0.02693524
v 0.16610903 0.47060594 0.03890482
v 0.16619958 0.4722667 0.04049802
v 0.16734159 0.46622509 0.04012327
v 0.16330297 0.47083119 0.03896181
v 0.1622673 0.47302869 0.0397898
v 0.16619958 0.4722667 0.04049802
v 0.16610903 0.47060594 0.03890482
v 0.16670285 0.45122686 0.03852864
v 0.167281 0.4759753 0.04491932
v 0.1670347 0.47264823 0.04495787
v 0.16668543 0.47632456 0.04059911
v 0.16760814 0.46758258 0.04395117
v 0.16767268 0.47550288 0.06024776
v 0.16767246 0.47486475 0.08917703
v 0.16570278 0.47529009 0.26354131
v 0.15551226 0.43420255 0.26361558
v 0.12821461 0.49726444 0.33750194
v 0.1276255 0.49649951 -0.36259535
v 0.14431728 0.49707815 -0.25431103
v 0.13054608 0.49703503 -0.05183846
v 0.13693964 0.43353114 -0.03172329
v 0.12957373 0.3407059 -0.02605215
v 0.11986932 0.31204587 -0.02593162
v 0.12026488 0.12925804 -0.02612001
v 0.15807609 0.44542378 0.26313239
v 0.15294006 0.43226531 0.26324868
v 0.14151414 0.49780276 -0.3542937
v 0.1418058 0.4333567 -0.02783054
v 0.12757565 0.17999288 -0.02615375
v 0.15693019 0.44081846 0.13560446
v 0.15692039 0.44078261 0.16337806
v 0.15745032 0.44613221 0.14971967
v 0.15700898 0.44052529 0.17762434
v 0.15694755 0.44117874 0.19446406
v 0.15703711 0.4415518 0.22995232
v 0.15728341 0.44606778 0.22583364
v 0.14729282 0.47529614 0.26447284
v 0.15035473 0.47265738 0.26379925
v 0.1495143 0.46343556 0.26395887
v 0.13682461 0.49793449 -0.3511728
v 0.13711837 0.43330017 -0.04674818
v 0.13702816 0.43354627 -0.04211663
v 0.12369155 0.25676641 -0.0260544
v 0.11835786 0.2117849 -0.02604633
v 0.14693524 0.47279689 0.03902745
v 0.14844008 0.47490889 0.03927195
v 0.15450925 0.43804154 0.09167629
v 0.15009972 0.43595412 0.13758034
v 0.15450341 0.43807715 0.12833226
v 0.15460855 0.43809363 0.17678511
v 0.15015517 0.43594426 0.18348105
v 0.15464115 0.43800786 0.19500349
v 0.12135611 0.49690714 0.20110521
v 0.12756692 0.49686843 0.26467687
v 0.1325821 0.49748018 -0.32005793
v 0.13424118 0.49707302 -0.16394888
v 0.1348858 0.43261674 -0.04909893
v 0.1508563 0.44271699 0.25099474
v 0.14589243 0.44095182 0.2509324
v 0.14821024 0.44731054 0.25120622
v 0.14284128 0.43413866 0.26485384
v 0.13386847 0.49018139 0.3616021
v 0.13429649 0.48085552 0.36134347
v 0.10966939 0.4776139 0.36049142
v 0.1260573 0.49885204 -0.35868385
v 0.13046095 0.49714386 -0.21576567
v 0.12089575 0.43244693 -0.02594358
v 0.12829088 0.49702787 -0.00401431
v 0.14685541 0.47611174 0.03831287
v 0.13684818 0.47489145 0.26549464
v 0.12947015 0.43780643 0.26642019
v 0.1412777 0.43245637 0.26468986
v 0.1363453 0.49782309 0.35060138
v 0.12674898 0.49869826 0.35509604
v 0.11287942 0.49805611 -0.36119089
v 0.08493312 0.49798512 -0.34037694
v 0.1212448 0.49742395 -0.3031995
v 0.124919 0.4971385 -0.12548208
v 0.12089575 0.43244693 -0.02594358
v 0.10582505 0.39150506 -0.02599824
v 0.11639991 0.49703157 0.13260126
v 0.13972677 0.44024137 0.25089756
v 0.13583437 0.47245711 0.26578376
v 0.12004422 0.49731827 -0.2817899
v 0.10748424 0.49736354 -0.25179553
v 0.11369903 0.41692534 -0.02619143
v 0.11733937 0.49716809 0.03619689
v 0.10800564 0.49717161 0.06347837
v 0.10663415 0.43596908 0.21702531
v 0.13166906 0.43994993 0.25107333
v 0.12001505 0.4616147 0.26774344
v 0.12039161 0.49814469 -0.35537264
v 0.12460907 0.43336192 -0.02778779
v 0.11640779 0.43598038 0.10320048
v 0.12310753 0.43593022 0.24396029
v 0.13863669 0.47612646 0.26764178
v 0.12809442 0.47617188 0.26836115
v 0.13408558 0.47549608 0.26703525
v 0.13408558 0.47549608 0.26703525
v 0.12334488 0.47247168 0.26726806
v 0.12086976 0.43423277 0.26748616
v 0.11148904 0.47850868 0.36134976
v 0.11148904 0.47850868 0.36134976
v 0.09859231 0.49779373 -0.32622594
v 0.10938232 0.49732366 -0.18877959
v 0.10897644 0.49731374 -0.1512416
v 0.11400796 0.49725497 -0.08968059
v 0.11232615 0.49720418 -0.0200355
v 0.10293449 0.28492498 -0.02582446
v 0.09253109 0.43596399 0.18398851
v 0.12700568 0.43972513 0.25225747
v 0.11887715 0.43227485 0.26691023
v 0.09118286 0.49815583 -0.34753388
v 0.10970496 0.43229878 -0.04909565
v 0.10955591 0.43280002 -0.04680126
v 0.12308225 0.43677866 0.2480239
v 0.12700568 0.43972513 0.25225747
v 0.12374561 0.43840733 0.25663432
v 0.12631327 0.44143784 0.25665399
v 0.12561052 0.44212818 0.26055065
v 0.12598783 0.44765261 0.25982809
v 0.11974389 0.47513786 0.26809773
v 0.10721103 0.4899345 0.36209071
v 0.1071214 0.43305615 -0.04095495
v 0.11649816 0.47036004 0.03856682
v 0.118761 0.47304031 0.04001391
v 0.12123984 0.47447544 0.03938773
v 0.12271156 0.47261167 0.03875423
v 0.08405139 0.43597779 0.13241328
v 0.09480456 0.49711427 0.14416455
v 0.12374561 0.43840733 0.25663432
v 0.11313757 0.47449622 0.26879954
v 0.10882629 0.49809808 0.35109508
v 0.09754565 0.49727243 0.35987192
v 0.09754565 0.49727243 0.35987192
v 0.10198803 0.49738449 -0.22764955
v 0.08213326 0.3707684 -0.02568618
v 0.09861942 0.49728295 0.01134649
v 0.11739618 0.43510497 0.03677655
v 0.11924071 0.43751895 0.03766962
v 0.11904891 0.43388253 0.03763532
v 0.11651442 0.43614075 0.03699015
v 0.118761 0.47304031 0.04001391
v 0.11649816 0.47036004 0.03856682
v 0.1166611 0.47069207 0.04138871
v 0.1189492 0.47233996 0.04177022
v 0.10261837 0.49697226 0.26260334
v 0.10836034 0.43391806 0.26935661
v 0.11608945 0.4322308 0.26780999
v 0.10798123 0.49706832 0.32038829
v 0.07984791 0.49882129 0.35764915
v 0.10782862 0.49428883 0.36161163
v 0.10505166 0.48496827 0.36196011
v 0.11256053 0.47881746 0.36154532
v 0.09213762 0.49747127 -0.13010983
v 0.10048251 0.43307778 -0.03174555
v 0.09277476 0.43264997 -0.02570101
v 0.11212402 0.43882245 0.03850424
v 0.11276052 0.44047701 0.04132182
v 0.11427512 0.44380715 0.04027467
v 0.1149365 0.44185093 0.03884814
v 0.11212402 0.43882245 0.03850424
v 0.11427512 0.44380715 0.04027467
v 0.11059669 0.47254151 0.26937285
v 0.10341032 0.43786463 0.27035978
v 0.08432586 0.49754322 -0.17638037
v 0.09886705 0.49738935 -0.06773828
v 0.09277476 0.43264997 -0.02570101
v 0.1005463 0.43085411 -0.02557675
v 0.10625644 0.43569496 0.03500416
v 0.10744096 0.43684918 0.03771472
v 0.11212402 0.43882245 0.03850424
v 0.10625644 0.43569496 0.03500416
v 0.11276052 0.44047701 0.04132182
v 0.09401488 0.49695644 0.23162162
v 0.10056675 0.43785787 0.26458031
v 0.1110024 0.47515789 0.27034268
v 0.11409707 0.47595406 0.27102125
v 0.1070884 0.47598776 0.27392486
v 0.1110024 0.47515789 0.27034268
v 0.09124905 0.4970606 0.28915215
v 0.0764869 0.49810019 0.3507989
v 0.06917208 0.49883461 -0.35874596
v 0.08225336 0.12922861 -0.02592742
v 0.10344242 0.43578246 0.03861434
v 0.09824359 0.47513434 0.27162173
v 0.09040469 0.46101844 0.27262539
v 0.09599982 0.43220052 0.2705754
v 0.08094127 0.49744144 0.33745348
v 0.10580627 0.49268225 0.36209959
v 0.07790928 0.49771726 -0.27217603
v 0.08317147 0.49756378 -0.0991196
v 0.08661418 0.49744415 -0.04690072
v 0.08694199 0.49742609 -0.01580392
v 0.09246686 0.4334147 -0.02797282
v 0.08790706 0.32792544 -0.02568964
v 0.08621211 0.256578 -0.025712
v 0.09888662 0.47245377 0.27109754
v 0.09474044 0.4338353 0.2718268
v 0.08133149 0.49716687 0.32216763
v 0.07823435 0.49820882 -0.35471541
v 0.0849294 0.49773186 -0.30158755
v 0.08515497 0.4291341 -0.02557381
v 0.08707095 0.41294771 -0.02596269
v 0.07784413 0.49741948 0.03923748
v 0.06601361 0.43585393 0.04443548
v 0.08668846 0.49721265 0.09148619
v 0.08928004 0.4970648 0.18092722
v 0.07326313 0.43585241 0.25990519
v 0.07347364 0.43252999 -0.04917165
v 0.08834121 0.43161491 -0.02519586
v 0.08536505 0.19673184 -0.02581372
v 0.08446793 0.43569502 0.03437989
v 0.08523173 0.47468954 0.27307913
v 0.07322071 0.43413112 0.27579728
v 0.09344654 0.43228042 0.27174512
v 0.06107865 0.49873137 0.35504159
v 0.07110586 0.49329758 0.36219898
v 0.06790689 0.49061558 0.36233938
v 0.08258449 0.49756688 -0.22391361
v 0.08907967 0.43383434 -0.02523671
v 0.08907967 0.43383434 -0.02523671
v 0.07969353 0.39612034 -0.02572889
v 0.05290466 0.12762997 -0.02626823
v 0.04246588 0.43599138 0.10946292
v 0.0812575 0.44494575 0.27425724
v 0.0739121 0.49488109 0.36165464
v 0.0611749 0.47758079 0.36107129
v 0.07002648 0.49768844 -0.11979385
v 0.0672042 0.49774724 -0.07571966
v 0.07252376 0.43308264 -0.04669558
v 0.07461194 0.43328235 -0.03679315
v 0.06894415 0.49762708 -0.02033944
v 0.08390189 0.43350416 -0.02839876
v 0.08413634 0.43555722 -0.02435133
v 0.08907967 0.43383434 -0.02523671
v 0.08841126 0.43344483 -0.02308567
v 0.08834121 0.43161491 -0.02519586
v 0.08182578 0.43227813 -0.02104114
v 0.08392975 0.4356688 -0.01429225
v 0.08325389 0.43462187 -0.01399402
v 0.08689876 0.43543738 -0.01555366
v 0.07510255 0.49708092 0.21770218
v 0.07431643 0.49707609 0.24359006
v 0.08472814 0.47231534 0.27330613
v 0.07608087 0.46081528 0.27499464
v 0.05776209 0.4967899 -0.3624503
v 0.05074127 0.49859437 -0.34797353
v 0.06526111 0.49779007 -0.24440382
v 0.07319879 0.43318516 -0.0322167
v 0.06959756 0.43121323 -0.02481018
v 0.06896591 0.42787892 -0.02523381
v 0.07734127 0.32383928 -0.02552852
v 0.07040825 0.23773614 -0.02547863
v 0.07043797 0.19401683 -0.02561741
v 0.07938467 0.43171284 -0.02146358
v 0.07021722 0.43576989 -0.01215665
v 0.08392975 0.4356688 -0.01429225
v 0.08111282 0.43549874 -0.00779575
v 0.08325389 0.43462187 -0.01399402
v 0.06397564 0.49763167 0.00718886
v 0.07144329 0.49740413 0.07214262
v 0.06114328 0.49741989 0.10714933
v 0.06578206 0.49732685 0.14936014
v 0.06204587 0.49732023 0.18078722
v 0.04563178 0.43796861 0.26439309
v 0.08377458 0.47522429 0.27455762
v 0.05386712 0.4980872 -0.36121708
v 0.05710919 0.49800152 -0.28808966
v 0.05721227 0.49781829 -0.19929397
v 0.06732353 0.49773428 -0.153239
v 0.0655295 0.49770552 -0.04720661
v 0.06523353 0.43325329 -0.02860544
v 0.07236967 0.43472093 -0.02548487
v 0.05676086 0.41258505 -0.02507984
v 0.06620185 0.27772924 -0.02535164
v 0.04425282 0.14062858 -0.02531889
v 0.07569772 0.43564969 -0.00195256
v 0.07828762 0.4353134 -0.00325712
v 0.07569772 0.43564969 -0.00195256
v 0.07561981 0.43399477 -0.00188608
v 0.07828762 0.4353134 -0.00325712
v 0.07569873 0.43563008 0.03361812
v 0.01771171 0.43590584 0.25978285
v 0.05744569 0.49727345 0.27034643
v 0.07245915 0.43212882 0.27491209
v 0.05089632 0.48058778 0.36221674
v 0.0624101 0.49813357 -0.31878984
v 0.05372405 0.33606684 -0.02498337
v 0.0724471 0.43553641 -0.02400293
v 0.07569772 0.43564969 -0.00195256
v 0.07355708 0.43455473 0.01293948
v 0.07561981 0.43399477 -0.00188608
v 0.07336053 0.4355928 0.01751312
v 0.07336053 0.4355928 0.01751312
v 0.07331227 0.43532249 0.02447145
v 0.07372316 0.43561551 0.02761158
v 0.07437351 0.43493947 0.03012532
v 0.07372316 0.43561551 0.02761158
v 0.07569873 0.43563008 0.03361812
v 0.0754925 0.43417409 0.03385794
v 0.07437351 0.43493947 0.03012532
v 0.07372316 0.43561551 0.02761158
v 0.07131796 0.47516501 0.27588171
v 0.06670487 0.43991536 0.2766113
v 0.05451103 0.48486534 0.36239842
v 0.06118686 0.49857676 -0.35621235
v 0.07287667 0.43209916 -0.00245806
v 0.06995758 0.43172681 0.00905986
v 0.07255455 0.43176571 -0.00900892
v 0.07175144 0.43243316 0.00863538
v 0.05555337 0.49765277 0.04462294
v 0.07174481 0.43317947 0.02084761
v 0.06977102 0.43167982 0.02681365
v 0.07166048 0.43301138 0.03048711
v 0.07001849 0.43177721 0.03540309
v 0.02009451 0.43598059 0.06902303
v 0.04948004 0.43596888 0.19335428
v 0.03595673 0.435868 0.25979704
v 0.05816641 0.47471151 0.27737173
v 0.05568439 0.47238201 0.27779204
v 0.05995842 0.45483062 0.27727339
v 0.07080287 0.43226385 0.27599153
v 0.04243779 0.4980619 0.3367939
v 0.05430309 0.49789193 -0.09784898
v 0.05442639 0.42859447 -0.02500915
v 0.0401439 0.39809376 -0.02448237
v 0.05330462 0.12935828 -0.02538421
v 0.05405927 0.43516943 -0.02389016
v 0.05149454 0.49736145 0.21066552
v 0.05564336 0.43435305 0.27798262
v 0.04485668 0.49772009 0.31969085
v 0.05327645 0.49746674 0.36012423
v 0.05327645 0.49746674 0.36012423
v 0.05103458 0.43251818 -0.03213934
v 0.05085666 0.21447982 -0.02519724
v 0.04381212 0.17155761 -0.0252946
v 0.03551902 0.49763674 0.1289375
v 0.03215318 0.49750745 0.25026709
v 0.04856052 0.43257126 -0.03852684
v 0.04911557 0.43392622 -0.02560896
v 0.03829518 0.43112519 -0.02459197
v 0.03811673 0.37663811 -0.02452552
v 0.04744913 0.25446013 -0.0250608
v 0.0339028 0.4487454 0.28035837
v 0.04672095 0.49858776 0.35117894
v 0.04293876 0.49584034 0.36165035
v 0.04118354 0.49848315 -0.33815095
v 0.04117585 0.4980095 -0.24551542
v 0.0426021 0.49797118 -0.13081819
v 0.04059226 0.4980514 -0.05766394
v 0.03949424 0.43232852 -0.0492999
v 0.04267254 0.43268576 -0.04682736
v 0.03022122 0.49813217 -0.03177928
v 0.03984763 0.30540103 -0.02484762
v 0.05084371 0.12785368 -0.02528808
v 0.037366 0.43561754 -0.02260221
v 0.03031813 0.43591404 0.02102122
v 0.03926908 0.4977172 0.07469837
v 0.05666383 0.47526824 0.27862242
v 0.04717777 0.47265044 0.27893448
v 0.05873983 0.47601318 0.27961612
v 0.05665036 0.47606191 0.28174531
v 0.05666383 0.47526824 0.27862242
v 0.03646085 0.49757731 0.2856167
v 0.00686545 0.47822726 0.3619965
v 0.01719169 0.49865305 -0.35545704
v 0.03341831 0.49807549 -0.08805168
v 0.041748 0.43286893 -0.02844252
v 0.04010653 0.41910759 -0.02452524
v 0.03996252 0.49793863 0.00068141
v 0.02857144 0.49791375 0.03543466
v 0.03023447 0.49768144 0.16052973
v 0.03529665 0.43413168 0.28042093
v 0.01062338 0.49474198 0.36214939
v 0.02449946 0.49038169 0.36250207
v 0.02535484 0.49815172 -0.29074532
v 0.02614466 0.49804968 -0.16231394
v 0.03934956 0.2099504 -0.02507271
v 0.02707974 0.49768162 0.18647727
v 0.03753132 0.47518256 0.28026503
v 0.03365368 0.43212917 0.27988085
v 0.01023061 0.49810886 -0.26731825
v 0.0188531 0.49804121 -0.19498998
v 0.037071 0.33558208 -0.024662
v 0.03859674 0.43550158 -0.02418211
v 0.02410481 0.49781084 0.08806976
v 0.02118394 0.43596226 0.20381717
v 0.0236423 0.49764436 0.22127973
v 0.03931776 0.43800581 0.26436481
v 0.00291353 0.49896741 0.35791641
v 0.03493664 0.43264323 -0.03936787
v 0.03691591 0.43452635 -0.02533173
v 0.02709696 0.24968114 -0.02485921
v 0.02853879 0.47464725 0.28111616
v 0.00431574 0.49859551 0.34626615
v 0.02280338 0.49810809 -0.12346512
v 0.01388668 0.29467538 -0.02468044
v 0.0026685 0.19953382 -0.02491876
v -0.00262637 0.16501355 -0.02509842
v 0.03597002 0.43557122 -0.02422476
v 0.00774995 0.43026236 -0.02442756
v 0.00859867 0.49781108 0.27354169
v 0.032519 0.43811819 0.26425344
v 0.02643505 0.47230422 0.28146833
v 0.01844868 0.44520706 0.28209126
v -0.00810347 0.48513809 0.36264965
v 0.00233169 0.49883097 -0.3588782
v 0.01397529 0.49807209 -0.23065978
v 0.02162224 0.4982062 -0.06522561
v 0.01621934 0.43294686 -0.02833933
v -0.00404425 0.26259828 -0.02465669
v 0.00154158 0.23030028 -0.02476413
v 0.00174006 0.12994638 -0.02505225
v 0.01039547 0.43585634 -0.00619659
v 0.01967529 0.49811411 0.00135726
v 0.02897684 0.44027337 0.26677808
v 0.03973626 0.44069606 0.26678461
v 0.03096321 0.43207568 0.28066266
v 0.01367245 0.43252221 -0.03227355
v 0.00877287 0.4080154 -0.02429507
v 0.01616434 0.36931849 -0.02435433
v -0.0181118 0.43560967 -0.02487537
v -0.0205006 0.435992 0.1362094
v 0.00755355 0.43410426 0.28334349
v 0.00104569 0.49868375 0.35130554
v 0.00785831 0.3270677 -0.02447348
v 0.0032297 0.49808741 0.06004526
v 0.01836159 0.43808034 0.26496661
v 0.02161158 0.43975988 0.26703298
v 0.02549617 0.4752886 0.28261536
v 0.01650007 0.47200942 0.28248283
v 0.00089943 0.45707655 0.28386831
v 0.02151596 0.47625113 0.29379761
v 0.02059759 0.47605723 0.28432763
v 0.02622796 0.47609293 0.28560272
v 0.00236532 0.49803871 0.31410533
v -0.00449381 0.49751872 0.36043128
v -0.00449381 0.49751872 0.36043128
v -0.0013577 0.49832892 -0.31430474
v -0.00304895 0.43227106 -0.04913658
v -0.00882421 0.14496943 -0.02510353
v -0.03628934 0.39526582 -0.02405289
v 0.00646905 0.49794474 0.11675697
v 0.00591262 0.49794582 0.17928272
v 0.01756963 0.43952671 0.26800898
v 0.00908291 0.47508487 0.28367603
v -0.0128434 0.49684754 -0.3623642
v -0.00762352 0.49813116 -0.36121157
v -0.00943662 0.49859196 -0.34306312
v 0.00473595 0.4982965 -0.11449923
v -0.00166071 0.49848998 -0.07884619
v 0.01405684 0.43121472 -0.02445131
v -0.00373629 0.4188078 -0.02423873
v 0.00145745 0.34633791 -0.02433719
v 0.00105805 0.49842626 -0.01874158
v 0.00246244 0.49823409 0.01783362
v -0.0144533 0.435967 0.18390951
v 0.00335627 0.49798727 0.14177969
v 0.00351087 0.49791864 0.21954069
v 0.01756963 0.43952671 0.26800898
v 0.01425398 0.43832096 0.27249587
v 0.01595789 0.44009581 0.27362129
v 0.01716419 0.4420386 0.27285779
v 0.01611902 0.44199371 0.27629474
v -0.01013218 0.49820834 -0.29015836
v -0.01391457 0.49829763 -0.15842786
v -0.00895965 0.49861604 -0.04791289
v 0.003203 0.43267179 -0.04690472
v 0.01280199 0.43140063 -0.02282477
v 0.00774995 0.43026236 -0.02442756
v 0.01405684 0.43121472 -0.02445131
v -0.07204511 0.1277121 -0.02521085
v 0.01425398 0.43832096 0.27249587
v 0.00972199 0.43578544 0.27608645
v 0.01391561 0.43799558 0.27626586
v 0.00944006 0.43773243 0.27963677
v 0.01309381 0.43859676 0.2792469
v 0.00570961 0.43188393 0.2826387
v -0.01172372 0.49827436 0.32846421
v -0.00193645 0.49624303 0.36175928
v -0.01750209 0.49825972 -0.24679498
v -0.00842814 0.49821943 -0.20487046
v -0.00343281 0.43267936 -0.03235801
v -0.01422636 0.49818933 0.094317
v -0.00215319 0.47216758 0.28423455
v -0.01902909 0.43324229 -0.02842322
v -0.02091521 0.4346517 -0.02607078
v 0.00039008 0.43132052 -0.02442478
v 0.00039008 0.43132052 -0.02442478
v -0.00863176 0.49816191 0.19252506
v -0.01106932 0.49808365 0.25596812
v -0.00100685 0.47457808 0.2843383
v 0.00428157 0.43203959 0.28341585
v -0.01953715 0.49825534 0.29741475
v -0.00714252 0.49035653 0.36271471
v -0.04055031 0.48062614 0.36252931
v -0.01723544 0.30014998 -0.02445288
v -0.00538918 0.47580451 0.28731474
v -0.00100685 0.47457808 0.2843383
v 0.00280818 0.47580892 0.28611964
v -0.02218531 0.49858016 -0.12287948
v -0.01508015 0.49862087 -0.10167043
v -0.01290101 0.43253267 -0.04669888
v -0.02555271 0.37054849 -0.02412202
v -0.04625822 0.43582994 -0.01101637
v -0.01486264 0.49835783 0.04322117
v -0.01715459 0.49829429 0.13367677
v -0.01099403 0.49823844 0.15980992
v -0.00689655 0.47515902 0.28604963
v -0.00689655 0.47515902 0.28604963
v -0.01236393 0.43391857 0.28487551
v -0.04434152 0.49883038 0.34732756
v -0.02314685 0.43276438 -0.03222508
v -0.02334817 0.41929102 -0.02427412
v -0.01917832 0.49862349 -0.00982887
v -0.04317269 0.43593335 0.01851462
v -0.02720747 0.49839881 0.06305102
v -0.03511738 0.43600005 0.09366564
v -0.01630336 0.49825758 0.22492194
v -0.03824624 0.43594819 0.23398606
v -0.01857965 0.47257164 0.28569964
v -0.0220453 0.46607587 0.2858566
v -0.00657123 0.47585449 0.28904977
v -0.0617886 0.49876261 -0.35535043
v -0.04311842 0.49842313 -0.19622251
v -0.0198188 0.43133196 -0.02456507
v -0.03862237 0.33819914 -0.02411689
v -0.02660998 0.49853277 0.02724632
v -0.01936748 0.43596441 0.05100868
v -0.03294078 0.49837208 0.27453181
v -0.02398452 0.4378351 0.28016871
v -0.02887108 0.47505775 0.2869879
v -0.04419248 0.43200231 0.28639194
v -0.03152766 0.49828002 -0.27705282
v -0.0377074 0.18231092 -0.02486015
v -0.05044298 0.49476579 0.36231509
v -0.03287337 0.49844852 -0.31783816
v -0.02963138 0.4988566 -0.06677716
v -0.05138757 0.43216783 -0.04903375
v -0.04295413 0.43258661 -0.04686253
v -0.05094372 0.27726471 -0.02432816
v -0.07535106 0.43597382 0.05589635
v -0.03969023 0.49847275 0.07736028
v -0.04027786 0.49853498 0.11648162
v -0.04689502 0.49873501 0.15913071
v -0.0335592 0.49853206 0.18275955
v -0.03638064 0.49854475 0.21245056
v -0.04721055 0.49870259 0.22682831
v -0.04398591 0.47833169 0.36204606
v -0.0420433 0.47747737 0.36118072
v 0.00497266 0.47732362 0.36119115
v -0.04877556 0.49846226 -0.22587964
v -0.02817798 0.43144715 -0.02288664
v -0.02732758 0.43071786 -0.02444899
v -0.0198188 0.43133196 -0.02456507
v -0.04185152 0.23481619 -0.02449842
v -0.04560186 0.43392405 0.28741768
v -0.04717169 0.49866956 -0.13755582
v -0.04510605 0.49894249 -0.09178448
v -0.04340471 0.49892101 -0.04033168
v -0.03315899 0.42939883 -0.0243365
v -0.0578123 0.12979256 -0.02500456
v -0.03856109 0.49877441 -0.00065205
v -0.03441394 0.4723627 0.28668103
v -0.03929009 0.49843755 0.32797647
v -0.04704055 0.49847841 -0.16620165
v -0.03522108 0.43267307 -0.03215923
v -0.04405848 0.43302062 -0.02837576
v -0.03315899 0.42939883 -0.0243365
v -0.04886011 0.49888766 0.35159701
v -0.04574561 0.49907303 0.35783517
v -0.04628333 0.4977012 0.3602429
v -0.04445766 0.49623218 0.36175585
v -0.00193645 0.49624303 0.36175928
v -0.04445766 0.49623218 0.36175585
v -0.04407586 0.4899568 0.36277273
v -0.04398591 0.47833169 0.36204606
v -0.04504409 0.49886194 -0.3588804
v -0.06537402 0.49868074 -0.34156162
v -0.0528357 0.49846348 -0.25640965
v -0.04470982 0.43444115 -0.02549422
v -0.06858042 0.20748189 -0.02453439
v -0.05298196 0.15335588 -0.02495085
v -0.07859422 0.41720206 -0.02363242
v -0.06734537 0.30420557 -0.02413045
v -0.04448179 0.43557084 -0.0239967
v -0.06549434 0.43596745 0.17619587
v -0.06035139 0.49808481 -0.36106074
v -0.05222633 0.4984428 -0.29035413
v -0.05390312 0.4989062 -0.11564511
v -0.06057617 0.40427673 -0.02379023
v -0.04935265 0.49865189 0.26037461
v -0.04489321 0.47224084 0.28718498
v -0.05346711 0.4987106 0.2879014
v -0.06677987 0.49878705 -0.34758478
v -0.06107657 0.49905109 -0.07275735
v -0.05173999 0.43267313 -0.03203822
v -0.05736518 0.37587112 -0.02383257
v -0.05231406 0.49870887 0.03930736
v -0.05865205 0.49872109 0.08321712
v -0.07774911 0.49655774 -0.36236241
v -0.06892726 0.17448133 -0.02474935
v -0.0620528 0.49886888 0.00825135
v -0.07533352 0.49910942 0.13176267
v -0.04705623 0.43215433 0.28750169
v -0.07674099 0.49914825 0.3385551
v -0.07790229 0.49857858 -0.32126546
v -0.06753274 0.49857855 -0.30371082
v -0.04228674 0.41806877 -0.04989706
v -0.06988379 0.42021659 -0.04928793
v -0.03639782 0.42746979 -0.0500055
v -0.0645462 0.43149874 -0.02249937
v -0.07887384 0.25288332 -0.02428174
v -0.06627927 0.4990074 -0.03802317
v -0.07339329 0.43786722 0.28027767
v -0.05687624 0.47492418 0.28761742
v -0.06107738 0.45131895 0.28780788
v -0.06140134 0.43455046 0.28810433
v -0.07656929 0.49908316 0.31628814
v -0.06854373 0.43245563 -0.04618879
v -0.0659775 0.43303162 -0.02837707
v -0.08751109 0.43599331 0.13433936
v -0.08570255 0.43594748 0.22663935
v -0.1082629 0.43591675 0.25619334
v -0.05938943 0.47216493 0.28741261
v -0.07573184 0.49909836 -0.35852566
v -0.07076679 0.49859449 -0.21865673
v -0.07542126 0.49867937 -0.17142279
v -0.07484685 0.49889225 -0.13126788
v -0.07030945 0.49905911 -0.101784
v -0.06709044 0.43452618 -0.02537979
v -0.07662274 0.33301324 -0.02374796
v -0.07358412 0.49878299 0.0474511
v -0.08774504 0.43600479 0.09489951
v -0.09119352 0.43580985 0.27572817
v -0.06804336 0.49900982 0.26497191
v -0.08022223 0.49928859 0.35502258
v -0.07633615 0.49062583 0.36309186
v -0.07781414 0.43258831 -0.03257987
v -0.0691787 0.4355959 -0.02412749
v -0.0764111 0.42947182 -0.02376688
v -0.0776213 0.49897468 0.10716382
v -0.07195044 0.49911335 0.16562515
v -0.07077616 0.49911499 0.21609607
v -0.0830079 0.49931493 0.34774232
v -0.07845116 0.49951884 0.35753575
v -0.06388944 0.48097458 0.36275652
v -0.1130269 0.4985325 -0.35132089
v -0.0757968 0.49858969 -0.27857876
v -0.0645462 0.43149874 -0.02249937
v -0.08195473 0.49879667 0.02069509
v -0.08038182 0.47498661 0.28742075
v -0.09653471 0.49812478 0.3602587
v -0.11408973 0.15255103 -0.02471915
v -0.09671414 0.39744613 -0.0234387
v -0.109183 0.13787349 -0.0248489
v -0.08397533 0.49892533 -0.01121329
v -0.11940178 0.43589067 -0.00836796
v -0.11808361 0.43594223 0.01019025
v -0.07950654 0.47266439 0.28728241
v -0.09935749 0.4968873 0.36182696
v -0.09935749 0.4968873 0.36182696
v -0.10851566 0.47811589 0.36221606
v -0.12695223 0.49852991 -0.34769496
v -0.08411696 0.49906632 -0.09043656
v -0.10120951 0.21967691 -0.02435016
v -0.08636268 0.43388736 0.28848508
v -0.10591961 0.43200678 0.28849393
v -0.08448029 0.49909276 0.31909531
v -0.08962876 0.4985795 -0.22200809
v -0.09011164 0.49904674 -0.07442839
v -0.09160273 0.49895415 -0.04520767
v -0.09578469 0.49866423 0.03835187
v -0.08834078 0.49920014 0.17454219
v -0.08739941 0.49922478 0.21096385
v -0.08634786 0.49916464 0.27925318
v -0.11667813 0.4978117 -0.36101988
v -0.09907737 0.49848497 -0.27134797
v -0.0903746 0.49886945 -0.12546533
v -0.08830914 0.43253747 -0.04575251
v -0.09462626 0.43328416 -0.028372
v -0.09377314 0.43469954 -0.02571812
v -0.09279696 0.36229938 -0.02362371
v -0.10667533 0.32253084 -0.02377895
v -0.09266412 0.49915236 0.35155541
v -0.11388882 0.49835515 -0.32514596
v -0.09482826 0.43277374 -0.03237449
v -0.10875976 0.18104306 -0.024556
v -0.0988889 0.29476908 -0.02406047
v -0.10180356 0.49885476 0.08133576
v -0.10518977 0.49895817 0.12435608
v -0.09910228 0.49916175 0.25888246
v -0.09621441 0.4725979 0.28752905
v -0.11517183 0.49842995 -0.33909512
v -0.10710877 0.49841839 -0.3040117
v -0.10615684 0.49848074 -0.23160011
v -0.10902099 0.49852291 -0.18350682
v -0.11152431 0.49856651 -0.15115464
v -0.11881647 0.43193868 -0.04885262
v -0.10481004 0.49879396 -0.02161606
v -0.12564853 0.12921205 -0.02497917
v -0.10083233 0.49873236 0.00371817
v -0.10867277 0.49866825 0.05853789
v -0.10727098 0.49906689 0.15157688
v -0.11745859 0.4748683 0.28800693
v -0.10529354 0.49910766 0.29823911
v -0.10507335 0.49516213 0.36250764
v -0.10362383 0.49060801 0.36318108
v -0.11876117 0.41775224 -0.023545
v -0.12545447 0.38370502 -0.02352064
v -0.11702978 0.26021934 -0.02414232
v -0.0942675 0.43560407 -0.02453355
v -0.14400201 0.43563807 -0.02406633
v -0.13492216 0.43597192 0.04753458
v -0.11824384 0.49877176 0.10365075
v -0.16554488 0.43786934 0.28016859
v -0.11079696 0.49950385 0.35749927
v -0.11573172 0.48526925 0.36308226
v -0.12271813 0.49857965 -0.12577967
v -0.11118288 0.49885893 -0.09249467
v -0.12555882 0.49911019 0.22540668
v -0.14285505 0.43596601 0.17695685
v -0.1175625 0.49868917 -0.04887438
v -0.12260628 0.34080446 -0.02362735
v -0.12793079 0.49836749 0.02260274
v -0.1142372 0.43376055 0.28903797
v -0.12885568 0.49921116 0.35501584
v -0.11644182 0.49906811 -0.35849136
v -0.12657933 0.49873388 -0.35574564
v -0.13022183 0.49829125 -0.25660837
v -0.13693254 0.49862641 -0.07842773
v -0.12105942 0.4324533 -0.04287807
v -0.13105305 0.43244612 -0.03198386
v -0.14079712 0.43151164 -0.02245498
v -0.11837894 0.42946827 -0.02366135
v -0.13626352 0.35828599 -0.02360508
v -0.13940093 0.43599313 0.13099337
v -0.12645426 0.49908265 0.19059974
v -0.12266589 0.46071634 0.28868344
v -0.13350198 0.49898124 0.32615519
v -0.12982987 0.48061782 0.36279073
v -0.13731001 0.49633044 -0.36225316
v -0.12507218 0.49828434 -0.29255098
v -0.12657717 0.43224621 -0.04708736
v -0.13309778 0.43285364 -0.02817115
v -0.13378802 0.43434361 -0.02540218
v -0.14513129 0.39232793 -0.02345142
v -0.13879828 0.3158145 -0.02381775
v -0.12421636 0.49849707 -0.00864211
v -0.12651335 0.49867281 0.08048499
v -0.13142361 0.46946868 0.28862196
v -0.14603315 0.41532293 -0.02357871
v -0.13484681 0.4983294 0.04603715
v -0.15818068 0.43599597 0.09376945
v -0.14168732 0.49885529 0.15914485
v -0.12593381 0.4990564 0.26546708
v -0.13159545 0.49900839 0.35149765
v -0.14632291 0.28670898 -0.02400285
v -0.14080134 0.22210212 -0.02423905
v -0.1504636 0.43594563 0.22686201
v -0.13079752 0.49915704 0.34770539
v -0.14028129 0.49088717 0.36304218
v -0.1313037 0.49835345 -0.21692395
v -0.10116236 0.20562249 -0.04955896
v -0.12343949 0.16990423 -0.04937755
v -0.13783447 0.18775138 -0.04918493
v -0.14372338 0.1912245 -0.02440608
v -0.1601143 0.13382024 -0.02475736
v -0.14241514 0.49847513 0.0701185
v -0.14008702 0.49872178 0.12758578
v -0.13822708 0.4989799 0.29214108
v -0.13158168 0.49821302 0.36019164
v -0.13201161 0.49932614 -0.3585664
v -0.14005998 0.49829167 -0.18513279
v -0.14234066 0.49831846 -0.04994781
v -0.13353467 0.49961603 0.35769215
v -0.13507548 0.48560461 0.36297208
v -0.14414309 0.4983384 -0.3515752
v -0.13960111 0.49829221 -0.16489288
v -0.16082188 0.16639587 -0.02451551
v -0.15408839 0.49847078 0.0924788
v -0.14022039 0.46051586 0.28904408
v -0.17430198 0.4339065 0.28984874
v -0.18045683 0.43203524 0.28935978
v -0.18384953 0.4783102 0.36230892
v -0.15017489 0.4981437 -0.30319554
v -0.15123209 0.49825025 -0.20682216
v -0.15601675 0.4005689 -0.02345772
v -0.14181577 0.49827236 -0.00442115
v -0.15210567 0.49852192 0.11095558
v -0.18523999 0.43584546 0.2756356
v -0.15624273 0.49815395 -0.32825881
v -0.14698936 0.49820754 -0.25369099
v -0.14847545 0.49833432 -0.12794404
v -0.14976946 0.42948309 -0.02378497
v -0.1587384 0.49897605 0.22874093
v -0.14137499 0.47447169 0.28838849
v -0.14299756 0.47265169 0.28859809
v -0.16868593 0.49490565 0.36249369
v -0.19033368 0.49817622 -0.33854911
v -0.1531949 0.49845043 -0.07350238
v -0.17703545 0.37093243 -0.02351883
v -0.17749187 0.24406633 -0.02408125
v -0.15314877 0.49817359 0.00802038
v -0.15428363 0.49816135 0.04571187
v -0.16616231 0.49789616 -0.36108077
v -0.16679463 0.4981055 -0.28918695
v -0.15867448 0.49817708 -0.22919475
v -0.16347891 0.49823806 -0.13574828
v -0.17638189 0.31687263 -0.02376941
v -0.18866085 0.27003896 -0.02401415
v -0.16676217 0.49880749 0.1794723
v -0.14303879 0.47511801 0.28986496
v -0.15001462 0.4751412 0.29005566
v -0.16869901 0.49942562 -0.35856596
v -0.16470939 0.49816594 -0.17086101
v -0.16392609 0.49836954 -0.09618907
v -0.17906666 0.43197313 -0.04882649
v -0.1740384 0.43282253 -0.04195572
v -0.16847628 0.43278834 -0.03222349
v -0.1610799 0.43324643 -0.02826629
v -0.16089429 0.43460709 -0.02583455
v -0.22216369 0.12764728 -0.02502432
v -0.17246559 0.49866396 0.15216798
v -0.17397305 0.498918 0.20593053
v -0.15515636 0.47257826 0.28888214
v -0.18000278 0.49869081 -0.3553398
v -0.16981539 0.49813497 -0.25333714
v -0.17345126 0.42165276 -0.02349561
v -0.18046248 0.22236726 -0.02416703
v -0.18382195 0.18920183 -0.02432124
v -0.19658688 0.43592343 0.00921355
v -0.17145523 0.49893427 0.26797956
v -0.16323878 0.45842761 0.28933772
v -0.17503133 0.49680895 0.36181819
v -0.17503133 0.49680895 0.36181819
v -0.17549106 0.43153018 -0.02223855
v -0.18947862 0.34771556 -0.0235916
v -0.17823267 0.49807253 0.01616475
v -0.17291835 0.49835831 0.08536649
v -0.15153125 0.47570494 0.29181924
v -0.16954897 0.47575319 0.29113111
v -0.15001462 0.4751412 0.29005566
v -0.17045934 0.49892145 0.30161193
v -0.1861369 0.49886107 0.33496878
v -0.17455181 0.49817654 0.36020631
v -0.18357539 0.48103163 0.36299396
v -0.17678663 0.4981401 -0.19539963
v -0.17202395 0.49824467 -0.05970108
v -0.16876699 0.43245557 -0.04677731
v -0.17527065 0.49812701 -0.03694494
v -0.17588623 0.42947379 -0.02350967
v -0.20329767 0.43581784 -0.01194209
v -0.18602133 0.4359619 0.04685468
v -0.17161812 0.49821281 0.05537477
v -0.17260873 0.49845827 0.11503346
v -0.17006974 0.47507095 0.2900379
v -0.17006974 0.47507095 0.2900379
v -0.18638383 0.49881095 0.31539118
v -0.18539135 0.49901846 0.34759772
v -0.18266003 0.49959397 0.3577885
v -0.18558075 0.49844691 -0.34733021
v -0.17048177 0.49810719 -0.00743902
v -0.20381972 0.15744841 -0.02442535
v -0.17613627 0.47255549 0.28928789
v -0.20581995 0.49126294 0.36322629
v -0.18309194 0.49832439 -0.08331191
v -0.19245513 0.4359538 0.18221135
v -0.19562693 0.49880543 0.35157713
v -0.18226248 0.49796379 -0.36109269
v -0.18024535 0.49823451 -0.35154343
v -0.19179073 0.49802577 -0.27288663
v -0.18714531 0.49815246 -0.15051425
v -0.17864315 0.43296117 -0.02821544
v -0.19322035 0.40610656 -0.0234686
v -0.19145162 0.47241184 0.28959814
v -0.19245374 0.49799359 -0.31291324
v -0.19246633 0.49801806 -0.24023445
v -0.19396485 0.49821559 -0.1130473
v -0.19328576 0.49818468 -0.06338513
v -0.1893159 0.43215412 -0.04608532
v -0.18276766 0.43421888 -0.0252122
v -0.20299774 0.33765349 -0.02359599
v -0.1965363 0.49812663 0.07139821
v -0.19394024 0.49881807 0.23291102
v -0.19777437 0.49912304 0.35526133
v -0.20047493 0.49797437 -0.29078454
v -0.18742085 0.43528533 -0.02369295
v -0.16995105 0.43560594 -0.02439833
v -0.20229298 0.38974547 -0.02343014
v -0.22630066 0.12994115 -0.02463574
v -0.19230255 0.49803731 0.04219647
v -0.20246826 0.43596834 0.12416989
v -0.21271279 0.43594837 0.25021464
v -0.18984382 0.47534665 0.29000881
v -0.18984382 0.47534665 0.29000881
v -0.20981161 0.45208511 0.29005128
v -0.19449851 0.49676606 -0.36207488
v -0.17514522 0.49476057 -0.36280236
v -0.18581964 0.49945632 -0.35855848
v -0.21905145 0.4978762 -0.32175454
v -0.19602534 0.43211743 -0.03367049
v -0.19814433 0.13341722 -0.02461845
v -0.19851911 0.49805301 -0.02500195
v -0.20770502 0.49799734 0.00250506
v -0.19479835 0.49830788 0.11188352
v -0.19817936 0.49844304 0.13243425
v -0.20872775 0.49853215 0.16141747
v -0.20741202 0.49869773 0.19344276
v -0.20114446 0.49877295 0.29199666
v -0.20283383 0.47652569 0.29086614
v -0.20330732 0.49897084 -0.35588619
v -0.1950743 0.49844268 -0.35155767
v -0.20262982 0.49800786 -0.19457671
v -0.18657103 0.43063337 -0.04868614
v -0.19528329 0.43158096 -0.04744184
v -0.17906666 0.43197313 -0.04882649
v -0.19893524 0.43260363 -0.02819006
v -0.1957114 0.43563202 -0.02187512
v -0.20143102 0.49799481 0.02243481
v -0.20289417 0.49863788 0.36036393
v -0.20482844 0.49809259 -0.3609232
v -0.20566426 0.49951944 -0.35848063
v -0.21266542 0.49807245 -0.05140422
v -0.20652959 0.43363926 -0.02517808
v -0.2246239 0.42948607 -0.02385996
v -0.20899051 0.22179019 -0.02410142
v -0.24431755 0.43594265 0.0644666
v -0.20885174 0.49876654 0.25510931
v -0.2164671 0.49812841 -0.13401052
v -0.2046946 0.43211129 -0.04512418
v -0.20556439 0.43204084 -0.0295529
v -0.23142925 0.41607609 -0.02355962
v -0.21256234 0.31399471 -0.02377113
v -0.21934295 0.20496082 -0.02411977
v -0.21322954 0.49811846 0.09195545
v -0.22246857 0.43593651 0.17186704
v -0.20969345 0.48079026 0.3629289
v -0.22212696 0.49818259 -0.0880644
v -0.24447501 0.43595797 0.01753017
v -0.22532216 0.43594897 0.22207461
v -0.22054568 0.49863052 0.29603535
v -0.21499781 0.43385154 0.29045841
v -0.22072586 0.49856448 0.32151145
v -0.21912494 0.49789497 -0.233724
v -0.22445947 0.49804795 -0.15955719
v -0.21416602 0.42996466 -0.04829078
v -0.21815264 0.43133965 -0.04702699
v -0.21281902 0.43243515 -0.0281326
v -0.21884181 0.43502894 -0.02382611
v -0.2429124 0.43167931 -0.02249756
v -0.22357899 0.36466092 -0.02351227
v -0.22104803 0.25308764 -0.02395708
v -0.21968892 0.49796635 0.04743569
v -0.20493625 0.49506763 -0.36247763
v -0.23295093 0.49614847 -0.36178654
v -0.23263359 0.4982965 -0.35150486
v -0.24010575 0.49828815 -0.34750417
v -0.23992416 0.4979502 -0.33621523
v -0.23964581 0.4978179 -0.26842707
v -0.22417305 0.49793983 -0.19089055
v -0.2240186 0.49814492 -0.06931843
v -0.24448763 0.29961467 -0.02379973
v -0.22718069 0.49800345 -0.02059844
v -0.21877271 0.49831367 0.1230769
v -0.2274144 0.49838555 0.13769621
v -0.22532374 0.49865952 0.22557896
v -0.26029316 0.43587458 0.27553877
v -0.22218855 0.47248745 0.2897566
v -0.21973939 0.49864078 0.33285785
v -0.25241917 0.47799444 0.3624827
v -0.18384953 0.4783102 0.36230892
v -0.25241917 0.47799444 0.3624827
v -0.18358278 0.47722864 0.36133811
v -0.22864218 0.49434432 -0.36235982
v -0.23468202 0.43400779 -0.02546467
v -0.24462134 0.39548558 -0.02332604
v -0.23742935 0.499805 0.35795051
v -0.24969843 0.49530065 0.36308035
v -0.23117274 0.49782243 -0.29754007
v -0.22722834 0.49812573 -0.11113481
v -0.23596132 0.49805814 0.0897231
v -0.225223 0.49855489 0.17324406
v -0.23737499 0.43201488 0.28982657
v -0.25546309 0.47697058 0.36153308
v -0.24086487 0.49786392 -0.20453858
v -0.24554744 0.4979825 -0.03843547
v -0.23932268 0.43222979 -0.04324881
v -0.20788179 0.43196067 -0.03425607
v -0.25500768 0.3322407 -0.02349537
v -0.24497758 0.43562987 -0.02402938
v -0.23983829 0.49817002 0.1175148
v -0.24393992 0.49856424 0.2749657
v -0.26049548 0.43789181 0.28010494
v -0.20283383 0.47652569 0.29086614
v -0.26218244 0.47559166 0.29017603
v -0.23693977 0.49872592 0.34784663
v -0.23591003 0.49860215 0.35146886
v -0.23855884 0.49815473 -0.36039823
v -0.23823413 0.43210554 -0.04509928
v -0.242146 0.43216389 -0.03687976
v -0.24112386 0.43231142 -0.03114685
v -0.23146689 0.15246139 -0.02431692
v -0.24667233 0.43591645 -0.00579963
v -0.23299202 0.49794072 0.01910488
v -0.23655075 0.18967021 -0.02405986
v -0.24468492 0.43591836 -0.0020674
v -0.2447415 0.49858633 0.207497
v -0.23612303 0.47670451 0.29089773
v -0.23732673 0.49904573 0.35533059
v -0.26148096 0.49886099 0.36062765
v -0.25012636 0.49733901 0.36223641
v -0.20289417 0.49863788 0.36036393
v -0.25012636 0.49733901 0.36223641
v -0.24541429 0.49116233 0.36355561
v -0.24859844 0.48061588 0.36313066
v -0.25117293 0.4980602 -0.06361903
v -0.24320987 0.42999333 -0.04764125
v -0.24140041 0.42947298 -0.02368591
v -0.24652758 0.26328367 -0.02375913
v -0.24270159 0.24031623 -0.02382542
v -0.24809454 0.20904826 -0.02378842
v -0.24772392 0.16192535 -0.02411647
v -0.24811472 0.49795023 0.0594485
v -0.24429387 0.43594426 0.12252873
v -0.24233145 0.49845558 0.16796944
v -0.26243362 0.49837965 0.30670911
v -0.25857842 0.49967825 -0.35799918
v -0.24854165 0.49815711 -0.35144904
v -0.23997542 0.43136218 -0.04654775
v -0.24382262 0.43287578 -0.02860275
v -0.25062197 0.12984444 -0.02430549
v -0.26006716 0.43585399 -0.01247085
v -0.26292169 0.47262892 0.28989291
v -0.24273641 0.43385449 0.29046512
v -0.24376658 0.49398339 -0.36188704
v -0.26611674 0.49775144 -0.32738176
v -0.26126683 0.49774206 -0.30802479
v -0.25995743 0.49777845 -0.24282591
v -0.25848687 0.49793786 -0.16736308
v -0.27028653 0.49796027 -0.14477479
v -0.25302085 0.49807292 -0.10745065
v -0.25817999 0.49792296 -0.00882524
v -0.25276518 0.49791574 0.01961108
v -0.25292867 0.49852082 0.24582715
v -0.25250447 0.45684171 0.29001006
v -0.25113532 0.49835667 0.32417515
v -0.25538099 0.49803635 -0.3599157
v -0.25131291 0.43188649 -0.0469217
v -0.24932303 0.43307042 -0.04295854
v -0.25499043 0.49823838 0.13878614
v -0.26034528 0.43586841 0.20735832
v -0.26811841 0.47661743 0.2909897
v -0.26018786 0.49795038 -0.3453413
v -0.27569658 0.49772763 -0.22334181
v -0.26103294 0.43154064 -0.04714214
v -0.25623208 0.43337679 -0.04573378
v -0.25738028 0.43378651 -0.03708299
v -0.2565563 0.43566433 -0.02387865
v -0.26348329 0.41980329 -0.02311037
v -0.255867 0.35966694 -0.02341554
v -0.25983942 0.2370384 -0.02372001
v -0.26712531 0.12747341 -0.0245986
v -0.24864417 0.43684652 -0.00206343
v -0.24881804 0.43788269 0.00216654
v -0.24833235 0.43781888 0.03935596
v -0.24828953 0.43786451 0.11854156
v -0.26007032 0.43395177 0.29025537
v -0.27253681 0.43207812 0.28947291
v -0.25663069 0.49816459 0.35153484
v -0.26259252 0.49952021 -0.35539952
v -0.26490009 0.49809557 -0.07566959
v -0.25996009 0.43400556 -0.03249036
v -0.25997579 0.43427315 -0.02841675
v -0.27214426 0.40204611 -0.0229596
v -0.2601276 0.43589354 -0.00621772
v -0.25338563 0.4382408 -0.00105165
v -0.25275183 0.44026014 0.00238655
v -0.25120705 0.43970615 0.00563011
v -0.25225347 0.47788915 0.00939467
v -0.23910426 0.47794443 0.01179374
v -0.24806173 0.47774935 0.02579659
v -0.2507042 0.43983895 0.04812156
v -0.2505919 0.4398872 0.10318497
v -0.27161261 0.49802518 0.09069847
v -0.25100315 0.43987638 0.11802132
v -0.25520453 0.49839255 0.34720677
v -0.25608426 0.49871343 0.3550337
v -0.26199931 0.49130797 0.36321884
v -0.26261866 0.49797928 -0.35037518
v -0.28101963 0.49770138 -0.2910648
v -0.27785021 0.49796748 -0.04898046
v -0.25897792 0.43427706 -0.04281514
v -0.26581565 0.42940429 -0.02336787
v -0.26874489 0.26661783 -0.02357291
v -0.25571662 0.43989176 0.00069084
v -0.25275183 0.44026014 0.00238655
v -0.25290594 0.44242775 0.00561019
v -0.25120705 0.43970615 0.00563011
v -0.25275183 0.44026014 0.00238655
v -0.25525481 0.44238782 0.0021909
v -0.25412866 0.44553524 0.0046689
v -0.25412866 0.44553524 0.0046689
v -0.25354713 0.44605878 0.00861924
v -0.25331891 0.44718781 0.01357791
v -0.25225559 0.4420037 0.01409673
v -0.25304571 0.44642717 0.03612923
v -0.25194106 0.44211513 0.04084588
v -0.25387228 0.45976728 0.02026987
v -0.25348872 0.45077801 0.04130947
v -0.2507042 0.43983895 0.04812156
v -0.25409704 0.46369699 0.04545387
v -0.25383031 0.45097804 0.06139782
v -0.25434411 0.46276575 0.06148639
v -0.25326148 0.44624147 0.06506351
v -0.25199047 0.44207382 0.06683829
v -0.25390136 0.45101404 0.08009901
v -0.25447893 0.46533033 0.07581266
v -0.2505919 0.4398872 0.10318497
v -0.25196573 0.44203097 0.10489469
v -0.25413319 0.45080349 0.10401088
v -0.25344306 0.44623274 0.10494091
v -0.25407225 0.44536692 0.11356948
v -0.2527276 0.4423348 0.11415166
v -0.25100315 0.43987638 0.11802132
v -0.27338287 0.49810863 0.1175864
v -0.24759804 0.47724381 0.1183819
v -0.25547513 0.4772312 0.13280602
v -0.25203404 0.47711813 0.12596855
v -0.26479486 0.49837208 0.17839372
v -0.27148193 0.49989873 0.357869
v -0.27736259 0.49782115 -0.18754651
v -0.26835984 0.43390992 -0.04560054
v -0.26092216 0.43571904 -0.02439274
v -0.27064252 0.17010877 -0.02405176
v -0.27323243 0.13967605 -0.02423372
v -0.26013774 0.43835241 -0.00150297
v -0.26155087 0.4400773 0.00021102
v -0.25616574 0.45794824 0.00469751
v -0.25586534 0.44644409 0.00281491
v -0.25669596 0.45598832 0.00332954
v -0.25758448 0.47004145 0.00704199
v -0.25495645 0.45861578 0.0088927
v -0.25616574 0.45794824 0.00469751
v -0.25589064 0.47618067 0.00982087
v -0.25611022 0.47264427 0.0141572
v -0.25760552 0.47255641 0.00867832
v -0.25499833 0.47583437 0.01766422
v -0.25528237 0.47261968 0.01956638
v -0.2545884 0.46812975 0.0235581
v -0.254399 0.47238055 0.04762542
v -0.2541779 0.47503012 0.04802877
v -0.25465903 0.4723208 0.06521474
v -0.25443518 0.47493169 0.06550666
v -0.25416866 0.47451186 0.08249865
v -0.25476515 0.4623968 0.10155442
v -0.25464511 0.46742466 0.09800627
v -0.25415626 0.47454461 0.09750867
v -0.25474837 0.47099301 0.10530621
v -0.25491917 0.47510374 0.118581
v -0.25568962 0.4660027 0.11173463
v -0.25481191 0.45133215 0.1104608
v -0.25547174 0.47228542 0.11430537
v -0.25693598 0.46307835 0.11806385
v -0.25634754 0.45082536 0.1180831
v -0.25662103 0.47154447 0.11948713
v -0.28106159 0.49842092 0.26194555
v -0.27136457 0.49822548 0.33736452
v -0.26148096 0.49886099 0.36062765
v -0.26648167 0.49688932 0.36209708
v -0.26655099 0.49535903 0.36258098
v -0.26792231 0.48053628 0.36251467
v -0.27299419 0.4980008 -0.11536768
v -0.26527756 0.43454108 -0.04282206
v -0.26507917 0.43436199 -0.03535474
v -0.2668376 0.43562749 -0.02864173
v -0.27068716 0.43153441 -0.02228838
v -0.27349314 0.35402372 -0.02315209
v -0.27394664 0.3344965 -0.02316386
v -0.28321958 0.27497953 -0.02335455
v -0.28051341 0.2090836 -0.02357443
v -0.26495165 0.43668434 -0.02454074
v -0.26453555 0.43772435 -0.0171734
v -0.26492971 0.43848476 -0.01048572
v -0.26450309 0.43801701 -0.00608997
v -0.26362449 0.43867943 -0.00268292
v -0.26437637 0.44200453 -0.0015192
v -0.26271158 0.44348556 0.00061932
v -0.25987187 0.44185525 0.00090354
v -0.26155087 0.4400773 0.00021102
v -0.26002282 0.47602686 0.00533111
v -0.2583003 0.47533596 0.00834184
v -0.25760552 0.47255641 0.00867832
v -0.26240474 0.47244906 0.00456764
v -0.25758448 0.47004145 0.00704199
v -0.26039201 0.46471021 0.00382154
v -0.28001255 0.49789578 0.00853096
v -0.27395207 0.49791563 0.05114001
v -0.25841746 0.4755213 0.1258727
v -0.26086476 0.47596997 0.13412023
v -0.26265374 0.47418341 0.12907656
v -0.26286265 0.47464994 0.13117522
v -0.27662188 0.49817559 0.14306974
v -0.26460668 0.43785781 0.19185318
v -0.2774438 0.49845627 0.21278885
v -0.26463163 0.43790284 0.27573362
v -0.26384586 0.43857265 0.27938023
v -0.26947877 0.46399149 0.29008353
v -0.2709673 0.43460438 0.29023287
v -0.28484625 0.49833739 0.28692269
v -0.29460901 0.49815211 0.32795867
v -0.25765622 0.49800566 0.35345057
v -0.27356446 0.49801737 0.35319078
v -0.27282682 0.4779442 0.36156595
v -0.27282682 0.4779442 0.36156595
v -0.27016285 0.49915871 -0.35748222
v -0.2755037 0.49798694 -0.34921238
v -0.28323725 0.49771529 -0.26122546
v -0.28065985 0.49806309 -0.08867776
v -0.26817021 0.43511564 -0.04282641
v -0.2668376 0.43562749 -0.02864173
v -0.26726305 0.43829095 -0.026356
v -0.26495165 0.43668434 -0.02454074
v -0.26720491 0.43957996 -0.02093417
v -0.27480432 0.41890877 -0.02286212
v -0.26453555 0.43772435 -0.0171734
v -0.26681283 0.44062334 -0.0102894
v -0.26492971 0.43848476 -0.01048572
v -0.26697338 0.44337335 -0.00470493
v -0.26450309 0.43801701 -0.00608997
v -0.25883514 0.47796127 0.00069087
v -0.26418281 0.47743085 -0.00224259
v -0.26652348 0.47791144 -0.00962405
v -0.26697338 0.44337335 -0.00470493
v -0.26611894 0.45077962 -0.00128786
v -0.26362449 0.43867943 -0.00268292
v -0.26362449 0.43867943 -0.00268292
v -0.2674647 0.46343178 0.00026366
v -0.26471895 0.45878246 0.00131094
v -0.26324221 0.47516441 0.00416365
v -0.26551932 0.47221959 0.00235497
v -0.2647323 0.47588095 0.00184375
v -0.26286265 0.47464994 0.13117522
v -0.26583683 0.46772173 0.13078523
v -0.26621059 0.46761981 0.13589248
v -0.26358071 0.47519007 0.14227885
v -0.2647745 0.47250944 0.15024666
v -0.26638553 0.46776742 0.16058834
v -0.26706496 0.44210097 0.17797165
v -0.26460668 0.43785781 0.19185318
v -0.26336607 0.47497141 0.17297028
v -0.26728013 0.46302986 0.1887258
v -0.26467532 0.47212279 0.17720941
v -0.2633307 0.4750607 0.19293256
v -0.26707697 0.44195676 0.21957524
v -0.26464644 0.47211412 0.2173353
v -0.26628137 0.46777296 0.21228518
v -0.26727059 0.46304432 0.23736666
v -0.26333314 0.47500232 0.24477437
v -0.28367859 0.49839753 0.24105221
v -0.26621836 0.46763691 0.24474972
v -0.26733518 0.46328482 0.26483816
v -0.26463163 0.43790284 0.27573362
v -0.26627076 0.46800488 0.25836036
v -0.26365501 0.47506177 0.25910762
v -0.26713291 0.44214469 0.2756809
v -0.26302496 0.47494367 0.26787016
v -0.26584056 0.46855074 0.26602933
v -0.26233009 0.47445273 0.27306247
v -0.26566967 0.46752483 0.27538523
v -0.26730862 0.46334925 0.2756758
v -0.26262715 0.47084698 0.27784285
v -0.26369381 0.46800983 0.27923533
v -0.26485494 0.46340585 0.28026521
v -0.26466349 0.44211385 0.28020418
v -0.26384586 0.43857265 0.27938023
v -0.27084059 0.47539446 0.28963363
v -0.27554214 0.49924356 0.35514876
v -0.27471077 0.49800262 -0.35809332
v -0.27502564 0.49990207 -0.35471454
v -0.29946342 0.49764219 -0.33231887
v -0.27038684 0.43790156 -0.27097529
v -0.27010864 0.43782312 -0.26533833
v -0.27072492 0.4356361 -0.27076933
v -0.27054304 0.46337196 -0.26827773
v -0.27026737 0.44627053 -0.26539484
v -0.27047235 0.43554354 -0.25628766
v -0.27017111 0.43756184 -0.23994857
v -0.27033743 0.45961222 -0.23988365
v -0.27017945 0.44581708 -0.20383699
v -0.26997328 0.43756336 -0.20262849
v -0.27038878 0.46227968 -0.19945702
v -0.27077857 0.43556085 -0.18047549
v -0.2707473 0.44389585 -0.17577794
v -0.27066401 0.43753293 -0.17620386
v -0.27085254 0.44327572 -0.14524861
v -0.27077869 0.4375028 -0.13450226
v -0.27092066 0.43553644 -0.13591181
v -0.27103227 0.44266504 -0.10720662
v -0.27102405 0.43553913 -0.07238246
v -0.27085161 0.43762404 -0.09391116
v -0.27089888 0.44237494 -0.07550494
v -0.27085161 0.43762404 -0.09391116
v -0.27081713 0.43563038 -0.07272056
v -0.27102405 0.43553913 -0.07238246
v -0.27081713 0.43563038 -0.07272056
v -0.26931781 0.43742031 -0.04486691
v -0.26817021 0.43511564 -0.04282641
v -0.26835984 0.43390992 -0.04560054
v -0.26990667 0.44847602 -0.04272057
v -0.2684699 0.44327167 -0.03091578
v -0.2697145 0.44229057 -0.04441791
v -0.26862594 0.43787691 -0.03720213
v -0.27002007 0.45537853 -0.04021889
v -0.26804715 0.47790584 -0.02742543
v -0.26865983 0.47732675 -0.0196344
v -0.27004427 0.47802836 -0.03724065
v -0.26936612 0.45720339 -0.02866236
v -0.26976764 0.46507227 -0.01787565
v -0.26855934 0.45351511 -0.01553641
v -0.27015701 0.46522275 -0.02942953
v -0.26787001 0.44423664 -0.01546576
v -0.27243015 0.42894813 -0.02306085
v -0.28414357 0.13231671 -0.02433357
v -0.2821795 0.12774776 -0.02436053
v -0.26814786 0.47660157 -0.00981676
v -0.26954278 0.47274974 -0.01031266
v -0.26865208 0.46346301 -0.00620916
v -0.26739982 0.45142016 -0.00404952
v -0.26814786 0.47660157 -0.00981676
v -0.26859778 0.47279209 -0.00302685
v -0.26744509 0.47531661 0.00056484
v -0.2674647 0.46343178 0.00026366
v -0.26746511 0.4718219 0.0008556
v -0.26811841 0.47661743 0.2909897
v -0.2724418 0.47665069 0.28935257
v -0.27203304 0.47556546 0.28832671
v -0.26811841 0.47661743 0.2909897
v -0.27203304 0.47556546 0.28832671
v -0.27084059 0.47539446 0.28963363
v -0.27353737 0.46103725 0.28985822
v -0.28168273 0.49776512 0.35076183
v -0.2743949 0.49790469 0.36030263
v -0.27586344 0.4770526 0.36012402
v -0.2743949 0.49790469 0.36030263
v -0.27322873 0.4908776 0.36231658
v -0.27179813 0.47073257 -0.26997551
v -0.27140516 0.47237 -0.26873279
v -0.27179813 0.47073257 -0.26997551
v -0.27405411 0.47307786 -0.26966304
v -0.27140516 0.47237 -0.26873279
v -0.27059773 0.4475185 -0.27048135
v -0.27022034 0.4783836 -0.26340604
v -0.2706416 0.47649065 -0.2636795
v -0.27153108 0.47641397 -0.26797596
v -0.27108613 0.47831371 -0.26854888
v -0.27049795 0.47622907 -0.25529802
v -0.27034447 0.46942043 -0.24576882
v -0.2703467 0.47819012 -0.22888413
v -0.2704567 0.47694942 -0.19519423
v -0.27052912 0.47824091 -0.17269364
v -0.27079347 0.46086606 -0.17191032
v -0.27078512 0.4761436 -0.15207826
v -0.27086774 0.45695442 -0.11726578
v -0.27053544 0.47814137 -0.1378483
v -0.27078855 0.47637326 -0.1147032
v -0.27052349 0.47819689 -0.11289737
v -0.27069008 0.45766571 -0.06203447
v -0.27048129 0.47578791 -0.07536071
v -0.26992202 0.47820392 -0.06749687
v -0.27065381 0.47230837 -0.06502784
v -0.27072737 0.4375912 -0.06290144
v -0.27126056 0.43535662 -0.06289002
v -0.27104092 0.47620165 -0.04893618
v -0.27086046 0.46170044 -0.05465024
v -0.27073509 0.45241755 -0.05306313
v -0.27143815 0.43547615 -0.05630616
v -0.27124882 0.47254676 -0.04938238
v -0.27096054 0.44286612 -0.05236847
v -0.27161676 0.43602112 -0.0517115
v -0.27004427 0.47802836 -0.03724065
v -0.27066377 0.45649952 -0.04963864
v -0.27064666 0.44406581 -0.04863432
v -0.27070898 0.43811238 -0.04781724
v -0.27151653 0.43522361 -0.04834375
v -0.271157 0.43235677 -0.04635313
v -0.27039424 0.47224861 -0.02661342
v -0.27021119 0.47615212 -0.03108274
v -0.26984459 0.47494942 -0.01179848
v -0.27529094 0.43185648 -0.02195809
v -0.28836676 0.37565392 -0.02295897
v -0.28458932 0.29326627 -0.02334478
v -0.28461131 0.24771643 -0.02352298
v -0.28764695 0.49830696 0.17548464
v -0.27361882 0.47566718 0.27927369
v -0.2735129 0.472781 0.27730131
v -0.27346 0.47635046 0.28325352
v -0.2735042 0.46968326 0.28851566
v -0.27317983 0.43815887 0.28972462
v -0.29079875 0.49795863 0.34282213
v -0.28636441 0.49765339 0.34732011
v -0.27453282 0.49484482 0.36188936
v -0.28063247 0.4999975 -0.35443947
v -0.27778348 0.47040206 -0.270073
v -0.27161676 0.43602112 -0.0517115
v -0.27351537 0.43509096 -0.05092392
v -0.27143815 0.43547615 -0.05630616
v -0.2846767 0.43127185 -0.0227556
v -0.2847445 0.4284471 -0.02327321
v -0.28845692 0.35304642 -0.02312512
v -0.28858218 0.32393318 -0.02314284
v -0.28864431 0.18196787 -0.02399539
v -0.29032126 0.17970651 -0.02408523
v -0.28396228 0.14701447 -0.02435616
v -0.27537555 0.43514282 -0.01316389
v -0.27608761 0.43782854 -0.01289877
v -0.27672479 0.43536827 -0.01577923
v -0.27535754 0.44737038 -0.00756393
v -0.27543029 0.43762425 -0.01074379
v -0.27558005 0.46786281 -0.00383527
v -0.27685809 0.46836409 -0.00579401
v -0.27517915 0.45857912 -0.00519948
v -0.2758503 0.45353791 -0.00773511
v -0.27734038 0.47636443 -0.00154935
v -0.2758078 0.47165456 -0.00338224
v -0.2751061 0.47217914 -7.28E-06
v -0.27568567 0.47541085 0.00012069
v -0.27485952 0.47796243 0.00444372
v -0.27802229 0.47800362 0.00226971
v -0.27734038 0.47636443 -0.00154935
v -0.27485952 0.47796243 0.00444372
v -0.28212821 0.499576 0.35702768
v -0.28349462 0.49488941 0.36051604
v -0.28588456 0.49111301 0.36053163
v -0.28399354 0.48086172 0.36052704
v -0.28718472 0.4983876 -0.35608181
v -0.28940412 0.49797553 -0.34597912
v -0.28678164 0.4704245 -0.26986575
v -0.28441164 0.47559166 -0.26932922
v -0.30240959 0.49759221 -0.24152794
v -0.29813182 0.49788064 -0.01147921
v -0.2821795 0.12774776 -0.02436053
v -0.28813246 0.12701237 -0.02568376
v -0.28007376 0.12729576 -0.02510673
v -0.28474346 0.43441361 -0.02105379
v -0.28837886 0.42316663 -0.0230937
v -0.2887218 0.20067014 -0.0237024
v -0.27995017 0.4414224 -0.01726596
v -0.2816186 0.44447836 -0.01679306
v -0.28377354 0.43819025 -0.01887961
v -0.27977499 0.43802136 -0.01779859
v -0.27893633 0.43471193 -0.0191518
v -0.28028649 0.47495481 -0.01233182
v -0.2833918 0.47049558 -0.01301667
v -0.27970508 0.46768275 -0.01247719
v -0.2838248 0.46285814 -0.01232235
v -0.28379983 0.45886296 -0.01208746
v -0.279093 0.45688531 -0.01225421
v -0.28324234 0.45242494 -0.01338229
v -0.27888486 0.45111412 -0.01283153
v -0.28350499 0.44668671 -0.01580811
v -0.27873355 0.44628656 -0.0138186
v -0.28035268 0.47805527 -0.00393066
v -0.28314331 0.47633043 -0.00570233
v -0.27933988 0.47633162 -0.0055805
v -0.28949675 0.49984953 0.35396308
v -0.29157171 0.49947825 -0.35382101
v -0.29009944 0.49972752 -0.3514173
v -0.30762523 0.49759686 -0.28216726
v -0.28816253 0.47554594 -0.26812249
v -0.30035919 0.49765116 -0.2122938
v -0.29776651 0.49782652 -0.16839176
v -0.30272776 0.49789542 -0.12600738
v -0.30776411 0.49793845 -0.1004479
v -0.29733333 0.49803567 -0.07295538
v -0.29016185 0.15656205 -0.02419515
v -0.29040208 0.13295852 -0.02423156
v -0.28922766 0.12865037 -0.0251018
v -0.28813246 0.12701237 -0.02568376
v -0.28748667 0.43362671 -0.02156706
v -0.28899464 0.4303194 -0.02222471
v -0.28859949 0.27876991 -0.02349425
v -0.28658015 0.44519308 -0.01682724
v -0.28791338 0.43518379 -0.01910873
v -0.28674611 0.47517097 -0.01263801
v -0.28714144 0.46426958 -0.01183102
v -0.28676847 0.45758706 -0.011485
v -0.28692883 0.45212287 -0.01226194
v -0.28703389 0.44661757 -0.01428566
v -0.2838248 0.46285814 -0.01232235
v -0.28584373 0.46274096 -0.00967409
v -0.28614852 0.45870033 -0.00948379
v -0.28379983 0.45886296 -0.01208746
v -0.28714144 0.46426958 -0.01183102
v -0.28363258 0.47554326 -0.00968158
v -0.2853184 0.47232851 -0.00786748
v -0.28659227 0.47495386 -0.00489703
v -0.2853184 0.47232851 -0.00786748
v -0.28659227 0.47495386 -0.00489703
v -0.2860561 0.45921406 -0.00740807
v -0.28715223 0.45595208 -0.00599834
v -0.28445247 0.47723144 0.00086672
v -0.28301483 0.47790015 0.00210517
v -0.29036486 0.47774059 0.00413722
v -0.28764704 0.47610861 0.00220005
v -0.28445247 0.47723144 0.00086672
v -0.29036486 0.47774059 0.00413722
v -0.28663498 0.47272134 -0.00094776
v -0.28789803 0.47264999 0.00226734
v -0.28573364 0.47130173 0.00147372
v -0.28573364 0.47130173 0.00147372
v -0.28789803 0.47264999 0.00226734
v -0.29133129 0.47082347 0.00364461
v -0.28574252 0.46242914 0.00221619
v -0.28574252 0.46242914 0.00221619
v -0.28583533 0.46053639 0.00032073
v -0.29032856 0.46188882 0.00370585
v -0.28641245 0.45168078 0.00187472
v -0.28817642 0.45006189 0.00257235
v -0.28641245 0.45168078 0.00187472
v -0.30641171 0.49786502 0.03502502
v -0.3004806 0.49799648 0.08097887
v -0.29926616 0.49808317 0.11593379
v -0.30082285 0.49819106 0.30120701
v -0.29257593 0.49778971 0.34925586
v -0.28993371 0.49871209 0.35646167
v -0.2904743 0.49695614 0.35817412
v -0.2904743 0.49695614 0.35817412
v -0.29234976 0.47818094 0.35800403
v -0.29234976 0.47818094 0.35800403
v -0.29125252 0.47727278 0.35723588
v -0.28816253 0.47554594 -0.26812249
v -0.28912637 0.47631353 -0.26697582
v -0.28820384 0.47819856 -0.26819056
v -0.28845036 0.14655495 -0.04438658
v -0.28856987 0.13061914 -0.04427107
v -0.28953686 0.1378473 -0.04431609
v -0.29072672 0.12794188 -0.02498354
v -0.29084399 0.12556586 -0.02778029
v -0.28929991 0.12682998 -0.02760963
v -0.29072672 0.12794188 -0.02498354
v -0.2904523 0.43012124 -0.0211924
v -0.2904498 0.42318439 -0.02209881
v -0.29040453 0.38540164 -0.02212465
v -0.29062381 0.31581938 -0.02231904
v -0.2905682 0.27627593 -0.02250451
v -0.29080319 0.21918945 -0.02254731
v -0.29063487 0.18141614 -0.02273142
v -0.28748667 0.43362671 -0.02156706
v -0.28791338 0.43518379 -0.01910873
v -0.28976518 0.43182319 -0.01927357
v -0.28899464 0.4303194 -0.02222471
v -0.28658015 0.44519308 -0.01682724
v -0.28703389 0.44661757 -0.01428566
v -0.28891161 0.43531209 -0.01434191
v -0.28674611 0.47517097 -0.01263801
v -0.28678295 0.47493562 -0.01052133
v -0.28692883 0.45212287 -0.01226194
v -0.28782389 0.44563738 -0.00795859
v -0.28884831 0.43615547 -0.00773099
v -0.2904523 0.43012124 -0.0211924
v -0.29057804 0.43049857 -0.00163568
v -0.28638908 0.47534183 -0.00105374
v -0.28700846 0.46607682 -0.00257683
v -0.28710866 0.45653296 -0.00217276
v -0.28706986 0.45000374 -0.00125541
v -0.28830698 0.43652278 -0.00115422
v -0.29036486 0.47774059 0.00413722
v -0.29004839 0.47762012 0.00333449
v -0.28764704 0.47610861 0.00220005
v -0.28764704 0.47610861 0.00220005
v -0.29004839 0.47762012 0.00333449
v -0.28764704 0.47610861 0.00220005
v -0.29195198 0.45489433 0.00344689
v -0.29216194 0.43444219 0.0030362
v -0.28817642 0.45006189 0.00257235
v -0.28897846 0.43802148 0.00257118
v -0.28897846 0.43802148 0.00257118
v -0.2899999 0.43276787 0.00239197
v -0.2899999 0.43276787 0.00239197
v -0.29205638 0.42787069 0.00264577
v -0.29058874 0.42692065 0.00210243
v -0.29058874 0.42692065 0.00210243
v -0.29247883 0.41133404 0.00283908
v -0.29043308 0.40770602 2.018E-05
v -0.29040769 0.3763034 0.00219653
v -0.29040769 0.3763034 0.00219653
v -0.29031253 0.37091532 -8.854E-05
v -0.29304227 0.36603943 0.00273048
v -0.29310423 0.33218554 0.00273014
v -0.29040575 0.31852949 0.00223651
v -0.29036826 0.31290734 0.00042845
v -0.29040575 0.31852949 0.00223651
v -0.29246563 0.30330727 0.00296283
v -0.2922965 0.26194394 0.00295949
v -0.29059479 0.23885511 0.00229974
v -0.29059479 0.23885511 0.00229974
v -0.29053289 0.24225672 0.00083478
v -0.29175463 0.20992774 0.0029939
v -0.2907818 0.19043903 0.00201006
v -0.2907818 0.19043903 0.00201006
v -0.29128149 0.18859355 0.00259827
v -0.29847687 0.49781322 0.34197453
v -0.29405621 0.49927077 0.35134217
v -0.29322502 0.49513772 0.35822764
v -0.29623455 0.49754956 -0.35450965
v -0.29760891 0.4998692 -0.35087678
v -0.29846585 0.49940968 -0.34780386
v -0.29843006 0.49783736 -0.34299019
v -0.29438049 -0.45609125 -0.27367008
v -0.29404569 -0.45655999 -0.26579565
v -0.29442891 -0.46063766 -0.27716732
v -0.2943477 -0.47422501 -0.27269036
v -0.29434425 -0.47327769 -0.27824181
v -0.29481706 -0.4916825 -0.27870303
v -0.2948423 -0.49391624 -0.27532658
v -0.29427415 -0.45195851 -0.26632509
v -0.29456431 -0.49447972 -0.26536149
v -0.29412284 -0.47807279 -0.2527568
v -0.29431492 -0.49209678 -0.25283408
v -0.29412997 -0.45012602 -0.25235629
v -0.29405788 -0.44783106 -0.22644651
v -0.29396281 -0.45967296 -0.20442757
v -0.29459694 -0.49485242 -0.20656893
v -0.2943531 -0.49218407 -0.21566704
v -0.29411882 -0.4760254 -0.192405
v -0.29391441 -0.44704804 -0.19640839
v -0.29415065 -0.48638889 -0.1590602
v -0.29375726 -0.44601938 -0.1572434
v -0.29411909 -0.49216944 -0.16003463
v -0.29447332 -0.49497831 -0.13364327
v -0.29399097 -0.46818817 -0.13751623
v -0.2942763 -0.49211419 -0.08429333
v -0.29381052 -0.4433744 -0.11595911
v -0.29386607 -0.4445515 -0.0896246
v -0.29405966 -0.47280639 -0.0807741
v -0.29403582 -0.4414334 -0.07224708
v -0.29454544 -0.49488521 -0.07081828
v -0.29386476 -0.44663224 -0.06480808
v -0.29193783 0.43424228 -0.06580923
v -0.29271579 0.41515657 -0.0656765
v -0.29302749 0.43172699 -0.06702416
v -0.29379892 0.40404806 -0.06707364
v -0.29272807 0.39021987 -0.06575394
v -0.29352641 0.37467408 -0.06688779
v -0.2922594 0.36795917 -0.06557802
v -0.29352641 0.37467408 -0.06688779
v -0.2922594 0.36795917 -0.06557802
v -0.29343089 0.35252863 -0.06672764
v -0.29217049 0.3170813 -0.06546164
v -0.29335821 0.33010069 -0.06668029
v -0.29365468 0.29364389 -0.06603549
v -0.29234573 0.29184079 -0.06519321
v -0.29365969 0.25436154 -0.06558295
v -0.29240924 0.24561734 -0.06488527
v -0.2925851 0.23439966 -0.0648222
v -0.29413235 0.22515656 -0.06523219
v -0.2911275 0.43380785 -0.06206368
v -0.2916894 0.430583 -0.06223237
v -0.29220915 0.4101612 -0.06228862
v -0.29220554 0.38968241 -0.06229315
v -0.29168135 0.36563265 -0.06232176
v -0.29217049 0.3170813 -0.06546164
v -0.29154235 0.30331698 -0.06239419
v -0.29234573 0.29184079 -0.06519321
v -0.29146019 0.26139405 -0.06240965
v -0.29240924 0.24561734 -0.06488527
v -0.2912842 0.23888069 -0.06228077
v -0.2925851 0.23439966 -0.0648222
v -0.29149231 0.2085423 -0.06234464
v -0.29249856 0.19630583 -0.06465777
v -0.29121426 0.16881549 -0.06212399
v -0.29210696 0.1673874 -0.06431203
v -0.29125974 0.14480025 -0.06173193
v -0.29123619 0.12012458 -0.06154701
v -0.29187325 0.12806293 -0.06355567
v -0.29167187 0.08334824 -0.06300403
v -0.29122511 0.07675102 -0.06132473
v -0.29147375 0.03329794 -0.06102355
v -0.29194558 0.02632775 -0.06214409
v -0.29132688 0.00840353 -0.06132829
v -0.29165304 0.01047598 -0.06238765
v -0.29373193 -0.44070914 -0.05217949
v -0.29397461 -0.49223283 -0.04130062
v -0.29152441 0.43095738 -0.05360212
v -0.29175937 0.42187408 -0.05331024
v -0.29186732 0.386931 -0.0526495
v -0.29138499 0.2906132 -0.05306326
v -0.29124442 0.10577676 -0.05706048
v -0.29136953 0.03724338 -0.05804821
v -0.29110637 0.00445253 -0.05870917
v -0.29123926 -0.04408365 -0.06091192
v -0.290925 -0.04638576 -0.0579542
v -0.2909638 -0.07112781 -0.05831325
v -0.29125392 -0.10381953 -0.06024938
v -0.29096061 -0.13140272 -0.05785504
v -0.29102579 -0.17056681 -0.05790725
v -0.29143575 -0.17629634 -0.05993042
v -0.29155627 -0.2120876 -0.05932004
v -0.29126665 -0.21616642 -0.05759996
v -0.29134139 -0.24969301 -0.05762439
v -0.29159218 -0.30800608 -0.05745166
v -0.29203537 -0.32138583 -0.05885873
v -0.29225594 -0.37291545 -0.0572802
v -0.29290751 -0.3973 -0.05827091
v -0.29459742 -0.43983826 -0.06211783
v -0.2952953 -0.43832719 -0.05735221
v -0.29093459 0.43300688 -0.04948413
v -0.29136539 0.36610901 -0.05231717
v -0.29108697 0.27545795 -0.04774359
v -0.29113299 0.25157109 -0.04764371
v -0.29117388 0.22579132 -0.04778913
v -0.29114395 0.20152938 -0.04763208
v -0.29091886 0.12562653 -0.04688527
v -0.29211384 -0.36543879 -0.05412027
v -0.29250374 -0.40474084 -0.05366208
v -0.2930004 -0.41004685 -0.05704426
v -0.29325473 -0.42848721 -0.05599429
v -0.29124126 0.42102048 -0.04737571
v -0.29148871 0.39249852 -0.04728022
v -0.29103595 0.36682883 -0.04726459
v -0.29112014 0.29663643 -0.0473572
v -0.29077944 0.16124117 -0.0476175
v -0.2912876 0.05323182 -0.03842323
v -0.29098403 -0.08462755 -0.04821732
v -0.29152137 -0.25818032 -0.04231363
v -0.29354599 -0.43425524 -0.0486868
v -0.29360217 -0.43914211 -0.04235561
v -0.29050913 0.42844993 -0.04567147
v -0.29089925 0.39776015 -0.04516018
v -0.29055747 0.36139044 -0.04537218
v -0.29061949 0.30948889 -0.04535871
v -0.29062304 0.27287695 -0.04539827
v -0.29076284 0.21942481 -0.04523986
v -0.29043925 0.17196813 -0.04488602
v -0.29054889 0.13636751 -0.04494356
v -0.29067004 0.12954451 -0.04457167
v -0.29127383 0.10017158 -0.03795979
v -0.29124796 0.02594339 -0.03687741
v -0.29105285 -0.13396694 -0.03545186
v -0.29126793 -0.19626763 -0.03606156
v -0.29185832 -0.30886728 -0.04107085
v -0.29319847 -0.42685935 -0.03973091
v -0.29384688 -0.46505171 -0.02954594
v -0.29438582 -0.4948341 -0.01166047
v -0.29079247 0.12589434 -0.04205833
v -0.29117936 -0.0003205 -0.02647192
v -0.29218012 -0.34311903 -0.03510355
v -0.29288378 -0.41336957 -0.03467348
v -0.29381892 -0.44003096 -0.04839747
v -0.29088685 0.12485842 -0.03539716
v -0.29109317 -0.09393605 -0.03599974
v -0.29109591 -0.03705546 -0.02284553
v -0.29107669 -0.16762142 -0.01065708
v -0.2915636 -0.25203827 -0.02419444
v -0.29193166 -0.30616748 -0.02181894
v -0.29220223 -0.32985699 -0.01225352
v -0.2925936 -0.38487285 -0.02460238
v -0.29120421 0.11385456 -0.01493814
v -0.29113895 -0.06959344 -0.02469688
v -0.29114044 -0.10509631 -0.02046133
v -0.29405332 -0.49230608 -0.0157469
v -0.29072672 0.12794188 -0.02498354
v -0.29093343 0.12555099 -0.02326471
v -0.29084399 0.12556586 -0.02778029
v -0.29140782 -0.20972572 -0.00865036
v -0.29361388 -0.44540179 -0.00680052
v -0.29063487 0.18141614 -0.02273142
v -0.29046211 0.14099032 -0.02271714
v -0.29032126 0.17970651 -0.02408523
v -0.29016185 0.15656205 -0.02419515
v -0.29040208 0.13295852 -0.02423156
v -0.29126358 0.05555774 -0.01713781
v -0.29110354 -0.12301163 -0.00970028
v -0.29251099 -0.37604406 -0.00790822
v -0.29302371 -0.41677245 -0.00035404
v -0.29082358 0.421924 -0.01889958
v -0.2904498 0.42318439 -0.02209881
v -0.29070869 0.40669215 -0.01943379
v -0.29040453 0.38540164 -0.02212465
v -0.29093572 0.38501266 -0.01933625
v -0.29106346 0.32853299 -0.01933752
v -0.29062381 0.31581938 -0.02231904
v -0.2909916 0.27073497 -0.0193702
v -0.2905682 0.27627593 -0.02250451
v -0.29080319 0.21918945 -0.02254731
v -0.29117069 0.20020875 -0.01926969
v -0.29078573 0.13637966 -0.0189637
v -0.29103345 -0.04232405 -0.00731533
v -0.29090822 0.406564 -0.01216675
v -0.29118922 0.38288924 -0.01314988
v -0.29107401 0.36851749 -0.01235016
v -0.29123771 0.32880875 -0.01221811
v -0.29116338 0.26522547 -0.01130823
v -0.2913079 0.20753676 -0.01197994
v -0.29115933 0.16917451 -0.01001159
v -0.29104334 0.13296966 -0.00806238
v -0.29157776 -0.27167764 -0.0087217
v -0.29370993 -0.46523863 0.00235222
v -0.29108047 0.12512706 -8.919E-05
v -0.29113308 0.07281013 0.00219969
v -0.29122975 0.05229438 0.00196683
v -0.29111159 0.00326454 -0.00087546
v -0.29335365 -0.4368946 -0.00019986
v -0.29080483 0.42164648 -0.00167387
v -0.2908099 0.39985785 -0.00266276
v -0.29090399 0.38053909 -0.00237686
v -0.29079527 0.36622575 -0.0024864
v -0.29109368 0.32088041 -0.00557189
v -0.29108915 0.25868815 -0.00548606
v -0.29119051 0.197703 -0.00498553
v -0.29092848 -0.04418427 -0.00046053
v -0.29102138 -0.1012869 -0.00028084
v -0.29088885 -0.15419401 -0.00030553
v -0.29132009 -0.21326843 -0.00019885
v -0.29140818 -0.27090666 -0.00024653
v -0.29212865 -0.33656415 -0.00012911
v -0.29246601 -0.37911212 -0.00018523
v -0.29357678 -0.44235086 0.00443491
v -0.29089063 0.31355748 -0.00179826
v -0.29091114 0.24299407 -0.00135055
v -0.29101914 0.18799554 -0.00057
v -0.29361427 -0.4409079 0.00191584
v -0.29379636 -0.49217638 0.01308936
v -0.29491895 0.41398424 0.00309664
v -0.29461598 0.29933047 0.00330919
v -0.29407236 0.26759204 0.00330393
v -0.29128149 0.18859355 0.00259827
v -0.29118446 0.12851155 0.0023932
v -0.29107502 -0.0225936 0.00211164
v -0.2911953 -0.0780832 0.00207793
v -0.29108128 -0.15220834 0.00213529
v -0.29153731 -0.21841145 0.00227695
v -0.29158506 -0.26076955 0.00225632
v -0.29264697 -0.37323266 0.00241976
v -0.29334643 -0.41095835 0.0027338
v -0.29370835 -0.43112418 0.00312483
v -0.29036486 0.47774059 0.00413722
v -0.29227957 0.47606939 0.00369841
v -0.29785517 0.47740981 0.00500605
v -0.29289261 0.20098896 0.00349895
v -0.2920247 0.16836673 0.0036658
v -0.2944971 0.16387105 0.00395145
v -0.2920247 0.16836673 0.0036658
v -0.2934359 0.1313059 0.00372228
v -0.29164192 0.12514897 0.00328073
v -0.29164192 0.12514897 0.00328073
v -0.29173028 0.05132526 0.00330487
v -0.29173028 0.05132526 0.00330487
v -0.29360119 0.04612094 0.00385761
v -0.29162741 -0.04116686 0.00326145
v -0.29162741 -0.04116686 0.00326145
v -0.2935676 -0.04203358 0.00393612
v -0.29184085 -0.08089893 0.00318537
v -0.29184085 -0.08089893 0.00318537
v -0.29353338 -0.12595776 0.00377971
v -0.29176223 -0.17197335 0.00325308
v -0.29176223 -0.17197335 0.00325308
v -0.29380393 -0.22449067 0.00388158
v -0.2921795 -0.25540873 0.00321216
v -0.2921795 -0.25540873 0.00321216
v -0.29401037 -0.34943858 0.00368928
v -0.29293033 -0.35696948 0.00327878
v -0.29293033 -0.35696948 0.00327878
v -0.29435298 -0.40909436 0.00334581
v -0.29334643 -0.41095835 0.0027338
v -0.29350397 -0.4561429 0.03006823
v -0.29326501 -0.44130102 0.04987281
v -0.2936011 -0.44072032 0.00881812
v -0.29436755 -0.43974879 0.00471466
v -0.29427072 -0.44001552 0.0470781
v -0.29377866 -0.49227235 0.04125772
v -0.29416031 -0.49524257 0.06247012
v -0.29337722 -0.45898631 0.06912256
v -0.29347628 -0.47257578 0.09144603
v -0.29357857 -0.48642489 0.07894715
v -0.2934711 -0.49212331 0.10545365
v -0.29409346 -0.43944684 0.09967746
v -0.29315495 -0.44045207 0.10795197
v -0.29302236 -0.44207266 0.11327353
v -0.29330307 -0.45491159 0.11910495
v -0.29409832 -0.49544317 0.10584238
v -0.29358628 -0.48685303 0.12963375
v -0.29345244 -0.47138107 0.12596327
v -0.29310122 -0.44187745 0.15174931
v -0.29322788 -0.43992612 0.16726255
v -0.29370326 -0.43916863 0.15802313
v -0.31139997 0.49806058 0.14066219
v -0.29334164 -0.45542496 0.16516384
v -0.29347724 -0.47281581 0.18382934
v -0.29411119 -0.49545977 0.18196356
v -0.2932018 -0.44225892 0.18825811
v -0.2936109 -0.49217156 0.18710402
v -0.29337248 -0.43820426 0.19766492
v -0.29461932 -0.43811238 0.17386785
v -0.29426992 -0.43721837 0.20685236
v -0.29366437 -0.48752975 0.196505
v -0.29332745 -0.45453584 0.197483
v -0.2945995 -0.49716711 0.21381301
v -0.29485455 -0.49697363 0.17440289
v -0.29337248 -0.43820426 0.19766492
v -0.29313287 -0.43908769 0.23471124
v -0.30173373 0.49831608 0.19040127
v -0.29334265 -0.46226054 0.23988673
v -0.29406637 -0.49568817 0.25227866
v -0.29354823 -0.47997922 0.24065185
v -0.29314443 -0.43784851 0.24850394
v -0.29314443 -0.43784851 0.24850394
v -0.30637598 0.49830109 0.23073469
v -0.29318297 -0.44686165 0.26712379
v -0.29366788 -0.49224609 0.24573106
v -0.29401287 -0.43700987 0.28565028
v -0.29363823 -0.49219266 0.28989139
v -0.29273862 -0.43897185 0.3140046
v -0.29483375 -0.49749261 0.32476351
v -0.30881053 0.49823463 0.27642357
v -0.29282627 -0.43782273 0.31759208
v -0.29282627 -0.43782273 0.31759208
v -0.29305407 -0.44737917 0.31864634
v -0.29329202 -0.47308663 0.32070974
v -0.29424867 -0.49576789 0.32854155
v -0.29397419 -0.43674889 0.31457379
v -0.29356477 -0.49178708 0.33154103
v -0.29414579 -0.43721029 0.32605883
v -0.29287285 -0.44307885 0.3295002
v -0.29313472 -0.43910402 0.32961062
v -0.29414579 -0.43721029 0.32605883
v -0.2928654 -0.45051551 0.334786
v -0.29441911 -0.43868858 0.33122879
v -0.29313472 -0.43910402 0.32961062
v -0.29317975 -0.44451088 0.33564678
v -0.29441911 -0.43868858 0.33122879
v -0.29304951 -0.46135151 0.34126684
v -0.29357737 -0.49068081 0.33878952
v -0.29444557 -0.49439815 0.34012046
v -0.29317975 -0.44451088 0.33564678
v -0.29502118 -0.44188833 0.33505809
v -0.29503348 -0.44613442 0.33826452
v -0.29326963 -0.45391142 0.3408083
v -0.29326963 -0.45391142 0.3408083
v -0.29432124 -0.45587042 0.34242341
v -0.29375145 -0.48687798 0.34300575
v -0.29651019 -0.49453625 0.34257412
v -0.29648131 -0.49669158 0.33924383
v -0.29367098 -0.46762452 0.34466824
v -0.29509094 -0.46706825 0.34591615
v -0.29367098 -0.46762452 0.34466824
v -0.29538214 -0.47663012 0.34630224
v -0.29444268 -0.48652503 0.34448749
v -0.29538214 -0.47663012 0.34630224
v -0.29554275 -0.48197594 0.34601477
v -0.29686555 0.49970677 0.35335609
v -0.30035555 0.49773923 0.35475463
v -0.28993371 0.49871209 0.35646167
v -0.30035555 0.49773923 0.35475463
v -0.29322502 0.49513772 0.35822764
v -0.2904743 0.49695614 0.35817412
v -0.29550758 0.49113783 0.35820484
v -0.29731518 0.48125923 0.35741591
v -0.3089602 0.49738941 -0.33727506
v -0.31090054 0.49757242 -0.30983704
v -0.29695326 -0.46738744 -0.28386918
v -0.29549101 -0.47305918 -0.2815285
v -0.29704124 -0.48324713 -0.28445989
v -0.29549098 -0.49084833 -0.28078485
v -0.29818889 -0.49427769 -0.28365511
v -0.29644877 -0.45868328 -0.28013617
v -0.29600775 -0.49547657 -0.27776489
v -0.29772136 -0.49720016 -0.2784709
v -0.29648224 -0.45423552 -0.27630979
v -0.29555228 -0.45061797 -0.26860058
v -0.29648224 -0.45423552 -0.27630979
v -0.29757625 -0.45094645 -0.27139807
v -0.29555228 -0.45061797 -0.26860058
v -0.29733852 -0.44901118 -0.2658987
v -0.29637739 -0.49760559 -0.25776103
v -0.29493976 -0.4496091 -0.26278278
v -0.29493976 -0.4496091 -0.26278278
v -0.29523793 -0.49641377 -0.25505656
v -0.29730451 -0.44744062 -0.25549403
v -0.29471019 -0.44807681 -0.24797252
v -0.29471019 -0.44807681 -0.24797252
v -0.29666057 -0.44704258 -0.2482938
v -0.29499131 -0.44724631 -0.245582
v -0.29700142 -0.44431514 -0.20052403
v -0.29499131 -0.44724631 -0.245582
v -0.29454565 -0.44562855 -0.20310748
v -0.29454565 -0.44562855 -0.20310748
v -0.29523793 -0.49641377 -0.25505656
v -0.29632276 -0.49734992 -0.18076287
v -0.29637739 -0.49760559 -0.25776103
v -0.29515675 -0.49632227 -0.17471181
v -0.29447073 -0.4445135 -0.16592693
v -0.29447073 -0.4445135 -0.16592693
v -0.2972264 -0.44313684 -0.169434
v -0.29541227 -0.4431096 -0.16020867
v -0.29541227 -0.4431096 -0.16020867
v -0.29460725 -0.44224989 -0.12373492
v -0.29689896 -0.44181192 -0.13430393
v -0.29460725 -0.44224989 -0.12373492
v -0.29528624 -0.49633324 -0.07501173
v -0.29646701 -0.49738973 -0.07829252
v -0.29750606 -0.43954617 -0.09630293
v -0.29480645 -0.44070929 -0.08636574
v -0.29480645 -0.44070929 -0.08636574
v -0.29753569 -0.43918514 -0.07824008
v -0.29459742 -0.43983826 -0.06211783
v -0.29750645 -0.43827397 -0.06127778
v -0.29457143 0.45125443 -0.06664727
v -0.29113057 0.45265171 -0.06644785
v -0.29203251 0.43741658 -0.06673613
v -0.29290751 -0.3973 -0.05827091
v -0.29415599 -0.41316661 -0.05785013
v -0.29538944 -0.41140017 -0.05832664
v -0.2952953 -0.43832719 -0.05735221
v -0.31439191 0.49787259 -0.03851055
v -0.29416901 -0.43316689 -0.05409881
v -0.29442173 -0.43131295 -0.0560884
v -0.29467767 -0.43717113 -0.05393514
v -0.2952953 -0.43832719 -0.05735221
v -0.29842541 -0.43549863 -0.05512591
v -0.29467767 -0.43717113 -0.05393514
v -0.29527757 -0.49616104 -0.01813473
v -0.29660463 -0.49731216 -0.01622858
v -0.30625284 0.4757182 0.00376351
v -0.30414361 0.44047338 0.00348458
v -0.32033151 0.41508794 0.00394215
v -0.30612335 0.38870916 0.00334817
v -0.30567345 0.29933828 0.00363068
v -0.30238938 0.27056244 0.00350094
v -0.30324993 0.2075218 0.00364501
v -0.29913986 0.13181493 0.00394115
v -0.2971766 0.05194569 0.00406142
v -0.29709464 0.01285104 0.00405742
v -0.29728583 -0.03305769 0.00418786
v -0.29723665 -0.09356533 0.00406158
v -0.29702172 -0.15123555 0.00400215
v -0.29680952 -0.19984861 0.00408858
v -0.29711294 -0.24878253 0.0040153
v -0.2971234 -0.28183895 0.00390259
v -0.29750249 -0.31424394 0.0038375
v -0.29656795 -0.3464905 0.00379285
v -0.29669926 -0.36395314 0.00382745
v -0.29707366 -0.4067845 0.00366676
v -0.29370835 -0.43112418 0.00312483
v -0.29624277 -0.43703479 0.00370392
v -0.29472086 -0.43713877 0.00359361
v -0.29472086 -0.43713877 0.00359361
v -0.29705223 -0.43870559 0.00464562
v -0.29436755 -0.43974879 0.00471466
v -0.29507276 -0.49647012 0.03824234
v -0.29436755 -0.43974879 0.00471466
v -0.29705223 -0.43870559 0.00464562
v -0.29698709 -0.43896294 0.05161377
v -0.29427072 -0.44001552 0.0470781
v -0.2959564 -0.49733433 0.06086842
v -0.29473355 -0.4967339 0.08932717
v -0.29699939 -0.43840215 0.09868501
v -0.29409346 -0.43944684 0.09967746
v -0.29558754 -0.49724036 0.10698603
v -0.29491243 -0.43871161 0.10181064
v -0.29370326 -0.43916863 0.15802313
v -0.29731223 -0.43738201 0.17221619
v -0.29485455 -0.49697363 0.17440289
v -0.29697052 -0.43684521 0.19636075
v -0.2970055 -0.43639636 0.24572492
v -0.29707894 -0.43625724 0.2952815
v -0.29700691 -0.43605953 0.31707799
v -0.29714108 -0.43643206 0.32650262
v -0.29777157 -0.43699053 0.32974464
v -0.30861339 0.49786469 0.33136821
v -0.2978358 -0.43832231 0.33183405
v -0.29441911 -0.43868858 0.33122879
v -0.2978358 -0.43832231 0.33183405
v -0.29518536 -0.4973509 0.33209509
v -0.29743469 -0.4543964 0.34257954
v -0.30273816 0.49777871 0.34437445
v -0.29733238 -0.46032134 0.34475759
v -0.29685229 -0.46581823 0.34611198
v -0.29554275 -0.48197594 0.34601477
v -0.29772195 -0.48792228 0.34543461
v -0.29444268 -0.48652503 0.34448749
v -0.29871467 -0.49217334 0.34426305
v -0.29651019 -0.49453625 0.34257412
v -0.30576983 0.49959424 0.34713972
v -0.30114198 0.49990261 0.35057786
v -0.30377805 0.49548119 0.35460198
v -0.29550758 0.49113783 0.35820484
v -0.29731518 0.48125923 0.35741591
v -0.30376223 0.47810361 0.35425225
v -0.29234976 0.47818094 0.35800403
v -0.30376223 0.47810361 0.35425225
v -0.30728903 0.49736682 -0.35089034
v -0.30444929 0.49929005 -0.35002983
v -0.30617487 0.49988744 -0.3469677
v -0.3062712 0.49778208 -0.34118944
v -0.30128682 -0.45757851 -0.28104767
v -0.30121383 -0.45388636 -0.27716228
v -0.29804555 -0.45827258 -0.28096923
v -0.30121383 -0.45388636 -0.27716228
v -0.30244014 -0.45074138 -0.27225366
v -0.3010906 -0.44862312 -0.26589242
v -0.30032888 -0.44665334 -0.24652091
v -0.30095035 -0.4438715 -0.19989242
v -0.30044577 -0.4425399 -0.16671789
v -0.30136633 -0.44069174 -0.12424904
v -0.30515873 -0.43831384 -0.09522998
v -0.30479702 -0.4380179 -0.09139947
v -0.3044261 -0.43819007 -0.07725343
v -0.30392691 -0.43737298 -0.06241385
v -0.30204731 -0.43627912 -0.05697659
v -0.3008818 -0.43558714 -0.05528397
v -0.3008818 -0.43558714 -0.05528397
v -0.30685002 0.47257271 0.0035744
v -0.30565819 0.46201822 0.00371818
v -0.30662435 0.32904533 0.00339977
v -0.31107813 0.07622421 0.00414001
v -0.30014578 -0.43333381 0.00365093
v -0.30111399 -0.43849349 0.01252861
v -0.30161181 -0.4386887 0.04967356
v -0.30144259 -0.43863228 0.06371422
v -0.30205601 -0.43816671 0.09165312
v -0.30165136 -0.43753278 0.13073507
v -0.30274844 -0.437049 0.17344898
v -0.30916303 -0.43646574 0.20320386
v -0.3170577 0.49811724 0.31864348
v -0.30605376 -0.44164148 0.33565652
v -0.30777496 0.49734581 0.33999452
v -0.30506459 -0.44773608 0.33959213
v -0.29651019 -0.49453625 0.34257412
v -0.30590624 -0.49646908 0.34051663
v -0.30349451 -0.49727485 0.33888727
v -0.29648131 -0.49669158 0.33924383
v -0.30253917 -0.46423301 0.3458111
v -0.31205186 -0.47438964 0.3461614
v -0.30456156 -0.47905198 0.34632885
v -0.30629733 -0.48592222 0.34598461
v -0.30444378 0.49817494 0.35269853
v -0.30137795 0.47698727 0.35334754
v -0.31014803 0.49951699 -0.34360528
v -0.31846035 0.49751356 -0.33010209
v -0.32282251 -0.45708489 -0.28151473
v -0.31774926 -0.44897944 -0.2683084
v -0.30995551 -0.44829988 -0.26390174
v -0.30941284 -0.44717228 -0.25511625
v -0.30756989 -0.4460451 -0.23962712
v -0.31151533 -0.4440085 -0.20757706
v -0.32365519 0.49758589 -0.18736744
v -0.30745286 -0.441138 -0.14320257
v -0.30988821 -0.43964893 -0.11551544
v -0.30982307 -0.43819037 -0.09684521
v -0.31182578 0.4761495 -0.06650688
v -0.31002697 0.47784844 -0.06611452
v -0.29775378 0.47489384 -0.06593429
v -0.30465901 -0.43572113 -0.05799031
v -0.30234891 -0.43309116 -0.05626066
v -0.30204731 -0.43627912 -0.05697659
v -0.31222102 -0.43604565 0.00365571
v -0.2983968 -0.43845591 0.00327683
v -0.32626826 0.27165383 0.00361802
v -0.3271865 0.21390836 0.00374728
v -0.31382963 0.00237705 0.00424947
v -0.30970851 -0.034463 0.00427973
v -0.31240109 -0.08306248 0.00422691
v -0.31172177 -0.14707777 0.00416102
v -0.3092612 -0.20578119 0.00409386
v -0.31309241 -0.27597576 0.0038794
v -0.2983968 -0.43845591 0.00327683
v -0.31104097 -0.43839338 0.00557532
v -0.30901849 -0.43835843 0.01421542
v -0.30815962 -0.43781686 0.10175554
v -0.31841287 -0.4361012 0.27618143
v -0.3142024 -0.43656439 0.32730007
v -0.31123617 0.49758261 0.34097841
v -0.32501182 -0.44854608 0.34001675
v -0.3089571 -0.48789668 0.34555945
v -0.30716884 -0.49485567 0.34264117
v -0.30819923 0.49937099 0.34942997
v -0.30444378 0.49817494 0.35269853
v -0.30777836 0.49040565 0.35370091
v -0.30786419 0.48061389 0.35343382
v -0.31116322 0.49971613 -0.3464765
v -0.31405702 0.49876291 -0.33977753
v -0.31393775 0.49767438 -0.33747846
v -0.32094973 -0.4538635 -0.27768454
v -0.32526857 0.49751151 -0.26181901
v -0.31263667 -0.44290233 -0.1867256
v -0.31438503 -0.4413189 -0.15286425
v -0.30706632 -0.43737248 -0.09361788
v -0.30706632 -0.43737248 -0.09361788
v -0.31073979 -0.4352546 -0.09342864
v -0.30722913 -0.43461832 -0.08888002
v -0.30625817 -0.43609554 -0.08743706
v -0.30706632 -0.43737248 -0.09361788
v -0.30722913 -0.43461832 -0.08888002
v -0.30625817 -0.43609554 -0.08743706
v -0.30721107 -0.43029967 -0.08549859
v -0.30883661 -0.43280986 -0.08861417
v -0.30721107 -0.43029967 -0.08549859
v -0.30728707 -0.42594764 -0.07903625
v -0.30672285 -0.42807481 -0.08100146
v -0.30563143 -0.43657169 -0.08054314
v -0.3044261 -0.43819007 -0.07725343
v -0.30647707 -0.42780715 -0.07611666
v -0.30707142 -0.42367816 -0.07216015
v -0.30728707 -0.42594764 -0.07903625
v -0.31149909 -0.42267638 -0.07448252
v -0.30707142 -0.42367816 -0.07216015
v -0.30615908 -0.4327057 -0.0711706
v -0.30537173 -0.43646145 -0.07000724
v -0.3071816 -0.4209666 -0.06878363
v -0.30658275 -0.42272383 -0.06688346
v -0.30392691 -0.43737298 -0.06241385
v -0.31029192 -0.41915855 -0.06652131
v -0.30968416 -0.41779929 -0.05999563
v -0.3071816 -0.4209666 -0.06878363
v -0.30607516 -0.43259653 -0.06137716
v -0.30465901 -0.43572113 -0.05799031
v -0.30691296 -0.41954121 -0.05969938
v -0.30626529 -0.42355704 -0.0598193
v -0.30691296 -0.41954121 -0.05969938
v -0.3056753 -0.41934866 -0.05837791
v -0.30985007 -0.41672111 -0.05873641
v -0.3056753 -0.41934866 -0.05837791
v -0.30481666 -0.43169969 -0.05746479
v -0.32329082 0.4979659 -0.08093698
v -0.31987011 0.4772687 0.00544913
v -0.32008696 0.46151516 0.0041929
v -0.32034728 0.45054403 0.00403222
v -0.32350865 0.35455906 0.00385878
v -0.32347196 0.31728572 0.00386875
v -0.32311246 0.27962279 0.00367213
v -0.32745624 0.16453663 0.00409648
v -0.32582 -0.2348036 0.00404414
v -0.33178434 -0.36291432 0.00354073
v -0.33585837 -0.42598763 0.00324856
v -0.32365051 -0.43791807 0.00393992
v -0.32278895 -0.43668807 0.16696706
v -0.32731292 0.49811175 0.19724099
v -0.31751889 -0.4361231 0.24659927
v -0.31939018 -0.43592113 0.31534857
v -0.31927407 -0.43773064 0.33182722
v -0.31927407 -0.43773064 0.33182722
v -0.31435436 0.49743652 0.3359547
v -0.31294745 0.49916503 0.34319156
v -0.31118932 0.49976909 0.34626514
v -0.31163186 0.49730435 0.35014769
v -0.31163186 0.49730435 0.35014769
v -0.31443509 0.47830003 0.34974888
v -0.31443509 0.47830003 0.34974888
v -0.31413805 0.47735894 0.34862575
v -0.31613958 0.49751437 -0.34682351
v -0.31619531 0.49956578 -0.34462675
v -0.31558993 0.4999032 -0.34300071
v -0.34378934 0.4973664 -0.25889614
v -0.32610655 0.49748421 -0.21136302
v -0.3255477 0.49771982 -0.14959753
v -0.32391715 -0.43849188 -0.10567708
v -0.31523263 -0.43507165 -0.09425823
v -0.31506568 -0.43510309 -0.09317347
v -0.31336495 -0.43241364 -0.08935862
v -0.31276068 -0.42954141 -0.08711424
v -0.31226119 -0.42706281 -0.0842755
v -0.31259114 -0.42462701 -0.08096374
v -0.31292742 -0.42104423 -0.07217322
v -0.31177601 0.47815946 -0.06746637
v -0.31499431 -0.41680494 -0.05986456
v -0.32365051 -0.43791807 0.00393992
v -0.31997335 0.47541136 0.00430144
v -0.32757038 0.13570528 0.00407594
v -0.32777247 0.11108068 0.0042022
v -0.33174226 -0.31563345 0.00362022
v -0.33467916 -0.38526595 0.00340807
v -0.3328242 -0.43788233 0.0348099
v -0.33826414 0.49772322 0.04988695
v -0.32645351 0.49796534 0.11307181
v -0.3368983 0.49795088 0.26682171
v -0.32048494 0.49753088 0.33119151
v -0.32452399 -0.4417887 0.3355512
v -0.31974858 0.49946594 0.33907986
v -0.32602456 -0.45965469 0.34440008
v -0.31541982 0.49942315 0.34563923
v -0.32204893 -0.48343158 0.34592065
v -0.31846333 0.49489021 0.34762228
v -0.31537977 0.49077132 0.34992045
v -0.31501824 0.48124531 0.35007808
v -0.32251564 0.49984694 -0.33703643
v -0.32204217 0.49782011 -0.33210981
v -0.3267298 0.49756995 -0.32445884
v -0.32754797 0.4974542 -0.31407973
v -0.33146247 0.49749076 -0.29553288
v -0.33931443 -0.44719943 -0.25373095
v -0.3278532 -0.44255367 -0.18245091
v -0.33096045 -0.44143179 -0.15878692
v -0.32522735 -0.43998292 -0.12602954
v -0.31600416 -0.43779629 -0.097313
v -0.31743336 -0.43361077 -0.0905052
v -0.31848556 -0.42356896 -0.08510018
v -0.31526744 -0.42366895 -0.08322274
v -0.31681889 -0.4200688 -0.08021919
v -0.31642073 -0.41906747 -0.07762874
v -0.31454623 -0.42098343 -0.07621332
v -0.31863657 -0.41945535 -0.07365247
v -0.31733745 -0.4180685 -0.06563453
v -0.32572889 -0.41471598 -0.05902952
v -0.33754128 0.49777079 0.01553986
v -0.32706946 0.24875422 0.00364197
v -0.32759696 0.05452361 0.00418159
v -0.32715827 -0.04485663 0.00427145
v -0.32736659 -0.12683856 0.00418878
v -0.32751042 -0.16502127 0.00416078
v -0.3354035 -0.43303141 0.00330185
v -0.33232605 -0.43749738 0.01076601
v -0.33021182 -0.43725097 0.11734746
v -0.33154872 -0.436921 0.13266493
v -0.33073175 -0.43607238 0.21391998
v -0.32342002 0.49790835 0.321356
v -0.3283208 -0.43685454 0.33009931
v -0.31987259 0.49780488 0.33549786
v -0.32201713 0.50005746 0.33982828
v -0.33335268 -0.49690977 0.33822447
v -0.32621992 -0.46317464 0.34528637
v -0.31541982 0.49942315 0.34563923
v -0.32101774 0.49709439 0.34513119
v -0.32340068 0.49674726 -0.34308621
v -0.32436755 0.49937558 -0.33996534
v -0.32599771 0.50004584 -0.33650422
v -0.32879025 0.49787289 -0.32651237
v -0.33911616 -0.45072708 -0.27218649
v -0.33224368 -0.44577348 -0.23544869
v -0.31848219 -0.43664443 -0.09583149
v -0.31897831 -0.43537217 -0.09144465
v -0.31506568 -0.43510309 -0.09317347
v -0.31990802 -0.42338806 -0.08547141
v -0.32006124 -0.41927475 -0.08061095
v -0.32633319 -0.41908607 -0.07950269
v -0.32554147 -0.41853899 -0.07509746
v -0.3219209 -0.41888845 -0.07375684
v -0.31934145 -0.41828883 -0.06961691
v -0.32608876 -0.41832414 -0.07012688
v -0.32436955 -0.41747496 -0.0631693
v -0.32420969 -0.41682819 -0.06035835
v -0.33751974 0.4979412 -0.05546125
v -0.33840284 0.4979133 -0.01724166
v -0.33500946 -0.43752724 0.00351826
v -0.32290781 0.47723165 0.00385194
v -0.32242963 0.47567514 0.00400369
v -0.32314089 0.45744225 0.00377253
v -0.32299992 0.42477819 0.003962
v -0.32698283 0.2879653 0.00384032
v -0.32775471 0.00768976 0.00418358
v -0.33122534 -0.27206501 0.00370189
v -0.33126682 -0.40387911 0.00344893
v -0.33106866 -0.43797067 0.07884041
v -0.3427321 -0.43734205 0.09748431
v -0.33448422 -0.43613538 0.19807145
v -0.32899684 0.49808812 0.2423639
v -0.33306777 -0.43590531 0.25664166
v -0.32769501 0.4981083 0.29181466
v -0.3355017 -0.43606442 0.27917406
v -0.32691732 0.49743354 0.32769567
v -0.32473391 0.49765867 0.33102959
v -0.32508582 0.49897313 0.33327702
v -0.32384762 0.49963668 0.34023732
v -0.32384762 0.49963668 0.34023732
v -0.31844473 0.47805038 0.3470352
v -0.32726362 0.47741568 0.3395592
v -0.33440334 -0.49214989 0.34351468
v -0.3368195 -0.49427247 0.34224451
v -0.32112449 0.49003392 0.3466208
v -0.32146862 0.48056331 0.3460148
v -0.31844473 0.47805038 0.3470352
v -0.32855809 0.49764565 -0.33861426
v -0.3301813 0.49981967 -0.3316184
v -0.33937234 0.49746391 -0.28784934
v -0.33932993 -0.4489581 -0.26719108
v -0.34063205 0.49742991 -0.22114864
v -0.33786774 0.49775803 -0.11476511
v -0.33494449 -0.43727481 -0.09630436
v -0.32960087 -0.43683952 -0.09513959
v -0.32724845 -0.43556765 -0.0911209
v -0.32835615 -0.4234755 -0.08559194
v -0.32591388 -0.00613052 -0.06313734
v -0.32418934 -0.03007216 -0.06249419
v -0.3258343 -0.02885561 -0.06283867
v -0.32705748 -0.4163025 -0.05999459
v -0.32584926 0.21537291 -0.0431066
v -0.32597226 0.21609899 -0.04589154
v -0.3260026 0.21193698 -0.04339061
v -0.32290781 0.47723165 0.00385194
v -0.32536364 0.47732112 0.00174499
v -0.324379 0.47590458 0.00123094
v -0.32430509 0.46154493 0.003124
v -0.32430509 0.46154493 0.003124
v -0.32420778 0.42728236 0.00371101
v -0.32545504 0.36465463 0.00366977
v -0.32616743 0.32386234 0.00371774
v -0.33287781 -0.43802723 0.05488791
v -0.342123 0.49794263 0.07909306
v -0.33236718 0.4979803 0.15499631
v -0.33318394 0.49788737 0.3006267
v -0.32991555 0.4973008 0.32205614
v -0.33494848 -0.4365578 0.32669133
v -0.32738131 0.49797559 0.33966774
v -0.32879481 0.4953523 0.33996546
v -0.32605842 0.48998606 0.34303206
v -0.32712361 0.47897172 0.34176135
v -0.32712361 0.47897172 0.34176135
v -0.33555546 -0.46896279 0.34544373
v -0.33546686 -0.47818542 0.34569654
v -0.33503491 -0.48415357 0.34545159
v -0.33473918 -0.48824057 0.34482318
v -0.3321428 0.49940947 -0.33275363
v -0.3323687 0.49875957 -0.32490131
v -0.33342206 0.49761733 -0.31940386
v -0.33508426 0.49703452 -0.31161922
v -0.32282251 -0.45708489 -0.28151473
v -0.33967328 -0.454521 -0.27780727
v -0.33943358 -0.4427141 -0.18309015
v -0.33960712 0.49764037 -0.16514251
v -0.33915415 -0.44026232 -0.12956509
v -0.33629704 0.49808586 -0.07625137
v -0.33183673 -0.43565688 -0.0901972
v -0.33010855 -0.42362505 -0.08526021
v -0.332017 -0.41946533 -0.07764204
v -0.33203214 -0.41746244 -0.06301674
v -0.33390447 -0.41618079 -0.06026818
v -0.32705748 -0.4163025 -0.05999459
v -0.33390447 -0.41618079 -0.06026818
v -0.32572889 -0.41471598 -0.05902952
v -0.32776338 0.06280945 -0.04532268
v -0.32868412 0.0849832 -0.03225012
v -0.32745722 0.11228519 -0.04502883
v -0.32789353 0.28633526 0.00310759
v -0.32776713 0.27402347 0.0032359
v -0.32860458 0.22620516 0.00352216
v -0.32946351 0.14862834 0.00393388
v -0.32989895 0.10244928 0.00408517
v -0.33022094 0.04158871 0.00391337
v -0.33046761 -0.05915418 0.0039814
v -0.33081502 -0.1587943 0.00399791
v -0.33116561 -0.2382018 0.00387094
v -0.33500946 -0.43752724 0.00351826
v -0.34242672 0.49770653 0.28983068
v -0.33570278 -0.4360927 0.31359383
v -0.33602738 0.4974114 0.31044671
v -0.33242679 0.49768245 0.32317427
v -0.33066517 0.49868384 0.32729384
v -0.33222786 0.49984565 0.32966161
v -0.33272922 0.49964067 0.33175534
v -0.33512372 -0.43867901 0.33200762
v -0.33512372 -0.43867901 0.33200762
v -0.33566663 -0.44202644 0.3353571
v -0.33164051 0.49796662 0.33576474
v -0.32738131 0.49797559 0.33966774
v -0.33131811 0.49040446 0.33859017
v -0.33566141 -0.44899869 0.33977962
v -0.33468589 0.49746808 -0.33271655
v -0.3361485 0.50003701 -0.32606134
v -0.33672255 0.49987724 -0.32243726
v -0.33800337 0.49888608 -0.31618524
v -0.33961454 -0.44572467 -0.23302191
v -0.33941871 -0.44398481 -0.20283209
v -0.33908945 -0.43887874 -0.10941581
v -0.33550611 -0.43585458 -0.08861335
v -0.33384645 -0.42779347 -0.08628199
v -0.33625218 -0.42604801 -0.08239583
v -0.33459327 -0.4216693 -0.07881654
v -0.3358649 -0.41906366 -0.06866087
v -0.33451673 -0.41797593 -0.06357174
v -0.33405954 -0.41260833 -0.05939744
v -0.3306849 0.06805585 0.00363429
v -0.33138436 -0.0258407 0.00371747
v -0.33147618 -0.10174198 0.00362024
v -0.3321918 -0.18611659 0.00367353
v -0.33314481 -0.25467408 0.00353305
v -0.33385447 -0.30610481 0.00337417
v -0.33529836 -0.35704708 0.00318743
v -0.33758819 -0.42952567 0.00311739
v -0.3426691 0.49804345 0.1077221
v -0.34573379 0.49794167 0.14448863
v -0.34566817 0.49801102 0.16226488
v -0.34177846 0.4980523 0.21768142
v -0.34584424 0.49796823 0.2464354
v -0.33973157 -0.43615311 0.29545373
v -0.33710656 0.49768847 0.31408736
v -0.33535784 0.49895766 0.32132378
v -0.33742329 -0.43805832 0.33051416
v -0.33164051 0.49796662 0.33576474
v -0.33472019 0.49478245 0.33459222
v -0.33457366 0.49060884 0.33524677
v -0.33398551 0.4811427 0.33578655
v -0.32999501 0.47831467 0.33885324
v -0.33578762 -0.46066496 0.34423074
v -0.33879021 0.49773905 -0.32817227
v -0.34000695 0.49939033 -0.32407632
v -0.33746502 0.49769306 -0.31367821
v -0.34054825 0.49763802 -0.30588779
v -0.33944753 0.49710894 -0.30235538
v -0.3416912 -0.45876703 -0.28146648
v -0.33967328 -0.454521 -0.27780727
v -0.34367445 0.4974798 -0.28273121
v -0.33971891 -0.44681653 -0.24815135
v -0.33921602 -0.43733326 -0.09669611
v -0.339044 -0.43593052 -0.08531022
v -0.33703357 -0.43519875 -0.08151224
v -0.33720285 -0.43505356 -0.07213472
v -0.33605698 -0.42296115 -0.07880916
v -0.33451673 -0.41797593 -0.06357174
v -0.3358649 -0.41906366 -0.06866087
v -0.33620608 -0.41972014 -0.06704707
v -0.34569782 0.49794805 -0.07398736
v -0.33645096 -0.42415845 -0.06010729
v -0.33728075 -0.42459095 -0.05886391
v -0.33547986 -0.41737249 -0.05942199
v -0.33845285 -0.43278125 0.00236536
v -0.33915344 -0.43639213 0.00272184
v -0.33915344 -0.43639213 0.00272184
v -0.33884117 -0.43693218 0.0038524
v -0.33946747 -0.43680406 0.00917547
v -0.34222606 -0.43730032 0.02711066
v -0.34289908 -0.43749398 0.04706778
v -0.34169993 -0.4376967 0.05554757
v -0.34131703 -0.43754846 0.08403534
v -0.34244671 -0.43666178 0.13761468
v -0.34252292 -0.43629771 0.17270054
v -0.34244829 -0.43577439 0.20951675
v -0.34223005 -0.435774 0.2491737
v -0.33979028 -0.43577966 0.26013941
v -0.33968386 0.49747545 0.303123
v -0.34114939 0.49780124 0.30554664
v -0.3394253 -0.43646154 0.31411874
v -0.33934072 0.49903053 0.31374496
v -0.33855987 0.5001477 0.32175121
v -0.338855 -0.43722492 0.3256214
v -0.34069052 0.49982554 0.32196185
v -0.33830523 0.49794972 0.32877794
v -0.33830523 0.49794972 0.32877794
v -0.33742329 -0.43805832 0.33051416
v -0.3399514 -0.44281358 0.33466071
v -0.3390561 -0.44910219 0.33902609
v -0.33920035 -0.45724368 0.34230521
v -0.33899194 -0.4652575 0.34440801
v -0.33894747 -0.47404474 0.34499401
v -0.33860275 -0.48274428 0.34482798
v -0.33908609 -0.48932624 0.34319627
v -0.34210813 0.49987754 -0.31904662
v -0.34272093 0.50002921 -0.31437698
v -0.34128931 0.49881509 -0.30870172
v -0.34350821 0.49763602 -0.29518414
v -0.34214202 -0.45469525 -0.277235
v -0.34214202 -0.45469525 -0.277235
v -0.34225038 -0.4499031 -0.26926821
v -0.34213471 -0.4471685 -0.24837565
v -0.34740895 0.49721959 -0.2502383
v -0.34236005 -0.44662255 -0.23771361
v -0.34237066 -0.44387609 -0.18916704
v -0.34742963 0.49746847 -0.19560288
v -0.34380624 0.49753162 -0.15901436
v -0.34145063 -0.44295853 -0.1844693
v -0.34285888 -0.44301242 -0.17501098
v -0.34250733 -0.44023192 -0.11667179
v -0.34388205 0.49779886 -0.09851111
v -0.34206101 -0.43811661 -0.09872112
v -0.34177041 -0.43589976 -0.0822835
v -0.3414821 -0.4347541 -0.06051037
v -0.33715186 -0.43435651 -0.06058156
v -0.34371796 0.49767888 -0.05329963
v -0.33920288 -0.43421853 -0.05700328
v -0.34155339 -0.43522102 -0.04010321
v -0.33909526 -0.43425527 -0.04398128
v -0.3391335 -0.43531486 -0.02160227
v -0.34158343 -0.43646106 -0.02168407
v -0.34561032 0.49776858 -0.01053949
v -0.33979204 -0.43652734 -0.01979031
v -0.34298852 -0.43700278 -0.01913937
v -0.34188396 -0.4375076 -0.01042497
v -0.34058928 -0.43683958 -2.666E-05
v -0.3417457 -0.43701991 0.00206764
v -0.34229293 -0.43685928 0.00868795
v -0.34370014 0.49752611 0.04276752
v -0.32232305 0.47741798 0.02160521
v -0.34693608 0.47757056 0.04086101
v -0.3440395 0.47761944 0.00418545
v -0.3426964 -0.43725249 0.08906831
v -0.34272042 -0.43631464 0.26829806
v -0.34378853 0.49758521 0.28060299
v -0.34199035 -0.43704528 0.30666518
v -0.343137 0.49774468 0.29552656
v -0.34281009 0.49917781 0.30681467
v -0.34251803 0.50021595 0.31374952
v -0.34036469 -0.43859464 0.32846531
v -0.33799517 0.47835052 0.33056277
v -0.34322953 0.4773792 0.32051787
v -0.33585674 0.47772506 0.33204755
v -0.33854711 0.48016733 0.33061033
v -0.33799517 0.47835052 0.33056277
v -0.33585674 0.47772506 0.33204755
v -0.34055611 -0.45022538 0.33863208
v -0.34071514 -0.45918867 0.34197301
v -0.3368195 -0.49427247 0.34224451
v -0.34077248 -0.49038571 0.34079194
v -0.3395668 -0.4948402 0.3389501
v -0.34080955 -0.46969569 0.34384668
v -0.34047216 -0.48254919 0.34363478
v -0.34249547 0.49752885 -0.32347581
v -0.34624144 0.49778169 -0.31620502
v -0.34569889 0.49970508 -0.31327578
v -0.34657612 0.50005436 -0.30669761
v -0.34574282 0.4985244 -0.29389626
v -0.34728211 0.49962154 -0.29802069
v -0.34553766 0.49775934 -0.28771824
v -0.349024 0.49782082 -0.2609973
v -0.34214202 -0.45469525 -0.277235
v -0.34323403 -0.4550218 -0.27607223
v -0.34225038 -0.4499031 -0.26926821
v -0.34391537 -0.44994703 -0.26037401
v -0.34391537 -0.44994703 -0.26037401
v -0.34405041 -0.44802716 -0.23605879
v -0.34342206 -0.44723424 -0.2369588
v -0.34342206 -0.44723424 -0.2369588
v -0.34405494 -0.44456264 -0.17869042
v -0.34759068 0.4977183 -0.15266454
v -0.34428579 -0.44166905 -0.1174598
v -0.3473396 0.49780694 -0.12352599
v -0.34593803 0.49791226 -0.09663703
v -0.34419331 -0.43944693 -0.09539686
v -0.34353706 -0.43672308 -0.08294919
v -0.34373486 -0.43621403 -0.06604864
v -0.34596032 0.49778089 -0.05522381
v -0.34343132 -0.43634826 -0.03346528
v -0.34390998 -0.43868482 -0.01617097
v -0.34390318 -0.43857211 0.00182994
v -0.34349468 -0.43730375 0.00482986
v -0.3460232 0.49773568 0.04546392
v -0.34399584 -0.43790689 0.02578982
v -0.34461859 -0.43780598 0.04858157
v -0.34442908 -0.43753585 0.08668373
v -0.34557867 0.49797216 0.11334564
v -0.34451249 -0.43776014 0.10585014
v -0.34431511 -0.43676743 0.18391268
v -0.34342349 -0.436699 0.26636136
v -0.34615585 0.49784702 0.26381621
v -0.34272042 -0.43631464 0.26829806
v -0.34342349 -0.436699 0.26636136
v -0.34366044 -0.43815207 0.26892224
v -0.34576303 0.49774027 0.28446835
v -0.3468008 0.4989326 0.29110244
v -0.34703821 0.49975437 0.29767799
v -0.3461518 0.50023001 0.30668518
v -0.34546396 0.49980742 0.31297985
v -0.34654406 0.4977628 0.31584632
v -0.34654406 0.4977628 0.31584632
v -0.34300861 0.49690986 0.32349139
v -0.34069052 0.49982554 0.32196185
v -0.34991342 0.49775052 -0.30818081
v -0.34956428 0.49941799 -0.30475229
v -0.35039914 0.50002259 -0.29703325
v -0.35069805 0.50010735 -0.29054213
v -0.34865186 0.49857971 -0.27428734
v -0.3512128 0.49989051 -0.27861124
v -0.35114911 0.49919844 -0.26302952
v -0.34977227 0.49761221 -0.24107495
v -0.34944949 0.49795297 -0.15789129
v -0.34904423 0.49810243 -0.13064219
v -0.35105002 0.49891111 -0.14456914
v -0.3516528 0.49956599 -0.11896521
v -0.35117149 0.49967617 -0.0821103
v -0.34780991 0.49865338 -0.06629302
v -0.3511439 0.4998709 -0.05245703
v -0.34142262 0.47775307 -0.04431388
v -0.35073259 0.47775337 -0.04568022
v -0.35453403 0.47819811 -0.07624432
v -0.34745148 0.49867359 -0.01954179
v -0.35105318 0.49994296 0.0373787
v -0.34808823 0.49883875 0.04392746
v -0.35095268 0.49985105 0.10807127
v -0.35099807 0.49973837 0.14030898
v -0.35105407 0.49994305 0.20023201
v -0.3456775 0.49792156 0.1930998
v -0.35109439 0.49986756 0.25982255
v -0.3481214 0.49888754 0.27623031
v -0.35046855 0.50012839 0.28812867
v -0.35002431 0.49999991 0.29727581
v -0.34957144 0.4994736 0.30275556
v -0.35004511 0.49809736 0.3058852
v -0.35195148 0.49837482 -0.30038866
v -0.35308027 0.4988158 -0.29394746
v -0.35354081 0.49967495 -0.28540292
v -0.35383311 0.50010878 -0.27577904
v -0.35423428 0.5002448 -0.2609008
v -0.35151276 0.49890688 -0.24138264
v -0.35485846 0.4999409 -0.21873796
v -0.35142946 0.49878642 -0.20968381
v -0.35471675 0.50010335 -0.16235991
v -0.35454223 0.50023049 -0.12924136
v -0.35464367 0.5001772 -0.11357386
v -0.35435975 0.50001329 -0.06426927
v -0.35406616 0.499832 -0.00870038
v -0.35393575 0.49984315 0.05633874
v -0.35380527 0.49972034 0.1359344
v -0.35379207 0.49985519 0.18744582
v -0.35363331 0.49985814 0.26339635
v -0.35327023 0.49954289 0.28083876
v -0.3532609 0.49875218 0.28704247
v -0.35217771 0.4985297 0.29607737
v -0.34964541 0.4814578 0.31196532
v -0.3495861 0.4784908 0.31096348
v -0.34733805 0.4778038 0.31447038
v -0.35424134 0.49776351 -0.29273146
v -0.35563895 0.49872515 -0.27841979
v -0.35689473 0.49906185 -0.26301163
v -0.35754132 0.49988505 -0.24296221
v -0.35772806 0.49986655 -0.19143379
v -0.35727334 0.49961454 -0.13767183
v -0.35725653 0.4990558 -0.12644388
v -0.3566508 0.49893692 -0.0729236
v -0.35607389 0.49866268 -0.05113988
v -0.35579741 0.49862155 -0.01474199
v -0.35572636 0.49859017 0.05300033
v -0.35537213 0.49852014 0.12114407
v -0.35547233 0.49858078 0.18317376
v -0.35500231 0.49854693 0.26677319
v -0.35327023 0.49954289 0.28083876
v -0.35500231 0.49854693 0.26677319
v -0.35446712 0.49809015 0.28210369
v -0.3532609 0.49875218 0.28704247
v -0.35418621 0.49605331 0.29018727
v -0.35378417 0.47846717 0.29508576
v -0.35506865 0.47822481 0.28114668
v -0.35406557 0.47712323 0.27848256
v -0.35275051 0.47742534 0.29416344
v -0.35809484 0.49790841 -0.26151523
v -0.35914704 0.49852535 -0.24220617
v -0.35689473 0.49906185 -0.26301163
v -0.35914704 0.49852535 -0.24220617
v -0.35942179 0.49859005 -0.20417272
v -0.35875902 0.49843329 -0.1561998
v -0.35875902 0.49843329 -0.1561998
v -0.35825372 0.49805906 -0.12969875
v -0.35727334 0.49961454 -0.13767183
v -0.35725653 0.4990558 -0.12644388
v -0.35857809 0.49592352 -0.12634403
v 0.3591114 0.47885552 -0.20068724
v 0.35978574 0.47818455 -0.10699946
v 0.35862854 0.47779959 -0.07757017
v 0.3598175 0.47793838 -0.03394068
v 0.35853374 0.4774425 -0.04178806
v 0.35861865 0.47749519 0.03355803
v 0.35986811 0.47790644 0.05421482
v 0.35834444 0.47722611 0.08358921
v 0.35949659 0.4777905 0.12594838
v 0.35829309 0.47724682 0.17280652
v 0.3596088 0.47796196 0.19183829
v 0.35504007 0.49779579 -0.28097287
v 0.35263968 0.4782764 -0.29124931
v 0.35366413 0.47883311 -0.28995705
v 0.35517907 0.47885406 -0.2796911
v 0.35484007 0.47786331 -0.21617083
v 0.35525888 0.47772399 -0.15635726
v 0.35532424 0.47766012 -0.08347097
v 0.35551241 0.47716054 -0.04019044
v 0.35531911 0.47717413 0.04141608
v 0.35531065 0.47696298 0.07935206
v 0.35530061 0.47697222 0.12619703
v 0.3553735 0.47695035 0.17898613
v 0.35519469 0.47710863 0.22723132
v 0.35469648 0.47759432 0.26114848
v 0.35347617 0.47785324 0.27442116
v 0.34810737 0.4784663 -0.30723587
v 0.35005644 0.47923237 -0.30435947
v 0.3449274 0.47793788 -0.16659197
v 0.34440958 0.47735044 -0.01062744
v 0.34680206 0.47718492 0.13719048
v 0.35034233 0.47725964 0.24199738
v 0.35171083 0.47738743 0.26271841
v 0.35121891 0.47769028 0.28227657
v 0.34386867 0.47842228 -0.31640846
v 0.34591025 0.47930917 -0.31488135
v 0.34488171 0.47817576 -0.29720843
v 0.34588891 0.47810459 -0.26645744
v 0.34571287 0.47790149 -0.081366
v 0.3397586 0.47752497 -0.04327649
v 0.34727356 0.47723031 0.05049003
v 0.34613314 0.47708213 0.09161644
v 0.34546497 0.47714719 0.17495878
v 0.34464061 0.47718883 0.21628948
v 0.3462742 0.47748837 0.2884264
v 0.34375736 0.47802037 0.30167305
v 0.34190589 0.47920397 -0.32255679
v 0.33927569 0.47810894 -0.21679108
v 0.34367386 0.47730759 0.27834421
v 0.3384338 0.47921732 -0.32777959
v 0.33704329 0.47846922 -0.32731336
v 0.33752185 0.47833472 -0.31035525
v 0.31661436 0.47810686 -0.13176835
v 0.32475388 0.47799209 -0.07388593
v 0.32513633 0.47749662 -0.02115302
v 0.33129796 0.47721782 0.02287693
v 0.33627987 0.47727674 0.25154749
v 0.33355924 0.47737679 0.28827557
v 0.33783063 0.47776991 0.30713549
v 0.33418483 0.47928163 -0.33293167
v 0.3272486 0.47829995 -0.28910887
v 0.32858765 0.47706705 0.06797259
v 0.32381731 0.47700149 0.10229448
v 0.32827762 0.477079 0.12893653
v 0.30939686 0.47709981 0.14355487
v 0.33046728 0.47984141 -0.33802918
v 0.32834613 0.47849521 -0.33699578
v 0.32429847 0.47922036 -0.34248608
v 0.32921466 -0.49051106 -0.33042175
v 0.330024 -0.48214754 -0.33118644
v 0.33054957 -0.48424909 -0.33035302
v 0.32921466 -0.49051106 -0.33042175
v 0.32929635 -0.49671704 -0.32649937
v 0.32971704 -0.49770302 -0.26547381
v 0.31049454 0.47817814 -0.24047178
v 0.32349646 0.47814134 -0.19670391
v 0.32222742 0.47799945 -0.08040622
v 0.32474631 0.47742122 -0.04232783
v 0.32478637 0.47721389 -0.00400011
v 0.32220882 0.47710425 0.18655525
v 0.32470796 0.47713235 0.2405857
v 0.3276003 -0.46575537 -0.3301281
v 0.3300674 -0.47002906 -0.33071738
v 0.32769743 -0.474049 -0.33139569
v 0.32732883 -0.48231378 -0.33152977
v 0.33076116 -0.46628428 -0.32912114
v 0.33025017 -0.49412102 -0.32804856
v 0.32638717 -0.49523839 -0.32864082
v 0.32699862 -0.49284875 -0.32994476
v 0.32929635 -0.49671704 -0.32649937
v 0.32758623 -0.49848181 -0.31644073
v 0.32763752 -0.49852672 -0.28355911
v 0.32924333 -0.49746451 -0.20832027
v 0.32733563 -0.49810356 -0.20360312
v 0.32862213 -0.49720594 -0.18367419
v 0.32686788 -0.49764749 -0.16145219
v 0.3272002 -0.49683735 -0.11476533
v 0.32616034 -0.49745134 -0.11270392
v 0.32668206 -0.49604493 -0.08343433
v 0.31591573 0.47804558 -0.08307624
v 0.32210031 0.47736245 -0.01005428
v 0.32123297 0.47759664 0.32139605
v 0.31671619 0.47853625 -0.34636107
v 0.31950569 -0.46827406 -0.33074912
v 0.32638717 -0.49523839 -0.32864082
v 0.32189533 -0.49747658 -0.32677367
v 0.32187995 -0.49814245 -0.32359898
v 0.31770355 0.47867432 -0.32511798
v 0.32172111 -0.49866569 -0.3159458
v 0.3239418 -0.49881208 -0.29471463
v 0.3096031 0.47821364 -0.2791248
v 0.32390213 -0.49850389 -0.21144116
v 0.32397142 -0.49810654 -0.16216744
v 0.32378229 -0.49799338 -0.11200961
v 0.31410033 0.47812659 -0.10510971
v 0.32340077 -0.4976199 -0.08054704
v 0.31952882 0.47800314 -0.08108284
v 0.32334554 -0.31693947 -0.08085275
v 0.32355991 -0.36527783 -0.08097091
v 0.32406303 -0.42803994 -0.08029251
v 0.32496265 -0.43697256 -0.07990722
v 0.32290018 -0.49709678 -0.05441579
v 0.32212147 0.47718289 -0.04103732
v 0.32234138 -0.4968591 -0.01064968
v 0.32389373 -0.49488068 0.01855639
v 0.31652522 0.47718298 0.03577431
v 0.32181838 -0.49718776 0.23875809
v 0.32206857 -0.49733356 0.28059521
v 0.32104746 -0.49725029 0.29780757
v 0.31568944 0.49769121 -0.3472662
v 0.31944874 0.47949857 -0.34633309
v 0.30826768 -0.47371006 -0.33122748
v 0.29664922 -0.46390843 -0.32958645
v 0.31728926 -0.49884927 -0.29514575
v 0.31749231 -0.49871996 -0.25278398
v 0.31818169 -0.49857265 -0.20643254
v 0.31984082 -0.49832985 -0.1705493
v 0.30452973 0.47814357 -0.17380334
v 0.3202242 -0.49811277 -0.09825251
v 0.32125777 0.46027058 -0.08118396
v 0.318468 0.45919931 -0.08134177
v 0.319794 0.43842569 -0.08192385
v 0.32148936 0.43070301 -0.0819286
v 0.31940159 0.41755909 -0.08212503
v 0.32157847 0.34253001 -0.0818779
v 0.31948882 0.37945026 -0.08208646
v 0.3198635 0.32369614 -0.08191209
v 0.32159263 0.26389495 -0.08197728
v 0.31979057 0.26919517 -0.08205888
v 0.31993985 0.20382924 -0.08207397
v 0.32159528 0.15161291 -0.08222614
v 0.31964275 0.17061563 -0.08229892
v 0.31985387 0.12788741 -0.08237695
v 0.31965667 0.05880428 -0.08234222
v 0.32173595 0.05950447 -0.08215187
v 0.31990406 -0.03159598 -0.08239941
v 0.3218163 -0.01140909 -0.08219694
v 0.32191709 -0.06473434 -0.0819479
v 0.31981069 -0.08646369 -0.08209515
v 0.32009143 -0.15420167 -0.08216231
v 0.31993628 -0.21131106 -0.08185097
v 0.31999984 -0.25527969 -0.081782
v 0.3200455 -0.29380199 -0.08166669
v 0.32004526 -0.32307583 -0.0814449
v 0.32024077 -0.37998125 -0.08143685
v 0.32023701 -0.42324078 -0.08124194
v 0.3195346 -0.43711463 -0.08095285
v 0.31952882 0.47800314 -0.08108284
v 0.32222742 0.47799945 -0.08040622
v 0.32168865 0.4762378 -0.07986128
v 0.32550457 -0.44054392 -0.08017714
v 0.31811103 -0.4402034 -0.08133659
v 0.3202633 -0.49777055 -0.05724663
v 0.31975976 -0.49794868 -0.01268259
v 0.32104102 0.47721747 -0.00794703
v 0.3187179 0.47726601 -0.00628152
v 0.319603 -0.49819225 0.03964748
v 0.31963187 -0.49802333 0.08148455
v 0.31964609 -0.49801007 0.11355987
v 0.3196443 -0.49814343 0.18557054
v 0.32174933 -0.49713197 0.203906
v 0.31944704 -0.49837601 0.23750964
v 0.32181838 -0.49718776 0.23875809
v 0.32206857 -0.49733356 0.28059521
v 0.31957817 -0.49840945 0.28364167
v 0.29836446 0.47672603 0.27785382
v 0.32012379 -0.49379876 0.30950052
v 0.31178534 0.49575227 -0.35081717
v 0.31117979 0.49015346 -0.35184899
v 0.31207815 0.47920823 -0.35060424
v 0.29795009 -0.4842003 -0.33138046
v 0.28793594 -0.48978546 -0.33042303
v 0.30486625 -0.4955864 -0.32839459
v 0.32189533 -0.49747658 -0.32677367
v 0.31240559 -0.45476276 -0.32396993
v 0.31308082 -0.49836841 -0.16291356
v 0.31472245 -0.49822116 -0.10797329
v 0.30015856 0.37929046 -0.0812393
v 0.31492051 0.2409222 -0.08179944
v 0.31006759 -0.17437887 -0.08185855
v 0.30905482 -0.436414 -0.08102981
v 0.31526217 -0.49813581 -0.06904685
v 0.31482092 -0.49847564 -0.00929284
v 0.31614497 -0.4985882 0.01490352
v 0.31592804 -0.49862686 0.06594642
v 0.29825297 0.47691211 0.05376452
v 0.31611922 -0.49859157 0.12694077
v 0.30705589 0.47687554 0.20191571
v 0.31597406 -0.49896404 0.21580505
v 0.31097451 0.47691521 0.26017094
v 0.31556499 -0.4989793 0.28276283
v 0.315588 -0.49846998 0.29873002
v 0.29283297 0.47700804 0.31792355
v 0.31460807 -0.49476391 0.31148839
v 0.29029402 0.47854009 -0.34410477
v 0.30379164 -0.49225608 -0.32990244
v 0.30700162 0.45969754 -0.08093352
v 0.30177543 0.42340565 -0.0813901
v 0.30131632 0.29530907 -0.0813152
v 0.30432469 0.18905687 -0.08174495
v 0.30573857 0.15734883 -0.08212387
v 0.3095316 0.08550972 -0.08213562
v 0.30596229 0.02867688 -0.08219564
v 0.30971271 -0.04006232 -0.08218349
v 0.31107935 -0.08256154 -0.08192338
v 0.30837882 -0.1229407 -0.08191919
v 0.31194162 -0.21852887 -0.08173963
v 0.31167966 -0.28705359 -0.08162218
v 0.30547938 -0.32562402 -0.08136044
v 0.30661464 -0.35414124 -0.08134462
v 0.30559078 -0.3979322 -0.08124322
v 0.30630136 0.47758955 -0.08077653
v 0.30630136 0.47758955 -0.08077653
v 0.31234726 -0.49826598 -0.05683055
v 0.31132531 -0.49877992 0.01443277
v 0.29857209 0.47724229 0.01871754
v 0.3100681 -0.49889308 0.06473942
v 0.31230265 -0.49881774 0.12100969
v 0.31100255 -0.49911201 0.19116358
v 0.31091172 -0.49923956 0.22313617
v 0.3111895 -0.49884105 0.29814655
v 0.31071672 -0.4979935 0.30559075
v 0.30757886 0.47870383 0.33804426
v 0.30159569 0.49730763 -0.35449782
v 0.30417508 0.49560723 -0.35432953
v 0.30318734 0.49082369 -0.35534894
v 0.30444315 0.47905168 -0.35412726
v 0.30444315 0.47905168 -0.35412726
v 0.29592562 -0.46842155 -0.3307485
v 0.29164332 -0.49742553 -0.32696241
v 0.2893852 -0.49810302 -0.32346088
v 0.29038161 -0.49848184 -0.29876408
v 0.29114479 0.47833705 -0.30513364
v 0.28963611 -0.49847364 -0.26259035
v 0.29825327 -0.498413 -0.22404662
v 0.2898573 -0.49814028 -0.13545986
v 0.30460963 0.47281393 -0.08082771
v 0.3010872 0.24129552 -0.08131932
v 0.29722336 0.2081525 -0.08124435
v 0.30380762 -0.21665812 -0.08174102
v 0.2988354 0.47808313 -0.08362922
v 0.30148396 0.47734207 -0.00600903
v 0.30934751 0.47695291 0.11117242
v 0.30222222 -0.49909663 0.12119687
v 0.29633334 -0.49949503 0.28053305
v 0.29379803 0.47740003 0.33822799
v 0.29812247 0.48154277 -0.35704026
v 0.29975659 0.47845811 -0.35398471
v 0.28936934 -0.47700676 -0.33142179
v 0.2905516 0.47810975 -0.24192113
v 0.29099232 0.46169695 -0.08090528
v 0.29761589 0.32848269 -0.08089799
v 0.29740971 0.10371581 -0.0819778
v 0.28914097 0.07815047 -0.08197653
v 0.28929168 0.04367583 -0.08210842
v 0.294945 -0.04110875 -0.08210281
v 0.28912067 -0.07947018 -0.08186729
v 0.29740816 -0.13623267 -0.08186746
v 0.2900525 -0.43961889 -0.08118428
v 0.29778999 -0.49823442 -0.07231625
v 0.29059961 -0.49870262 -0.04945879
v 0.28953439 -0.49887246 -0.0026278
v 0.29760692 0.47693399 0.14389493
v 0.30098969 -0.49926245 0.16671751
v 0.30179808 0.47673377 0.24176121
v 0.29840446 -0.49920687 0.29859942
v 0.30163288 -0.49535713 0.31211758
v 0.30141237 0.47794765 0.34006992
v 0.29095894 -0.4922654 -0.32992914
v 0.2909939 -0.49545273 -0.32858345
v 0.29164332 -0.49742553 -0.32696241
v 0.28936845 -0.49836856 -0.3180249
v 0.29237148 0.47813845 -0.10337255
v 0.29032519 -0.4980382 -0.11010731
v 0.29486755 0.4779526 -0.08112265
v 0.29195568 0.44526565 -0.08100182
v 0.29158342 0.36261624 -0.08074858
v 0.2947959 0.16855779 -0.08180322
v 0.29478422 -0.16764356 -0.08184676
v 0.29504976 -0.24261773 -0.08173914
v 0.28905612 -0.29799101 -0.08166181
v 0.29841354 -0.49901831 0.053634
v 0.2911022 0.47662926 0.09798167
v 0.29113957 0.47640792 0.21842223
v 0.29905125 -0.49948132 0.20970629
v 0.29528457 0.49469796 -0.35738304
v 0.29255244 0.47919312 -0.35798058
v 0.29255244 0.47919312 -0.35798058
v 0.29231694 0.47812343 -0.19805826
v 0.28990537 -0.4981713 -0.17970797
v 0.28636843 -0.49810103 -0.07499216
v 0.28908083 -0.03004625 -0.08220428
v 0.28917739 -0.23595956 -0.08182565
v 0.28922251 -0.33482376 -0.08147758
v 0.28923213 -0.37664989 -0.08139723
v 0.28900021 -0.43322182 -0.08109384
v 0.29486755 0.4779526 -0.08112265
v 0.29133385 0.4776091 -0.0060196
v 0.29088756 0.47749221 0.01487729
v 0.29032433 -0.49905184 0.05899877
v 0.29096809 0.47698262 0.05249723
v 0.29066062 -0.49912304 0.10433739
v 0.29104412 0.47693646 0.15062743
v 0.29157645 -0.49931982 0.17012155
v 0.28701785 -0.49945769 0.19802979
v 0.29142249 0.47645742 0.26042223
v 0.28657717 -0.49954218 0.25254196
v 0.2874597 -0.49962375 0.27810618
v 0.28286177 -0.49864841 0.30642778
v 0.28423828 0.48140681 -0.36036327
v 0.2888197 0.47861505 -0.35774064
v 0.28964913 -0.46599579 -0.33012852
v 0.28752017 -0.4846116 -0.33101705
v 0.29097933 0.47821125 -0.08109756
v 0.29147422 0.38525066 -0.08100235
v 0.29073554 0.43270689 -0.08117196
v 0.29031819 0.24424131 -0.0809463
v 0.29094616 0.29934639 -0.08086627
v 0.28851041 0.23246485 -0.08083766
v 0.28875539 0.20607638 -0.08103894
v 0.28788406 0.16997799 -0.08165432
v 0.28945413 0.12904185 -0.08183015
v 0.28922549 -0.14580876 -0.08197315
v 0.28295654 -0.49928162 0.29836655
v 0.28292996 -0.49549225 0.31259891
v 0.28312257 0.47754219 0.34467876
v 0.29283664 0.49181587 -0.3585619
v 0.28254929 0.49020138 -0.36072329
v 0.27998289 0.49448693 -0.36061385
v 0.28254929 0.49020138 -0.36072329
v 0.28715605 -0.47047243 -0.33072492
v 0.28644463 -0.49396223 -0.32832459
v 0.28678989 -0.49718434 -0.32574072
v 0.28692961 -0.49812946 -0.31823364
v 0.28668392 -0.49821803 -0.26393238
v 0.27974603 0.47813028 -0.28820184
v 0.2793785 0.47809464 -0.27549151
v 0.28650433 -0.49792546 -0.21093334
v 0.27898836 0.47798842 -0.16432074
v 0.28599152 -0.49786124 -0.13340218
v 0.27906999 0.47797593 -0.12582615
v 0.2859813 -0.49774486 -0.10224006
v 0.28053918 0.47821558 -0.08114659
v 0.28710234 0.08632016 -0.08162153
v 0.28691193 -0.03639912 -0.08184803
v 0.28688833 -0.0833656 -0.08146086
v 0.28670675 -0.17528671 -0.08156156
v 0.28642759 -0.28637463 -0.0814116
v 0.2862525 -0.33284247 -0.08093904
v 0.28680041 -0.40487266 -0.08086641
v 0.28659141 -0.4330841 -0.08089563
v 0.29097933 0.47821125 -0.08109756
v 0.28377229 0.47602221 -0.07988215
v 0.28307146 0.46795708 -0.07986869
v 0.28359741 0.45575118 -0.08005168
v 0.28745624 0.44565269 -0.08037377
v 0.28777039 0.43240228 -0.08054266
v 0.28868508 0.41187385 -0.08054093
v 0.28878155 0.38162315 -0.08049557
v 0.28836 0.35798827 -0.08036578
v 0.28812012 0.30035162 -0.08060578
v 0.28582951 -0.43950814 -0.08040719
v 0.28611687 -0.49862924 -0.0469805
v 0.28862071 0.43382969 -0.00635366
v 0.29132843 0.43462312 -0.00621531
v 0.29043236 0.43509194 -0.00353291
v 0.28816637 0.43424296 -0.00189361
v 0.28996459 0.43510756 0.00258132
v 0.28947127 0.43423486 0.0110918
v 0.28813615 0.43431538 0.007999
v 0.28593218 -0.49888223 0.05679436
v 0.28577521 -0.4991467 0.15414134
v 0.28928792 0.47479397 0.26073441
v 0.26736486 0.47692084 0.31986165
v 0.28423828 0.48140681 -0.36036327
v 0.27047771 0.47857827 -0.35927349
v 0.28608689 -0.46747673 -0.32892784
v 0.28608689 -0.46747673 -0.32892784
v 0.28715605 -0.47047243 -0.33072492
v 0.28598341 -0.48100269 -0.32999635
v 0.28598341 -0.48100269 -0.32999635
v 0.28736585 -0.45890585 -0.32699215
v 0.28678989 -0.49718434 -0.32574072
v 0.2860527 -0.49777216 -0.31911772
v 0.28721988 -0.44704774 -0.30931008
v 0.28558391 -0.44706509 -0.30089623
v 0.28546602 -0.49779642 -0.27582502
v 0.27935651 0.47798494 -0.22286938
v 0.28502488 -0.49743363 -0.21208288
v 0.28436348 -0.49731082 -0.18095723
v 0.28381756 -0.49727356 -0.11779244
v 0.27958614 0.47813582 -0.08888275
v 0.28364947 -0.49707419 -0.09710968
v 0.28662416 0.08411109 -0.08114301
v 0.28710234 0.08632016 -0.08162153
v 0.28624743 -0.03234099 -0.08127817
v 0.28624743 -0.03234099 -0.08127817
v 0.28598449 -0.07195163 -0.08061006
v 0.2859453 -0.17788938 -0.08102728
v 0.28573465 -0.24988517 -0.08098706
v 0.28532851 -0.29913756 -0.08067775
v 0.28053918 0.47821558 -0.08114659
v 0.2846815 0.44785723 -0.08002784
v 0.28704429 0.3562783 -0.08007219
v 0.28690961 0.32507506 -0.08011013
v 0.28659949 0.28719431 -0.08030611
v 0.28668794 0.22128902 -0.08026409
v 0.28670174 0.19268548 -0.08054557
v 0.2870937 0.17602038 -0.08103597
v 0.28670174 0.19268548 -0.08054557
v 0.2870937 0.17602038 -0.08103597
v 0.28558868 -0.41925693 -0.07999718
v 0.28556874 -0.33325148 -0.08008648
v 0.2862525 -0.33284247 -0.08093904
v 0.28558868 -0.41925693 -0.07999718
v 0.28523412 -0.43237209 -0.0799256
v 0.28589696 0.44223925 -0.07773246
v 0.2828224 0.44587675 -0.07785928
v 0.28745624 0.44565269 -0.08037377
v 0.28777039 0.43240228 -0.08054266
v 0.286915 0.43258265 -0.07821404
v 0.28589696 0.44223925 -0.07773246
v 0.28868508 0.41187385 -0.08054093
v 0.28778377 0.40970752 -0.07804126
v 0.28878155 0.38162315 -0.08049557
v 0.28778175 0.38512412 -0.07813071
v 0.28482202 -0.4356859 -0.07747169
v 0.28659141 -0.4330841 -0.08089563
v 0.28582951 -0.43950814 -0.08040719
v 0.28523412 -0.43237209 -0.0799256
v 0.28631145 0.43777809 -0.07455545
v 0.2858617 0.44054621 -0.07444224
v 0.28631145 0.43777809 -0.07455545
v 0.28678751 0.434726 -0.07290376
v 0.28678751 0.434726 -0.07290376
v 0.28436404 0.43512404 -0.07193138
v 0.28746715 0.43248162 -0.06254008
v 0.28738558 0.42727172 -0.06917144
v 0.2878454 0.4102807 -0.07385714
v 0.28792936 0.38538015 -0.07342691
v 0.28754735 0.36046451 -0.07273588
v 0.2873714 0.32580301 -0.07285717
v 0.28688824 0.28810382 -0.07161117
v 0.28647277 0.13145208 -0.06368195
v 0.28754196 0.42008483 -0.06017361
v 0.2868444 0.28488976 -0.05943743
v 0.28685415 0.22336572 -0.06086013
v 0.28666782 0.15423296 -0.06219314
v 0.28652483 0.11275035 -0.06050739
v 0.28658089 0.08633992 -0.07667039
v 0.28436404 0.43512404 -0.07193138
v 0.28678751 0.434726 -0.07290376
v 0.28480801 0.43428713 -0.06208877
v 0.28775442 0.38804203 -0.05921045
v 0.28756171 0.36135104 -0.05513934
v 0.28746864 0.33155373 -0.05469857
v 0.28681448 0.19052583 -0.06038004
v 0.28648517 0.08704008 -0.05344253
v 0.2870445 0.43294007 -0.05608945
v 0.2870445 0.43294007 -0.05608945
v 0.2841357 -0.4333078 -0.05713818
v 0.28732508 0.43162298 -0.05541839
v 0.28770226 0.42776546 -0.05494576
v 0.287875 0.38439441 -0.05485582
v 0.2869533 0.28327134 -0.05427994
v 0.28700608 0.20721166 -0.05475044
v 0.28685674 0.15371466 -0.05162286
v 0.28664961 0.13346881 -0.05165328
v 0.28641799 0.06724175 -0.04684234
v 0.2873238 0.42993069 -0.0518787
v 0.2845698 0.43138263 -0.05211533
v 0.2845698 0.43138263 -0.05211533
v 0.2873238 0.42993069 -0.0518787
v 0.28467828 0.42735019 -0.05013613
v 0.28755406 0.39428505 -0.05121777
v 0.28755406 0.39428505 -0.05121777
v 0.28508633 0.40851471 -0.04991831
v 0.28510496 0.38577333 -0.04984595
v 0.28732207 0.35802317 -0.05131678
v 0.28732207 0.35802317 -0.05131678
v 0.28507254 0.34031111 -0.05001592
v 0.28718534 0.31829727 -0.05135076
v 0.28718534 0.31829727 -0.05135076
v 0.28497982 0.29433256 -0.05008425
v 0.28688654 0.25057194 -0.05132899
v 0.28688654 0.25057194 -0.05132899
v 0.28493831 0.25316533 -0.04999826
v 0.28502423 0.20901096 -0.05015598
v 0.28694472 0.20745935 -0.05139967
v 0.28694472 0.20745935 -0.05139967
v 0.28491265 0.16124104 -0.05033393
v 0.28685674 0.15371466 -0.05162286
v 0.28485748 0.13980202 -0.05048124
v 0.28664961 0.13346881 -0.05165328
v 0.2866182 0.12890653 -0.04988996
v 0.28599972 -0.0905506 -0.03992634
v 0.28549963 -0.18719783 -0.05445738
v 0.28345847 -0.49817535 -0.03193732
v 0.28652719 0.12102819 -0.04362014
v 0.28618795 -0.01454791 -0.03807674
v 0.28593117 -0.14561337 -0.03162975
v 0.2852903 -0.21580653 -0.0513628
v 0.28520757 -0.24820404 -0.060112
v 0.28526908 -0.2572192 -0.02707727
v 0.28515673 -0.26464841 -0.03897384
v 0.2849834 -0.3054406 -0.05130536
v 0.28557566 -0.19048105 -0.0357707
v 0.28645748 0.03958052 -0.01924659
v 0.2861622 -0.10615499 -0.02388822
v 0.28689098 0.08245292 -0.00860862
v 0.28674012 0.12319921 -0.02373424
v 0.28519744 0.1253611 -0.03189287
v 0.28673902 0.12479963 -0.02959377
v 0.28494436 -0.31041497 -0.03123116
v 0.28642812 -0.00533623 -0.01855334
v 0.28637487 -0.04098846 -0.02204846
v 0.28743875 0.43171063 -0.02549958
v 0.28747299 0.42657301 -0.02591193
v 0.28803453 0.42761272 -0.02305048
v 0.28809601 0.41786596 -0.02322633
v 0.28746021 0.37759122 -0.02586946
v 0.28802991 0.38239142 -0.02338095
v 0.28766415 0.36241227 -0.02322787
v 0.28691918 0.30712068 -0.02596008
v 0.28700316 0.29244298 -0.02372418
v 0.28695312 0.23026967 -0.02609527
v 0.28717208 0.21900992 -0.02165475
v 0.28703183 0.17842282 -0.02276878
v 0.28693759 0.15058883 -0.02592468
v 0.28680974 0.13474546 -0.02580462
v 0.2868053 0.12917309 -0.02650182
v 0.28607607 -0.16101331 -0.00931142
v 0.2872515 0.43368584 -0.00849982
v 0.28698283 0.43297076 -0.0252924
v 0.28798664 0.4322843 -0.01399401
v 0.28302357 0.43364456 -0.02278381
v 0.28698283 0.43297076 -0.0252924
v 0.2872515 0.43368584 -0.00849982
v 0.28828511 0.42337662 -0.01551979
v 0.2882452 0.40583444 -0.01571366
v 0.28811073 0.38144922 -0.01812105
v 0.28768721 0.35276899 -0.01797292
v 0.2870791 0.29136989 -0.01768528
v 0.28712866 0.24565773 -0.01613976
v 0.28706133 0.16066495 -0.01283885
v 0.28629172 -0.08652904 -0.01411087
v 0.28869593 0.42910364 -0.01266929
v 0.28794444 0.38207078 -0.01293574
v 0.28707501 0.30724609 -0.0127474
v 0.28697833 0.25646093 -0.01250407
v 0.28713802 0.22477123 -0.00832322
v 0.28699201 0.18822746 -0.00824605
v 0.28686735 0.1377392 -0.00810169
v 0.28656715 0.03026623 -0.0083125
v 0.28660098 -0.03971163 -0.0083618
v 0.28392744 -0.43267992 -0.02020714
v 0.28392303 -0.43591794 -0.01753929
v 0.28402659 -0.43237266 -0.00986769
v 0.28346142 -0.43648574 -0.00979514
v 0.28904009 0.43252692 -0.00800492
v 0.29010487 0.429791 -0.00655535
v 0.28863472 0.42051235 -0.00831822
v 0.28822109 0.38688931 -0.0086002
v 0.28904009 0.43252692 -0.00800492
v 0.2895571 0.40509263 -0.00736772
v 0.28822109 0.38688931 -0.0086002
v 0.2874063 0.34578869 -0.00871657
v 0.28748587 0.3373003 -0.00826813
v 0.28735316 0.31901303 -0.00791754
v 0.28701308 0.2608155 -0.00752085
v 0.2871289 0.2537722 -0.00838348
v 0.28713802 0.22477123 -0.00832322
v 0.28699201 0.18822746 -0.00824605
v 0.28794971 0.17270172 -0.00652648
v 0.28742439 0.14012416 -0.00651576
v 0.28723204 0.09521499 -0.00700194
v 0.28700128 0.02509505 -0.00692066
v 0.28704825 -0.04039672 -0.00694136
v 0.28470218 -0.42924696 -0.00369156
v 0.28447133 -0.43557802 -0.00389294
v 0.28312314 -0.49827421 0.03633608
v 0.28045163 0.43442401 0.01591681
v 0.28901142 0.4343344 0.04826403
v 0.28280672 -0.49849078 0.06866014
v 0.28189155 0.43458143 0.09508117
v 0.28931275 0.43457344 0.09965933
v 0.28264135 -0.49868461 0.11587659
v 0.2823514 0.43438819 0.12877543
v 0.28918606 0.43422174 0.16427447
v 0.28263429 0.43425256 0.16997303
v 0.28256223 -0.49891388 0.18168573
v 0.28942788 0.43389469 0.19933033
v 0.28253716 -0.49917054 0.24092562
v 0.28138179 0.43399903 0.23963943
v 0.28238043 -0.49941939 0.27275404
v 0.27986187 0.43410364 0.26241693
v 0.289076 0.43595347 0.26181075
v 0.27567384 0.47716329 0.34019583
v 0.27639928 0.478589 0.34953687
v 0.28423828 0.48140681 -0.36036327
v 0.27723339 0.48129347 -0.36134785
v 0.27723339 0.48129347 -0.36134785
v 0.28423828 0.48140681 -0.36036327
v 0.27598715 0.47925654 -0.36092347
v 0.28560483 -0.46964863 -0.32674998
v 0.28543904 -0.49100152 -0.32676759
v 0.28644463 -0.49396223 -0.32832459
v 0.28549677 -0.46055514 -0.32225507
v 0.28478703 -0.49229366 -0.32134187
v 0.28547066 -0.49567366 -0.32272655
v 0.28678989 -0.49718434 -0.32574072
v 0.2860527 -0.49777216 -0.31911772
v 0.28529131 -0.45666403 -0.31709778
v 0.25540629 0.47843456 -0.33572453
v 0.26004693 0.47834182 -0.30704504
v 0.28440589 -0.4848069 -0.30805147
v 0.28405657 -0.49218634 -0.30457741
v 0.28463712 -0.49581119 -0.30730927
v 0.28528047 -0.45116961 -0.31005365
v 0.27248409 0.47822988 -0.28757188
v 0.28448775 -0.44999138 -0.28898466
v 0.28434256 -0.46455315 -0.29528177
v 0.28478467 -0.4476167 -0.28825364
v 0.28546602 -0.49779642 -0.27582502
v 0.28400201 -0.4850904 -0.28894818
v 0.27841565 0.4780671 -0.28076211
v 0.2838327 -0.46379998 -0.26474085
v 0.28363934 -0.49225366 -0.26001582
v 0.28419352 -0.44561237 -0.2391984
v 0.28410813 -0.49571085 -0.24640785
v 0.28336653 -0.45050436 -0.23875275
v 0.28345281 -0.44686672 -0.22789629
v 0.28313282 -0.46771398 -0.22293036
v 0.28300241 -0.49190694 -0.20474797
v 0.28502488 -0.49743363 -0.21208288
v 0.28379458 -0.49560517 -0.20726129
v 0.28266329 -0.47123668 -0.18688513
v 0.28248569 -0.4463293 -0.1657885
v 0.2833257 -0.44430459 -0.17785181
v 0.28436348 -0.49731082 -0.18095723
v 0.28310379 -0.49548957 -0.17738415
v 0.28230974 -0.49192512 -0.17563947
v 0.28209043 -0.48736453 -0.1570075
v 0.28196302 -0.44602856 -0.13267934
v 0.28340423 -0.44283777 -0.1340197
v 0.28397575 -0.44320619 -0.17249247
v 0.28258133 -0.49550301 -0.12069315
v 0.28381756 -0.49727356 -0.11779244
v 0.28251046 -0.44383326 -0.13293791
v 0.28162497 -0.46998885 -0.11870314
v 0.28138864 -0.44559062 -0.11103617
v 0.28166205 -0.44356164 -0.11056588
v 0.28166205 -0.44356164 -0.11056588
v 0.28111258 -0.46498686 -0.10292311
v 0.28290781 -0.49656853 -0.09937117
v 0.28290781 -0.49656853 -0.09937117
v 0.2821233 -0.4953858 -0.09995447
v 0.28151983 -0.44296041 -0.09715138
v 0.28018272 0.47553912 -0.08064812
v 0.27978256 0.46792713 -0.08026627
v 0.28602666 0.03821988 -0.08021545
v 0.28598449 -0.07195163 -0.08061006
v 0.2859453 -0.17788938 -0.08102728
v 0.28582937 -0.15079096 -0.08034492
v 0.28543696 -0.22701207 -0.08023833
v 0.28573465 -0.24988517 -0.08098706
v 0.28532851 -0.29913756 -0.08067775
v 0.28034195 0.46599171 -0.07872734
v 0.28143293 0.46298644 -0.07875416
v 0.2811524 0.45188296 -0.07880802
v 0.27947855 0.45060539 -0.07858926
v 0.27991384 0.44157875 -0.07781407
v 0.28169236 0.438889 -0.07511315
v 0.28659949 0.28719431 -0.08030611
v 0.28668794 0.22128902 -0.08026409
v 0.28598028 -0.03141321 -0.07698637
v 0.28534177 -0.20419608 -0.07782862
v 0.28531444 -0.23526746 -0.07772793
v 0.28505215 -0.27715564 -0.07790919
v 0.28513753 -0.32405326 -0.07763346
v 0.28518176 -0.35239071 -0.0777043
v 0.28517136 -0.39342058 -0.07772393
v 0.28523713 -0.41924122 -0.07742422
v 0.28062958 0.4375912 -0.07715102
v 0.28062958 0.4375912 -0.07715102
v 0.28371385 0.43766588 -0.07431086
v 0.28028551 0.43537149 -0.07507557
v 0.28026608 0.43517232 -0.07281639
v 0.28511602 -0.28565532 -0.07120721
v 0.28236094 -0.49738538 -0.04944161
v 0.2847375 -0.34795126 -0.05603846
v 0.28473541 -0.40367052 -0.05889427
v 0.27615553 0.43460634 -0.06548605
v 0.28437373 -0.42378259 -0.05630931
v 0.27618206 0.43421483 -0.06015914
v 0.2845698 0.43138263 -0.05211533
v 0.2790314 0.43165746 -0.05175241
v 0.28005478 0.42815471 -0.04996675
v 0.28033954 0.38605887 -0.04998476
v 0.28114823 0.3525548 -0.05012399
v 0.27952951 0.25548965 -0.05015313
v 0.2846252 -0.38016474 -0.04577307
v 0.28428209 -0.41782495 -0.04615317
v 0.28537896 0.12582867 -0.0491222
v 0.28457019 -0.35271445 -0.03755989
v 0.28452021 -0.39843726 -0.03420706
v 0.28345054 -0.43219429 -0.0486184
v 0.28481075 0.12557109 -0.0458228
v 0.28115955 0.12683839 -0.04914023
v 0.28537896 0.12582867 -0.0491222
v 0.28481075 0.12557109 -0.0458228
v 0.28366852 -0.42854625 -0.03360309
v 0.28316966 -0.43290681 -0.03169408
v 0.28546107 -0.2193303 -0.02559432
v 0.28413987 -0.42178595 -0.02607652
v 0.28186145 -0.49754137 -0.00486542
v 0.28514987 -0.31918576 -0.00842604
v 0.28468239 -0.36660233 -0.02360556
v 0.28444216 -0.41351792 -0.01972017
v 0.27536687 0.43325391 -0.02539875
v 0.27838567 0.4338553 -0.02258232
v 0.28567234 -0.20088595 -0.00884137
v 0.28501919 -0.34805304 -0.00824475
v 0.28553116 -0.23972555 -0.00838211
v 0.28521681 -0.28555891 -0.00806651
v 0.28487131 -0.39196196 -0.00803254
v 0.28451294 -0.42378053 -0.00885031
v 0.27829802 0.43432984 -0.00416461
v 0.28583705 -0.22363447 -0.00652094
v 0.28550327 -0.29236004 -0.00525455
v 0.28534389 -0.33563206 -0.00560273
v 0.28557405 -0.35082883 -0.0046941
v 0.2813628 -0.4976255 0.05342263
v 0.27590343 0.43449542 0.05549897
v 0.28069946 -0.49767181 0.07539907
v 0.28035411 -0.49785277 0.11855591
v 0.28024331 -0.49820417 0.2208859
v 0.27528283 0.43413466 0.19796939
v 0.2801258 -0.49827117 0.24597476
v 0.27486223 0.43402895 0.25319263
v 0.27988079 -0.4985038 0.29469356
v 0.27919802 -0.49777937 0.30557346
v 0.28051454 -0.49745762 0.30942172
v 0.2788882 -0.49440885 0.31204727
v 0.26880342 0.49067506 -0.3623246
v 0.27831092 0.46118763 -0.28693965
v 0.27810499 0.43909779 -0.28684413
v 0.27768895 0.43586883 -0.28641346
v 0.27644303 0.47795233 -0.28484038
v 0.27591893 0.43537304 -0.28393388
v 0.27768895 0.43586883 -0.28641346
v 0.27823356 0.43560645 -0.27820861
v 0.27659446 0.43532097 -0.24939488
v 0.27813858 0.43558332 -0.24422532
v 0.27819806 0.43557099 -0.21072504
v 0.27755713 0.43556446 -0.17133987
v 0.27615374 0.4353385 -0.14762838
v 0.27756143 0.43554413 -0.12647367
v 0.27793339 0.43548119 -0.09541857
v 0.2806865 -0.44588399 -0.09269407
v 0.28099579 -0.49206948 -0.09348233
v 0.27844334 0.43541652 -0.08363893
v 0.27561197 0.43486184 -0.07942579
v 0.28036299 -0.45563638 -0.07219715
v 0.28113833 -0.49558997 -0.05673645
v 0.28049272 -0.49212751 -0.07381035
v 0.28025079 -0.44537824 -0.06162291
v 0.28236094 -0.49738538 -0.04944161
v 0.28025466 -0.47925818 -0.06281675
v 0.27523026 0.43356752 -0.05488095
v 0.27994898 -0.49207795 -0.04921648
v 0.27512297 0.43185058 -0.05059748
v 0.26998639 0.4206109 -0.04991066
v 0.26297575 0.3159337 -0.05020701
v 0.26097029 0.27580869 -0.05021927
v 0.2665087 0.21569362 -0.05022697
v 0.27335912 0.13857721 -0.05023061
v 0.28033477 -0.44191772 -0.05059181
v 0.27977222 -0.45936614 -0.04374553
v 0.27975774 -0.44624013 -0.03027915
v 0.27914935 -0.4920626 0.00199778
v 0.27686265 0.12670103 -0.04636142
v 0.27688947 0.12662692 -0.0282815
v 0.28001013 -0.44200784 -0.02765842
v 0.27952915 -0.47833851 -0.02210436
v 0.28186145 -0.49754137 -0.00486542
v 0.27934465 -0.45538992 -0.0131692
v 0.27436334 0.43463239 -0.02302331
v 0.28014234 -0.49556461 0.00193929
v 0.27904624 -0.44227496 -0.00306604
v 0.27907652 -0.471775 0.01149527
v 0.27450573 0.43456012 -0.00693714
v 0.27923471 -0.49418354 0.00362083
v 0.27890629 -0.44173974 0.01752189
v 0.27887627 -0.4562068 0.02569532
v 0.2754482 0.43460056 0.02390721
v 0.278862 -0.43971434 0.0193291
v 0.27975652 -0.43742007 0.02649261
v 0.27868247 -0.49122697 0.03972369
v 0.27993947 -0.49607816 0.04932852
v 0.2813628 -0.4976255 0.05342263
v 0.27895728 -0.49449837 0.04559729
v 0.27868107 -0.49515894 0.07190962
v 0.27951172 -0.4966718 0.07183221
v 0.27951172 -0.4966718 0.07183221
v 0.27546236 0.43477106 0.10102291
v 0.27924082 -0.49712422 0.12727685
v 0.27924082 -0.49712422 0.12727685
v 0.27579674 0.43447527 0.17337754
v 0.27830043 -0.49565685 0.17698087
v 0.27913746 -0.49733165 0.20681131
v 0.27913746 -0.49733165 0.20681131
v 0.27841109 -0.49584028 0.23750426
v 0.27525532 0.43414959 0.23268439
v 0.27897477 -0.49782422 0.27056763
v 0.27897477 -0.49782422 0.27056763
v 0.26804283 0.43410558 0.25769272
v 0.27777991 -0.43680578 0.28428105
v 0.26337743 0.47657168 0.28257221
v 0.27919802 -0.49777937 0.30557346
v 0.28051454 -0.49745762 0.30942172
v 0.27829066 -0.49586803 0.30497372
v 0.2685653 0.49455151 -0.3619971
v 0.27311477 0.46908513 -0.28758529
v 0.27097142 0.43696582 -0.28733957
v 0.27495664 0.47809198 -0.28629041
v 0.27276799 0.43523589 -0.25852287
v 0.27278104 0.43525577 -0.18527968
v 0.27277601 0.43524402 -0.11789726
v 0.27178636 0.43518198 -0.08909537
v 0.2722446 0.43520036 -0.05974026
v 0.27305856 0.43454891 -0.05213906
v 0.27253965 0.43311417 -0.04881295
v 0.2609866 0.15284956 -0.05035527
v 0.27253965 0.43311417 -0.04881295
v 0.27301177 0.43547913 -0.02316772
v 0.27285543 0.43435201 -0.02582206
v 0.27295867 0.43517032 -0.00483961
v 0.27337709 0.43512097 0.01916014
v 0.27855456 -0.44328627 0.04024766
v 0.27858812 -0.46629828 0.05146902
v 0.27347049 0.43506867 0.05471332
v 0.27787498 -0.43871963 0.0755283
v 0.27818564 -0.48097169 0.07881356
v 0.27815086 -0.49213755 0.07377728
v 0.27806231 -0.45544022 0.08590506
v 0.27298126 0.43518174 0.08357543
v 0.27774996 -0.43866438 0.10738041
v 0.27316436 0.43516839 0.11478273
v 0.27763703 -0.44599268 0.14818335
v 0.27790475 -0.46035272 0.11953282
v 0.27783829 -0.49213487 0.12423331
v 0.27785414 -0.47992668 0.13349579
v 0.27745992 -0.43861413 0.14453425
v 0.27767634 -0.46161467 0.16483888
v 0.27757215 -0.49215025 0.17613353
v 0.27318934 0.43500304 0.18330611
v 0.27760682 -0.46914959 0.19417477
v 0.27753687 -0.48585638 0.20615426
v 0.27729052 -0.43861821 0.19619539
v 0.27750713 -0.45002073 0.20135039
v 0.27755103 -0.49205026 0.22500105
v 0.27758789 -0.47494167 0.22810732
v 0.27335048 0.4349308 0.21678966
v 0.27728096 -0.43884981 0.28437606
v 0.27320817 0.43482801 0.24376278
v 0.27754086 -0.45555225 0.27725208
v 0.27747056 -0.49191168 0.24656959
v 0.27730736 -0.44264522 0.28168073
v 0.27753663 -0.47876763 0.26137322
v 0.27262303 0.43476424 0.24941246
v 0.27812085 -0.49584439 0.26237202
v 0.27735072 -0.49220738 0.28647566
v 0.25771186 0.47635219 0.27011049
v 0.27752829 -0.47395447 0.30715749
v 0.27733213 -0.45002407 0.30053133
v 0.27745545 -0.44343099 0.30199245
v 0.27742928 -0.49191767 0.30715418
v 0.27737078 -0.45643839 0.30811197
v 0.2775794 -0.44808304 0.30759478
v 0.27761209 -0.45921731 0.3117446
v 0.27762839 -0.49077514 0.31099662
v 0.26453924 0.47729963 0.34760335
v 0.27154982 0.47959527 -0.36180267
v 0.2597563 0.47870836 -0.36158624
v 0.26022258 0.47645083 -0.28662354
v 0.26361078 0.46600139 -0.28741637
v 0.2579715 0.43598285 -0.28691426
v 0.2579715 0.43598285 -0.28691426
v 0.26786324 0.43526495 -0.15380579
v 0.27148676 0.46459958 -0.06592139
v 0.27231455 0.4626199 -0.06474755
v 0.27328977 0.47139639 -0.06101746
v 0.27263921 0.47613904 -0.0604462
v 0.27324906 0.44206494 -0.0604024
v 0.2724244 0.44275531 -0.06355853
v 0.27166846 0.43865716 -0.0626709
v 0.27209288 0.43768317 -0.05970836
v 0.27303398 0.47217554 -0.05434954
v 0.27295274 0.46269947 -0.05528327
v 0.27308583 0.44195968 -0.05547276
v 0.27274832 0.43785125 -0.05278285
v 0.2722446 0.43520036 -0.05974026
v 0.27305856 0.43454891 -0.05213906
v 0.27206916 0.47772387 -0.04340541
v 0.25791433 0.40434635 -0.05006676
v 0.25665006 0.395071 -0.05014831
v 0.27318391 0.47264132 -0.03273895
v 0.27288041 0.4386293 -0.04642221
v 0.27253965 0.43311417 -0.04881295
v 0.23685218 0.12731758 -0.04978843
v 0.27917412 0.12725672 -0.05016945
v 0.27310196 0.47615108 -0.03737232
v 0.27226174 0.43410292 -0.04539522
v 0.27270266 0.43183509 -0.04895223
v 0.27139667 0.43221778 -0.04587366
v 0.27291921 0.45867994 -0.03147702
v 0.27211711 0.4339456 -0.04092456
v 0.27307937 0.4376463 -0.03537606
v 0.27136248 0.43230551 -0.04300583
v 0.27217451 0.43397224 -0.03598736
v 0.27253869 0.4341507 -0.02893811
v 0.27154419 0.43241379 -0.03382911
v 0.27163815 0.47758222 -0.00893488
v 0.27306744 0.43763366 -0.02623424
v 0.27137327 0.43241468 -0.02815801
v 0.27285543 0.43435201 -0.02582206
v 0.27230093 0.43180406 -0.02630676
v 0.25570855 0.1270595 -0.02732957
v 0.27240482 0.47621924 -0.01101014
v 0.27265647 0.47214118 -0.01155521
v 0.27301177 0.43547913 -0.02316772
v 0.27248377 0.46012405 -0.0111225
v 0.27267301 0.43927974 -0.00673913
v 0.27295867 0.43517032 -0.00483961
v 0.2725032 0.43747169 0.00730858
v 0.27266806 0.44739828 0.00145265
v 0.27308527 0.47228801 0.01168687
v 0.27289289 0.46096379 0.01444032
v 0.27285206 0.44877231 0.01448279
v 0.27337709 0.43512097 0.01916014
v 0.27176061 0.47725874 0.01997812
v 0.27280369 0.47577566 0.04314746
v 0.27318203 0.47242922 0.0429297
v 0.27285257 0.45907331 0.04366967
v 0.27274466 0.44227394 0.04996375
v 0.27265176 0.43748549 0.04963911
v 0.27180862 0.47710958 0.04371426
v 0.27347049 0.43506867 0.05471332
v 0.27139425 0.47677693 0.06605012
v 0.27188027 0.47556952 0.07512712
v 0.27234671 0.4723869 0.07887594
v 0.27215138 0.46225372 0.08006645
v 0.27204025 0.46181867 0.0887942
v 0.27216733 0.44281903 0.08377374
v 0.27298126 0.43518174 0.08357543
v 0.27204663 0.43749169 0.08509227
v 0.27096429 0.47654489 0.11163878
v 0.27225119 0.44163892 0.11139067
v 0.27316436 0.43516839 0.11478273
v 0.27226377 0.47233707 0.11465433
v 0.27165484 0.47554097 0.10826132
v 0.27221161 0.43749693 0.1183936
v 0.27218074 0.45999068 0.13219583
v 0.27181441 0.47565719 0.12501204
v 0.2713508 0.47670504 0.12752457
v 0.27219024 0.46009475 0.1628388
v 0.27226901 0.44201127 0.16987519
v 0.2718263 0.47558227 0.16112567
v 0.2723746 0.47234169 0.16187404
v 0.27133179 0.4766494 0.18718934
v 0.27220422 0.43750951 0.17797069
v 0.27318934 0.43500304 0.18330611
v 0.27204815 0.47551736 0.18950744
v 0.27273491 0.47244111 0.18906881
v 0.27257243 0.45979241 0.20398213
v 0.27133179 0.4766494 0.18718934
v 0.27204815 0.47551736 0.18950744
v 0.26919818 0.47653303 0.19091742
v 0.27295166 0.47247368 0.21565747
v 0.27257279 0.44227144 0.2195664
v 0.27335048 0.4349308 0.21678966
v 0.27214834 0.4754836 0.21728197
v 0.27214834 0.4754836 0.21728197
v 0.26918939 0.47652462 0.21905725
v 0.27242869 0.43744552 0.24091181
v 0.27252471 0.45983782 0.22734761
v 0.27220801 0.47263935 0.24368279
v 0.27320817 0.43482801 0.24376278
v 0.27151155 0.47524598 0.24700999
v 0.27151155 0.47524598 0.24700999
v 0.26909444 0.47635475 0.23680227
v 0.27212197 0.45784932 0.24411911
v 0.26888826 0.4761343 0.24382836
v 0.27210847 0.44165653 0.24556476
v 0.27157035 0.43761545 0.24813806
v 0.27144247 0.47193485 0.24803352
v 0.26912761 0.47531229 0.24861531
v 0.26992029 0.47268876 0.24993846
v 0.26912761 0.47531229 0.24861531
v 0.27151155 0.47524598 0.24700999
v 0.26992029 0.47268876 0.24993846
v 0.26993567 0.45205712 0.24989365
v 0.27156156 0.44259524 0.2486635
v 0.27021167 0.44160494 0.25048357
v 0.27021167 0.44160494 0.25048357
v 0.27157035 0.43761545 0.24813806
v 0.26796651 0.43752983 0.25167385
v 0.27262303 0.43476424 0.24941246
v 0.27262303 0.43476424 0.24941246
v 0.27004239 0.43525174 0.2503781
v 0.27004239 0.43525174 0.2503781
v 0.2689667 0.43482378 0.25300452
v 0.26006362 0.4782438 -0.28727964
v 0.26006362 0.4782438 -0.28727964
v 0.25797796 0.43558308 -0.28400305
v 0.25935823 0.4353877 -0.26478377
v 0.25825527 0.43547717 -0.24728164
v 0.25885502 0.43544728 -0.1732728
v 0.2586869 0.43547004 -0.1028024
v 0.25970328 0.43537939 -0.08554646
v 0.26267308 0.43488258 -0.06406728
v 0.26559916 0.47774696 -0.06609841
v 0.26404718 0.43526191 -0.05936957
v 0.24943629 0.24100175 -0.05026072
v 0.24552 0.12906463 -0.0500667
v 0.23685218 0.12731758 -0.04978843
v 0.25084746 0.12693405 -0.04885621
v 0.25622737 0.47750133 -0.02038615
v 0.27206916 0.47772387 -0.04340541
v 0.27163815 0.47758222 -0.00893488
v 0.25841445 0.47676525 0.07028402
v 0.27139425 0.47677693 0.06605012
v 0.27096429 0.47654489 0.11163878
v 0.25834811 0.47660193 0.11041573
v 0.2713508 0.47670504 0.12752457
v 0.25557947 0.47662562 0.14132211
v 0.25450388 0.47658688 0.17864043
v 0.26449844 0.4757024 0.24858844
v 0.26790658 0.47464463 0.25107241
v 0.26790658 0.47464463 0.25107241
v 0.26336432 0.47493196 0.25122577
v 0.26336432 0.47493196 0.25122577
v 0.264083 0.47226661 0.25146645
v 0.26447785 0.46312419 0.25132224
v 0.26993567 0.45205712 0.24989365
v 0.2679061 0.45231506 0.25107056
v 0.26445612 0.45217025 0.25130099
v 0.26831889 0.44163913 0.25157669
v 0.2648997 0.44167542 0.25180262
v 0.2689667 0.43482378 0.25300452
v 0.2622197 0.43499005 0.25337774
v 0.2622197 0.43499005 0.25337774
v 0.25139549 0.48129821 -0.36345521
v 0.25808042 0.47026405 -0.28669572
v 0.25778148 0.46055469 -0.28705812
v 0.26008219 0.43530196 -0.06472924
v 0.26111904 0.47799981 -0.06884179
v 0.25956595 0.47810379 -0.07214361
v 0.26111904 0.47799981 -0.06884179
v 0.25753024 0.47814888 -0.07257198
v 0.26074719 0.43555072 -0.05657106
v 0.26316929 0.43559742 -0.05659771
v 0.24265824 0.33806115 -0.05025482
v 0.27176061 0.47725874 0.01997812
v 0.24906382 0.47715506 0.03401052
v 0.27180862 0.47710958 0.04371426
v 0.24931271 0.43428209 0.26284423
v 0.24244027 0.49060002 -0.36378816
v 0.26006362 0.4782438 -0.28727964
v 0.26022258 0.47645083 -0.28662354
v 0.25782278 0.47634754 -0.28317142
v 0.25667584 0.47830072 -0.28396049
v 0.25808042 0.47026405 -0.28669572
v 0.25779089 0.47163585 -0.28417915
v 0.25810456 0.43555534 -0.20881124
v 0.25686333 0.47809124 -0.10642533
v 0.2586135 0.47805193 -0.10088596
v 0.25506818 0.47820055 -0.09322056
v 0.25910628 0.4356367 -0.08814035
v 0.25968608 0.47595242 -0.07916765
v 0.2586135 0.47805193 -0.10088596
v 0.25864914 0.47698697 -0.10402023
v 0.25852272 0.46096674 -0.10083554
v 0.2595351 0.45294663 -0.07628782
v 0.2590377 0.4491272 -0.09219608
v 0.25912338 0.43758133 -0.08485471
v 0.25910628 0.4356367 -0.08814035
v 0.25970328 0.43537939 -0.08554646
v 0.26036683 0.47117057 -0.06904408
v 0.25976735 0.43727639 -0.0681372
v 0.26008219 0.43530196 -0.06472924
v 0.2601507 0.44152832 -0.06499509
v 0.26010934 0.43750292 -0.06405561
v 0.26030907 0.43605119 -0.0601782
v 0.26074719 0.43555072 -0.05657106
v 0.23137483 0.37761074 -0.05016266
v 0.24412552 0.18111944 -0.05029099
v 0.24139829 0.1269058 -0.02888565
v 0.24375793 0.47658888 0.2063581
v 0.24525267 0.476515 0.22342071
v 0.25348109 0.43768474 0.25163677
v 0.20141114 0.47630411 0.27025953
v 0.23974824 0.49483019 -0.3631638
v 0.25778148 0.46055469 -0.28705812
v 0.25743622 0.4607076 -0.28479949
v 0.2572284 0.44156566 -0.2844747
v 0.2579715 0.43598285 -0.28691426
v 0.25731814 0.43774816 -0.28438056
v 0.25797796 0.43558308 -0.28400305
v 0.25787243 0.4763135 -0.26227367
v 0.25747895 0.44367042 -0.25549582
v 0.25651935 0.47821322 -0.24250449
v 0.25245392 0.4783608 -0.27103853
v 0.25667584 0.47830072 -0.28396049
v 0.25651935 0.47821322 -0.24250449
v 0.25746438 0.46075585 -0.26020288
v 0.25764838 0.43753639 -0.25479946
v 0.25825527 0.43547717 -0.24728164
v 0.25747359 0.47617021 -0.2405754
v 0.25381324 0.47835398 -0.21932705
v 0.25719944 0.46113682 -0.23318791
v 0.25735748 0.44159579 -0.22967131
v 0.25742 0.43769717 -0.21014997
v 0.25754216 0.47218624 -0.20694047
v 0.25810456 0.43555534 -0.20881124
v 0.25765595 0.47623411 -0.19850966
v 0.257278 0.46023586 -0.20861587
v 0.25687614 0.47802109 -0.18526164
v 0.25687614 0.47802109 -0.18526164
v 0.25361875 0.47803807 -0.17479388
v 0.25817618 0.47621477 -0.17921323
v 0.25787139 0.46024087 -0.17746972
v 0.2581152 0.44157436 -0.1729234
v 0.25830859 0.43755451 -0.17153551
v 0.25885502 0.43544728 -0.1732728
v 0.25822234 0.47621524 -0.13648042
v 0.25800821 0.46164867 -0.14689285
v 0.25822395 0.47212559 -0.1461744
v 0.25690091 0.47802746 -0.13871732
v 0.25690091 0.47802746 -0.13871732
v 0.25812837 0.44158059 -0.1266173
v 0.25832674 0.43729907 -0.10318106
v 0.25809345 0.45260394 -0.12309284
v 0.25799906 0.4601 -0.11857747
v 0.2586869 0.43547004 -0.1028024
v 0.25821492 0.47185004 -0.11816428
v 0.25686333 0.47809124 -0.10642533
v 0.25820029 0.47618914 -0.10959953
v 0.25842103 0.45051199 -0.10417309
v 0.25060308 0.47763035 -0.04601342
v 0.24044934 0.42928299 -0.04950694
v 0.23483911 0.30345744 -0.05025145
v 0.2401112 0.14504398 -0.05023462
v 0.24299115 0.47630024 0.24373896
v 0.24625872 0.47568405 0.2487198
v 0.24239185 0.4572176 0.25098148
v 0.24079598 0.45023957 0.25103983
v 0.24444059 0.43398038 0.25670353
v 0.23740545 0.47673494 0.32144707
v 0.23391515 0.47720623 0.35163057
v 0.25139549 0.48129821 -0.36345521
v 0.23588212 0.47908604 -0.3633498
v 0.21625082 0.47834918 -0.32974502
v 0.23823224 0.47804916 -0.0822435
v 0.19467701 0.39967 -0.0501086
v 0.22049437 0.12696385 -0.0403079
v 0.23941918 0.47741359 -0.01124826
v 0.23493178 0.47695488 0.05241003
v 0.22712556 0.47661707 0.09305282
v 0.22968578 0.47652796 0.14801526
v 0.23053433 0.47459051 0.25093576
v 0.22964662 0.46292266 0.25103715
v 0.24012801 0.44202909 0.25138095
v 0.22314772 0.47660607 0.30866295
v 0.22248954 0.47676924 0.33196956
v 0.23305692 0.48122478 -0.36396453
v 0.2230058 0.3498376 -0.05022049
v 0.23236173 0.43064043 -0.04916225
v 0.22441854 0.47656381 0.11650698
v 0.23305692 0.48122478 -0.36396453
v 0.25139549 0.48129821 -0.36345521
v 0.23588212 0.47908604 -0.3633498
v 0.23886739 0.47811982 -0.21209811
v 0.2411211 0.47807169 -0.12122323
v 0.22840957 0.22285655 -0.05029546
v 0.22760937 0.47752047 -0.02881625
v 0.21757469 0.47649616 0.19926828
v 0.22591685 0.47825372 -0.25638202
v 0.22966735 0.47803462 -0.18633768
v 0.21174619 0.477754 -0.04613966
v 0.20521355 0.12726294 -0.02741848
v 0.21675423 0.47639754 0.17643362
v 0.22826631 0.47522753 0.24879092
v 0.2188077 0.43390346 0.25628635
v 0.2201391 0.43414897 0.26252455
v 0.20756166 0.47848335 -0.36202461
v 0.21292216 0.47831327 -0.30184045
v 0.20779531 0.47812742 -0.13220377
v 0.21336712 0.47803026 -0.07428284
v 0.20854865 0.1600958 -0.05031055
v 0.22288358 0.47728154 0.01781987
v 0.22686192 0.47609371 0.24416199
v 0.22513156 0.43491998 0.25304481
v 0.22399318 0.47736701 0.35497403
v 0.21234633 0.42772129 -0.04963388
v 0.1999869 0.41181216 -0.04992487
v 0.21540833 0.26929379 -0.05027514
v 0.21624124 0.19377789 -0.05029957
v 0.19769114 0.47629091 0.23831473
v 0.20444992 0.45765299 0.25062102
v 0.20356539 0.46638703 0.25084835
v 0.1986917 0.47823685 -0.23538086
v 0.20911729 0.47809237 -0.17490685
v 0.19852836 0.33917233 -0.05026007
v 0.2009154 0.30873582 -0.050262
v 0.19379032 0.12924917 -0.05012481
v 0.1988346 0.47744673 0.01185374
v 0.20705782 0.47717211 0.04155393
v 0.20455889 0.47673637 0.07225621
v 0.19450086 0.47643942 0.22047944
v 0.20186062 0.46945632 0.25055897
v 0.20391993 0.45167971 0.25067168
v 0.20841438 0.44156525 0.25117275
v 0.19033891 0.17805956 -0.05028483
v 0.19408125 0.47648555 0.11404924
v 0.22320314 0.43575692 0.25121802
v 0.20500016 0.43491215 0.25298294
v 0.20555985 0.47695315 0.34424579
v 0.17009611 0.47832775 -0.26470971
v 0.20020746 0.47818118 -0.09946741
v 0.19323817 0.24761853 -0.05029671
v 0.19961505 0.47254351 0.25049964
v 0.19475171 0.49037549 -0.36399311
v 0.19790234 0.43055871 -0.04922675
v 0.1769577 0.4777292 -0.01912235
v 0.19859228 0.47629395 0.17298102
v 0.18654647 0.47523084 0.24865268
v 0.18654647 0.47523084 0.24865268
v 0.20671433 0.43575996 0.25117084
v 0.19405468 0.47668481 0.33134794
v 0.18676883 0.49473751 -0.36322919
v 0.18234187 0.47908333 -0.36349374
v 0.18234187 0.47908333 -0.36349374
v 0.17204285 0.38374174 -0.05019005
v 0.18791358 0.47606838 0.24416734
v 0.196711 0.43382189 0.25605625
v 0.19074431 0.47651914 0.29735076
v 0.19119787 0.48114827 -0.36410034
v 0.19119787 0.48114827 -0.36410034
v 0.23305692 0.48122478 -0.36396453
v 0.1840352 0.47820106 -0.15277392
v 0.20500016 0.43491215 0.25298294
v 0.18770114 0.43376073 0.26257813
v 0.16653049 0.47655529 0.31824616
v 0.18184023 0.47819865 -0.09567031
v 0.1760416 0.47807962 -0.06496163
v 0.17546794 0.21892223 -0.05028965
v 0.1685978 0.12720641 -0.04870873
v 0.18386045 0.47716141 0.05191862
v 0.19143836 0.44217482 0.25154036
v 0.19989689 0.47457054 0.26198462
v 0.17288002 0.47642297 0.28508568
v 0.17486995 0.47832865 -0.31227165
v 0.19596159 0.43200767 -0.04882108
v 0.17721216 0.43083459 -0.04957629
v 0.1805543 0.42843521 -0.04972763
v 0.16361718 0.12717363 -0.02930647
v 0.17525531 0.47740853 0.04298734
v 0.17246497 0.47648633 0.08560202
v 0.17931259 0.46291488 0.25148061
v 0.19096249 0.45122752 0.25111601
v 0.19188549 0.43773228 0.25153795
v 0.1846102 0.47475949 0.26176637
v 0.17167167 0.47855261 -0.36199147
v 0.16506597 0.15339337 -0.05026338
v 0.17511575 0.432547 -0.04910929
v 0.17917548 0.47634575 0.14249881
v 0.17765707 0.47628886 0.21633776
v 0.18727437 0.47251451 0.25089324
v 0.18582363 0.4343507 0.25375089
v 0.18582363 0.4343507 0.25375089
v 0.18398707 0.4333367 0.25511602
v 0.16460736 0.47840774 -0.34359562
v 0.18082491 0.47821501 -0.22749433
v 0.16947243 0.4782998 -0.18055966
v 0.16613589 0.31114811 -0.05029222
v 0.1580193 0.26900229 -0.05026188
v 0.14000396 0.1294055 -0.05006585
v 0.17947927 0.47614026 0.17924608
v 0.17791446 0.43759879 0.2523216
v 0.18279876 0.47615951 0.26420417
v 0.181261 0.47619748 0.26665881
v 0.16008039 0.47676599 0.33738336
v 0.15104422 0.35068774 -0.05028487
v 0.17282139 0.47606206 0.24374397
v 0.17355503 0.47544351 0.2486714
v 0.18446687 0.47467971 0.25107437
v 0.18446687 0.47467971 0.25107437
v 0.17635788 0.45536622 0.25155458
v 0.17267381 0.43398353 0.25381523
v 0.17267381 0.43398353 0.25381523
v 0.16238554 0.47828063 -0.19798344
v 0.16399318 0.47763383 0.02904993
v 0.17372359 0.47057557 0.25150877
v 0.17279734 0.43267095 0.25507447
v 0.1716091 0.47556508 0.26326096
v 0.1692875 0.47471657 0.26204982
v 0.14915089 0.47825557 -0.11517171
v 0.15154606 0.47818339 -0.08038745
v 0.14068571 0.16731812 -0.05026639
v 0.17251906 0.47706625 0.06187304
v 0.17259084 0.47639662 0.13689189
v 0.17257874 0.47619048 0.17726703
v 0.1725281 0.47626033 0.20383886
v 0.17255318 0.47627732 0.2259931
v 0.17066577 0.47473973 0.25091681
v 0.17066577 0.47473973 0.25091681
v 0.172224 0.45815799 0.25192183
v 0.17267995 0.43737519 0.25300834
v 0.16789871 0.43245339 0.26249474
v 0.14774121 0.47712502 0.35443556
v 0.15688932 0.47824275 -0.22790715
v 0.14192075 0.47836015 -0.14829949
v 0.13585572 0.40236145 -0.05011353
v 0.13978438 0.24457932 -0.05030679
v 0.14064959 0.47775602 -8.523E-05
v 0.16896026 0.4759396 0.08638889
v 0.16895203 0.47573394 0.12599917
v 0.16888547 0.47542131 0.17382555
v 0.16881768 0.47526881 0.19177184
v 0.16905564 0.47537839 0.20434691
v 0.16904664 0.47542986 0.22086062
v 0.16948727 0.4753527 0.24290852
v 0.16991715 0.4635289 0.25156176
v 0.16961375 0.45353583 0.25172138
v 0.16926005 0.43481824 0.25230539
v 0.16856885 0.43237472 0.25352567
v 0.16856885 0.43237472 0.25352567
v 0.16595685 0.47614601 0.26695365
v 0.16210952 0.4762089 0.27360758
v 0.14435327 0.47649416 0.30100179
v 0.13511503 0.47839552 -0.33884203
v 0.1631238 0.47757754 0.03787652
v 0.16668543 0.47632456 0.04059911
v 0.167281 0.4759753 0.04491932
v 0.16559708 0.43233234 0.03927982
v 0.16767268 0.47550288 0.06024776
v 0.16767246 0.47486475 0.08917703
v 0.16769111 0.47462547 0.17181532
v 0.16793074 0.47456226 0.20645526
v 0.16803607 0.4745619 0.21971561
v 0.16729936 0.43219882 0.24928297
v 0.16570278 0.47529009 0.26354131
v 0.12656946 0.49457222 -0.36360878
v 0.15260512 0.47837976 -0.27209961
v 0.13709292 0.28133973 -0.05025432
v 0.1314216 0.12744951 -0.02693524
v 0.16670285 0.45122686 0.03852864
v 0.16739917 0.43797559 0.03819956
v 0.16391641 0.44205073 0.03822752
v 0.16377564 0.43757257 0.03771527
v 0.16723932 0.43509674 0.03854393
v 0.16176726 0.43394682 0.03774982
v 0.16559708 0.43233234 0.03927982
v 0.16298746 0.47594532 0.03972809
v 0.16298746 0.47594532 0.03972809
v 0.16668543 0.47632456 0.04059911
v 0.14267173 0.47784603 -0.02404206
v 0.14940594 0.47776011 0.03699598
v 0.15466784 0.43221632 0.03886833
v 0.15466784 0.43221632 0.03886833
v 0.16559708 0.43233234 0.03927982
v 0.16673473 0.43232903 0.04713428
v 0.15335575 0.43229935 0.04276365
v 0.16711584 0.43216178 0.06091861
v 0.16719012 0.43224281 0.09740579
v 0.15705426 0.43211037 0.17467327
v 0.16732238 0.43222025 0.14529626
v 0.16732423 0.43217161 0.18422702
v 0.15294006 0.43226531 0.26324868
v 0.11749415 0.47840092 -0.3185764
v 0.1233415 0.47846413 -0.28595161
v 0.11033894 0.47842371 -0.22390789
v 0.11883423 0.47842526 -0.18647927
v 0.13418484 0.41474152 -0.04994402
v 0.14205521 0.42836636 -0.04975058
v 0.11637874 0.19064224 -0.0502846
v 0.11239983 0.43074173 -0.04960715
v 0.15844998 0.4753187 0.06203632
v 0.15867102 0.47207031 0.05717823
v 0.15889379 0.47243232 0.06761122
v 0.15855995 0.46222025 0.05675988
v 0.15536417 0.47568533 0.08292439
v 0.15832336 0.47241324 0.08934063
v 0.15809189 0.45457682 0.05661007
v 0.15790033 0.45815325 0.08482269
v 0.15768857 0.44701716 0.08029362
v 0.15790138 0.47476786 0.09098758
v 0.15790138 0.47476786 0.09098758
v 0.15853891 0.46827289 0.08437118
v 0.15830421 0.46310955 0.09805261
v 0.15751638 0.44712633 0.10552418
v 0.1553594 0.47541299 0.10806915
v 0.15684828 0.44102323 0.11313103
v 0.15857451 0.46814778 0.11745633
v 0.15825264 0.47254774 0.11483651
v 0.15785618 0.47470418 0.11704828
v 0.15785618 0.47470418 0.11704828
v 0.15786123 0.45663849 0.11918348
v 0.13171884 0.43204764 0.09668088
v 0.15835154 0.46318078 0.12968093
v 0.14719036 0.43210644 0.15029636
v 0.15792234 0.47291899 0.13496624
v 0.15563332 0.4751865 0.13239473
v 0.15836306 0.46815756 0.13918152
v 0.15744585 0.47419053 0.15136334
v 0.15770432 0.45679528 0.14705232
v 0.15842932 0.46323171 0.1731126
v 0.15838315 0.46805951 0.16509554
v 0.15790617 0.47204611 0.16552313
v 0.15793115 0.4567965 0.17266718
v 0.15764078 0.44664168 0.17716476
v 0.1569778 0.47357711 0.18845893
v 0.15766379 0.47130644 0.20885502
v 0.158007 0.46818107 0.20969276
v 0.15759137 0.45681858 0.20893113
v 0.15738861 0.44661149 0.19895114
v 0.15807122 0.46329144 0.21216471
v 0.15688181 0.47312301 0.21427515
v 0.15733349 0.45626667 0.22664338
v 0.15755053 0.46994141 0.22461234
v 0.15660827 0.47245222 0.22501804
v 0.15761179 0.46294591 0.23948641
v 0.13372344 0.43215588 0.26092169
v 0.15745451 0.46647766 0.24259628
v 0.1569773 0.46948746 0.23982753
v 0.15736583 0.45751175 0.23911491
v 0.15746883 0.44677386 0.24019508
v 0.15711644 0.44115615 0.24024089
v 0.15704142 0.46315876 0.24604954
v 0.1563033 0.46801004 0.2447921
v 0.15691054 0.45812678 0.24558264
v 0.157132 0.44659463 0.24581812
v 0.1571463 0.44232768 0.24465334
v 0.14729282 0.47529614 0.26447284
v 0.12281105 0.49026525 -0.36438388
v 0.13252924 0.48109612 -0.3643209
v 0.12173652 0.30421492 -0.05032414
v 0.1261933 0.22505783 -0.05031008
v 0.07398167 0.12770791 -0.04962125
v 0.11807267 0.47815967 -0.05306575
v 0.07398167 0.12770791 -0.04962125
v 0.12434815 0.47784823 0.03685577
v 0.14126997 0.45385462 0.03852249
v 0.14567667 0.43383119 0.03766875
v 0.14940594 0.47776011 0.03699598
v 0.13141939 0.43211111 0.06316561
v 0.15008059 0.47622243 0.0863384
v 0.15696108 0.44031832 0.07704077
v 0.15450925 0.43804154 0.09167629
v 0.15046456 0.47603154 0.1294433
v 0.15450341 0.43807715 0.12833226
v 0.15744585 0.47419053 0.15136334
v 0.15069355 0.47582069 0.16602053
v 0.15460855 0.43809363 0.17678511
v 0.1548042 0.47505879 0.18164489
v 0.1569778 0.47357711 0.18845893
v 0.15091057 0.4758386 0.18549651
v 0.15464115 0.43800786 0.19500349
v 0.15066777 0.47602832 0.21450402
v 0.15688181 0.47312301 0.21427515
v 0.15440334 0.47516531 0.21919091
v 0.15475436 0.43802863 0.2397656
v 0.15660827 0.47245222 0.22501804
v 0.15018491 0.47561741 0.23345691
v 0.15317646 0.47483745 0.24210307
v 0.15317646 0.47483745 0.24210307
v 0.15542057 0.47241485 0.23983927
v 0.15020415 0.47520185 0.24289328
v 0.15390629 0.47266862 0.24431041
v 0.15222065 0.47382444 0.24574517
v 0.15493284 0.43798903 0.24446
v 0.15433487 0.46795967 0.24783155
v 0.14989847 0.47456512 0.24614193
v 0.15222065 0.47382444 0.24574517
v 0.15433487 0.46795967 0.24783155
v 0.1510026 0.46798885 0.24934049
v 0.15511438 0.46324977 0.24885347
v 0.15511438 0.46324977 0.24885347
v 0.15123977 0.46324515 0.2509127
v 0.15526751 0.448313 0.24873291
v 0.15526751 0.448313 0.24873291
v 0.15129215 0.45067674 0.2509335
v 0.15518837 0.44237825 0.24880978
v 0.15518837 0.44237825 0.24880978
v 0.15439045 0.43868887 0.24800639
v 0.15439045 0.43868887 0.24800639
v 0.15097061 0.43800455 0.24866274
v 0.11514108 0.38901329 -0.05020975
v 0.1348858 0.43261674 -0.04909893
v 0.14508688 0.4761678 0.11644664
v 0.13108632 0.47654691 0.15662414
v 0.12688893 0.43209985 0.18732961
v 0.13386028 0.47754416 0.21483189
v 0.14989847 0.47456512 0.24614193
v 0.15222065 0.47382444 0.24574517
v 0.14670347 0.46750006 0.24996635
v 0.14651389 0.46439266 0.25086063
v 0.14535059 0.43826458 0.24881464
v 0.13252924 0.48109612 -0.3643209
v 0.12687364 0.4777174 0.02963386
v 0.12434815 0.47784823 0.03685577
v 0.13618034 0.47256243 0.03878217
v 0.14113466 0.44184583 0.03820568
v 0.14314885 0.47698182 0.05281906
v 0.13401805 0.4769845 0.0661594
v 0.13343327 0.47666931 0.17648827
v 0.13957587 0.47232109 0.2494043
v 0.13934143 0.46937576 0.25079596
v 0.13954575 0.46343929 0.25168586
v 0.13939133 0.45354497 0.2519123
v 0.13952343 0.4472951 0.25175273
v 0.1412777 0.43245637 0.26468986
v 0.1329557 0.47643554 0.27874196
v 0.09058545 0.47857821 -0.36223984
v 0.09132887 0.47853661 -0.14357534
v 0.12966222 0.47654885 0.08538426
v 0.13079441 0.47631231 0.10894449
v 0.112144 0.43204534 0.14093339
v 0.13253717 0.47761726 0.20136389
v 0.1318123 0.47728747 0.22681229
v 0.13336165 0.47502553 0.24817255
v 0.13957587 0.47232109 0.2494043
v 0.13972677 0.44024137 0.25089756
v 0.13684818 0.47489145 0.26549464
v 0.09332452 0.47902876 -0.36366555
v 0.10869024 0.47852322 -0.25759766
v 0.11516642 0.4320837 0.03912497
v 0.11516642 0.4320837 0.03912497
v 0.13080336 0.47740215 0.19145621
v 0.128576 0.47625095 0.24371032
v 0.13463759 0.47374839 0.25007805
v 0.13463759 0.47374839 0.25007805
v 0.13509631 0.4629167 0.25270677
v 0.13252547 0.46807763 0.25265229
v 0.13527644 0.44860089 0.25254768
v 0.13271748 0.44236621 0.25199077
v 0.13166906 0.43994993 0.25107333
v 0.10824499 0.47722659 0.35873732
v 0.10947935 0.35232705 -0.05034022
v 0.09325521 0.31960768 -0.05039285
v 0.12305342 0.47613618 0.03799858
v 0.12038327 0.44213346 0.03841356
v 0.132424 0.47693738 0.05220618
v 0.13102154 0.47281465 0.25165945
v 0.12874971 0.4636243 0.25482926
v 0.12896341 0.45876715 0.25504747
v 0.12893894 0.44788429 0.25446257
v 0.10843927 0.47652853 0.32496682
v 0.11020374 0.47691843 0.35333985
v 0.10203643 0.47848019 -0.11358764
v 0.1053517 0.25920939 -0.05027408
v 0.10462543 0.4284142 -0.04989056
v 0.12413919 0.4764249 0.12718919
v 0.11788765 0.47808358 0.22991669
v 0.11852836 0.47588482 0.2528609
v 0.12708303 0.47488678 0.25179097
v 0.12708303 0.47488678 0.25179097
v 0.12676968 0.47277755 0.25404626
v 0.12830552 0.46818978 0.254529
v 0.1282426 0.44240001 0.25379255
v 0.12700568 0.43972513 0.25225747
v 0.1203922 0.43206576 0.2642698
v 0.11887715 0.43227485 0.26691023
v 0.08878108 0.47844553 -0.33687037
v 0.10067602 0.47845364 -0.08459508
v 0.10970496 0.43229878 -0.04909565
v 0.11383323 0.47776377 0.03616024
v 0.11606147 0.46266854 0.03861846
v 0.10490496 0.43212435 0.0527719
v 0.12419929 0.47576022 0.04408274
v 0.12662576 0.47684598 0.04791478
v 0.11505941 0.4773351 0.04822733
v 0.11241779 0.47719297 0.05624954
v 0.10679991 0.47621471 0.09681159
v 0.10825516 0.47616741 0.11654346
v 0.10627954 0.47644034 0.16452035
v 0.11796378 0.4768233 0.17807409
v 0.11439811 0.47816932 0.19981197
v 0.10163417 0.43210709 0.21862331
v 0.11505846 0.47837931 0.22270487
v 0.11742976 0.47718063 0.24363992
v 0.12257396 0.47483549 0.25541088
v 0.12708303 0.47488678 0.25179097
v 0.12676968 0.47277755 0.25404626
v 0.12316133 0.47393918 0.25688228
v 0.12316133 0.47393918 0.25688228
v 0.12830552 0.46818978 0.254529
v 0.12622692 0.46833336 0.25763837
v 0.12497973 0.46867153 0.25992888
v 0.12874971 0.4636243 0.25482926
v 0.1282426 0.44240001 0.25379255
v 0.1259997 0.46301511 0.26007044
v 0.12558773 0.46326613 0.26207918
v 0.12564148 0.44698006 0.26148555
v 0.11974389 0.47513786 0.26809773
v 0.10798949 0.47634059 0.28872851
v 0.12305342 0.47613618 0.03799858
v 0.11575645 0.47742841 0.03771518
v 0.11876626 0.47573295 0.04012427
v 0.11876626 0.47573295 0.04012427
v 0.11882538 0.47608951 0.04322104
v 0.10684995 0.47657377 0.13931084
v 0.12063219 0.47460613 0.25908843
v 0.12103131 0.47097009 0.26316729
v 0.12063219 0.47460613 0.25908843
v 0.12103131 0.47097009 0.26316729
v 0.11933933 0.47360224 0.2611531
v 0.12337983 0.43801934 0.26061267
v 0.12222812 0.46810675 0.26384291
v 0.11843688 0.4680258 0.26505688
v 0.12312818 0.4635638 0.2645151
v 0.11819593 0.46371931 0.26619402
v 0.12301779 0.44220969 0.26419556
v 0.11869062 0.44191125 0.26576462
v 0.12249241 0.43862173 0.26367891
v 0.11884548 0.43778139 0.26417613
v 0.10338525 0.48106924 -0.36420733
v 0.08565059 0.27592933 -0.05028177
v 0.07151912 0.24232283 -0.05033167
v 0.08456981 0.12931614 -0.04999621
v 0.10219529 0.47777885 0.00825447
v 0.11621707 0.44815305 0.03881435
v 0.11250438 0.43246818 0.03794608
v 0.11250438 0.43246818 0.03794608
v 0.11904891 0.43388253 0.03763532
v 0.11478928 0.47720414 0.04120456
v 0.11876626 0.47573295 0.04012427
v 0.118761 0.47304031 0.04001391
v 0.1189492 0.47233996 0.04177022
v 0.11882538 0.47608951 0.04322104
v 0.10561059 0.43197602 0.07700591
v 0.11309554 0.47489211 0.26083785
v 0.11301375 0.47410101 0.26295951
v 0.11933933 0.47360224 0.2611531
v 0.11462381 0.47208372 0.26378509
v 0.11301375 0.47410101 0.26295951
v 0.10885373 0.45513102 0.26665148
v 0.1108416 0.44209436 0.26638362
v 0.11313757 0.47449622 0.26879954
v 0.10338525 0.48106924 -0.36420733
v 0.13252924 0.48109612 -0.3643209
v 0.09332452 0.47902876 -0.36366555
v 0.08558808 0.3766306 -0.05029981
v 0.09267492 0.47817233 -0.03707187
v 0.10688478 0.433963 0.03545235
v 0.11036628 0.47758219 0.04130102
v 0.11606147 0.46266854 0.03861846
v 0.11559833 0.46362886 0.03992942
v 0.11573338 0.45167753 0.03998693
v 0.11621707 0.44815305 0.03881435
v 0.11427512 0.44380715 0.04027467
v 0.1149365 0.44185093 0.03884814
v 0.1161371 0.46207276 0.04163609
v 0.10412599 0.47641209 0.08502288
v 0.06993133 0.43187389 0.09058341
v 0.08220814 0.43202978 0.16608748
v 0.10686939 0.47667965 0.17709284
v 0.10461083 0.47842091 0.22925933
v 0.09497683 0.47696581 0.2491634
v 0.10310647 0.47584671 0.25691792
v 0.10540704 0.46841115 0.26567891
v 0.11608945 0.4322308 0.26780999
v 0.075495 0.14618984 -0.05018773
v 0.09880996 0.47764739 0.0412848
v 0.09979805 0.43187279 0.03630988
v 0.10402141 0.47810635 0.20024116
v 0.08493632 0.47873646 0.23564389
v 0.1015974 0.4638305 0.26705512
v 0.10056675 0.43785787 0.26458031
v 0.07413031 0.21776271 -0.05031751
v 0.0762707 0.127358 -0.04859296
v 0.09979805 0.43187279 0.03630988
v 0.07974239 0.47842243 0.24209675
v 0.09804846 0.44213369 0.26688436
v 0.09824359 0.47513434 0.27162173
v 0.05972752 0.47864932 -0.36211896
v 0.08546247 0.47859502 -0.277922
v 0.08227011 0.16523346 -0.05027489
v 0.09741511 0.43380305 0.03475547
v 0.07106002 0.47646517 0.10985202
v 0.09370852 0.47865698 0.22388358
v 0.07313427 0.43204251 0.27170357
v 0.07192153 0.47215727 0.26369169
v 0.09599982 0.43220052 0.2705754
v 0.05900738 0.29552162 -0.05038103
v 0.08089472 0.42825922 -0.0499134
v 0.07045604 0.12731259 -0.02894218
v 0.07594192 0.47671506 0.08411675
v 0.09039169 0.47667962 0.13649791
v 0.08644059 0.47685692 0.1742636
v 0.0850006 0.4780933 0.19871023
v 0.07203065 0.47421992 0.26289144
v 0.07203065 0.47421992 0.26289144
v 0.08747897 0.47594154 0.27537906
v 0.05305532 0.47635043 0.31468463
v 0.07172909 0.49463916 -0.36367068
v 0.07173587 0.49038923 -0.36441791
v 0.07347364 0.43252999 -0.04917165
v 0.08446793 0.43569502 0.03437989
v 0.07267679 0.4319579 0.12867835
v 0.0717568 0.47648892 0.12178235
v 0.07273912 0.47516072 0.26054981
v 0.08566177 0.44220093 0.26706162
v 0.08594181 0.4769741 0.35394123
v 0.08580714 0.47726476 0.35872686
v 0.04466921 0.47850913 -0.30139762
v 0.08024606 0.47854894 -0.22933862
v 0.05877179 0.47851571 -0.20130599
v 0.07818229 0.40567249 -0.05010395
v 0.06468973 0.18866614 -0.05029593
v 0.05290466 0.12762997 -0.02626823
v 0.09125736 0.43556753 -0.0243199
v 0.09116751 0.43546787 -0.02044857
v 0.06779133 0.4783051 -0.04902747
v 0.07655612 0.47794759 -0.00176305
v 0.08853371 0.43557534 -0.01805656
v 0.08102226 0.43385765 0.03453859
v 0.0839793 0.43191648 0.03620934
v 0.0839793 0.43191648 0.03620934
v 0.07473329 0.43193439 0.03843778
v 0.07602515 0.43192947 0.06909075
v 0.0787286 0.46354842 0.26719964
v 0.08523173 0.47468954 0.27307913
v 0.05520757 0.48118931 -0.36430949
v 0.04919621 0.4786042 -0.17243731
v 0.07347824 0.47860759 -0.09695774
v 0.07192612 0.47854817 -0.07975204
v 0.07127433 0.35258043 -0.05041271
v 0.08689876 0.43543738 -0.01555366
v 0.06860422 0.47755197 0.05190535
v 0.07426447 0.47690868 0.1470408
v 0.07096675 0.47685605 0.16461833
v 0.07206087 0.43202484 0.21804926
v 0.06953464 0.4761979 0.25651878
v 0.08377458 0.47522429 0.27455762
v 0.07213341 0.47626236 0.29464787
v 0.04756397 0.47655836 0.33964843
v 0.06959756 0.43121323 -0.02481018
v 0.05507243 0.47770542 0.02953497
v 0.08102226 0.43385765 0.03453859
v 0.07155962 0.43196994 0.03792538
v 0.06933374 0.47817293 0.201048
v 0.06520975 0.47900513 0.23542336
v 0.07251445 0.46807221 0.26569605
v 0.04563178 0.43796861 0.26439309
v 0.09344654 0.43228042 0.27174512
v 0.05520757 0.48118931 -0.36430949
v 0.06380431 0.47861391 -0.27051154
v 0.05950654 0.47857869 -0.24133226
v 0.03945127 0.42234161 -0.05021636
v 0.05280456 0.33434907 -0.05052501
v 0.07671753 0.43316135 -0.00844588
v 0.07828762 0.4353134 -0.00325712
v 0.07569873 0.43563008 0.03361812
v 0.0754925 0.43417409 0.03385794
v 0.0754925 0.43417409 0.03385794
v 0.07013633 0.47891161 0.22576569
v 0.07245915 0.43212882 0.27491209
v 0.06229644 0.47866687 0.24273492
v 0.04704416 0.43192074 0.24500778
v 0.07131796 0.47516501 0.27588171
v 0.02961906 0.47843185 -0.32548451
v 0.04951846 0.47860885 -0.14532425
v 0.04704705 0.47860497 -0.10654477
v 0.0380936 0.43029633 -0.05006291
v 0.06139683 0.43146151 -0.01949214
v 0.0566394 0.43163657 -0.0029848
v 0.06115092 0.43184653 0.04548364
v 0.05571771 0.47701889 0.13294664
v 0.05125248 0.47681335 0.11963029
v 0.06185881 0.4771193 0.17556623
v 0.04521442 0.43190423 0.18001023
v 0.04149702 0.40701491 -0.05030902
v 0.04664133 0.36916178 -0.05045899
v 0.04394738 0.47813991 -0.03115253
v 0.0526408 0.47701606 0.08017844
v 0.05318118 0.47716001 0.1501185
v 0.05308891 0.47506732 0.26062927
v 0.05816641 0.47471151 0.27737173
v 0.03471275 0.49497271 -0.36331174
v 0.04655578 0.49028021 -0.3641873
v 0.04655578 0.49028021 -0.3641873
v 0.07173587 0.49038923 -0.36441791
v 0.05520757 0.48118931 -0.36430949
v 0.03285649 0.47852862 -0.08818673
v 0.02404301 0.26355785 -0.05028228
v 0.02607119 0.20036355 -0.05028783
v 0.04020533 0.12961589 -0.05013736
v 0.0444176 0.12747355 -0.02960818
v 0.05863849 0.47755519 0.18453988
v 0.05426249 0.47874132 0.19985329
v 0.05325454 0.47940496 0.22419305
v 0.04486443 0.47893855 0.24436393
v 0.05501275 0.47625765 0.25644219
v 0.04423095 0.46824557 0.26591429
v 0.05412867 0.44232714 0.26701137
v 0.00310819 0.47847664 -0.33955663
v 0.02641444 0.47855431 -0.25694555
v 0.03939867 0.42881995 -0.05028738
v 0.03571751 0.32158411 -0.05052188
v 0.04371636 0.15657917 -0.05029405
v 0.04573314 0.12752604 -0.04856881
v 0.03879862 0.43170267 0.04010141
v 0.04761736 0.47677454 0.11359438
v 0.05021451 0.47713193 0.17471778
v 0.04985615 0.47934219 0.23958977
v 0.05250283 0.4741846 0.26271647
v 0.05250283 0.4741846 0.26271647
v 0.04506542 0.46376339 0.2670038
v 0.00906512 0.4768236 0.3589721
v 0.03949424 0.43232852 -0.0492999
v 0.03002203 0.47797713 -0.00769111
v 0.03008543 0.47756627 0.04772165
v 0.046307 0.47738007 0.06252071
v 0.05069011 0.47909302 0.20905645
v 0.02122291 0.47631705 0.32662988
v 0.00686545 0.47822726 0.3619965
v 0.0308072 0.16863185 -0.05030908
v 0.0275307 0.47827819 -0.05333818
v 0.03113667 0.43181652 0.11121089
v 0.02646382 0.47751397 0.18053085
v 0.04124181 0.47685009 0.25644392
v 0.04639085 0.44264624 0.26693633
v 0.03601181 0.47599936 0.28265738
v 0.00669125 0.47663373 0.35473168
v 0.0102611 0.47856623 -0.19621906
v 0.02065004 0.47690621 0.08290762
v 0.02882693 0.47710234 0.13820495
v 0.03930704 0.47876048 0.19981809
v 0.03480613 0.47951639 0.23867951
v 0.07080287 0.43226385 0.27599153
v 0.03365368 0.43212917 0.27988085
v 0.02178041 0.43181217 0.27771676
v 0.03753132 0.47518256 0.28026503
v 0.00211479 0.48117387 -0.36424565
v 0.03101901 0.28693724 -0.05037504
v -0.03054894 0.12778902 -0.04954128
v -0.03054894 0.12778902 -0.04954128
v 0.03530178 0.47890159 0.21469514
v 0.03236299 0.47239727 0.26471066
v 0.04221597 0.4657301 0.26698482
v 0.03973626 0.44069606 0.26678461
v 0.03500497 0.45387799 0.26745662
v 0.00211479 0.48117387 -0.36424565
v 0.01131385 0.47871286 -0.36209822
v 0.01480266 0.47851583 -0.22531104
v 0.02170933 0.38111556 -0.0504465
v 0.01725267 0.22981329 -0.05032806
v -0.0115604 0.12746866 -0.04853242
v 0.02511426 0.43165797 -0.00553736
v 0.0255695 0.47668263 0.11940155
v 0.02763356 0.47712106 0.16938123
v 0.02439802 0.47937575 0.23511715
v 0.02049236 0.43185601 0.23077393
v 0.02274272 0.47651795 0.25992888
v 0.0235169 0.47495702 0.26338106
v 0.0235169 0.47495702 0.26338106
v 0.03098102 0.46981311 0.26631135
v 0.03073657 0.46383199 0.26755744
v -0.02784884 0.4792867 -0.36368436
v -0.02784884 0.4792867 -0.36368436
v 0.03829518 0.43112519 -0.02459197
v 0.01074887 0.47769612 0.02449995
v 0.02688546 0.46819627 0.26730412
v 0.03035233 0.44844607 0.26770037
v 0.02897684 0.44027337 0.26677808
v 0.01260577 0.40176141 -0.05032944
v 0.00387261 0.3385089 -0.05051995
v -0.00738176 0.25237426 -0.05027001
v -0.00692641 0.43166023 -0.01920803
v 0.00394851 0.47732005 0.06691094
v 0.02149566 0.4787575 0.19966595
v -0.00523886 0.43184018 0.19923535
v 0.02335992 0.47929522 0.24194078
v 0.02779078 0.4789198 0.24569258
v 0.03096321 0.43207568 0.28066266
v 0.02853879 0.47464725 0.28111616
v 0.02549617 0.4752886 0.28261536
v -0.02381209 0.47855911 -0.27693138
v 0.00022787 0.43167573 0.0045798
v 0.00956655 0.43171856 0.06789121
v 0.02014486 0.47723234 0.25831825
v 0.02590637 0.4721821 0.26581281
v 0.02548035 0.46314093 0.26861116
v 0.02605796 0.4481512 0.26842636
v 0.02372979 0.44236106 0.26791984
v -0.0136926 0.49012819 -0.36410815
v -0.0136926 0.49012819 -0.36410815
v -0.01895511 0.47868264 -0.14544362
v -0.01948446 0.47863269 -0.10841668
v -0.0014102 0.31337595 -0.05044797
v 0.00867914 0.12954916 -0.05008909
v 0.0113528 0.47722879 0.13432363
v -0.00922023 0.43181354 0.13459964
v 0.00802974 0.47734767 0.15983793
v 0.01227131 0.47769946 0.17833871
v 0.01131027 0.47887346 0.24993452
v 0.02082874 0.47405201 0.2659601
v 0.0218794 0.47000468 0.26806873
v 0.01945241 0.4636516 0.27067724
v 0.01967435 0.45811003 0.27094766
v 0.01973447 0.44817284 0.27056697
v 0.02161158 0.43975988 0.26703298
v 0.00834443 0.43175811 0.28033629
v -0.03517564 0.47840917 -0.06271687
v -0.00568523 0.16227415 -0.05021917
v -0.00304895 0.43227106 -0.04913658
v -0.00997868 0.47818977 -0.03589472
v -0.01197115 0.4316355 0.02763973
v 0.01003114 0.4789646 0.19942816
v 0.01151163 0.47937703 0.22092593
v 0.01136542 0.47954544 0.23887865
v -0.0363462 0.43181616 0.2447753
v 0.01619775 0.47465065 0.26732203
v 0.02082874 0.47405201 0.2659601
v 0.01753471 0.47246167 0.26899114
v 0.01881462 0.4681634 0.27022704
v 0.0190062 0.44235092 0.26977316
v 0.00908291 0.47508487 0.28367603
v -0.00995051 0.20702317 -0.05023098
v 0.00980741 0.47755951 0.26005206
v 0.01202835 0.47619542 0.26520965
v 0.01619775 0.47465065 0.26732203
v 0.01679221 0.4683944 0.2729542
v 0.01356308 0.47260541 0.27253163
v 0.01656018 0.46299791 0.27562249
v 0.01613048 0.46361774 0.27753288
v 0.0143494 0.46839669 0.276876
v 0.0162695 0.44776383 0.27727067
v 0.01668128 0.44764683 0.27544868
v -0.01041843 0.47609925 0.29929072
v -0.02542242 0.4784973 -0.30492446
v -0.03255491 0.4785929 -0.20201719
v -0.01546072 0.18278994 -0.05022499
v 0.05084371 0.12785368 -0.02528808
v -0.07204511 0.1277121 -0.02521085
v -0.02901895 0.47803408 -0.01239908
v -0.01667299 0.47759706 0.03939427
v -0.02202416 0.47745517 0.05512841
v -0.01402605 0.47706148 0.08754081
v 0.00097877 0.47694272 0.09643654
v 0.00653595 0.47687003 0.11424819
v -0.0011454 0.47943041 0.24228455
v 0.00980819 0.47438237 0.2730864
v 0.01356308 0.47260541 0.27253163
v 0.01086617 0.47163364 0.27702907
v 0.01086617 0.47163364 0.27702907
v 0.0113573 0.47061798 0.2785123
v 0.01391561 0.43799558 0.27626586
v 0.01269871 0.46814948 0.27950138
v 0.0138202 0.46350464 0.28004324
v 0.01269871 0.46814948 0.27950138
v 0.0138202 0.46350464 0.28004324
v 0.00936674 0.46352622 0.28145158
v 0.0089745 0.45391488 0.28126588
v 0.01365035 0.44226453 0.27972728
v 0.01365035 0.44226453 0.27972728
v 0.00911294 0.44191009 0.28123793
v 0.01309381 0.43859676 0.2792469
v 0.01309381 0.43859676 0.2792469
v 0.00944006 0.43773243 0.27963677
v 0.00570961 0.43188393 0.2826387
v -0.01707996 0.47866368 -0.17851779
v -0.00282189 0.36754042 -0.05044322
v -0.01550528 0.28125513 -0.05030145
v -0.00079926 0.47891113 0.20030905
v 0.00404395 0.47621003 0.26842985
v 0.00547576 0.47458503 0.27514455
v 0.0113573 0.47061798 0.2785123
v 0.00521286 0.47142819 0.27918932
v 0.00521286 0.47142819 0.27918932
v 0.0113573 0.47061798 0.2785123
v 0.0040924 0.46823862 0.28072414
v -0.00052844 0.46361846 0.28208372
v -0.0261777 0.47626394 0.32678446
v -0.01599864 0.4948121 -0.36336312
v -0.01386022 0.41794196 -0.05006261
v -0.02478947 0.1273838 -0.02921797
v -0.06431147 0.12752236 -0.02599471
v -0.01000067 0.47713947 0.15449484
v -0.00807732 0.47749841 0.18147404
v -0.00022511 0.4793779 0.22973195
v -0.00218968 0.47486284 0.2759088
v -0.00210501 0.47376433 0.27787766
v -0.02530274 0.47665846 0.35300931
v -0.01248817 0.12949106 -0.04995291
v -0.01849049 0.47719499 0.11879034
v -0.01677557 0.47707874 0.17169088
v -0.01094045 0.47832444 0.2574538
v -0.00571846 0.47588572 0.27225801
v -0.05076838 0.43181875 0.28380987
v -0.00210501 0.47376433 0.27787766
v -0.00429268 0.47190395 0.27933413
v -0.01482723 0.46374634 0.28254303
v -0.01545284 0.44207543 0.28220221
v -0.01601473 0.38293159 -0.05038267
v -0.02565573 0.47728768 0.13155159
v -0.01055367 0.4789378 0.20106038
v -0.02497928 0.47924465 0.25038719
v -0.01414395 0.46827406 0.28120598
v -0.04842117 0.47849989 -0.34517464
v -0.03672644 0.47771525 0.01986709
v -0.03070385 0.43169326 0.06623612
v -0.03388687 0.47767019 0.18764122
v -0.03108073 0.47958645 0.23841478
v -0.03399298 0.47695008 0.35893536
v -0.02920216 0.35799026 -0.05039386
v -0.02597995 0.32974946 -0.05046654
v -0.02985528 0.2244828 -0.05024546
v -0.04524123 0.43161589 -0.01952381
v -0.05358874 0.43182242 0.17674686
v -0.03359196 0.47865781 0.20140482
v -0.0219564 0.47604054 0.27217647
v -0.02398452 0.4378351 0.28016871
v 0.00428157 0.43203959 0.28341585
v -0.04419248 0.43200231 0.28639194
v -0.02887108 0.47505775 0.2869879
v -0.05060958 0.47870076 -0.36210835
v -0.05551345 0.47857603 -0.24484167
v -0.04115473 0.39833567 -0.05018467
v -0.03619743 0.1594032 -0.05017123
v -0.04081087 0.43042985 -0.04969181
v -0.03155216 0.47725782 0.06940899
v -0.02555317 0.47930029 0.2231068
v -0.02827633 0.47156882 0.27943289
v -0.06788782 0.47845247 -0.31562006
v -0.05138757 0.43216783 -0.04903375
v -0.04222175 0.4316639 0.00178035
v -0.0402848 0.47696063 0.16660224
v -0.02676862 0.47861823 0.25826252
v -0.02915004 0.4749606 0.27571735
v -0.02568698 0.47359791 0.27786082
v -0.02568698 0.47359791 0.27786082
v -0.04171902 0.4769423 0.26869491
v -0.04745818 0.12953185 -0.04985153
v -0.07126552 0.12742338 -0.02852283
v -0.05902699 0.47795719 -0.00139253
v -0.05345561 0.47714078 0.10675424
v -0.05169059 0.47727424 0.13262849
v -0.04924356 0.4770835 0.17792703
v -0.03560883 0.46370062 0.28282833
v -0.04023599 0.44204935 0.28263959
v -0.05276817 0.47557417 0.28964862
v -0.0490045 0.47587764 0.29664585
v -0.05759532 0.47656709 0.3536396
v -0.06149678 0.48120451 -0.36417279
v -0.04404059 0.26076275 -0.05016937
v -0.04113968 0.2004357 -0.05017713
v -0.02732758 0.43071786 -0.02444899
v -0.05036629 0.47700304 0.09055457
v -0.05635064 0.47718361 0.12102511
v -0.06104263 0.43181014 0.12718327
v -0.03903565 0.47891304 0.21565792
v -0.04229183 0.47966525 0.23949927
v -0.04364382 0.47900158 0.25430146
v -0.04478961 0.47817528 0.2611067
v -0.04101026 0.31923705 -0.05038711
v -0.05732081 0.47713292 0.1620848
v -0.0525643 0.47371691 0.27796403
v -0.0525643 0.47371691 0.27796403
v -0.05137756 0.47867963 -0.1570556
v -0.09082353 0.12741205 -0.03933845
v -0.06529813 0.43177477 0.08576219
v -0.04546364 0.47872582 0.20040905
v -0.05102957 0.47633275 0.2718353
v -0.07369043 0.47609112 0.3120335
v -0.07337066 0.49469787 -0.36332124
v -0.06149678 0.48120451 -0.36417279
v -0.05765459 0.29825473 -0.0501132
v -0.05754971 0.21242636 -0.04999836
v -0.07122768 0.18621594 -0.04988891
v -0.0778988 0.16587436 -0.0498687
v -0.0622071 0.1528299 -0.04996151
v -0.05524682 0.43163872 0.02903774
v -0.05421443 0.47509769 0.27579316
v -0.0681376 0.47855738 -0.20668566
v -0.05931314 0.47866738 -0.11140706
v -0.06004629 0.47853661 -0.0795256
v -0.07990378 0.40091842 -0.04937565
v -0.059705 0.36496443 -0.05000364
v -0.05981379 0.33124959 -0.05013809
v -0.06977498 0.2461132 -0.04985072
v -0.10323811 0.12752871 -0.04842666
v -0.07803129 0.43175921 0.01416744
v -0.06144416 0.47699156 0.08248807
v -0.0745348 0.43172857 0.05070557
v -0.06713083 0.47866821 0.19879915
v -0.05878161 0.47945818 0.22911754
v -0.05579085 0.47151417 0.2794461
v -0.07157751 0.49014792 -0.36416388
v -0.07157751 0.49014792 -0.36416388
v -0.08352529 0.47857606 -0.17638591
v -0.07110073 0.42728215 -0.04936211
v -0.07816194 0.47774088 0.01789031
v -0.07213488 0.47748998 0.0444832
v -0.05809662 0.47947627 0.25098169
v -0.06268108 0.46814206 0.28138977
v -0.07339329 0.43786722 0.28027767
v -0.05687624 0.47492418 0.28761742
v -0.08539943 0.43186682 -0.00710132
v -0.08110102 0.43178084 0.22591646
v -0.06749798 0.47979972 0.24181245
v -0.06449678 0.47897464 0.25753328
v -0.09192543 0.47844338 -0.08097378
v -0.09666853 0.12929857 -0.0493964
v -0.06386228 0.47754434 0.1315982
v -0.06320788 0.47725049 0.17115845
v -0.06625246 0.47782719 0.1855491
v -0.06787737 0.47945744 0.22740245
v -0.07183574 0.47653577 0.27200878
v -0.08582588 0.4420605 0.28278771
v -0.08220717 0.47856417 -0.26899502
v -0.10998425 0.47846216 -0.10981911
v -0.07673983 0.27366132 -0.04974435
v -0.07295471 0.43047667 -0.04918407
v -0.07723466 0.47739655 0.1042178
v -0.07947879 0.47396687 0.27836198
v -0.07947879 0.47396687 0.27836198
v -0.09091808 0.47842523 -0.3372311
v -0.0802812 0.35906631 -0.04972452
v -0.07583018 0.47827932 -0.03495834
v -0.11159662 0.43184409 -0.01872545
v -0.07546089 0.4775756 0.11953919
v -0.07562336 0.47795752 0.15539719
v -0.07978877 0.47971776 0.25222236
v -0.08782921 0.47565046 0.28941405
v -0.08038182 0.47498661 0.28742075
v -0.09020998 0.47658736 0.35895666
v -0.0820282 0.47857702 -0.14746881
v -0.07520557 0.4771578 0.08008796
v -0.07981202 0.47808281 0.13303787
v -0.07881542 0.47797585 0.17583533
v -0.07782443 0.47948676 0.21992442
v -0.07744823 0.48010191 0.24015464
v -0.07978018 0.47924075 0.25763959
v -0.11069889 0.47705972 0.36132365
v -0.10851566 0.47811589 0.36221606
v -0.1016019 0.47851661 -0.23771888
v -0.08409301 0.31378657 -0.04977009
v -0.09122099 0.22931056 -0.04964826
v -0.0901456 0.47868699 0.18884462
v -0.08814047 0.43182999 0.18182474
v -0.11548102 0.43179077 0.25438413
v -0.09119402 0.47672763 0.27182901
v -0.10127757 0.4635531 0.2829237
v -0.12032542 0.43177113 0.28696418
v -0.04705623 0.43215433 0.28750169
v -0.10591961 0.43200678 0.28849393
v -0.06149678 0.48120451 -0.36417279
v -0.11696018 0.47921678 -0.36313403
v -0.1208383 0.47870731 -0.36186096
v -0.10372353 0.47850361 -0.35614926
v -0.10385032 0.47805673 -0.01218092
v -0.10225688 0.47730255 0.05936691
v -0.10361715 0.43185145 0.11045957
v -0.09195553 0.47930643 0.20047611
v -0.12582234 0.47619405 0.32673407
v -0.09608638 0.3457723 -0.04964894
v -0.10303482 0.29252046 -0.04951301
v -0.107636 0.27082828 -0.04940058
v -0.09064789 0.47714302 0.08764305
v -0.09782621 0.47760609 0.12050677
v -0.09014043 0.47818035 0.14844149
v -0.13935947 0.43185282 0.13903388
v -0.10299604 0.4780781 0.16114786
v -0.09071994 0.48026806 0.23841487
v -0.10774814 0.47847211 -0.2966423
v -0.12324721 0.47846681 -0.20401914
v -0.10754722 0.47826266 -0.04418107
v -0.11536904 0.24845558 -0.04935236
v -0.10855631 0.15507832 -0.04953105
v -0.10978127 0.43180901 0.0196922
v -0.12960804 0.43181762 0.04485266
v -0.09451726 0.47953978 0.21668321
v -0.09346236 0.47527283 0.2760964
v -0.11770812 0.46803421 0.28144899
v -0.13030693 0.47577837 0.29340383
v -0.10064186 0.47632116 0.34058493
v -0.10334652 0.48117781 -0.36395335
v -0.11489545 0.41765857 -0.04899387
v -0.10518646 0.37936687 -0.04934512
v -0.11881647 0.43193868 -0.04885262
v -0.11301479 0.42764893 -0.04910355
v -0.09768007 0.47811782 0.13456291
v -0.09676827 0.47820753 0.17337513
v -0.10170397 0.48001951 0.23017852
v -0.11023531 0.47965407 0.25125423
v -0.10819577 0.47911629 0.25743324
v -0.11745859 0.4748683 0.28800693
v -0.10334652 0.48117781 -0.36395335
v -0.12836766 0.14270315 -0.04922595
v -0.15548271 0.12789443 -0.04880912
v -0.15548271 0.12789443 -0.04880912
v -0.10579308 0.47738519 0.10209703
v -0.13073641 0.45052454 0.28286326
v -0.16554488 0.43786934 0.28016859
v -0.12897208 0.48992485 -0.36372533
v -0.12897208 0.48992485 -0.36372533
v -0.13092363 0.36331967 -0.04929888
v -0.1208313 0.33194375 -0.0494191
v -0.11143663 0.47776362 0.01337657
v -0.10403091 0.47879651 0.18927427
v -0.10895177 0.47395343 0.27834061
v -0.10895177 0.47395343 0.27834061
v -0.16557702 0.44212666 0.28275356
v -0.12982823 0.47837597 -0.32888889
v -0.13150981 0.47844595 -0.14750189
v -0.15070511 0.12744141 -0.04587466
v -0.12685861 0.43186885 0.07666396
v -0.1127186 0.47748464 0.1169942
v -0.11525171 0.47945538 0.20078102
v -0.13341725 0.43180662 0.19134061
v -0.14969487 0.43178177 0.23836647
v -0.11197079 0.48006368 0.23863766
v -0.11624666 0.47658008 0.27204183
v -0.13046326 0.47845775 -0.27099484
v -0.1483472 0.12742256 -0.038857
v -0.14079712 0.43151164 -0.02245498
v -0.12525845 0.47720766 0.08257849
v -0.11243279 0.47822228 0.13392574
v -0.11364277 0.47896761 0.18813117
v -0.11357277 0.47988918 0.22014199
v -0.16229995 0.47608235 0.30556563
v -0.12867011 0.49453989 -0.36299795
v -0.14617896 0.40214145 -0.04913378
v -0.12619054 0.38481116 -0.04921407
v -0.1172731 0.47817814 0.15934911
v -0.12816875 0.47502106 0.27653709
v -0.14323412 0.43179727 0.27442539
v -0.14153107 0.48135182 -0.36350745
v -0.14575174 0.2224244 -0.04907196
v -0.13908744 0.43187407 -0.00625414
v -0.12857573 0.47837046 0.25681636
v -0.1209962 0.47649768 0.35869476
v -0.1397841 0.47862747 -0.35846144
v -0.14125362 0.47829872 -0.08054556
v -0.13775983 0.30073315 -0.04920978
v -0.1455062 0.47759569 0.02457092
v -0.12809612 0.47919804 0.20337279
v -0.12379552 0.47961578 0.23500809
v -0.14303879 0.47511801 0.28986496
v -0.13805175 0.25996983 -0.04912218
v -0.13230549 0.47726491 0.0595529
v -0.12972987 0.47737333 0.11694384
v -0.12985787 0.47779018 0.13275611
v -0.12684576 0.47849378 0.18604217
v -0.12604371 0.47943294 0.24255627
v -0.1317845 0.476098 0.27234256
v -0.13699622 0.47412762 0.2784802
v -0.14153107 0.48135182 -0.36350745
v -0.15254976 0.47835606 -0.2261152
v -0.15656598 0.47833234 -0.10111797
v -0.15781383 0.12924971 -0.04870222
v -0.15192717 0.47808287 -0.02607626
v -0.19443829 0.12742762 -0.02644826
v -0.13424718 0.47797364 0.16929345
v -0.13699622 0.47412762 0.2784802
v -0.15479735 0.47836375 -0.30116218
v -0.17155828 0.47822845 -0.0596022
v -0.13955764 0.41798696 -0.04905292
v -0.14082177 0.4275319 -0.04922068
v -0.14453143 0.47742561 0.07418966
v -0.14153494 0.47903341 0.21205746
v -0.18045683 0.43203524 0.28935978
v -0.16103166 0.4318521 0.00757064
v -0.15714768 0.43187892 0.07937623
v -0.14543654 0.478957 0.19854859
v -0.15328021 0.47921219 0.22752123
v -0.14212674 0.478147 0.25669855
v -0.18447833 0.46328917 0.28294235
v -0.1577867 0.47643313 0.35251468
v -0.15454681 0.27925929 -0.04897178
v -0.14527108 0.47737521 0.12073895
v -0.15355527 0.47789997 0.13752802
v -0.15709329 0.47802195 0.15973236
v -0.15067106 0.47888172 0.24586698
v -0.16242529 0.4679665 0.28156474
v -0.14137499 0.47447169 0.28838849
v -0.16419792 0.47834522 -0.26035899
v -0.15453747 0.3723107 -0.0490725
v -0.15798326 0.12769458 -0.04821862
v -0.16977082 0.47790468 -0.00261056
v -0.1537078 0.47731993 0.05463376
v -0.15477541 0.47916681 0.23923993
v -0.17096387 0.47841698 -0.33914691
v -0.1499822 0.4784019 -0.18938205
v -0.15668115 0.33744317 -0.04908486
v -0.15647863 0.47630295 0.27177951
v -0.18162796 0.49003524 -0.36348489
v -0.18162796 0.49003524 -0.36348489
v -0.16851701 0.41673097 -0.04877379
v -0.17459717 0.1498777 -0.04873443
v -0.22216369 0.12764728 -0.02502432
v -0.17448153 0.43176299 -0.01918504
v -0.15698573 0.47741222 0.10246921
v -0.16446954 0.47817844 0.16830359
v -0.15943378 0.47901762 0.20050351
v -0.16494453 0.47807288 0.25685999
v -0.16722544 0.47519034 0.27664557
v -0.17271152 0.44977933 0.28286856
v -0.16733009 0.47836685 -0.15989268
v -0.16443519 0.3013857 -0.04891434
v -0.18148795 0.2586678 -0.04856113
v -0.16913141 0.1868915 -0.04880001
v -0.17707948 0.4777292 0.12356858
v -0.16332768 0.47905198 0.21493548
v -0.16448316 0.47434896 0.27877417
v -0.16448316 0.47434896 0.27877417
v -0.16403919 0.47184068 0.27974415
v -0.18556748 0.43181661 0.2874226
v -0.14153107 0.48135182 -0.36350745
v -0.11696018 0.47921678 -0.36313403
v -0.18790737 0.47929984 -0.36272204
v -0.18790737 0.47929984 -0.36272204
v -0.21195361 0.4785912 -0.35915092
v -0.17549106 0.43153018 -0.02223855
v -0.16612221 0.47733068 0.09313836
v -0.17282173 0.47619981 0.32428861
v -0.18460919 0.47832286 -0.31808493
v -0.17643499 0.21246976 -0.04865706
v -0.15798326 0.12769458 -0.04821862
v -0.17290193 0.47763509 0.11134735
v -0.16381903 0.47796258 0.13685159
v -0.17247614 0.43181142 0.18527849
v -0.17112811 0.47656423 0.27170083
v -0.19451511 0.47875637 -0.36167514
v -0.18528685 0.47836572 -0.12678824
v -0.17115274 0.42763409 -0.04899337
v -0.17580365 0.38284242 -0.04877399
v -0.17867558 0.12931682 -0.04839944
v -0.20318142 0.12736642 -0.03610491
v -0.17805862 0.47724983 0.05312134
v -0.17212483 0.43184108 0.04097798
v -0.17839797 0.43188727 0.10998432
v -0.17459236 0.47839263 0.14797616
v -0.17100185 0.47929424 0.19783939
v -0.16917565 0.47942185 0.2364936
v -0.18958841 0.47667384 0.3589856
v -0.18730138 0.48133484 -0.3633244
v -0.18730138 0.48133484 -0.3633244
v -0.18107915 0.35387039 -0.04872502
v -0.18402618 0.3218503 -0.04862275
v -0.17848536 0.47742173 0.09112917
v -0.17820261 0.47865626 0.17774849
v -0.17621996 0.47940502 0.19987167
v -0.20186752 0.43183467 0.2085149
v -0.19448163 0.43186596 0.24350917
v -0.17740451 0.479222 0.2403986
v -0.1787556 0.478351 0.24997103
v -0.20928787 0.4783603 -0.23444697
v -0.18291911 0.47833085 -0.21368457
v -0.20520464 0.47836521 -0.18021032
v -0.20002751 0.4783569 -0.10259933
v -0.18505287 0.43192145 0.00897278
v -0.18057968 0.47941482 0.22523451
v -0.1800742 0.4744595 0.27862275
v -0.1800742 0.4744595 0.27862275
v -0.18012674 0.47621268 0.30371317
v -0.20769918 0.47638327 0.33411673
v -0.1983279 0.47646448 0.35195556
v -0.20064631 0.41801846 -0.04815944
v -0.19891825 0.47797805 -0.02235585
v -0.19089265 0.43194842 -0.00810307
v -0.19296654 0.47774184 0.00968437
v -0.19105771 0.4773078 0.03404593
v -0.18174516 0.47846541 0.16302188
v -0.18887246 0.47727451 0.26345518
v -0.18225479 0.47653934 0.27179909
v -0.18630046 0.47226873 0.27956164
v -0.19166799 0.46794337 0.2815004
v -0.2101687 0.12744024 -0.04553154
v -0.19338176 0.43195719 0.04669324
v -0.18824293 0.47707614 0.06128529
v -0.19044809 0.47734579 0.10830995
v -0.19118881 0.47828871 0.14053804
v -0.20795107 0.43193951 0.11976837
v -0.18565801 0.47839564 0.15182073
v -0.22091007 0.47841001 -0.33227405
v -0.21668382 0.39952055 -0.04815625
v -0.19845435 0.23981638 -0.04823676
v -0.19175851 0.47725463 0.0907239
v -0.2090496 0.43189394 0.16216618
v -0.19270094 0.47854528 0.17914183
v -0.18643668 0.47905466 0.19691005
v -0.18993929 0.47880644 0.23958606
v -0.19267672 0.47790742 0.25161132
v -0.19050457 0.47676751 0.2719987
v -0.20262536 0.4421286 0.28284582
v -0.20882931 0.47664306 0.29943323
v -0.21008784 0.4783912 -0.29266626
v -0.20469849 0.37409204 -0.04831529
v -0.20663406 0.19997625 -0.04807248
v -0.21041937 0.15217957 -0.04792052
v -0.23566031 0.14379175 -0.04734857
v -0.19528329 0.43158096 -0.04744184
v -0.20793241 0.47808725 -0.04867535
v -0.19669117 0.4792048 0.22351989
v -0.19508857 0.47586459 0.27642614
v -0.21331498 0.17195965 -0.0478832
v -0.21759892 0.12771545 -0.04689371
v -0.21759892 0.12771545 -0.04689371
v -0.20774901 0.43199539 0.06612067
v -0.20491515 0.47770026 0.11928266
v -0.20484814 0.47909287 0.20013994
v -0.22895233 0.48136291 -0.3626405
v -0.21302375 0.27125579 -0.0480224
v -0.21858837 0.43207443 0.00829994
v -0.20278041 0.47875714 0.15491332
v -0.20589758 0.47786647 0.25083804
v -0.21264969 0.47708347 0.27288306
v -0.21095714 0.47494474 0.27902132
v -0.21095714 0.47494474 0.27902132
v -0.20593405 0.49012113 -0.36309046
v -0.20593405 0.49012113 -0.36309046
v -0.22412503 0.47785786 0.00704175
v -0.23411834 0.43196076 -0.01907244
v -0.20825626 0.47718325 0.07204504
v -0.21070491 0.47873247 0.16928284
v -0.2109649 0.47887412 0.2366728
v -0.22895233 0.48136291 -0.3626405
v -0.23580399 0.47890478 -0.36131817
v -0.23418868 0.47843683 -0.27713189
v -0.2238771 0.47837341 -0.14625347
v -0.21832451 0.47828057 -0.0832596
v -0.20952787 0.3249563 -0.04820307
v -0.21815264 0.43133965 -0.04702699
v -0.2429124 0.43167931 -0.02249756
v -0.21255548 0.47718284 0.04403514
v -0.22002515 0.47718373 0.05357218
v -0.21108501 0.4785001 0.13694656
v -0.2217567 0.47899428 0.2229351
v -0.23006481 0.43188256 0.22459373
v -0.22399914 0.47712192 0.27165872
v -0.22396351 0.46814999 0.28150389
v -0.2280837 0.47783607 0.09843346
v -0.21891235 0.47893399 0.15229978
v -0.21605177 0.479045 0.23056021
v -0.21530655 0.47614342 0.27637294
v -0.22301246 0.47234911 0.27986196
v -0.25322798 0.43208998 -0.01933795
v -0.21888812 0.4792389 0.1959178
v -0.22293139 0.43189383 0.26362497
v -0.2489673 0.463081 0.28293574
v -0.23612303 0.47670451 0.29089773
v -0.22864218 0.49434432 -0.36235982
v -0.23030157 0.49012533 -0.36271036
v -0.22793405 0.47943047 -0.36220264
v -0.22793405 0.47943047 -0.36220264
v -0.23349278 0.41730165 -0.04779644
v -0.23861708 0.47802329 -0.0471388
v -0.25389168 0.12726757 -0.02560971
v -0.23598798 0.43202358 0.07591888
v -0.23288934 0.47787663 0.12235507
v -0.22587907 0.47902188 0.18048605
v -0.26021081 0.44211966 0.28279039
v -0.23737499 0.43201488 0.28982657
v -0.25241977 0.47656286 0.35920727
v -0.25326312 0.47844809 -0.31474727
v -0.23163122 0.32247746 -0.04786216
v -0.23494221 0.12943535 -0.04710796
v -0.23994803 0.47794566 -0.0195278
v -0.23452596 0.47768873 0.03769866
v -0.23276669 0.47771201 0.11308664
v -0.23437227 0.47907585 0.16934821
v -0.22706705 0.47854647 0.23722303
v -0.22338912 0.47765073 0.25057247
v -0.26049548 0.43789181 0.28010494
v -0.24460866 0.47660241 0.31307885
v -0.24680218 0.47832012 -0.13408393
v -0.23720847 0.43192917 0.1405665
v -0.23507801 0.47899285 0.22020568
v -0.24266917 0.47643456 0.35253561
v -0.24998473 0.40028509 -0.04763247
v -0.23808242 0.28332549 -0.04762335
v -0.24894182 0.1273274 -0.04293615
v -0.2371524 0.43211877 0.03814143
v -0.23475762 0.47756687 0.06153269
v -0.23441672 0.47860199 0.1372235
v -0.2359675 0.47890809 0.15119484
v -0.23612335 0.4789207 0.18669741
v -0.25166059 0.37317637 -0.04752687
v -0.23536606 0.25806305 -0.04751585
v -0.25453457 0.12781113 -0.04613784
v -0.25453457 0.12781113 -0.04613784
v -0.23838744 0.47861075 0.23195133
v -0.2403599 0.47767466 0.24904986
v -0.24321342 0.47728527 0.26852068
v -0.24634558 0.47472563 0.27869815
v -0.24634558 0.47472563 0.27869815
v -0.24600592 0.47953475 -0.36139074
v -0.24600592 0.47953475 -0.36139074
v -0.25083339 0.47866738 -0.35853583
v -0.24778658 0.47835466 -0.19056457
v -0.23997542 0.43136218 -0.04654775
v -0.25731829 0.12746039 -0.04538189
v -0.23791552 0.47774723 0.09597312
v -0.24383628 0.47592813 0.27613813
v -0.24693099 0.47221512 0.27956739
v -0.28629309 0.47655118 0.33215088
v -0.24376658 0.49398339 -0.36188704
v -0.24948406 0.47835869 -0.24225238
v -0.26332861 0.47818255 -0.07714102
v -0.25384834 0.41843119 -0.04742298
v -0.24992472 0.31947374 -0.04743636
v -0.24660543 0.22006476 -0.04701262
v -0.24389309 0.17315398 -0.04706673
v -0.25589043 0.4322266 -0.00531801
v -0.24140711 0.47751641 0.05573369
v -0.24434325 0.47742733 0.09317794
v -0.24785195 0.47707993 0.10893678
v -0.2446754 0.47823098 0.13802977
v -0.2440944 0.47857869 0.21946682
v -0.24535996 0.47851542 0.19869779
v -0.24496984 0.47691405 0.27184439
v -0.24532767 0.46780118 0.28153616
v -0.25573888 0.43186605 0.28763047
v -0.24385336 0.48958588 -0.36208764
v -0.24816038 0.48117435 -0.36158034
v -0.24600592 0.47953475 -0.36139074
v -0.25960627 0.27348664 -0.04673805
v -0.25635618 0.12951486 -0.0461585
v -0.25131291 0.43188649 -0.0469217
v -0.25619382 0.43200621 0.09352071
v -0.24519926 0.47852057 0.15847105
v -0.24526182 0.47838897 0.18223171
v -0.25934699 0.43186817 0.18876153
v -0.25821379 0.49494663 -0.36082277
v -0.25821379 0.49494663 -0.36082277
v -0.2688598 0.47852632 -0.33904833
v -0.24942532 0.14567356 -0.04677686
v -0.26712531 0.12747341 -0.0245986
v -0.24841622 0.47723788 0.04760243
v -0.24839067 0.47698873 0.07505321
v -0.24985223 0.47769707 0.23654309
v -0.25486749 0.47704655 0.24810374
v -0.27253681 0.43207812 0.28947291
v -0.26050869 0.49036449 -0.36106247
v -0.26122433 0.48147187 -0.36083671
v -0.26143205 0.19022679 -0.046251
v -0.26024514 0.16172299 -0.04612882
v -0.25252563 0.47710118 0.02708544
v -0.25216079 0.47631425 0.0477889
v -0.25236171 0.4761126 0.06563712
v -0.25220186 0.47573188 0.08092599
v -0.25213596 0.4757908 0.10337353
v -0.25226527 0.47619089 0.1159218
v -0.2523734 0.47784975 0.15213983
v -0.25695828 0.47722146 0.17711753
v -0.25500968 0.47685817 0.26126397
v -0.25538489 0.4752095 0.27554008
v -0.25998184 0.46722341 0.28133386
v -0.27121273 0.47654754 0.35481745
v -0.27920604 0.47845855 -0.29049373
v -0.25936157 0.47840485 -0.27057475
v -0.26751551 0.4781886 -0.19441371
v -0.26096314 0.30538845 -0.04688441
v -0.26186717 0.2502988 -0.04637163
v -0.26627538 0.13930832 -0.04579418
v -0.25571662 0.43989176 0.00069084
v -0.25593314 0.4777301 0.00515738
v -0.25589064 0.47618067 0.00982087
v -0.25499833 0.47583437 0.01766422
v -0.2541779 0.47503012 0.04802877
v -0.25443518 0.47493169 0.06550666
v -0.25416866 0.47451186 0.08249865
v -0.25415626 0.47454461 0.09750867
v -0.25491917 0.47510374 0.118581
v -0.25619465 0.47546041 0.12306526
v -0.25836879 0.47739607 0.14988235
v -0.25811625 0.4773179 0.19420741
v -0.25760716 0.47707585 0.23792687
v -0.25501573 0.47630155 0.27112141
v -0.25554836 0.47414243 0.2778931
v -0.25554836 0.47414243 0.2778931
v -0.26039994 0.46313021 0.28287175
v -0.26808596 0.47955105 -0.35964215
v -0.27496117 0.47880077 -0.35777202
v -0.26808596 0.47955105 -0.35964215
v -0.27052912 0.47824091 -0.17269364
v -0.26424095 0.43108097 -0.04708065
v -0.26250982 0.40766409 -0.04702796
v -0.271662 0.33376271 -0.04638368
v -0.26835984 0.43390992 -0.04560054
v -0.25623208 0.43337679 -0.04573378
v -0.27226412 0.2140218 -0.04576156
v -0.25731829 0.12746039 -0.04538189
v -0.27575219 0.12727924 -0.03505475
v -0.27269819 0.43209106 -0.00969021
v -0.25786471 0.4595651 0.00361791
v -0.2583003 0.47533596 0.00834184
v -0.26002282 0.47602686 0.00533111
v -0.25589064 0.47618067 0.00982087
v -0.27268136 0.43197215 0.00497522
v -0.27105552 0.43205044 0.04980372
v -0.26052797 0.47674206 0.14888187
v -0.26915687 0.43185523 0.12446263
v -0.2606093 0.47623089 0.17671306
v -0.26057085 0.47647542 0.18947892
v -0.26065096 0.47632122 0.21523175
v -0.26077899 0.47612593 0.24418895
v -0.2603623 0.47618684 0.26324826
v -0.26032165 0.47479939 0.27476245
v -0.26010418 0.47156665 0.27858433
v -0.26010418 0.47156665 0.27858433
v -0.27108613 0.47831371 -0.26854888
v -0.2703467 0.47819012 -0.22888413
v -0.27053544 0.47814137 -0.1378483
v -0.27052349 0.47819689 -0.11289737
v -0.27068716 0.43153441 -0.02228838
v -0.26437637 0.44200453 -0.0015192
v -0.26013774 0.43835241 -0.00150297
v -0.2647323 0.47588095 0.00184375
v -0.26324221 0.47516441 0.00416365
v -0.26911032 0.43189624 0.08322597
v -0.26358071 0.47519007 0.14227885
v -0.26336607 0.47497141 0.17297028
v -0.2633307 0.4750607 0.19293256
v -0.26333314 0.47500232 0.24477437
v -0.26973662 0.43177474 0.21580826
v -0.26365501 0.47506177 0.25910762
v -0.26302496 0.47494367 0.26787016
v -0.26233009 0.47445273 0.27306247
v -0.26262715 0.47084698 0.27784285
v -0.26369381 0.46800983 0.27923533
v -0.26262715 0.47084698 0.27784285
v -0.26485494 0.46340585 0.28026521
v -0.26466349 0.44211385 0.28020418
v -0.26384586 0.43857265 0.27938023
v -0.26891702 0.4317421 0.28734642
v -0.27362615 0.47670719 0.30644605
v -0.27022034 0.4783836 -0.26340604
v -0.26992202 0.47820392 -0.06749687
v -0.271157 0.43235677 -0.04635313
v -0.27901825 0.42355651 -0.04607565
v -0.27545831 0.37329113 -0.04615337
v -0.2755388 0.30477446 -0.04595298
v -0.27329996 0.24612324 -0.045722
v -0.27250367 0.18602967 -0.04556278
v -0.28501534 0.12719938 -0.04229245
v -0.27186415 0.43208095 -0.01925824
v -0.26744509 0.47531661 0.00056484
v -0.26739982 0.45142016 -0.00404952
v -0.26744509 0.47531661 0.00056484
v -0.26746511 0.4718219 0.0008556
v -0.27825394 0.49542531 -0.35869232
v -0.27743241 0.49072361 -0.35935166
v -0.27825394 0.49542531 -0.35869232
v -0.27153322 0.48166957 -0.35986412
v -0.28268409 0.47854817 -0.35516393
v -0.2988764 0.47849032 -0.35179415
v -0.26931781 0.43742031 -0.04486691
v -0.27546334 0.40884739 -0.0460958
v -0.28869119 0.17124556 -0.04437584
v -0.28408924 0.12919377 -0.0446607
v -0.26865983 0.47732675 -0.0196344
v -0.27290919 0.4322066 -0.01841298
v -0.27265495 0.43217099 0.04243196
v -0.27198511 0.43193933 0.11114756
v -0.27221093 0.43182561 0.20940533
v -0.27299622 0.43187281 0.28321663
v -0.28059942 0.47672728 0.35765904
v -0.29589272 0.47851947 -0.31179798
v -0.27432454 0.47840255 -0.26948705
v -0.27059773 0.4475185 -0.27048135
v -0.27432454 0.47840255 -0.26948705
v -0.27108613 0.47831371 -0.26854888
v -0.27153108 0.47641397 -0.26797596
v -0.27468532 0.47639409 -0.26918748
v -0.27532133 0.43540558 -0.26852787
v -0.27072492 0.4356361 -0.27076933
v -0.27047235 0.43554354 -0.25628766
v -0.27077857 0.43556085 -0.18047549
v -0.27550009 0.43544897 -0.20365219
v -0.27092066 0.43553644 -0.13591181
v -0.27770942 0.43537125 -0.11073749
v -0.27399319 0.43538296 -0.07146399
v -0.27102405 0.43553913 -0.07238246
v -0.27126056 0.43535662 -0.06289002
v -0.27151653 0.43522361 -0.04834375
v -0.27493221 0.43306416 -0.04779835
v -0.271157 0.43235677 -0.04635313
v -0.28062937 0.4302167 -0.04576044
v -0.28302976 0.2463834 -0.04527703
v -0.27529094 0.43185648 -0.02195809
v -0.27537555 0.43514282 -0.01316389
v -0.27302435 0.43223721 0.07055934
v -0.27311108 0.4321343 0.16389392
v -0.27346882 0.43199429 0.21184309
v -0.2724418 0.47665069 0.28935257
v -0.27476737 0.47687662 0.28351277
v -0.27346 0.47635046 0.28325352
v -0.2735042 0.46968326 0.28851566
v -0.2947177 0.47665167 0.32013091
v -0.28685427 0.48576984 -0.35785857
v -0.28090003 0.47993225 -0.35834876
v -0.28090003 0.47993225 -0.35834876
v -0.31226596 0.47865856 -0.33616483
v -0.27038684 0.43790156 -0.27097529
v -0.28452688 0.43775007 -0.27093041
v -0.28475758 0.4457421 -0.27029559
v -0.27072492 0.4356361 -0.27076933
v -0.28381798 0.47831821 -0.26970086
v -0.28836098 0.43524146 -0.07529311
v -0.28861088 0.43482786 -0.06846116
v -0.28822082 0.43442824 -0.06275161
v -0.27904466 0.43461227 -0.05577609
v -0.2791802 0.43405876 -0.05121568
v -0.28376544 0.43178186 -0.04645128
v -0.28376544 0.43178186 -0.04645128
v -0.28068876 0.40177596 -0.04588259
v -0.28162464 0.33454931 -0.04598711
v -0.28285664 0.29932082 -0.04555815
v -0.28874594 0.26429817 -0.04510266
v -0.28376129 0.20920709 -0.04523438
v -0.28878373 0.19569643 -0.04486266
v -0.28375623 0.12754704 -0.04442625
v -0.28375623 0.12754704 -0.04442625
v -0.28444213 0.12704776 -0.03536226
v -0.27893633 0.43471193 -0.0191518
v -0.27672479 0.43536827 -0.01577923
v -0.27269819 0.43209106 -0.00969021
v -0.27471662 0.43770435 -0.0065453
v -0.27367771 0.4338448 -0.00631803
v -0.2736387 0.45631239 0.00435644
v -0.27401283 0.44547981 0.00218364
v -0.27392188 0.43748495 0.00222054
v -0.2733444 0.43343893 0.00154512
v -0.27268136 0.43197215 0.00497522
v -0.27331239 0.47622919 0.00734158
v -0.2734125 0.47198489 0.0049613
v -0.27326894 0.43825707 0.00698504
v -0.27308011 0.47249374 0.00815817
v -0.27347147 0.46050793 0.00770385
v -0.28684235 0.47757939 0.0187028
v -0.27461383 0.47747836 0.03056026
v -0.27461383 0.47747836 0.03056026
v -0.27342099 0.46086928 0.03628124
v -0.27331024 0.43856767 0.03246303
v -0.2730189 0.43395826 0.0329642
v -0.27352464 0.47590512 0.03866582
v -0.2732425 0.47227561 0.03893069
v -0.27265495 0.43217099 0.04243196
v -0.27377138 0.47186059 0.07891221
v -0.27384284 0.46035933 0.08290996
v -0.27343166 0.43385938 0.0713607
v -0.27302435 0.43223721 0.07055934
v -0.27484259 0.4771575 0.05931624
v -0.27363938 0.43744776 0.07433872
v -0.27408803 0.47570983 0.08174774
v -0.27504459 0.47689381 0.10610627
v -0.27393031 0.47211334 0.1194144
v -0.27373993 0.43773124 0.12119886
v -0.27395397 0.4613243 0.11764418
v -0.27426678 0.47568515 0.11793996
v -0.27311108 0.4321343 0.16389392
v -0.27489778 0.47701496 0.1393211
v -0.27379006 0.47259197 0.13857161
v -0.27391279 0.46292296 0.13597061
v -0.27398124 0.4757283 0.14519863
v -0.27394333 0.43860167 0.1779613
v -0.27369565 0.43392551 0.1756523
v -0.2738564 0.4724696 0.18551478
v -0.27489924 0.47686744 0.18826906
v -0.27401966 0.47562543 0.1860611
v -0.27400669 0.45461801 0.19996013
v -0.27392927 0.43380028 0.20109659
v -0.27346882 0.43199429 0.21184309
v -0.2739045 0.46342173 0.24463601
v -0.27400145 0.43732843 0.23396115
v -0.28035885 0.47705868 0.19178449
v -0.27489924 0.47686744 0.18826906
v -0.27837589 0.47703353 0.24668783
v -0.273781 0.47237259 0.24360394
v -0.27393359 0.47566748 0.24050032
v -0.27383158 0.43384752 0.24715264
v -0.27477154 0.47691056 0.25145286
v -0.27477154 0.47691056 0.25145286
v -0.27368465 0.43781143 0.28407383
v -0.27376789 0.46196309 0.26450896
v -0.27376035 0.46110803 0.28442156
v -0.27351058 0.43404147 0.28721854
v -0.27361882 0.47566718 0.27927369
v -0.27299622 0.43187281 0.28321663
v -0.28360966 0.47690696 0.29056555
v -0.27353737 0.46103725 0.28985822
v -0.27253681 0.43207812 0.28947291
v -0.27317983 0.43815887 0.28972462
v -0.28738752 0.49542826 -0.35728714
v -0.28884634 0.49076578 -0.3575277
v -0.28738752 0.49542826 -0.35728714
v -0.28342682 0.47920111 -0.35740709
v -0.28958687 0.47838423 -0.27096441
v -0.28850535 0.43586013 -0.27017623
v -0.28381798 0.47831821 -0.26970086
v -0.28850535 0.43586013 -0.27017623
v -0.28715295 0.43552482 -0.26765263
v -0.28809559 0.43547523 -0.21317521
v -0.28790197 0.43534413 -0.14120686
v -0.28902596 0.43444797 -0.05677606
v -0.28905022 0.43392339 -0.05145406
v -0.28845671 0.4330394 -0.04828753
v -0.28836685 0.43040946 -0.04554778
v -0.28860703 0.42216775 -0.04527751
v -0.28452665 0.38366577 -0.04560546
v -0.28474346 0.43441361 -0.02105379
v -0.27995017 0.4414224 -0.01726596
v -0.27977499 0.43802136 -0.01779859
v -0.27873355 0.44628656 -0.0138186
v -0.27893633 0.43471193 -0.0191518
v -0.28028649 0.47495481 -0.01233182
v -0.27970508 0.46768275 -0.01247719
v -0.27940372 0.472231 -0.00996412
v -0.27819389 0.46035537 -0.01008242
v -0.279093 0.45688531 -0.01225421
v -0.27888486 0.45111412 -0.01283153
v -0.27933988 0.47633162 -0.0055805
v -0.27777344 0.47258171 -0.00599706
v -0.28028649 0.47495481 -0.01233182
v -0.27484259 0.4771575 0.05931624
v -0.28775549 0.47746149 0.04125689
v -0.27504459 0.47689381 0.10610627
v -0.28548089 0.47707033 0.10596144
v -0.30160111 0.47689831 0.30231553
v -0.29192889 0.48112312 -0.35663685
v -0.29192889 0.48112312 -0.35663685
v -0.28938541 0.46044394 -0.26964724
v -0.28900442 0.44751242 -0.26972619
v -0.28820384 0.47819856 -0.26819056
v -0.28820384 0.47819856 -0.26819056
v -0.29193783 0.43424228 -0.06580923
v -0.28836685 0.43040946 -0.04554778
v -0.28879407 0.39442259 -0.04511779
v -0.28869864 0.32846636 -0.04528482
v -0.28869173 0.2952188 -0.04507508
v -0.28866944 0.24337806 -0.04485244
v -0.2864759 0.12848392 -0.04350656
v -0.2864759 0.12848392 -0.04350656
v -0.28891942 0.12716654 -0.04155701
v -0.28891942 0.12716654 -0.04155701
v -0.28878728 0.12663463 -0.03544784
v -0.28674611 0.47517097 -0.01263801
v -0.28678295 0.47493562 -0.01052133
v -0.28676847 0.45758706 -0.011485
v -0.28638908 0.47534183 -0.00105374
v -0.28764704 0.47610861 0.00220005
v -0.28620329 0.4772011 0.06575541
v -0.28651372 0.47714505 0.13830677
v -0.27489778 0.47701496 0.1393211
v -0.29019117 0.47707099 0.21494319
v -0.28894815 0.47712973 0.26337105
v -0.29829478 0.47929284 -0.35453919
v -0.29660845 0.47865921 -0.35381135
v -0.28938282 0.46566924 -0.26829982
v -0.28938541 0.46044394 -0.26964724
v -0.29004079 0.4783524 -0.26456919
v -0.29004079 0.4783524 -0.26456919
v -0.28921637 0.43563777 -0.26052484
v -0.28932238 0.43561652 -0.21164247
v -0.28916839 0.43552497 -0.16119809
v -0.28966829 0.43548378 -0.09034664
v -0.29054475 0.43533519 -0.07137752
v -0.29132938 0.4353416 -0.06791053
v -0.2911275 0.43380785 -0.06206368
v -0.29093459 0.43300688 -0.04948413
v -0.29093459 0.43300688 -0.04948413
v -0.29050913 0.42844993 -0.04567147
v -0.29089925 0.39776015 -0.04516018
v -0.29055747 0.36139044 -0.04537218
v -0.29061949 0.30948889 -0.04535871
v -0.29062304 0.27287695 -0.04539827
v -0.29076284 0.21942481 -0.04523986
v -0.29043925 0.17196813 -0.04488602
v -0.29054889 0.13636751 -0.04494356
v -0.29067004 0.12954451 -0.04457167
v -0.29079247 0.12589434 -0.04205833
v -0.29079247 0.12589434 -0.04205833
v -0.29088685 0.12485842 -0.03539716
v -0.28922766 0.12865037 -0.0251018
v -0.30210748 0.47747454 0.00830611
v -0.30170751 0.47708815 0.07408968
v -0.30140677 0.47707957 0.12321599
v -0.29938421 0.47706923 0.16638893
v -0.29727668 0.48464668 -0.3554073
v -0.28900442 0.44751242 -0.26972619
v -0.28929192 0.43838984 -0.26830938
v -0.28850535 0.43586013 -0.27017623
v -0.29299119 0.47853044 -0.26043919
v -0.28942704 0.45297617 -0.26465422
v -0.28953949 0.43765959 -0.26231498
v -0.28921637 0.43563777 -0.26052484
v -0.28940636 0.46278101 -0.25331724
v -0.28926504 0.47623554 -0.23526534
v -0.2895211 0.45339245 -0.21453422
v -0.28932238 0.43561652 -0.21164247
v -0.29328945 0.47842366 -0.20821272
v -0.29022011 0.47825861 -0.18926743
v -0.29022011 0.47825861 -0.18926743
v -0.28936419 0.47632277 -0.19224955
v -0.28966314 0.4376317 -0.21143387
v -0.29515675 -0.49632227 -0.17471181
v -0.28947073 0.46368665 -0.16447394
v -0.28941473 0.45188695 -0.17017631
v -0.28947404 0.43766949 -0.16347936
v -0.29308844 0.47857073 -0.17842466
v -0.28932869 0.4763464 -0.15569325
v -0.28916839 0.43552497 -0.16119809
v -0.29022691 0.47825414 -0.13806249
v -0.29022691 0.47825414 -0.13806249
v -0.29332274 0.47851866 -0.13740109
v -0.28966829 0.43548378 -0.09034664
v -0.28959045 0.47633454 -0.11795186
v -0.29528624 -0.49633324 -0.07501173
v -0.28979573 0.43739456 -0.09900972
v -0.28978395 0.45531693 -0.09287456
v -0.28976697 0.47631317 -0.08109946
v -0.29316542 0.47854102 -0.09493875
v -0.29052505 0.47839847 -0.07824714
v -0.29052505 0.47839847 -0.07824714
v -0.28994927 0.45062158 -0.07846082
v -0.29026109 0.4552629 -0.07134496
v -0.29024321 0.43740982 -0.07648347
v -0.29054475 0.43533519 -0.07137752
v -0.29457381 0.4787049 -0.06891605
v -0.29011792 0.47643712 -0.07144356
v -0.29125962 0.47832114 -0.06608551
v -0.29125962 0.47832114 -0.06608551
v -0.29073352 0.4758392 -0.06779373
v -0.29113057 0.45265171 -0.06644785
v -0.29132938 0.4353416 -0.06791053
v -0.29388115 0.47811764 -0.06569707
v -0.29156125 0.47273484 -0.06596535
v -0.29388115 0.47811764 -0.06569707
v -0.29125962 0.47832114 -0.06608551
v -0.29156125 0.47273484 -0.06596535
v -0.29130283 0.46163994 -0.06575259
v -0.29203251 0.43741658 -0.06673613
v -0.29193783 0.43424228 -0.06580923
v -0.29203251 0.43741658 -0.06673613
v -0.29417798 0.19969222 -0.06500866
v -0.29249856 0.19630583 -0.06465777
v -0.29210696 0.1673874 -0.06431203
v -0.29407999 0.14213628 -0.06427822
v -0.29187325 0.12806293 -0.06355567
v -0.29346722 0.08742087 -0.06352758
v -0.29167187 0.08334824 -0.06300403
v -0.29410377 0.04574851 -0.06301565
v -0.29194558 0.02632775 -0.06214409
v -0.2932913 0.00951921 -0.06232853
v -0.29165304 0.01047598 -0.06238765
v -0.29132688 0.00840353 -0.06132829
v -0.29340589 -0.00766466 -0.0619139
v -0.29123926 -0.04408365 -0.06091192
v -0.29342523 -0.03817535 -0.06172736
v -0.29332367 -0.0757968 -0.06119402
v -0.29125392 -0.10381953 -0.06024938
v -0.2932615 -0.12920934 -0.06074067
v -0.29376438 -0.17132683 -0.06061951
v -0.29143575 -0.17629634 -0.05993042
v -0.29155627 -0.2120876 -0.05932004
v -0.29348591 -0.21204925 -0.05983926
v -0.29361817 -0.29365662 -0.05959683
v -0.29203537 -0.32138583 -0.05885873
v -0.29362303 -0.33298191 -0.05911528
v -0.29396227 -0.37923488 -0.05880883
v -0.2930004 -0.41004685 -0.05704426
v -0.29325473 -0.42848721 -0.05599429
v -0.29442173 -0.43131295 -0.0560884
v -0.29527757 -0.49616104 -0.01813473
v -0.29507276 -0.49647012 0.03824234
v -0.29785517 0.47740981 0.00500605
v -0.29473355 -0.4967339 0.08932717
v -0.2945995 -0.49716711 0.21381301
v -0.29537669 -0.49756852 0.20020758
v -0.29544672 -0.49769944 0.2983844
v -0.29483375 -0.49749261 0.32476351
v -0.31025973 0.47694191 0.3487865
v -0.29623455 0.49754956 -0.35450965
v -0.30081412 0.49483216 -0.35399938
v -0.30279922 0.49026185 -0.35373968
v -0.32050484 0.47846362 -0.27016631
v -0.29815409 -0.46552721 -0.28408939
v -0.29695326 -0.46738744 -0.28386918
v -0.29827997 -0.47305843 -0.28512499
v -0.29704124 -0.48324713 -0.28445989
v -0.29870078 -0.48816159 -0.28510097
v -0.29818889 -0.49427769 -0.28365511
v -0.29644877 -0.45868328 -0.28013617
v -0.29648224 -0.45423552 -0.27630979
v -0.29772136 -0.49720016 -0.2784709
v -0.29934815 -0.49834821 -0.26976725
v -0.2981981 -0.49834958 -0.24360953
v -0.29826319 -0.49813566 -0.18482204
v -0.30216059 0.47853392 -0.18964107
v -0.29819331 -0.49805138 -0.07228292
v -0.29302749 0.43172699 -0.06702416
v -0.30356646 0.43000671 -0.06694303
v -0.29379892 0.40404806 -0.06707364
v -0.29130283 0.46163994 -0.06575259
v -0.3003968 0.46484503 -0.06624205
v -0.29641634 0.08729768 -0.06365284
v -0.29834679 0.01909651 -0.06270246
v -0.29824227 -0.07607287 -0.0614115
v -0.29667708 -0.13202746 -0.06086856
v -0.2974833 -0.21034889 -0.06001678
v -0.29712966 -0.29713842 -0.05971804
v -0.29653183 -0.33638164 -0.05921681
v -0.29688287 -0.37881142 -0.05899271
v -0.29723594 -0.40232626 -0.05861409
v -0.29798213 -0.42744282 -0.05696565
v -0.29416901 -0.43316689 -0.05409881
v -0.29848778 -0.49811587 -0.01642437
v -0.29825538 -0.49827623 0.03472555
v -0.29792058 -0.4979479 0.07786056
v -0.29794627 -0.49801734 0.11345131
v -0.29789987 -0.49805844 0.17495865
v -0.31149781 0.47712493 0.22064352
v -0.29761761 -0.49828899 0.23382436
v -0.31797314 0.477126 0.26565701
v -0.29761952 -0.49839017 0.32345837
v -0.29518536 -0.4973509 0.33209509
v -0.29829541 -0.49804702 0.33273751
v -0.30374295 0.48132724 -0.35323432
v -0.29829478 0.47929284 -0.35453919
v -0.30728903 0.49736682 -0.35089034
v -0.32006434 0.47872737 -0.32232544
v -0.30228332 0.47854507 -0.25581169
v -0.30092022 -0.46379194 -0.28404948
v -0.30114585 -0.47006208 -0.28528506
v -0.3010776 -0.47849837 -0.28564537
v -0.30172136 -0.48638022 -0.28560466
v -0.3030878 -0.49184659 -0.28512338
v -0.30286637 -0.49469852 -0.28406417
v -0.30119696 -0.4605321 -0.28273854
v -0.30286637 -0.49469852 -0.28406417
v -0.29818889 -0.49427769 -0.28365511
v -0.30288246 -0.49651212 -0.28174973
v -0.30172783 -0.49761572 -0.27896786
v -0.30126902 -0.49879146 -0.23810376
v -0.30127814 -0.49861053 -0.19289503
v -0.30106992 -0.49842682 -0.08886118
v -0.30447975 0.47849077 -0.09841146
v -0.31704155 0.47834358 -0.08405659
v -0.31424445 0.41796139 -0.06711914
v -0.31612226 0.32924876 -0.06676149
v -0.31502229 0.30157962 -0.06629651
v -0.31537586 0.24264649 -0.06571174
v -0.31002697 0.47784844 -0.06611452
v -0.31177601 0.47815946 -0.06746637
v -0.30616081 0.17576805 -0.06482968
v -0.30340868 0.11817399 -0.06421458
v -0.30902219 0.04870369 -0.06329388
v -0.31723458 0.01763231 -0.06287635
v -0.30143306 -0.49866718 -0.04330636
v -0.30406234 -0.41582331 -0.05843308
v -0.30243632 -0.42729333 -0.05720241
v -0.30126286 -0.49868581 0.00557682
v -0.31987011 0.4772687 0.00544913
v -0.30130988 -0.49866319 0.0494496
v -0.302683 -0.49841869 0.0825331
v -0.30216548 -0.49845144 0.12613599
v -0.30149543 -0.49844921 0.18189991
v -0.30127925 -0.49857563 0.27102092
v -0.30307022 -0.49871781 0.31702492
v -0.30413705 -0.49858469 0.32789433
v -0.31114739 0.47992432 -0.35011598
v -0.31002992 0.47873038 -0.34892479
v -0.31114739 0.47992432 -0.35011598
v -0.29829478 0.47929284 -0.35453919
v -0.31002992 0.47873038 -0.34892479
v -0.31928447 -0.46416199 -0.28418955
v -0.30866593 -0.49872464 -0.27026543
v -0.30859348 -0.49889392 -0.25668728
v -0.30733481 -0.49901342 -0.23214231
v -0.31219628 0.47847509 -0.24055542
v -0.30674058 -0.49884397 -0.19629078
v -0.3073307 -0.49881792 -0.15481059
v -0.30682993 -0.49867433 -0.11929946
v -0.3114596 0.47842532 -0.14998905
v -0.30749455 -0.49862334 -0.07248154
v -0.32248056 0.4781242 -0.07109615
v -0.31141901 0.44423586 -0.06683563
v -0.32032171 0.18743098 -0.06508782
v -0.32339537 0.15509491 -0.06462086
v -0.3153432 0.0723565 -0.06364053
v -0.3119539 -0.01617887 -0.0619671
v -0.31210569 -0.05236085 -0.06169166
v -0.31460282 -0.09155505 -0.06141359
v -0.31541443 -0.12656382 -0.0610159
v -0.31255388 -0.16883501 -0.06067501
v -0.31436154 -0.29214469 -0.05970175
v -0.30909687 -0.33524981 -0.05912546
v -0.31163278 -0.40978584 -0.05867513
v -0.3056753 -0.41934866 -0.05837791
v -0.30481666 -0.43169969 -0.05746479
v -0.30465901 -0.43572113 -0.05799031
v -0.30529517 -0.49876583 -0.03401045
v -0.30517662 -0.49880269 0.01235866
v -0.305987 -0.49879825 0.04985417
v -0.31654149 0.47704864 0.14940745
v -0.30621585 -0.49853706 0.14282103
v -0.30608845 -0.49850807 0.16467607
v -0.30565161 -0.49865773 0.21440029
v -0.32010311 0.47706085 0.18554509
v -0.30637208 -0.49868611 0.25614157
v -0.30960509 -0.49870062 0.29093528
v -0.30726552 -0.49837175 0.3314369
v -0.3234449 0.47699746 0.3405247
v -0.30716884 -0.49485567 0.34264117
v -0.31459442 0.49479151 -0.34863472
v -0.31194869 0.48933378 -0.35019392
v -0.32039708 -0.49825418 -0.27629748
v -0.30982307 -0.43819037 -0.09684521
v -0.31875801 0.47618198 -0.06694899
v -0.31966987 0.45957425 -0.06687219
v -0.31528464 0.38992828 -0.0671535
v -0.31719133 -0.21070741 -0.06002374
v -0.32538188 -0.38679764 -0.05886122
v -0.30985007 -0.41672111 -0.05873641
v -0.32343215 0.47736248 0.04204007
v -0.32031918 0.4770076 0.10877356
v -0.33025146 0.47705796 0.33337554
v -0.31613958 0.49751437 -0.34682351
v -0.32349604 0.47868785 -0.34105355
v -0.32625398 -0.49459505 -0.28392312
v -0.32292429 -0.4594436 -0.28267735
v -0.32625398 -0.49459505 -0.28392312
v -0.33815327 -0.49663767 -0.2810545
v -0.32754195 0.47840834 -0.20218492
v -0.31600416 -0.43779629 -0.097313
v -0.31905013 0.47802138 -0.06794684
v -0.31905013 0.47802138 -0.06794684
v -0.31988591 0.439652 -0.06716761
v -0.32004353 0.21464531 -0.06545488
v -0.32377592 0.10347109 -0.06424684
v -0.32381824 0.03774841 -0.06348334
v -0.32101065 0.00084952 -0.06260719
v -0.31976154 -0.02251616 -0.06211953
v -0.32052997 -0.07136626 -0.06175287
v -0.33158606 -0.33744431 -0.05910743
v -0.32197791 -0.49876598 0.05255139
v -0.32008252 -0.49843806 0.08046293
v -0.320207 -0.49850315 0.17651907
v -0.32273531 -0.49865079 0.23199746
v -0.33488226 -0.49830443 0.32670289
v -0.31887272 0.49039081 -0.34667259
v -0.31895435 0.48191449 -0.34650636
v -0.31895435 0.48191449 -0.34650636
v -0.31988126 0.47968423 -0.34528774
v -0.31988126 0.47968423 -0.34528774
v -0.33307439 -0.46536261 -0.28431141
v -0.33902669 -0.48149192 -0.28500929
v -0.3379437 -0.49055618 -0.28448132
v -0.33718452 -0.49742985 -0.27920112
v -0.32617888 -0.4987008 -0.27081943
v -0.33533067 -0.49889791 -0.24800219
v -0.33544672 -0.49888021 -0.19954717
v -0.335637 -0.49873859 -0.13214298
v -0.33576205 -0.4986333 -0.08454291
v -0.31848219 -0.43664443 -0.09583149
v -0.31965035 0.39297247 -0.06746753
v -0.31994978 0.3251988 -0.06690501
v -0.32001749 0.30065674 -0.06644251
v -0.3203083 0.25417542 -0.0659967
v -0.32747766 -0.17195292 -0.06094183
v -0.32219982 -0.25510117 -0.05997166
v -0.31955773 -0.49870795 -0.0330898
v -0.32240924 -0.49876815 7.707E-05
v -0.326711 -0.49844602 0.13104902
v -0.33320785 -0.49849725 0.29691476
v -0.33529994 -0.49847403 0.3177923
v -0.32340068 0.49674726 -0.34308621
v -0.33233517 0.47862732 -0.32775307
v -0.3350853 -0.47240251 -0.28496653
v -0.32974994 0.47834563 -0.12424422
v -0.31523263 -0.43507165 -0.09425823
v -0.32341689 -0.42688477 -0.08778679
v -0.31897831 -0.43537217 -0.09144465
v -0.32121906 0.47782651 -0.06680725
v -0.32227412 0.4558993 -0.06672318
v -0.32150295 0.41111019 -0.06714058
v -0.32182539 0.36805475 -0.06715446
v -0.32213938 0.32550439 -0.06674559
v -0.32312232 0.30014223 -0.06615022
v -0.32307345 0.24750787 -0.06582946
v -0.32414156 0.22793765 -0.06534549
v -0.32429531 0.19505107 -0.06506815
v -0.32121906 0.47782651 -0.06680725
v -0.32196164 0.47775286 -0.0654417
v -0.32597959 0.0043997 -0.06299633
v -0.32400468 -0.06542125 -0.06205696
v -0.32435113 -0.08026775 -0.06181632
v -0.3267161 -0.08849372 -0.06176353
v -0.32705355 -0.13575467 -0.06127919
v -0.32784832 -0.20438249 -0.06040183
v -0.3312293 -0.29353306 -0.05996084
v -0.3316451 -0.40409896 -0.05885584
v -0.32290781 0.47723165 0.00385194
v -0.33544403 -0.49889362 0.04769055
v -0.3286708 0.47705358 0.07818461
v -0.33467317 -0.4979479 0.33229733
v -0.3368195 -0.49427247 0.34224451
v -0.32672957 0.49054173 -0.34165025
v -0.32497236 0.48176727 -0.34271446
v -0.32497236 0.48176727 -0.34271446
v -0.32826751 0.47939935 -0.339012
v -0.33407587 0.47855449 -0.28510225
v -0.33870572 0.47836718 -0.09542153
v -0.32737538 -0.42926785 -0.08887021
v -0.32724845 -0.43556765 -0.0911209
v -0.32508436 0.47767028 -0.0537805
v -0.32196164 0.47775286 -0.0654417
v -0.32121906 0.47782651 -0.06680725
v -0.32293841 0.45974275 -0.06541339
v -0.32227412 0.4558993 -0.06672318
v -0.32150295 0.41111019 -0.06714058
v -0.32223898 0.40670195 -0.06554552
v -0.32182539 0.36805475 -0.06715446
v -0.32289302 0.35241872 -0.06528213
v -0.32213938 0.32550439 -0.06674559
v -0.32298303 0.32927966 -0.06557517
v -0.32312232 0.30014223 -0.06615022
v -0.32376325 0.29397267 -0.06506394
v -0.32414156 0.22793765 -0.06534549
v -0.32429531 0.19505107 -0.06506815
v -0.32457012 0.21144733 -0.06462543
v -0.32511398 0.18294795 -0.06449123
v -0.32576051 0.12808959 -0.06411695
v -0.32622766 0.04620201 -0.06331663
v -0.32279193 0.47772378 -0.06150352
v -0.32279193 0.47772378 -0.06150352
v -0.32333177 0.45853606 -0.06197667
v -0.32290912 0.42884195 -0.06130317
v -0.32274434 0.40653482 -0.06166689
v -0.32318458 0.37084845 -0.06125529
v -0.32638627 -0.03011857 -0.06181532
v -0.32660282 -0.06507767 -0.06133956
v -0.33053979 -0.25178275 -0.06020268
v -0.32346612 0.47714797 -0.05569892
v -0.32346612 0.47714797 -0.05569892
v -0.32382798 0.47105414 -0.05122529
v -0.32387403 0.35699049 -0.05611444
v -0.33561808 -0.49876788 -0.0485388
v -0.32378078 0.4588204 -0.05428373
v -0.32351393 0.43258646 -0.05171958
v -0.32332268 0.40522256 -0.05466929
v -0.32429656 0.4602491 -0.04131405
v -0.32446489 0.45081967 -0.03055798
v -0.32416654 0.43314788 -0.03592342
v -0.32421008 0.4110471 -0.03754298
v -0.32536364 0.47732112 0.00174499
v -0.33245057 0.47704479 0.12423851
v -0.3500874 0.47713804 0.17072195
v -0.33512107 -0.49869421 0.20568475
v -0.34404176 0.47719729 0.2635518
v -0.34399495 0.47719762 0.30617785
v -0.32936671 0.49509984 -0.33891127
v -0.32936671 0.49509984 -0.33891127
v -0.32954156 0.48163706 -0.3391048
v -0.32826751 0.47939935 -0.339012
v -0.32954156 0.48163706 -0.3391048
v -0.33934781 0.47864506 -0.32586196
v -0.339129 -0.46024522 -0.28240669
v -0.33885416 -0.49846455 -0.27065158
v -0.33884662 0.47834176 -0.16700894
v -0.33177713 -0.42927265 -0.08796677
v -0.33183673 -0.43565688 -0.0901972
v -0.33890647 0.47812709 -0.06916829
v -0.32438838 0.24504629 -0.06487232
v -0.32511398 0.18294795 -0.06449123
v -0.32351729 0.33188131 -0.06224496
v -0.32448786 0.28419936 -0.0622691
v -0.32502878 0.23248282 -0.06238512
v -0.32516983 0.20931607 -0.06220047
v -0.32602704 0.15264964 -0.06228566
v -0.32576051 0.12808959 -0.06411695
v -0.32657054 0.10749234 -0.06191305
v -0.32622766 0.04620201 -0.06331663
v -0.32697374 0.05478973 -0.06156556
v -0.32689211 0.03863797 -0.06168357
v -0.32597959 0.0043997 -0.06299633
v -0.32668552 0.00144691 -0.06157669
v -0.32591388 -0.00613052 -0.06313734
v -0.3258343 -0.02885561 -0.06283867
v -0.32638627 -0.03011857 -0.06181532
v -0.32731101 -0.06662075 -0.06033108
v -0.32660282 -0.06507767 -0.06133956
v -0.32750705 -0.08087762 -0.06072564
v -0.32750705 -0.08087762 -0.06072564
v -0.32771811 -0.08860303 -0.06099033
v -0.32829016 -0.12834379 -0.06077914
v -0.32888827 -0.16776326 -0.06061889
v -0.33029854 -0.20851094 -0.06002978
v -0.33417577 -0.38117906 -0.05906829
v -0.32422748 0.3295072 -0.05555673
v -0.32673451 0.16539785 -0.04777251
v -0.32696411 0.07682469 -0.05820912
v -0.32714173 0.03167808 -0.0583505
v -0.32710338 -0.01983679 -0.05857297
v -0.3271361 -0.0491755 -0.05861315
v -0.32530153 0.30252522 -0.04687238
v -0.32538584 0.28209153 -0.0477805
v -0.32576782 0.26407069 -0.04762738
v -0.3261846 0.24408726 -0.04502952
v -0.32546607 0.22367013 -0.05521878
v -0.32609269 0.20267071 -0.04919549
v -0.32641312 0.18637107 -0.04934786
v -0.32781407 -0.07472951 -0.05218852
v -0.32438225 0.47591838 -0.04479882
v -0.32565677 0.47740042 -0.03659238
v -0.32438225 0.47591838 -0.04479882
v -0.32614958 0.22174639 -0.04501101
v -0.32734159 0.13547723 -0.04177881
v -0.32764688 0.00738181 -0.0475095
v -0.32788381 0.02820741 -0.04613198
v -0.32778442 -0.01658023 -0.04803572
v -0.32795727 -0.06479001 -0.04754908
v -0.32484204 0.37855607 -0.03758445
v -0.32546571 0.33715332 -0.03689126
v -0.32663146 0.27597785 -0.03292183
v -0.32464802 0.47081593 -0.03078214
v -0.32626536 0.31160435 -0.03323728
v -0.32763061 0.1956396 -0.03268638
v -0.32764682 0.26711941 -0.02564657
v -0.32707787 0.22544222 -0.03428182
v -0.32693863 0.21005856 -0.03229886
v -0.32565677 0.47740042 -0.03659238
v -0.32489538 0.4758361 -0.0269143
v -0.3253296 0.38153177 -0.02728985
v -0.32693359 0.28526765 -0.02926268
v -0.32804066 0.2453963 -0.0236325
v -0.32781795 0.20646548 -0.02694511
v -0.32884216 0.1577943 -0.02012632
v -0.3248069 0.41787153 -0.02167366
v -0.3260169 0.34000528 -0.02612983
v -0.32788703 0.22209014 -0.02630417
v -0.32490131 0.43136185 -0.01059402
v -0.32763585 0.28851864 -0.01624899
v -0.32608357 0.37360474 -0.01005901
v -0.32479393 0.45005599 -0.0012367
v -0.32723379 0.31198296 -0.01323067
v -0.325102 0.47602022 -0.00261624
v -0.32480803 0.47166589 -0.00252326
v -0.32554063 0.39547792 -0.011288
v -0.32657483 0.33939329 -0.01123293
v -0.3259649 0.47753417 -0.00738406
v -0.32492405 0.42866951 -0.00111854
v -0.32551241 0.3955493 -0.00124755
v -0.32678434 0.33352214 -0.00143054
v -0.32791215 0.29033619 -0.00029002
v -0.32630134 0.35835409 0.00240118
v -0.32501119 0.40460402 0.00254702
v -0.32661772 0.3335377 0.00260395
v -0.32789353 0.28633526 0.00310759
v -0.32420778 0.42728236 0.00371101
v -0.32545504 0.36465463 0.00366977
v -0.32616743 0.32386234 0.00371774
v -0.33565697 -0.49888372 0.00086177
v -0.33541432 -0.49858212 0.07913096
v -0.34413376 0.47711095 0.09026981
v -0.33568034 -0.49856156 0.15523748
v -0.35172743 0.4773187 0.20348153
v -0.33450145 -0.4986386 0.26069251
v -0.32999501 0.47831467 0.33885324
v -0.33564153 0.4904775 -0.33360812
v -0.33423829 0.48206514 -0.33489153
v -0.33414939 0.48006287 -0.33441836
v -0.33414939 0.48006287 -0.33441836
v -0.3387686 -0.49397168 -0.28364328
v -0.3387686 -0.49397168 -0.28364328
v -0.33420011 -0.43333727 -0.08779573
v -0.33550611 -0.43585458 -0.08861335
v -0.33095947 -0.23424113 -0.0597773
v -0.33254087 -0.29021475 -0.05963882
v -0.33373603 -0.32579127 -0.05893539
v -0.33440083 -0.35717019 -0.0588237
v -0.3361477 -0.40353572 -0.05875328
v -0.32771811 -0.08860303 -0.06099033
v -0.32829016 -0.12834379 -0.06077914
v -0.3285951 -0.11815681 -0.05768404
v -0.32901588 -0.15480325 -0.0583508
v -0.32888827 -0.16776326 -0.06061889
v -0.33032975 -0.20017895 -0.05808951
v -0.33029854 -0.20851094 -0.06002978
v -0.3297984 -0.17510898 -0.05063511
v -0.32913971 -0.09475955 -0.04024755
v -0.32975146 -0.16126293 -0.04376897
v -0.32881647 0.04348083 -0.03536895
v -0.32930851 0.02507734 -0.02912563
v -0.32931691 -0.0409411 -0.03154165
v -0.32910088 -0.06984808 -0.03535879
v -0.3302235 -0.11033124 -0.0267715
v -0.33000252 -0.13396163 -0.03268384
v -0.33130136 -0.17586732 -0.02350757
v -0.32910901 0.12054408 -0.02310604
v -0.33081019 -0.00188157 -0.01209728
v -0.3304269 0.03882353 -0.01429392
v -0.32871702 0.19396621 -0.01874403
v -0.33131588 -0.14064455 -0.01444852
v -0.32847121 0.20943655 -0.02066047
v -0.33093989 -0.03474281 -0.01291414
v -0.33109602 -0.07867155 -0.01173159
v -0.33577457 0.47756144 -0.0096476
v -0.3282865 0.25836042 -0.01704825
v -0.32861498 0.22567524 -0.01625347
v -0.32911327 0.14749101 -0.0173644
v -0.33018145 0.08871679 -0.01068003
v -0.3259649 0.47753417 -0.00738406
v -0.33120725 0.03962038 -0.00064784
v -0.32889321 0.24181259 -0.00088526
v -0.32927504 0.20999089 -0.00014833
v -0.329862 0.14347754 -0.00045965
v -0.32844904 0.26858589 -0.00095564
v -0.3303552 0.10601605 -0.00104307
v -0.32843077 0.26263222 0.00242081
v -0.32966986 0.17217001 0.00285264
v -0.3301827 0.11825836 0.00294421
v -0.32776713 0.27402347 0.0032359
v -0.32860458 0.22620516 0.00352216
v -0.32946351 0.14862834 0.00393388
v -0.32989895 0.10244928 0.00408517
v -0.3306849 0.06805585 0.00363429
v -0.33697125 0.47711489 0.32695654
v -0.33367404 0.47829273 0.33507195
v -0.33594999 0.49492475 -0.33262935
v -0.33594999 0.49492475 -0.33262935
v -0.33840761 0.48183829 -0.33056998
v -0.34123784 0.47949904 -0.3258673
v -0.34123784 0.47949904 -0.3258673
v -0.33917055 -0.46557802 -0.28398883
v -0.34118637 -0.47010368 -0.28437239
v -0.3392756 -0.49871847 -0.25509238
v -0.34268373 0.47836453 -0.21597104
v -0.3392503 -0.49877048 -0.21029139
v -0.33919707 -0.49863628 -0.13782072
v -0.33950108 -0.49857002 -0.07941545
v -0.33384645 -0.42779347 -0.08628199
v -0.33420011 -0.43333727 -0.08779573
v -0.33557051 -0.4332476 -0.08551148
v -0.33625218 -0.42604801 -0.08239583
v -0.33550611 -0.43585458 -0.08861335
v -0.3369208 -0.42832386 -0.08082364
v -0.33703357 -0.43519875 -0.08151224
v -0.33671212 -0.42430234 -0.07240862
v -0.33654287 -0.43281841 -0.06391536
v -0.33720285 -0.43505356 -0.07213472
v -0.33489016 -0.41886473 -0.06052369
v -0.3358022 -0.42305532 -0.06321651
v -0.33715186 -0.43435651 -0.06058156
v -0.33390447 -0.41618079 -0.06026818
v -0.33095947 -0.23424113 -0.0597773
v -0.33254087 -0.29021475 -0.05963882
v -0.33295435 -0.29132354 -0.05790395
v -0.33373603 -0.32579127 -0.05893539
v -0.3342388 -0.3292391 -0.05775066
v -0.33440083 -0.35717019 -0.0588237
v -0.33487919 -0.35801196 -0.05766405
v -0.33547986 -0.41737249 -0.05942199
v -0.3361477 -0.40353572 -0.05875328
v -0.33658794 -0.40624699 -0.0577632
v -0.33695573 -0.41851205 -0.05766036
v -0.3378424 -0.43266496 -0.05755941
v -0.33118096 -0.21594901 -0.05119596
v -0.33142453 -0.23145783 -0.05316272
v -0.33252379 -0.27118862 -0.05411258
v -0.33428609 -0.32408303 -0.05251524
v -0.33938664 -0.49876174 -0.0090102
v -0.33236611 -0.23844969 -0.03492093
v -0.33357561 -0.28821397 -0.03518356
v -0.33187404 -0.20531829 -0.02708541
v -0.3342427 -0.30258203 -0.02466246
v -0.33522186 -0.33947057 -0.03028253
v -0.3333706 -0.26205638 -0.01969578
v -0.33214679 -0.18823671 -0.01154495
v -0.33292076 -0.23120314 -0.01221979
v -0.33462393 -0.30872741 -0.00637819
v -0.33187479 -0.08153894 -0.00032252
v -0.33162031 -0.01043427 -5.46E-06
v -0.33220986 -0.14851943 -0.00032582
v -0.33311656 -0.21761647 -9.835E-05
v -0.33444449 -0.29504168 -0.00063448
v -0.33106747 0.04193386 0.00274899
v -0.33169881 -0.02711776 0.00277368
v -0.33178979 -0.08276272 0.00261159
v -0.33213702 -0.14922303 0.00278954
v -0.33330134 -0.23459315 0.00257228
v -0.33434016 -0.29538578 0.00225332
v -0.33138436 -0.0258407 0.00371747
v -0.33147618 -0.10174198 0.00362024
v -0.3321918 -0.18611659 0.00367353
v -0.33314481 -0.25467408 0.00353305
v -0.33385447 -0.30610481 0.00337417
v -0.33547112 -0.34750003 0.00247782
v -0.33529836 -0.35704708 0.00318743
v -0.33939689 -0.4987911 0.0489907
v -0.33943784 -0.49852696 0.08209913
v -0.33941695 -0.49858651 0.21833618
v -0.33930871 -0.49837786 0.26587158
v -0.33922091 -0.49815467 0.30032188
v -0.33866325 -0.49819288 0.3258836
v -0.33892742 -0.49682382 0.33609942
v -0.33367404 0.47829273 0.33507195
v -0.34048989 0.49513888 -0.32732511
v -0.34048989 0.49513888 -0.32732511
v -0.34232071 0.49053419 -0.325661
v -0.33840761 0.48183829 -0.33056998
v -0.35268116 0.47844964 -0.29483044
v -0.34103084 -0.48333117 -0.28466037
v -0.35733238 0.47826788 -0.26105079
v -0.34157577 -0.49735984 -0.27471921
v -0.3421087 -0.49798343 -0.26777723
v -0.35350937 0.47819442 -0.23823382
v -0.34172526 -0.49835536 -0.22867295
v -0.34180468 -0.49816239 -0.14628492
v -0.35473862 0.47809935 -0.15248619
v -0.35105047 0.47822848 -0.12192772
v -0.34187457 -0.49818772 -0.07077641
v -0.33605698 -0.42296115 -0.07880916
v -0.33920288 -0.43421853 -0.05700328
v -0.33485228 -0.34143484 -0.05454478
v -0.33542153 -0.36198786 -0.05447045
v -0.33676991 -0.3965323 -0.05455277
v -0.33729428 -0.41836599 -0.05441224
v -0.33812407 -0.43247467 -0.05350636
v -0.3381851 -0.43256494 -0.04597622
v -0.33909526 -0.43425527 -0.04398128
v -0.33621943 -0.3762075 -0.04003485
v -0.33719748 -0.39535406 -0.01512901
v -0.33775228 -0.42660144 -0.04578943
v -0.33760431 -0.41760507 -0.02404272
v -0.33801612 -0.43250704 -0.02704904
v -0.33593243 -0.35573816 -0.01030674
v -0.3391335 -0.43531486 -0.02160227
v -0.34190825 -0.49829006 0.00867406
v -0.33841002 -0.43249771 -0.01397002
v -0.33949307 -0.43567941 -0.00679885
v -0.33979204 -0.43652734 -0.01979031
v -0.33779997 -0.41283497 -0.00018437
v -0.33827823 -0.42313892 -0.00038021
v -0.33577427 -0.34497705 -0.00039201
v -0.3371529 -0.3852196 -0.00019001
v -0.33895656 -0.43192509 -0.00017531
v -0.34058928 -0.43683958 -2.666E-05
v -0.33663279 -0.37801942 0.00236514
v -0.33742791 -0.4096005 0.00235687
v -0.33845285 -0.43278125 0.00236536
v -0.33915344 -0.43639213 0.00272184
v -0.33758819 -0.42952567 0.00311739
v -0.34221768 -0.49821877 0.07613218
v -0.34218574 -0.4982067 0.17380217
v -0.35147327 0.47722831 0.14539839
v -0.34195903 -0.49816048 0.22625601
v -0.34185231 -0.49772012 0.27081081
v -0.3410832 -0.49770683 0.3045989
v -0.34017628 -0.49764365 0.32703492
v -0.33863994 0.49531755 0.33000836
v -0.33884156 0.49028498 0.33068162
v -0.3399514 -0.44281358 0.33466071
v -0.3395668 -0.4948402 0.3389501
v -0.33908609 -0.48932624 0.34319627
v -0.34468389 0.49481341 -0.32098013
v -0.34232071 0.49053419 -0.325661
v -0.34258482 0.48156878 -0.32507375
v -0.34258482 0.48156878 -0.32507375
v -0.33840761 0.48183829 -0.33056998
v -0.34123784 0.47949904 -0.3258673
v -0.34647813 0.47938606 -0.31649798
v -0.34822267 0.47861061 -0.31026727
v -0.34118637 -0.47010368 -0.28437239
v -0.34103084 -0.48333117 -0.28466037
v -0.34294569 -0.47194099 -0.2822921
v -0.34237435 -0.48742586 -0.28209782
v -0.3387686 -0.49397168 -0.28364328
v -0.34197837 -0.49189994 -0.28137308
v -0.3416912 -0.45876703 -0.28146648
v -0.34295142 -0.461128 -0.28075257
v -0.34295142 -0.461128 -0.28075257
v -0.34238356 -0.49510017 -0.27805397
v -0.34238356 -0.49510017 -0.27805397
v -0.34157577 -0.49735984 -0.27471921
v -0.3421087 -0.49798343 -0.26777723
v -0.34297806 -0.49770585 -0.23430027
v -0.34303972 -0.49751019 -0.17355299
v -0.3545765 0.47820216 -0.18792862
v -0.34306237 -0.49761739 -0.10775129
v -0.34303722 -0.49751174 -0.05093959
v -0.34311011 -0.49755439 0.0113638
v -0.34341374 -0.49762091 0.08887715
v -0.35121807 0.47709757 0.09384251
v -0.34341726 -0.49759793 0.17324018
v -0.34294987 -0.4975954 0.22846253
v -0.34294987 -0.4975954 0.22846253
v -0.34185231 -0.49772012 0.27081081
v -0.34236816 -0.49723843 0.26934281
v -0.34277716 -0.49579242 0.27294928
v -0.34302351 -0.4835487 0.29956499
v -0.34364122 -0.47422355 0.26528808
v -0.34338158 -0.49211577 0.26705146
v -0.34199035 -0.43704528 0.30666518
v -0.34372979 -0.45276541 0.26297247
v -0.34297395 -0.44354081 0.2999534
v -0.3410832 -0.49770683 0.3045989
v -0.34901127 0.47726041 0.30318666
v -0.34322375 -0.49288794 0.27433836
v -0.34153318 -0.49568507 0.32331622
v -0.34264788 -0.43898037 0.30979112
v -0.34261 -0.46079147 0.32029086
v -0.34205547 -0.49203449 0.32813224
v -0.34185615 -0.4859072 0.33902219
v -0.34017628 -0.49764365 0.32703492
v -0.34147915 -0.43962657 0.32608929
v -0.34036469 -0.43859464 0.32846531
v -0.34199643 -0.44274953 0.32708231
v -0.34207895 -0.45226333 0.33225161
v -0.34307027 0.49106181 0.3249467
v -0.34288341 0.48099869 0.32507005
v -0.34559199 0.47825938 0.31940189
v -0.34559199 0.47825938 0.31940189
v -0.34168479 -0.44473347 0.33224443
v -0.34091082 -0.49543548 0.33322084
v -0.3399514 -0.44281358 0.33466071
v -0.34199306 -0.47149017 0.33952636
v -0.341548 -0.49192512 0.33780137
v -0.33892742 -0.49682382 0.33609942
v -0.34055611 -0.45022538 0.33863208
v -0.34171471 -0.4548904 0.33828932
v -0.34071514 -0.45918867 0.34197301
v -0.34143689 -0.4644255 0.34198397
v -0.34155041 -0.47999907 0.34231591
v -0.34080955 -0.46969569 0.34384668
v -0.34047216 -0.48254919 0.34363478
v -0.34468389 0.49481341 -0.32098013
v -0.34232071 0.49053419 -0.325661
v -0.34861287 0.49021804 -0.3141267
v -0.34644949 0.48157117 -0.31812698
v -0.34647813 0.47938606 -0.31649798
v -0.34994635 0.47927362 -0.30896112
v -0.34439906 -0.4606626 -0.27676493
v -0.34407583 -0.48588872 -0.27684903
v -0.34406638 -0.49183458 -0.27435175
v -0.34484148 -0.45595276 -0.27203196
v -0.34457394 -0.48594761 -0.27291441
v -0.35498852 0.47840586 -0.28028855
v -0.34440899 -0.45213309 -0.26686284
v -0.34352687 -0.49575385 -0.267286
v -0.34490299 -0.48299474 -0.24402739
v -0.34472415 -0.49205178 -0.26100436
v -0.34481731 -0.45154896 -0.25824702
v -0.34506837 -0.46317768 -0.24948761
v -0.34414235 -0.49580485 -0.24242751
v -0.3449541 -0.45044145 -0.23594022
v -0.34494993 -0.49224222 -0.23735127
v -0.34297806 -0.49770585 -0.23430027
v -0.34504807 -0.46766987 -0.18286411
v -0.34485018 -0.44725099 -0.20378226
v -0.34503141 -0.44961745 -0.20794937
v -0.34412745 -0.49568698 -0.19775885
v -0.34489512 -0.48289174 -0.18122889
v -0.34491467 -0.49214342 -0.18678707
v -0.34303972 -0.49751019 -0.17355299
v -0.34405494 -0.44456264 -0.17869042
v -0.34515089 -0.44656447 -0.16907638
v -0.3443163 -0.49566874 -0.16573367
v -0.34502411 -0.4921771 -0.15750495
v -0.34285888 -0.44301242 -0.17501098
v -0.34466267 -0.44385886 -0.15217155
v -0.34528983 -0.44562283 -0.13315666
v -0.34428579 -0.44166905 -0.1174598
v -0.34503698 -0.47086874 -0.13681224
v -0.34492704 -0.48384294 -0.12412002
v -0.34494853 -0.49208558 -0.13019477
v -0.34517878 -0.4430016 -0.11486917
v -0.3441956 -0.49568528 -0.12802386
v -0.34306237 -0.49761739 -0.10775129
v -0.34513658 -0.46152779 -0.10899206
v -0.34534225 -0.44603264 -0.10300346
v -0.34434545 -0.4956612 -0.08820842
v -0.34503832 -0.48404032 -0.0863062
v -0.34419331 -0.43944693 -0.09539686
v -0.34530276 -0.44199139 -0.0884617
v -0.34506533 -0.49209827 -0.0786612
v -0.34303722 -0.49751174 -0.05093959
v -0.34353706 -0.43672308 -0.08294919
v -0.34481969 -0.43876129 -0.0810715
v -0.34496242 -0.48314857 -0.06722396
v -0.34373486 -0.43621403 -0.06604864
v -0.34508994 -0.46835324 -0.05992872
v -0.34513092 -0.44182327 -0.05687042
v -0.34499252 -0.49205214 -0.05025754
v -0.34477252 -0.43861476 -0.05314548
v -0.34343132 -0.43634826 -0.03346528
v -0.34495506 -0.44208315 -0.03785004
v -0.34418839 -0.49570134 0.00070399
v -0.34491664 -0.47968027 -0.04135869
v -0.34487981 -0.48333073 -0.00662506
v -0.34426165 -0.43848595 -0.02594937
v -0.34473473 -0.44177824 -0.02079798
v -0.34489465 -0.45329905 -0.02125154
v -0.35151282 0.47750568 -0.00845092
v -0.34298852 -0.43700278 -0.01913937
v -0.34311011 -0.49755439 0.0113638
v -0.34390998 -0.43868482 -0.01617097
v -0.34492335 -0.49197009 0.00493943
v -0.3448756 -0.44188675 0.00160957
v -0.34390318 -0.43857211 0.00182994
v -0.34491295 -0.45742506 0.01119541
v -0.34494951 -0.47354943 0.00705932
v -0.34349468 -0.43730375 0.00482986
v -0.3444187 -0.43872356 0.00818832
v -0.34519818 -0.44184467 0.02150538
v -0.35139993 0.47753757 0.0365589
v -0.34486663 -0.48383161 0.02030373
v -0.34399584 -0.43790689 0.02578982
v -0.34486911 -0.43914747 0.02757374
v -0.34518328 -0.45069924 0.04544942
v -0.34498161 -0.46140337 0.04936583
v -0.34488562 -0.48326442 0.04961927
v -0.34461859 -0.43780598 0.04858157
v -0.34532323 -0.43891576 0.05434585
v -0.34440315 -0.49566638 0.05412455
v -0.34502804 -0.49213174 0.0506201
v -0.34545591 -0.44152275 0.05515824
v -0.34341374 -0.49762091 0.08887715
v -0.34474975 -0.48469445 0.07386576
v -0.34480742 -0.49220762 0.07826692
v -0.34528932 -0.44164425 0.08025257
v -0.34442908 -0.43753585 0.08668373
v -0.34477216 -0.47721553 0.09719308
v -0.34432858 -0.49569014 0.09853914
v -0.34483111 -0.46017706 0.10763586
v -0.34531197 -0.43923604 0.10139415
v -0.34451249 -0.43776014 0.10585014
v -0.34481055 -0.49209011 0.10620049
v -0.34492543 -0.44247997 0.12294689
v -0.34499139 -0.43872315 0.16958375
v -0.34462711 -0.48522124 0.14973515
v -0.34475672 -0.46097881 0.13932043
v -0.34483382 -0.44208515 0.1690737
v -0.34341726 -0.49759793 0.17324018
v -0.34431511 -0.43676743 0.18391268
v -0.34425655 -0.49571684 0.17244369
v -0.34467804 -0.49218199 0.17020415
v -0.34454769 -0.48527902 0.17428638
v -0.34447989 -0.44146726 0.20639648
v -0.34446025 -0.47071743 0.19591622
v -0.34418821 -0.48428017 0.22336854
v -0.3442972 -0.43866903 0.22965713
v -0.3441498 -0.49233001 0.23351447
v -0.34373453 -0.49567002 0.23238309
v -0.34386638 -0.48536694 0.24682872
v -0.34402582 -0.43877402 0.25457564
v -0.35148171 0.47700295 0.28456885
v -0.34733805 0.4778038 0.31447038
v -0.34625524 0.49522331 0.3184157
v -0.34638593 0.49044207 0.31932732
v -0.34625664 0.48003006 0.31902272
v -0.35019082 0.49582487 -0.3090623
v -0.35019082 0.49582487 -0.3090623
v -0.34928006 0.48160622 -0.31233078
v -0.34994635 0.47927362 -0.30896112
v -0.35378277 0.4790743 -0.29678008
v -0.35729381 0.47809833 -0.11828803
v -0.35503221 0.47788271 -0.05271111
v -0.35480464 0.47760886 -0.00768284
v -0.35473391 0.47768468 0.03629299
v -0.35455471 0.47741199 0.08101167
v -0.3545481 0.47741288 0.14172827
v -0.35457867 0.47738001 0.2029222
v -0.34654406 0.4977628 0.31584632
v -0.35004511 0.49809736 0.3058852
v -0.34978199 0.49528846 0.31006515
v -0.34625524 0.49522331 0.3184157
v -0.3498323 0.49108177 0.31149155
v -0.34638593 0.49044207 0.31932732
v -0.34625664 0.48003006 0.31902272
v -0.34559199 0.47825938 0.31940189
v -0.35260454 0.48906893 -0.30344006
v -0.35320207 0.48125517 -0.30132607
v -0.35378277 0.4790743 -0.29678008
v -0.35195148 0.49837482 -0.30038866
v -0.35406056 0.49546909 -0.29635891
v -0.35450256 0.48912051 -0.2967051
v -0.35308027 0.4988158 -0.29394746
v -0.35424134 0.49776351 -0.29273146
v -0.35621408 0.47886911 -0.28094786
v -0.35925046 0.4783254 -0.1872602
v -0.35795295 0.47825304 -0.12975469
v -0.3568745 0.47824633 -0.06448553
v -0.35617897 0.47801706 0.03019665
v -0.35585785 0.47772932 0.18222067
v -0.35544604 0.47750637 0.26065227
v -0.35321915 0.49558336 0.29719961
v -0.35217771 0.4985297 0.29607737
v -0.35452834 0.49173972 0.29209378
v -0.35320002 0.49140361 0.29955927
v -0.35390094 0.4815011 0.29652303
v -0.35230547 0.48116085 0.3035849
v -0.35378417 0.47846717 0.29508576
v -0.3495861 0.4784908 0.31096348
v -0.35508052 0.48091257 -0.29330215
v -0.35638106 0.49580827 -0.28285351
v -0.35623497 0.49100921 -0.28729844
v -0.35719031 0.48551968 -0.2823973
v -0.35621408 0.47886911 -0.28094786
v -0.35719362 0.48103145 -0.28081569
v -0.35563895 0.49872515 -0.27841979
v -0.35812399 0.49102148 -0.27250549
v -0.35830837 0.49588236 -0.26454291
v -0.35858336 0.48133209 -0.26747048
v -0.35819075 0.47909307 -0.26653758
v -0.35819075 0.47909307 -0.26653758
v -0.35983357 0.47885299 -0.23810293
v -0.36007488 0.47880006 -0.19967945
v -0.35872728 0.47894746 -0.12508117
v -0.35903946 0.48145074 -0.12294217
v -0.35872728 0.47894746 -0.12508117
v -0.35798731 0.47904268 -0.10727026
v -0.35729381 0.47809833 -0.11828803
v -0.35822606 0.49590817 -0.1106068
v -0.35913745 0.49049994 -0.1280513
v -0.35855329 0.49124172 -0.1099556
v -0.35862491 0.48156241 -0.1084446
v -0.3566508 0.49893692 -0.0729236
v -0.35777733 0.49594408 -0.07467005
v -0.35826474 0.4816868 -0.07559814
v -0.35726878 0.47893739 -0.05464231
v -0.3568745 0.47824633 -0.06448553
v -0.35786751 0.49116907 -0.05991302
v -0.35733095 0.49585992 -0.05652872
v -0.35607389 0.49866268 -0.05113988
v -0.35780093 0.48601487 -0.05441225
v -0.35761425 0.48136279 -0.04724782
v -0.35691172 0.49586031 -0.00954561
v -0.35747406 0.49141288 -0.01314535
v -0.35579741 0.49862155 -0.01474199
v -0.35756508 0.48596546 -0.01568109
v -0.35679719 0.47898671 0.01924991
v -0.35617897 0.47801706 0.03019665
v -0.3573831 0.48146796 0.02326958
v -0.35746294 0.49152341 0.04472317
v -0.35572636 0.49859017 0.05300033
v -0.35754967 0.48634863 0.04624136
v -0.35683489 0.49586836 0.05100933
v -0.35677266 0.47883385 0.05893639
v -0.35717344 0.48109749 0.09042746
v -0.35734251 0.48592797 0.08869381
v -0.35710394 0.49127147 0.11693874
v -0.35648942 0.47866222 0.1017617
v -0.35537213 0.49852014 0.12114407
v -0.35645688 0.4958511 0.12301072
v -0.35585785 0.47772932 0.18222067
v -0.35724571 0.48585218 0.18168041
v -0.35654363 0.47847074 0.19022943
v -0.35658854 0.49591234 0.18019055
v -0.35547233 0.49858078 0.18317376
v -0.35710764 0.48084289 0.18444969
v -0.35714078 0.49137253 0.18228102
v -0.35630357 0.49591339 0.20145626
v -0.35690907 0.49146926 0.20055881
v -0.35708228 0.48575136 0.20285511
v -0.3567425 0.48078346 0.25733998
v -0.35544604 0.47750637 0.26065227
v -0.35614473 0.47827604 0.25979599
v -0.35659063 0.4916696 0.26556534
v -0.35675365 0.48610339 0.26515704
v -0.35598671 0.49593022 0.26347354
v -0.35618746 0.48075575 0.27455908
v -0.35539258 0.49602133 0.27828449
v -0.35506865 0.47822481 0.28114668
v -0.35572243 0.49159876 0.28129408
v -0.3557505 0.48572648 0.28301695
v -0.35516122 0.48084998 0.28722262
v -0.35983357 0.47885299 -0.23810293
v -0.35998091 0.49570549 -0.24224122
v -0.35992849 0.49109957 -0.24912545
v -0.36012578 0.48119482 -0.24467187
v -0.36046451 0.49103251 -0.23457266
v -0.36047223 0.48109668 -0.23362397
v -0.36062646 0.480939 -0.20470923
v -0.36024529 0.49582043 -0.20759411
v -0.35942179 0.49859005 -0.20417272
v -0.36057052 0.49089709 -0.20522514
v -0.36007488 0.47880006 -0.19967945
v -0.36001468 0.48559126 -0.1624475
v -0.35984331 0.48092484 -0.16140357
v -0.35998529 0.49088231 -0.1613249
v -0.35932976 0.49581486 -0.14799911
vt 0 0
vt 0.55905 0.98603
vt 0.55752 0.98286
vt 0.55896 0.98406
vt 0.555 0.98099
vt 0.55662 0.9816
vt 0.55253 0.97717
vt 0.55344 0.97771
vt 0.35284 0.65734
vt 0.35493 0.65548
vt 0.35472 0.65735
vt 0.37529 0.90772
vt 0.37531 0.90984
vt 0.37237 0.91244
vt 0.35715 0.64019
vt 0.35495 0.64166
vt 0.35613 0.63742
vt 0.34777 0.63959
vt 0.34817 0.63719
vt 0.34818 0.65023
vt 0.35501 0.65012
vt 0.35081 0.65266
vt 0.35001 0.65636
vt 0.36882 0.90751
vt 0.37752 0.90974
vt 0.3663 0.90773
vt 0.57591 0.84072
vt 0.57339 0.83889
vt 0.57546 0.83908
vt 0.07711 0.62642
vt 0.07226 0.62437
vt 0.0733 0.62237
vt 0.08625 0.6176
vt 0.08608 0.62538
vt 0.08061 0.61824
vt 0.08014 0.64152
vt 0.07662 0.63421
vt 0.08531 0.63345
vt 0.09704 0.62176
vt 0.08823 0.63343
vt 0.08262 0.62578
vt 0.07908 0.62601
vt 0.07212 0.63313
vt 0.07174 0.62786
vt 0.0748 0.64157
vt 0.07122 0.63841
vt 0.73579 0.75444
vt 0.73697 0.75073
vt 0.73888 0.75504
vt 0.07831 0.62127
vt 0.07604 0.6185
vt 0.07518 0.6196
vt 0.56544 0.94906
vt 0.56554 0.94695
vt 0.56833 0.95202
vt 0.2463 0.7615
vt 0.24904 0.7606
vt 0.24426 0.7606
vt 0.09045 0.61666
vt 0.09453 0.61452
vt 0.73447 0.75287
vt 0.08837 0.64157
vt 0.02388 0.96143
vt 0.01981 0.97178
vt 0.02557 0.96202
vt 0.25533 0.35753
vt 0.25096 0.35843
vt 0.25956 0.35843
vt 0.57401 0.94688
vt 0.07307 0.61971
vt 0.09493 0.63757
vt 0.02725 0.9743
vt 0.5906 0.94686
vt 0.5905 0.93389
vt 0.59326 0.93481
vt 0.43633 0.17869
vt 0.436 0.17287
vt 0.43625 0.17528
vt 0.58067 0.84708
vt 0.58785 0.84692
vt 0.57806 0.84933
vt 0.59089 0.847
vt 0.59278 0.8473
vt 0.59303 0.84915
vt 0.59293 0.85155
vt 0.59042 0.857
vt 0.65847 0.99755
vt 0.65662 0.99875
vt 0.65237 0.99781
vt 0.65339 0.99879
vt 0.65714 0.98733
vt 0.65858 0.99111
vt 0.65366 0.98994
vt 0.65846 0.98816
vt 0.5144 0.83718
vt 0.51649 0.84156
vt 0.50315 0.83335
vt 0.51657 0.83937
vt 0.57364 0.84512
vt 0.57362 0.84744
vt 0.57344 0.84105
vt 0.00975 0.1265
vt 0.01121 0.13381
vt 0.0109 0.12512
vt 0.00908 0.12552
vt 0.00858 0.13172
vt 0.01376 0.1241
vt 0.019 0.12402
vt 0.02015 0.13395
vt 0.02008 0.12405
vt 0.00965 0.13384
vt 0.01433 0.13479
vt 0.01666 0.12501
vt 0.01899 0.13584
vt 0.01866 0.15962
vt 0.02043 0.15293
vt 0.01371 0.16805
vt 0.00841 0.16568
vt 0.01117 0.16188
vt 0.00951 0.16876
vt 0.01869 0.17689
vt 0.01993 0.18645
vt 0.02049 0.18191
vt 0.0113 0.17571
vt 0.00831 0.1904
vt 0.0186 0.19353
vt 0.01379 0.19456
vt 0.00934 0.21058
vt 0.01099 0.20631
vt 0.02055 0.21929
vt 0.0082 0.2158
vt 0.01843 0.22065
vt 0.02001 0.23118
vt 0.01087 0.22989
vt 0.01346 0.22922
vt 0.00922 0.25038
vt 0.0184 0.24065
vt 0.01336 0.2473
vt 0.01083 0.25276
vt 0.01877 0.263
vt 0.61138 0.17317
vt 0.61218 0.20754
vt 0.61264 0.1545
vt 0.0205 0.26438
vt 0.02002 0.26482
vt 0.01364 0.26958
vt 0.01085 0.28447
vt 0.00919 0.30177
vt 0.61194 0.12208
vt 0.0186 0.28681
vt 0.02005 0.30126
vt 0.0205 0.30104
vt 0.01316 0.29049
vt 0.61309 0.11682
vt 0.01844 0.30884
vt 0.01073 0.3064
vt 0.01322 0.30804
vt 0.01873 0.33675
vt 0.01316 0.33601
vt 0.01072 0.33462
vt 0.02029 0.33469
vt 0.00915 0.33062
vt 0.61348 0.0913
vt 0.6123 0.09337
vt 0.00914 0.34875
vt 0.61271 0.07527
vt 0.01331 0.34815
vt 0.02019 0.35056
vt 0.01064 0.3485
vt 0.61388 0.07242
vt 0.01871 0.34896
vt 0.00893 0.3559
vt 0.01036 0.35678
vt 0.00813 0.35166
vt 0.01294 0.35643
vt 0.01574 0.35744
vt 0.01866 0.35745
vt 0.01999 0.35714
vt 0.44752 0.65581
vt 0.44216 0.65576
vt 0.44774 0.65441
vt 0.44335 0.66106
vt 0.01865 0.09317
vt 0.02012 0.09327
vt 0.02019 0.08792
vt 0.00962 0.09266
vt 0.00889 0.09157
vt 0.00835 0.09538
vt 0.01094 0.091
vt 0.01318 0.09202
vt 0.00923 0.1015
vt 0.01076 0.10373
vt 0.01551 0.10131
vt 0.01895 0.10074
vt 0.02044 0.10193
vt 0.61356 0.32695
vt 0.6134 0.30898
vt 0.61228 0.32097
vt 0.01345 0.1102
vt 0.00907 0.11687
vt 0.61194 0.30576
vt 0.0164 0.11153
vt 0.01893 0.11269
vt 0.02019 0.11401
vt 0.89816 0.85656
vt 0.88791 0.8563
vt 0.91081 0.8558
vt 0.61349 0.29667
vt 0.88762 0.85692
vt 0.61178 0.29721
vt 0.61187 0.29106
vt 0.6135 0.2856
vt 0.85716 0.85695
vt 0.85788 0.85634
vt 0.61191 0.25735
vt 0.61382 0.25387
vt 0.61205 0.23277
vt 0.61391 0.21823
vt 0.61441 0.18032
vt 0.6146 0.15457
vt 0.61505 0.11585
vt 0.61532 0.09118
vt 0.61562 0.06946
vt 0.61346 0.06813
vt 0.61552 0.06394
vt 0.64827 0.8557
vt 0.64128 0.85556
vt 0.64367 0.85503
vt 0.00887 0.36612
vt 0.6143 0.05787
vt 0.01048 0.36427
vt 0.01287 0.36469
vt 0.01857 0.36585
vt 0.63216 0.85475
vt 0.61566 0.05711
vt 0.01587 0.36579
vt 0.02018 0.36573
vt 0.00956 0.37339
vt 0.0142 0.3718
vt 0.01975 0.37173
vt 0.61594 0.05142
vt 0.01856 0.37247
vt 0.00822 0.37264
vt 0.02037 0.37679
vt 0.00885 0.37522
vt 0.01065 0.37576
vt 0.0141 0.3758
vt 0.01855 0.37916
vt 0.01968 0.37803
vt 0.45498 0.66423
vt 0.4508 0.66103
vt 0.45553 0.65994
vt 0.45495 0.66513
vt 0.45224 0.66592
vt 0.45021 0.66331
vt 0.45076 0.65573
vt 0.45669 0.65577
vt 0.4558 0.65472
vt 0.44914 0.665
vt 0.61563 0.33832
vt 0.61522 0.33221
vt 0.61401 0.33568
vt 0.44389 0.66511
vt 0.44444 0.66323
vt 0.61338 0.33077
vt 0.61523 0.32801
vt 0.61537 0.32445
vt 0.6156 0.30874
vt 0.61598 0.29506
vt 0.61633 0.27669
vt 0.61674 0.24486
vt 0.61678 0.22217
vt 0.61724 0.18421
vt 0.61732 0.16601
vt 0.61767 0.12814
vt 0.61781 0.09717
vt 0.61767 0.08728
vt 0.61789 0.07353
vt 0.61758 0.06142
vt 0.61759 0.05534
vt 0.6177 0.0498
vt 0.61589 0.04877
vt 0.61811 0.04366
vt 0.00916 0.38146
vt 0.01061 0.37984
vt 0.61707 0.04252
vt 0.01413 0.37977
vt 0.02044 0.38093
vt 0.01072 0.38532
vt 0.61832 0.0401
vt 0.01366 0.38637
vt 0.01969 0.38404
vt 0.01852 0.38539
vt 0.46053 0.66467
vt 0.4568 0.66316
vt 0.46209 0.66294
vt 0.46086 0.66041
vt 0.46269 0.65576
vt 0.46197 0.65482
vt 0.61703 0.34612
vt 0.61806 0.3444
vt 0.61559 0.34098
vt 0.45766 0.65419
vt 0.61763 0.34116
vt 0.61762 0.3389
vt 0.61742 0.32979
vt 0.61768 0.32379
vt 0.61783 0.30765
vt 0.61817 0.293
vt 0.61844 0.27629
vt 0.61859 0.2556
vt 0.61891 0.22585
vt 0.61918 0.20063
vt 0.61904 0.18304
vt 0.61901 0.16067
vt 0.61929 0.12789
vt 0.61945 0.09833
vt 0.61915 0.08602
vt 0.6194 0.07116
vt 0.61928 0.06422
vt 0.61952 0.05432
vt 0.61998 0.04958
vt 0.61993 0.04538
vt 0.62018 0.04058
vt 0.00898 0.38406
vt 0.62058 0.03729
vt 0.01965 0.38971
vt 0.02025 0.39128
vt 0.00938 0.38902
vt 0.01092 0.39178
vt 0.62006 0.03525
vt 0.01397 0.38961
vt 0.01862 0.3901
vt 0.4666 0.65976
vt 0.4672 0.6558
vt 0.4667 0.65481
vt 0.46517 0.66479
vt 0.61917 0.35006
vt 0.62007 0.34795
vt 0.61985 0.34531
vt 0.61962 0.3423
vt 0.61986 0.33846
vt 0.61921 0.33152
vt 0.61903 0.32416
vt 0.61995 0.32541
vt 0.62022 0.32053
vt 0.62025 0.30656
vt 0.6192 0.30234
vt 0.62056 0.29317
vt 0.61953 0.28558
vt 0.62087 0.27857
vt 0.61981 0.27703
vt 0.62105 0.26016
vt 0.61998 0.25852
vt 0.62115 0.24394
vt 0.62131 0.22744
vt 0.62026 0.22602
vt 0.62136 0.20881
vt 0.6215 0.19443
vt 0.62038 0.19597
vt 0.62025 0.17436
vt 0.62147 0.17581
vt 0.62148 0.16803
vt 0.62027 0.15364
vt 0.62163 0.14586
vt 0.62183 0.12722
vt 0.62057 0.11965
vt 0.62188 0.11557
vt 0.62067 0.09848
vt 0.62205 0.09296
vt 0.62034 0.08793
vt 0.62225 0.07488
vt 0.62075 0.07147
vt 0.62239 0.05997
vt 0.62073 0.05789
vt 0.62259 0.05373
vt 0.62208 0.0514
vt 0.62148 0.04706
vt 0.62231 0.04084
vt 0.62224 0.03715
vt 0.62248 0.03441
vt 0.00944 0.39299
vt 0.62361 0.03176
vt 0.62203 0.0316
vt 0.01401 0.39355
vt 0.01951 0.39422
vt 0.46953 0.6608
vt 0.47048 0.65608
vt 0.47014 0.65485
vt 0.47004 0.66454
vt 0.46653 0.6632
vt 0.46995 0.66329
vt 0.62301 0.35371
vt 0.62236 0.35139
vt 0.47047 0.66592
vt 0.62186 0.34864
vt 0.62231 0.3458
vt 0.62105 0.34067
vt 0.62161 0.33833
vt 0.62227 0.33644
vt 0.62077 0.33416
vt 0.6219 0.32312
vt 0.62207 0.30985
vt 0.62206 0.29101
vt 0.62242 0.27196
vt 0.6227 0.24648
vt 0.62275 0.22313
vt 0.62304 0.20365
vt 0.62319 0.1884
vt 0.62567 0.11538
vt 0.62564 0.09999
vt 0.62712 0.07948
vt 0.62459 0.06446
vt 0.62445 0.05153
vt 0.62472 0.04716
vt 0.6232 0.04508
vt 0.62481 0.04373
vt 0.62419 0.04121
vt 0.62428 0.03674
vt 0.62433 0.03424
vt 0.62505 0.03174
vt 0.01017 0.39694
vt 0.62554 0.02818
vt 0.00863 0.39756
vt 0.0142 0.39661
vt 0.02013 0.39708
vt 0.00997 0.401
vt 0.01875 0.39749
vt 0.47492 0.66469
vt 0.4738 0.66079
vt 0.47389 0.65618
vt 0.4738 0.65493
vt 0.6254 0.35296
vt 0.62442 0.34952
vt 0.62379 0.34508
vt 0.62431 0.34301
vt 0.62289 0.34304
vt 0.62386 0.33883
vt 0.62504 0.3319
vt 0.62523 0.31844
vt 0.62519 0.30607
vt 0.62451 0.28874
vt 0.62453 0.27754
vt 0.62465 0.25767
vt 0.62474 0.24391
vt 0.62518 0.22475
vt 0.62544 0.21036
vt 0.62566 0.19646
vt 0.62619 0.17851
vt 0.62603 0.14474
vt 0.62675 0.04242
vt 0.62689 0.0389
vt 0.62536 0.03791
vt 0.62717 0.03477
vt 0.62582 0.03467
vt 0.62721 0.03212
vt 0.6275 0.02754
vt 0.01125 0.40219
vt 0.01336 0.40132
vt 0.01864 0.40195
vt 0.01992 0.39966
vt 0.47836 0.6651
vt 0.47693 0.66027
vt 0.47722 0.65541
vt 0.62613 0.35526
vt 0.00165 0.48128
vt 0.00372 0.4808
vt 0.00101 0.49041
vt 0.00278 0.49363
vt 0.00226 0.49543
vt 0.00426 0.47691
vt 0.00908 0.49429
vt 0.62716 0.35279
vt 0.62699 0.35059
vt 0.62497 0.34823
vt 0.01094 0.47437
vt 0.00775 0.49719
vt 0.62622 0.34742
vt 0.01114 0.47253
vt 0.00702 0.47435
vt 0.00926 0.47873
vt 0.62594 0.34526
vt 0.01558 0.4719
vt 0.02189 0.47166
vt 0.02098 0.49433
vt 0.02138 0.49624
vt 0.0431 0.47152
vt 0.03652 0.47464
vt 0.03743 0.49606
vt 0.03506 0.49694
vt 0.04159 0.49427
vt 0.06354 0.47768
vt 0.06523 0.49423
vt 0.07525 0.49536
vt 0.6295 0.29394
vt 0.07593 0.4941
vt 0.07698 0.49598
vt 0.62803 0.26629
vt 0.62795 0.24549
vt 0.63066 0.13027
vt 0.63091 0.0994
vt 0.63064 0.06522
vt 0.62886 0.03658
vt 0.62899 0.03436
vt 0.62951 0.03082
vt 0.63041 0.02741
vt 0.63044 0.02334
vt 0.00846 0.4041
vt 0.60036 0.8447
vt 0.5981 0.84323
vt 0.59364 0.83854
vt 0.00973 0.40452
vt 0.01391 0.40621
vt 0.02002 0.40462
vt 0.59418 0.83983
vt 0.47565 0.66324
vt 0.48035 0.66353
vt 0.48025 0.65647
vt 0.63005 0.36044
vt 0.62753 0.35991
vt 0.00071 0.48318
vt 0.00048 0.48934
vt 0.62957 0.35638
vt 0.00286 0.47733
vt 0.00481 0.47552
vt 0.09227 0.03416
vt 0.09232 0.03111
vt 0.09377 0.03135
vt 0.09363 0.03402
vt 0.10338 0.15328
vt 0.10484 0.1531
vt 0.1049 0.15013
vt 0.1031 0.15086
vt 0.47699 0.62794
vt 0.4723 0.62847
vt 0.47556 0.62773
vt 0.62918 0.35073
vt 0.62923 0.34646
vt 0.00854 0.47301
vt 0.10335 0.14886
vt 0.10463 0.14587
vt 0.10269 0.14637
vt 0.01288 0.47125
vt 0.10324 0.1443
vt 0.10439 0.14041
vt 0.44495 0.62894
vt 0.46055 0.62832
vt 0.0207 0.47075
vt 0.10275 0.13683
vt 0.10411 0.13154
vt 0.62963 0.3306
vt 0.0431 0.47056
vt 0.10229 0.11554
vt 0.1036 0.10214
vt 0.06374 0.49642
vt 0.03601 0.49729
vt 0.06718 0.47034
vt 0.06761 0.47128
vt 0.10193 0.09268
vt 0.06682 0.49708
vt 0.10335 0.08476
vt 0.08221 0.47637
vt 0.08011 0.49696
vt 0.09449 0.47021
vt 0.10182 0.06676
vt 0.0921 0.49397
vt 0.10323 0.06953
vt 0.10035 0.47123
vt 0.10277 0.05853
vt 0.12286 0.49572
vt 0.11048 0.48388
vt 0.1138 0.49407
vt 0.11726 0.49669
vt 0.11353 0.47005
vt 0.10313 0.4692
vt 0.12556 0.47088
vt 0.13003 0.4727
vt 0.12573 0.48918
vt 0.1342 0.46897
vt 0.13466 0.46961
vt 0.13771 0.49408
vt 0.13416 0.49617
vt 0.6318 0.23788
vt 0.13527 0.48507
vt 0.13585 0.47038
vt 0.13747 0.47577
vt 0.13766 0.49557
vt 0.63117 0.2104
vt 0.6307 0.19616
vt 0.63296 0.1754
vt 0.63127 0.15695
vt 0.63398 0.07994
vt 0.63552 0.04252
vt 0.63103 0.03265
vt 0.63127 0.02893
vt 0.63188 0.0234
vt 0.00978 0.4077
vt 0.01112 0.40743
vt 0.01868 0.40679
vt 0.02055 0.4059
vt 0.48165 0.665
vt 0.62992 0.36208
vt 0.63216 0.36094
vt 0.63025 0.35338
vt 0.6302 0.35514
vt 0.10817 0.14692
vt 0.108 0.14507
vt 0.10675 0.14193
vt 0.63141 0.33784
vt 0.10809 0.13954
vt 0.10635 0.13138
vt 0.10568 0.09706
vt 0.10524 0.07015
vt 0.63307 0.27004
vt 0.10389 0.0686
vt 0.10337 0.04173
vt 0.10518 0.05788
vt 0.10529 0.04357
vt 0.10243 0.02905
vt 0.10496 0.03308
vt 0.10321 0.02933
vt 0.10513 0.02817
vt 0.13555 0.46857
vt 0.10289 0.02783
vt 0.13643 0.32897
vt 0.13736 0.34788
vt 0.13541 0.33535
vt 0.13586 0.35016
vt 0.13741 0.36516
vt 0.13557 0.36966
vt 0.13723 0.37567
vt 0.13721 0.39333
vt 0.13588 0.39512
vt 0.13733 0.41135
vt 0.13592 0.42998
vt 0.13722 0.43126
vt 0.13738 0.45617
vt 0.13586 0.4613
vt 0.13745 0.46264
vt 0.13606 0.46584
vt 0.1359 0.46765
vt 0.1381 0.49672
vt 0.15042 0.33897
vt 0.14072 0.46515
vt 0.14134 0.46841
vt 0.14123 0.46921
vt 0.14419 0.47055
vt 0.14372 0.48314
vt 0.14503 0.4918
vt 0.14599 0.49409
vt 0.15748 0.34994
vt 0.15211 0.39288
vt 0.14914 0.47387
vt 0.14593 0.49569
vt 0.14785 0.41228
vt 0.14936 0.43122
vt 0.14995 0.46065
vt 0.15286 0.40283
vt 0.1554 0.44496
vt 0.15233 0.46963
vt 0.15394 0.48565
vt 0.15683 0.49179
vt 0.1574 0.4957
vt 0.33398 0.62844
vt 0.32253 0.62799
vt 0.32316 0.62664
vt 0.34183 0.62772
vt 0.16504 0.41335
vt 0.16002 0.46874
vt 0.15744 0.49404
vt 0.16588 0.46092
vt 0.15892 0.47172
vt 0.16295 0.48131
vt 0.1609 0.4664
vt 0.16774 0.43541
vt 0.17247 0.494
vt 0.1747 0.34839
vt 0.16546 0.36825
vt 0.17901 0.47552
vt 0.17209 0.49197
vt 0.16658 0.39542
vt 0.17496 0.40028
vt 0.17492 0.42654
vt 0.17494 0.4567
vt 0.17788 0.46915
vt 0.17224 0.49572
vt 0.30774 0.62793
vt 0.1749 0.37323
vt 0.17482 0.32964
vt 0.17605 0.3301
vt 0.17572 0.33102
vt 0.41657 0.58152
vt 0.41563 0.58108
vt 0.43194 0.5808
vt 0.17596 0.36487
vt 0.45253 0.5817
vt 0.461 0.58106
vt 0.49111 0.58153
vt 0.17646 0.40119
vt 0.17638 0.43469
vt 0.17698 0.45835
vt 0.17496 0.46416
vt 0.17698 0.46602
vt 0.17642 0.46771
vt 0.1863 0.49203
vt 0.17688 0.43202
vt 0.49223 0.58107
vt 0.52196 0.58108
vt 0.52385 0.58152
vt 0.55945 0.58134
vt 0.55181 0.58174
vt 0.55995 0.58206
vt 0.18356 0.47103
vt 0.1878 0.48906
vt 0.18578 0.49403
vt 0.18929 0.49562
vt 0.1802 0.46815
vt 0.18759 0.46871
vt 0.1906 0.46791
vt 0.92654 0.44861
vt 0.92623 0.44937
vt 0.91611 0.4487
vt 0.19226 0.47694
vt 0.19349 0.4714
vt 0.91057 0.44937
vt 0.20376 0.48927
vt 0.22285 0.49403
vt 0.20991 0.46845
vt 0.20935 0.49205
vt 0.20854 0.47159
vt 0.21862 0.46691
vt 0.88802 0.44868
vt 0.22312 0.49563
vt 0.22198 0.47709
vt 0.22288 0.46853
vt 0.22474 0.4672
vt 0.23874 0.49195
vt 0.24741 0.48047
vt 0.24512 0.62864
vt 0.25576 0.6272
vt 0.25703 0.6285
vt 0.23509 0.49561
vt 0.24574 0.46723
vt 0.23706 0.49401
vt 0.89032 0.44953
vt 0.8579 0.44958
vt 0.25621 0.46841
vt 0.26115 0.46657
vt 0.84544 0.44869
vt 0.27376 0.49403
vt 0.84246 0.44958
vt 0.27444 0.49556
vt 0.27368 0.47793
vt 0.27138 0.49209
vt 0.27707 0.46666
vt 0.82951 0.4486
vt 0.82801 0.44966
vt 0.27806 0.46891
vt 0.28995 0.48006
vt 0.2885 0.49405
vt 0.29303 0.49559
vt 0.29242 0.4664
vt 0.2965 0.46718
vt 0.81416 0.44878
vt 0.28965 0.49169
vt 0.80908 0.44969
vt 0.307 0.46744
vt 0.31336 0.48313
vt 0.30927 0.49183
vt 0.31988 0.46642
vt 0.78671 0.44881
vt 0.31024 0.49408
vt 0.77556 0.44976
vt 0.32524 0.46727
vt 0.32886 0.49575
vt 0.3285 0.49216
vt 0.33022 0.47344
vt 0.33117 0.49408
vt 0.33276 0.46663
vt 0.77379 0.44876
vt 0.33811 0.46925
vt 0.34152 0.47656
vt 0.34048 0.49177
vt 0.34038 0.49541
vt 0.76697 0.45023
vt 0.76729 0.44892
vt 0.34076 0.49398
vt 0.33908 0.46729
vt 0.34211 0.47161
vt 0.76202 0.45008
vt 0.34418 0.46839
vt 0.34436 0.4704
vt 0.34583 0.48003
vt 0.34501 0.49061
vt 0.34463 0.49515
vt 0.63319 0.02941
vt 0.34659 0.4738
vt 0.34628 0.4929
vt 0.34639 0.4706
vt 0.2817 0.40893
vt 0.27848 0.40764
vt 0.28137 0.40684
vt 0.28563 0.40801
vt 0.34827 0.4826
vt 0.34847 0.47705
vt 0.34752 0.4894
vt 0.63329 0.02646
vt 0.6348 0.02314
vt 0.63464 0.01983
vt 0.63254 0.02005
vt 0.0143 0.4111
vt 0.01901 0.40994
vt 0.02033 0.40844
vt 0.48433 0.66415
vt 0.48095 0.66115
vt 0.48489 0.66122
vt 0.48402 0.65656
vt 0.48138 0.65512
vt 0.48477 0.65544
vt 0.63415 0.36421
vt 0.63355 0.36082
vt 0.63404 0.35944
vt 0.63249 0.35591
vt 0.63224 0.3536
vt 0.63476 0.34928
vt 0.08401 0.03148
vt 0.10952 0.13077
vt 0.11044 0.11166
vt 0.64009 0.31662
vt 0.10965 0.07245
vt 0.6361 0.24914
vt 0.13447 0.02459
vt 0.13487 0.00953
vt 0.1351 0.029
vt 0.13459 0.06949
vt 0.13516 0.04877
vt 0.13519 0.06238
vt 0.1353 0.11634
vt 0.13464 0.10953
vt 0.13466 0.16667
vt 0.13539 0.16848
vt 0.13546 0.20181
vt 0.13479 0.21353
vt 0.13552 0.22358
vt 0.13558 0.25889
vt 0.13482 0.24959
vt 0.13496 0.27671
vt 0.1356 0.27378
vt 0.1357 0.30074
vt 0.13498 0.32647
vt 0.13564 0.32106
vt 0.18019 0.55829
vt 0.17074 0.55873
vt 0.15452 0.55842
vt 0.13427 0.55877
vt 0.13463 0.55835
vt 0.10739 0.55829
vt 0.09685 0.55871
vt 0.07075 0.55865
vt 0.0603 0.55824
vt 0.03569 0.55837
vt 0.1035 0.02708
vt 0.1074 0.02778
vt 0.13557 0.00139
vt 0.13758 0.00393
vt 0.13488 0.00502
vt 0.13834 0.0105
vt 0.13655 0.0833
vt 0.13664 0.12918
vt 0.13801 0.22169
vt 0.6422 0.22428
vt 0.14305 0.0877
vt 0.14094 0.1576
vt 0.14656 0.18537
vt 0.14603 0.25596
vt 0.15154 0.02502
vt 0.15584 0.04013
vt 0.15348 0.09967
vt 0.14716 0.11322
vt 0.14994 0.13683
vt 0.15199 0.15167
vt 0.15672 0.17495
vt 0.15409 0.24246
vt 0.15359 0.27801
vt 0.13603 0.27998
vt 0.14957 0.3061
vt 0.13527 0.00045
vt 0.15656 0.00081
vt 0.15804 0.06003
vt 0.15333 0.21242
vt 0.15801 0.32768
vt 0.15391 0.38077
vt 0.1556 0.07912
vt 0.17111 0.00155
vt 0.1582 0.12566
vt 0.16104 0.19184
vt 0.15358 0.22715
vt 0.16251 0.26111
vt 0.16542 0.00452
vt 0.16509 0.01185
vt 0.16422 0.20233
vt 0.16165 0.29511
vt 0.16289 0.15674
vt 0.16044 0.21873
vt 0.16197 0.23469
vt 0.16093 0.31487
vt 0.16709 0.03157
vt 0.16567 0.13632
vt 0.16711 0.16802
vt 0.17463 0.28314
vt 0.17417 0.08022
vt 0.16702 0.10604
vt 0.16875 0.24311
vt 0.17329 0.00067
vt 0.17089 0.04986
vt 0.17143 0.12698
vt 0.17462 0.20909
vt 0.17474 0.30622
vt 0.17409 0.03053
vt 0.17434 0.10807
vt 0.17446 0.14425
vt 0.17457 0.18267
vt 0.17353 0.00176
vt 0.17462 0.01139
vt 0.17469 0.25374
vt 0.17451 0.00083
vt 0.1742 0.04782
vt 0.06687 0.58206
vt 0.06759 0.58117
vt 0.07744 0.58098
vt 0.07795 0.58197
vt 0.08989 0.58187
vt 0.09111 0.58105
vt 0.17504 0.02272
vt 0.11868 0.58083
vt 0.1751 0.05485
vt 0.12384 0.5817
vt 0.15199 0.58066
vt 0.17533 0.10918
vt 0.18133 0.58144
vt 0.18785 0.58052
vt 0.17535 0.13657
vt 0.21033 0.58138
vt 0.21024 0.58038
vt 0.24255 0.58036
vt 0.17559 0.18976
vt 0.26667 0.58127
vt 0.27277 0.58026
vt 0.1757 0.2345
vt 0.31413 0.58124
vt 0.28977 0.58025
vt 0.33208 0.58016
vt 0.35489 0.5801
vt 0.17579 0.29329
vt 0.37653 0.58118
vt 0.38628 0.58003
vt 0.41779 0.57987
vt 0.43995 0.58084
vt 0.46504 0.57992
vt 0.49673 0.57987
vt 0.52557 0.57981
vt 0.55231 0.57983
vt 0.5596 0.57942
vt 0.56166 0.58142
vt 0.17808 0.4674
vt 0.5612 0.57976
vt 0.92876 0.44933
vt 0.92849 0.45109
vt 0.92682 0.45105
vt 0.92177 0.45136
vt 0.64193 0.1883
vt 0.91108 0.45121
vt 0.89804 0.45179
vt 0.90793 0.45007
vt 0.64089 0.14574
vt 0.27489 0.62667
vt 0.87438 0.45151
vt 0.24508 0.62727
vt 0.64167 0.12005
vt 0.85572 0.45152
vt 0.21815 0.62755
vt 0.83799 0.45149
vt 0.8227 0.45144
vt 0.28953 0.49714
vt 0.26214 0.49702
vt 0.7957 0.45148
vt 0.77425 0.45166
vt 0.76791 0.45177
vt 0.76494 0.45155
vt 0.13559 0.62894
vt 0.13639 0.62668
vt 0.14017 0.62778
vt 0.6352 0.02832
vt 0.76024 0.45177
vt 0.3466 0.46802
vt 0.27636 0.40596
vt 0.63528 0.02649
vt 0.28511 0.40614
vt 0.29194 0.40798
vt 0.29161 0.40882
vt 0.29139 0.40633
vt 0.29894 0.4077
vt 0.29902 0.40893
vt 0.29906 0.40619
vt 0.30268 0.407
vt 0.34845 0.49321
vt 0.34713 0.49548
vt 0.63543 0.02454
vt 0.63738 0.01884
vt 0.01093 0.41236
vt 0.95746 0.91481
vt 0.95556 0.91569
vt 0.9525 0.91353
vt 0.0188 0.41365
vt 0.02009 0.41295
vt 0.63612 0.36404
vt 0.6349 0.3585
vt 0.636 0.3572
vt 0.63756 0.35522
vt 0.11534 0.14989
vt 0.64199 0.29698
vt 0.11566 0.08878
vt 0.11049 0.05459
vt 0.1121 0.03639
vt 0.11083 0.02839
vt 0.52463 0.55562
vt 0.52488 0.55824
vt 0.52123 0.559
vt 0.06665 0.58073
vt 0.06748 0.57891
vt 0.06937 0.57952
vt 0.43801 0.57557
vt 0.55752 0.5767
vt 0.5605 0.57654
vt 0.92911 0.45444
vt 0.92584 0.45942
vt 0.91414 0.45787
vt 0.90357 0.45533
vt 0.8952 0.4537
vt 0.87281 0.45365
vt 0.84668 0.45466
vt 0.83708 0.45523
vt 0.64781 0.10651
vt 0.8284 0.45519
vt 0.81352 0.4551
vt 0.79609 0.45571
vt 0.64413 0.06351
vt 0.77404 0.45541
vt 0.76684 0.45385
vt 0.76301 0.45444
vt 0.27904 0.40293
vt 0.6373 0.02637
vt 0.283 0.40389
vt 0.2876 0.40341
vt 0.29314 0.40466
vt 0.2992 0.4035
vt 0.30123 0.40371
vt 0.30426 0.40474
vt 0.30542 0.40702
vt 0.3057 0.4039
vt 0.63743 0.02376
vt 0.63911 0.0201
vt 0.63922 0.01591
vt 0.94957 0.91428
vt 0.01417 0.41524
vt 0.58862 0.83321
vt 0.58765 0.83002
vt 0.59167 0.83676
vt 0.63609 0.36649
vt 0.49183 0.65668
vt 0.48855 0.65664
vt 0.48943 0.65545
vt 0.63746 0.36343
vt 0.6366 0.36148
vt 0.63755 0.35971
vt 0.12525 0.14152
vt 0.64294 0.25048
vt 0.09082 0.57455
vt 0.19504 0.56924
vt 0.21132 0.56969
vt 0.30642 0.57149
vt 0.37291 0.56465
vt 0.39783 0.57429
vt 0.46506 0.56441
vt 0.48331 0.5641
vt 0.52135 0.56417
vt 0.54576 0.5738
vt 0.89761 0.4559
vt 0.87832 0.45608
vt 0.77053 0.45836
vt 0.76761 0.45759
vt 0.76588 0.45812
vt 0.64192 0.03239
vt 0.7598 0.45627
vt 0.27602 0.40154
vt 0.64012 0.02358
vt 0.47658 0.74166
vt 0.48423 0.74166
vt 0.47978 0.74076
vt 0.28022 0.3998
vt 0.28212 0.40095
vt 0.30346 0.40161
vt 0.29557 0.40192
vt 0.63909 0.02195
vt 0.64134 0.01696
vt 0.64011 0.01674
vt 0.947 0.91292
vt 0.94941 0.91035
vt 0.95107 0.90581
vt 0.94692 0.90545
vt 0.94673 0.90448
vt 0.95177 0.90452
vt 0.64191 0.36792
vt 0.64044 0.36536
vt 0.64062 0.36306
vt 0.63935 0.36116
vt 0.63996 0.35925
vt 0.64248 0.34992
vt 0.64612 0.33314
vt 0.11576 0.05356
vt 0.16553 0.56895
vt 0.23125 0.56743
vt 0.25865 0.57129
vt 0.32282 0.56465
vt 0.34656 0.56459
vt 0.41296 0.56428
vt 0.55526 0.57101
vt 0.5592 0.57205
vt 0.49797 0.56423
vt 0.92928 0.4592
vt 0.92854 0.46034
vt 0.90718 0.45918
vt 0.88886 0.46
vt 0.87846 0.46104
vt 0.86398 0.45911
vt 0.8316 0.45898
vt 0.81836 0.45813
vt 0.65194 0.08275
vt 0.77391 0.45832
vt 0.64655 0.04568
vt 0.76361 0.45964
vt 0.28987 0.39675
vt 0.29535 0.39599
vt 0.30106 0.39625
vt 0.64281 0.01966
vt 0.64362 0.01821
vt 0.64313 0.01428
vt 0.94528 0.9144
vt 0.94415 0.91014
vt 0.12537 0.14696
vt 0.12453 0.10886
vt 0.65067 0.27783
vt 0.11819 0.07334
vt 0.12253 0.02746
vt 0.64536 0.20847
vt 0.06653 0.57206
vt 0.06937 0.57055
vt 0.07863 0.56774
vt 0.10312 0.57208
vt 0.14658 0.56996
vt 0.44464 0.56334
vt 0.55879 0.56721
vt 0.84521 0.46276
vt 0.81673 0.46223
vt 0.79604 0.46264
vt 0.77411 0.46372
vt 0.75956 0.46352
vt 0.27591 0.39441
vt 0.27778 0.3947
vt 0.28612 0.39592
vt 0.30411 0.39576
vt 0.30621 0.39718
vt 0.64456 0.02069
vt 0.64472 0.01628
vt 0.64524 0.01485
vt 0.942 0.91305
vt 0.94153 0.90553
vt 0.94323 0.90397
vt 0.64449 0.36711
vt 0.64325 0.36564
vt 0.64742 0.36457
vt 0.64227 0.36277
vt 0.64348 0.36171
vt 0.64421 0.35915
vt 0.07681 0.0341
vt 0.07137 0.03138
vt 0.12531 0.14474
vt 0.12495 0.12735
vt 0.65487 0.3204
vt 0.65619 0.29625
vt 0.65211 0.26374
vt 0.12223 0.04241
vt 0.12499 0.03505
vt 0.12175 0.02852
vt 0.65383 0.24314
vt 0.06753 0.56796
vt 0.08886 0.56798
vt 0.13141 0.57016
vt 0.24827 0.56396
vt 0.26465 0.56489
vt 0.4377 0.56437
vt 0.54823 0.56432
vt 0.92928 0.46414
vt 0.92714 0.46262
vt 0.91552 0.46301
vt 0.90801 0.4645
vt 0.88834 0.46467
vt 0.86267 0.46497
vt 0.76814 0.47101
vt 0.76238 0.46456
vt 0.13361 0.62263
vt 0.13303 0.60862
vt 0.13464 0.62377
vt 0.64679 0.01782
vt 0.64766 0.01254
vt 0.94037 0.91446
vt 0.93942 0.91088
vt 0.93918 0.9084
vt 0.94031 0.9042
vt 0.64712 0.36908
vt 0.64627 0.36586
vt 0.12551 0.15284
vt 0.12548 0.14976
vt 0.12524 0.13877
vt 0.12418 0.08193
vt 0.12569 0.08031
vt 0.12364 0.05835
vt 0.06644 0.56688
vt 0.09075 0.56647
vt 0.10382 0.56913
vt 0.2891 0.56475
vt 0.42721 0.56337
vt 0.55759 0.56482
vt 0.92857 0.46606
vt 0.92235 0.46545
vt 0.91798 0.46514
vt 0.88 0.46673
vt 0.81645 0.46772
vt 0.76605 0.47098
vt 0.28053 0.38738
vt 0.28257 0.38692
vt 0.64968 0.02645
vt 0.28769 0.38691
vt 0.29266 0.38704
vt 0.29998 0.38715
vt 0.64862 0.01898
vt 0.64893 0.01434
vt 0.64971 0.01292
vt 0.50048 0.66268
vt 0.50241 0.66507
vt 0.49894 0.66417
vt 0.64767 0.36741
vt 0.07027 0.03424
vt 0.1266 0.15267
vt 0.65375 0.22595
vt 0.06783 0.5666
vt 0.07597 0.56652
vt 0.08958 0.5668
vt 0.10544 0.56577
vt 0.12311 0.56563
vt 0.13887 0.5655
vt 0.15037 0.56535
vt 0.16143 0.56417
vt 0.17105 0.56408
vt 0.18559 0.56493
vt 0.21388 0.56467
vt 0.2307 0.56428
vt 0.55911 0.56528
vt 0.92674 0.46868
vt 0.65276 0.1664
vt 0.89878 0.46932
vt 0.8365 0.46925
vt 0.65633 0.06131
vt 0.79757 0.47055
vt 0.77356 0.47072
vt 0.76304 0.47117
vt 0.30465 0.38748
vt 0.30641 0.38754
vt 0.30206 0.38728
vt 0.65139 0.01651
vt 0.93857 0.91552
vt 0.93427 0.91439
vt 0.93181 0.91293
vt 0.93279 0.90551
vt 0.9351 0.90434
vt 0.64883 0.37051
vt 0.65133 0.3691
vt 0.65072 0.36762
vt 0.65113 0.36624
vt 0.64926 0.36351
vt 0.12699 0.15555
vt 0.12752 0.15335
vt 0.66687 0.35151
vt 0.12683 0.14859
vt 0.12729 0.14733
vt 0.12648 0.14439
vt 0.1268 0.14029
vt 0.12657 0.12404
vt 0.12636 0.10017
vt 0.12676 0.0743
vt 0.12569 0.06046
vt 0.1254 0.04241
vt 0.12476 0.0287
vt 0.12477 0.02706
vt 0.65913 0.20972
vt 0.09084 0.56531
vt 0.09215 0.5662
vt 0.08983 0.56552
vt 0.27251 0.56378
vt 0.31035 0.56356
vt 0.3457 0.5635
vt 0.37107 0.56337
vt 0.41402 0.56324
vt 0.44206 0.56296
vt 0.85399 0.89044
vt 0.85246 0.88947
vt 0.85421 0.88908
vt 0.85262 0.88612
vt 0.8542 0.88121
vt 0.8527 0.87613
vt 0.85405 0.86808
vt 0.85252 0.86833
vt 0.47804 0.56283
vt 0.50586 0.56282
vt 0.55045 0.56245
vt 0.55777 0.56248
vt 0.55942 0.56224
vt 0.84265 0.89039
vt 0.84931 0.87477
vt 0.92862 0.46925
vt 0.84921 0.86835
vt 0.84186 0.88949
vt 0.84285 0.88322
vt 0.91977 0.46867
vt 0.8329 0.87513
vt 0.84147 0.86956
vt 0.8446 0.8679
vt 0.82684 0.8831
vt 0.91311 0.4709
vt 0.82682 0.88946
vt 0.82454 0.86834
vt 0.82448 0.86793
vt 0.82229 0.8902
vt 0.82111 0.88767
vt 0.82213 0.8697
vt 0.79726 0.88945
vt 0.80604 0.87366
vt 0.80713 0.86975
vt 0.79668 0.86814
vt 0.79743 0.88094
vt 0.80689 0.8685
vt 0.79767 0.89012
vt 0.78746 0.88788
vt 0.78893 0.86979
vt 0.87518 0.47122
vt 0.86612 0.47123
vt 0.65829 0.13247
vt 0.76532 0.8685
vt 0.77608 0.88111
vt 0.77666 0.87499
vt 0.76918 0.89032
vt 0.76639 0.86992
vt 0.76173 0.86806
vt 0.84303 0.47134
vt 0.7598 0.88762
vt 0.74532 0.88959
vt 0.7495 0.88007
vt 0.73945 0.86852
vt 0.73636 0.88804
vt 0.73683 0.8699
vt 0.73248 0.89023
vt 0.74276 0.86796
vt 0.71146 0.88307
vt 0.71891 0.86995
vt 0.71363 0.86815
vt 0.70974 0.89044
vt 0.71493 0.88801
vt 0.71798 0.86863
vt 0.71168 0.88965
vt 0.71143 0.87836
vt 0.71169 0.87008
vt 0.71014 0.86866
vt 0.71038 0.88871
vt 0.70945 0.88917
vt 0.70889 0.88504
vt 0.70965 0.87038
vt 0.70895 0.86917
vt 0.62616 0.81916
vt 0.62685 0.81912
vt 0.62735 0.82089
vt 0.09347 0.46414
vt 0.10699 0.46386
vt 0.09455 0.4634
vt 0.75994 0.47108
vt 0.27581 0.38694
vt 0.27804 0.38708
vt 0.65274 0.0185
vt 0.65424 0.01404
vt 0.65338 0.01247
vt 0.65348 0.01066
vt 0.58194 0.81883
vt 0.58092 0.81377
vt 0.58384 0.82341
vt 0.65512 0.37057
vt 0.6545 0.36571
vt 0.73376 0.4657
vt 0.73743 0.469
vt 0.73241 0.46554
vt 0.66653 0.33972
vt 0.1274 0.14004
vt 0.12752 0.10846
vt 0.12735 0.07706
vt 0.12669 0.05461
vt 0.12668 0.04016
vt 0.12647 0.02818
vt 0.61003 0.05316
vt 0.60968 0.05415
vt 0.60872 0.05324
vt 0.60956 0.07002
vt 0.60809 0.07225
vt 0.60806 0.09176
vt 0.60716 0.09024
vt 0.60797 0.12145
vt 0.607 0.11765
vt 0.60635 0.13523
vt 0.60777 0.13731
vt 0.60869 0.15716
vt 0.60673 0.15627
vt 0.60709 0.16943
vt 0.12559 0.0257
vt 0.60485 0.45919
vt 0.59787 0.46054
vt 0.59549 0.45827
vt 0.60437 0.21319
vt 0.5962 0.23863
vt 0.58858 0.2154
vt 0.60611 0.28077
vt 0.59595 0.29268
vt 0.59368 0.26499
vt 0.60591 0.31702
vt 0.58692 0.31589
vt 0.59218 0.17224
vt 0.59158 0.17126
vt 0.59224 0.16976
vt 0.58113 0.1718
vt 0.5825 0.1713
vt 0.58269 0.17288
vt 0.3494 0.99513
vt 0.34823 0.99634
vt 0.34927 0.99775
vt 0.34907 0.84042
vt 0.34773 0.8419
vt 0.34932 0.84108
vt 0.34934 0.84372
vt 0.34799 0.84896
vt 0.3494 0.86867
vt 0.34809 0.86844
vt 0.34802 0.89562
vt 0.34921 0.90456
vt 0.34809 0.90623
vt 0.34816 0.92457
vt 0.34934 0.94371
vt 0.34823 0.94895
vt 0.34824 0.97182
vt 0.34943 0.98428
vt 0.34833 0.99214
vt 0.34939 0.99233
vt 0.34837 0.99488
vt 0.66951 0.19573
vt 0.6555 0.18515
vt 0.57285 0.05926
vt 0.57153 0.06027
vt 0.57101 0.05932
vt 0.57065 0.06363
vt 0.5714 0.07236
vt 0.57038 0.07292
vt 0.56988 0.08201
vt 0.57104 0.10392
vt 0.56974 0.09108
vt 0.56992 0.1025
vt 0.57037 0.10608
vt 0.5683 0.27678
vt 0.56738 0.32017
vt 0.5678 0.27972
vt 0.41396 0.56277
vt 0.44461 0.5625
vt 0.48172 0.56232
vt 0.56475 0.45367
vt 0.56509 0.45026
vt 0.56541 0.45723
vt 0.56477 0.45679
vt 0.51329 0.56226
vt 0.55193 0.56182
vt 0.56382 0.45817
vt 0.92973 0.46965
vt 0.92859 0.47102
vt 0.92141 0.47176
vt 0.90011 0.47133
vt 0.66057 0.14479
vt 0.82929 0.47256
vt 0.81375 0.47266
vt 0.40442 0.14426
vt 0.40079 0.14437
vt 0.39958 0.14641
vt 0.11464 0.46483
vt 0.11524 0.46349
vt 0.11355 0.46353
vt 0.11354 0.46144
vt 0.11027 0.46448
vt 0.10698 0.46181
vt 0.10254 0.46182
vt 0.09455 0.4614
vt 0.09258 0.46236
vt 0.28582 0.38576
vt 0.65513 0.0167
vt 0.65566 0.01494
vt 0.65595 0.01106
vt 0.93128 0.91101
vt 0.92874 0.90427
vt 0.65542 0.36917
vt 0.65544 0.36772
vt 0.65837 0.36366
vt 0.62791 0.48663
vt 0.62679 0.48765
vt 0.62178 0.48671
vt 0.61531 0.46158
vt 0.60837 0.46164
vt 0.60735 0.4604
vt 0.50595 0.53832
vt 0.50469 0.53956
vt 0.50358 0.53811
vt 0.50454 0.53729
vt 0.59736 0.46121
vt 0.59161 0.45945
vt 0.58945 0.45762
vt 0.58959 0.45901
vt 0.57663 0.45921
vt 0.57692 0.45766
vt 0.34279 0.84026
vt 0.34372 0.84165
vt 0.34155 0.92934
vt 0.34524 0.99552
vt 0.57289 0.45966
vt 0.57179 0.45861
vt 0.55608 0.4595
vt 0.55666 0.45867
vt 0.91314 0.47246
vt 0.90562 0.47268
vt 0.89598 0.47279
vt 0.87134 0.47293
vt 0.65962 0.10692
vt 0.83541 0.47305
vt 0.77164 0.47269
vt 0.6272 0.80968
vt 0.11513 0.4541
vt 0.093 0.45856
vt 0.09246 0.45942
vt 0.76675 0.47285
vt 0.76275 0.47249
vt 0.75993 0.47263
vt 0.27601 0.38542
vt 0.27956 0.38561
vt 0.30377 0.38603
vt 0.30606 0.38535
vt 0.29143 0.38541
vt 0.30091 0.38561
vt 0.65764 0.01264
vt 0.93203 0.91547
vt 0.92749 0.91425
vt 0.92862 0.90546
vt 0.66441 0.36321
vt 0.98105 0.70062
vt 0.9804 0.70064
vt 0.98136 0.69876
vt 0.36568 0.01585
vt 0.36441 0.00402
vt 0.36564 0.00437
vt 0.36542 0.00267
vt 0.36555 0.02081
vt 0.36222 0.02145
vt 0.36448 0.02238
vt 0.36167 0.0241
vt 0.36144 0.01277
vt 0.35994 0.00369
vt 0.36097 0.00255
vt 0.36232 0.02468
vt 0.35951 0.0248
vt 0.35812 0.02052
vt 0.35391 0.02373
vt 0.34534 0.01344
vt 0.34407 0.00357
vt 0.34263 0.00254
vt 0.34131 0.00736
vt 0.33109 0.02468
vt 0.33542 0.02149
vt 0.32213 0.02363
vt 0.32465 0.00879
vt 0.32477 0.0036
vt 0.32455 0.00252
vt 0.29947 0.02467
vt 0.30205 0.01277
vt 0.30262 0.0036
vt 0.30329 0.0025
vt 0.30036 0.02357
vt 0.29393 0.02382
vt 0.28124 0.02148
vt 0.28573 0.01396
vt 0.27978 0.00354
vt 0.27871 0.02469
vt 0.27907 0.00247
vt 0.2807 0.02395
vt 0.27014 0.00593
vt 0.27614 0.02365
vt 0.26938 0.0141
vt 0.26719 0.02155
vt 0.25873 0.00341
vt 0.26229 0.00244
vt 0.25871 0.02476
vt 0.25777 0.02364
vt 0.2575 0.02102
vt 0.25578 0.00904
vt 0.25592 0.0024
vt 0.25444 0.0248
vt 0.25573 0.02336
vt 0.25534 0.01703
vt 0.25567 0.00422
vt 0.25415 0.02335
vt 0.25395 0.01935
vt 0.2531 0.01031
vt 0.25222 0.0035
vt 0.25305 0.01834
vt 0.25266 0.0056
vt 0.25119 0.00225
vt 0.53959 0.65805
vt 0.54127 0.657
vt 0.53962 0.65625
vt 0.53746 0.65573
vt 0.34138 0.34612
vt 0.34383 0.34461
vt 0.34478 0.3431
vt 0.34512 0.34418
vt 0.3411 0.84108
vt 0.34117 0.85122
vt 0.33813 0.88866
vt 0.3393 0.94088
vt 0.34024 0.95954
vt 0.33476 0.97901
vt 0.34527 0.99626
vt 0.9244 0.44502
vt 0.9215 0.44564
vt 0.92251 0.44466
vt 0.66565 0.16492
vt 0.54091 0.45852
vt 0.54783 0.45928
vt 0.52828 0.45886
vt 0.53133 0.45821
vt 0.50679 0.45807
vt 0.4765 0.45878
vt 0.84091 0.47383
vt 0.67249 0.08465
vt 0.81163 0.47385
vt 0.80772 0.47323
vt 0.66609 0.07317
vt 0.10839 0.45408
vt 0.09998 0.45563
vt 0.44343 0.45807
vt 0.44733 0.45868
vt 0.40941 0.4588
vt 0.40268 0.45959
vt 0.40739 0.45776
vt 0.40263 0.45858
vt 0.39884 0.45975
vt 0.39798 0.46172
vt 0.66712 0.01813
vt 0.39669 0.46147
vt 0.39512 0.46534
vt 0.3945 0.46405
vt 0.28063 0.38458
vt 0.28711 0.38463
vt 0.3935 0.47114
vt 0.39346 0.48381
vt 0.39245 0.47508
vt 0.39251 0.48395
vt 0.39448 0.4882
vt 0.3928 0.48663
vt 0.66186 0.01499
vt 0.65996 0.01066
vt 0.66002 0.00886
vt 0.965 0.81571
vt 0.96396 0.81496
vt 0.96452 0.81271
vt 0.66031 0.36937
vt 0.97959 0.71754
vt 0.97795 0.71508
vt 0.98056 0.71502
vt 0.97931 0.69674
vt 0.98045 0.69664
vt 0.36472 0.02461
vt 0.66519 0.24343
vt 0.34139 0.83976
vt 0.33567 0.90781
vt 0.62653 0.80222
vt 0.11357 0.45257
vt 0.66037 0.01356
vt 0.66161 0.00915
vt 0.92186 0.91089
vt 0.92325 0.90556
vt 0.92419 0.90406
vt 0.66268 0.37105
vt 0.65927 0.36684
vt 0.66256 0.36575
vt 0.97784 0.69657
vt 0.97796 0.69756
vt 0.67197 0.29953
vt 0.66986 0.27552
vt 0.02749 0.42176
vt 0.02566 0.42088
vt 0.0259 0.4246
vt 0.02762 0.42614
vt 0.0282 0.41885
vt 0.02632 0.41987
vt 0.05208 0.18237
vt 0.04929 0.18079
vt 0.04757 0.18166
vt 0.02591 0.42752
vt 0.0282 0.42729
vt 0.02566 0.43767
vt 0.0282 0.43775
vt 0.0278 0.43997
vt 0.41174 0.68542
vt 0.4136 0.68372
vt 0.41157 0.68371
vt 0.41186 0.68239
vt 0.65913 0.9992
vt 0.65914 0.99486
vt 0.65728 0.99367
vt 0.65918 0.99236
vt 0.65898 0.98715
vt 0.33251 0.99632
vt 0.67447 0.04067
vt 0.66418 0.01048
vt 0.66438 0.00898
vt 0.92326 0.9154
vt 0.92229 0.91428
vt 0.92602 0.91494
vt 0.92165 0.9129
vt 0.66879 0.36823
vt 0.97123 0.71754
vt 0.67207 0.32052
vt 0.02302 0.41977
vt 0.02228 0.42181
vt 0.02265 0.42437
vt 0.80412 0.80823
vt 0.80493 0.80913
vt 0.80496 0.81094
vt 0.80341 0.81223
vt 0.02376 0.42531
vt 0.02251 0.43056
vt 0.02258 0.43813
vt 0.02275 0.44008
vt 0.41652 0.68632
vt 0.41617 0.68387
vt 0.4163 0.68331
vt 0.65272 0.99535
vt 0.65847 0.99607
vt 0.65343 0.99375
vt 0.33931 0.84081
vt 0.33526 0.84096
vt 0.33345 0.84185
vt 0.33238 0.84952
vt 0.33232 0.859
vt 0.3309 0.93171
vt 0.33199 0.9902
vt 0.33386 0.99528
vt 0.67365 0.11741
vt 0.67167 0.05879
vt 0.10797 0.43934
vt 0.0976 0.44566
vt 0.09436 0.44697
vt 0.09265 0.44391
vt 0.66878 0.01196
vt 0.57909 0.80892
vt 0.57874 0.80432
vt 0.67878 0.35842
vt 0.67609 0.25593
vt 0.40087 0.0217
vt 0.40281 0.02151
vt 0.40171 0.02237
vt 0.02072 0.41966
vt 0.02089 0.42252
vt 0.02055 0.42716
vt 0.0214 0.42898
vt 0.40059 0.02972
vt 0.39925 0.03448
vt 0.39939 0.03131
vt 0.021 0.43219
vt 0.02105 0.43831
vt 0.02105 0.44049
vt 0.41819 0.68665
vt 0.41826 0.68431
vt 0.93164 0.48287
vt 0.93164 0.48467
vt 0.93069 0.48315
vt 0.41819 0.68225
vt 0.41685 0.68215
vt 0.18237 0.34114
vt 0.18086 0.333
vt 0.18056 0.33984
vt 0.65207 0.99193
vt 0.64927 0.98847
vt 0.653 0.98745
vt 0.66926 0.01361
vt 0.6693 0.01055
vt 0.66899 0.00875
vt 0.67107 0.00683
vt 0.91627 0.91422
vt 0.91573 0.90792
vt 0.91858 0.90529
vt 0.91843 0.90412
vt 0.57776 0.80365
vt 0.66949 0.37188
vt 0.67002 0.37086
vt 0.66711 0.36949
vt 0.66877 0.3672
vt 0.67408 0.21689
vt 0.64893 0.99794
vt 0.64937 0.9894
vt 0.32862 0.95494
vt 0.68047 0.15114
vt 0.91618 0.913
vt 0.64371 0.98764
vt 0.3262 0.84127
vt 0.31719 0.87588
vt 0.31474 0.88647
vt 0.32135 0.89936
vt 0.32234 0.91259
vt 0.11592 0.44669
vt 0.1153 0.43033
vt 0.11363 0.43588
vt 0.68233 0.02458
vt 0.67372 0.01489
vt 0.67361 0.00865
vt 0.67301 0.00732
vt 0.91059 0.91094
vt 0.913 0.90538
vt 0.6831 0.23057
vt 0.6518 0.99941
vt 0.63505 0.99074
vt 0.32115 0.84218
vt 0.31506 0.92768
vt 0.68252 0.01696
vt 0.67735 0.01136
vt 0.68234 0.36504
vt 0.63688 0.99941
vt 0.68672 0.11593
vt 0.67694 0.00723
vt 0.91049 0.91532
vt 0.90406 0.91459
vt 0.91441 0.91495
vt 0.90943 0.91303
vt 0.9086 0.90806
vt 0.90924 0.90408
vt 0.57646 0.79507
vt 0.57617 0.78696
vt 0.67912 0.36967
vt 0.67725 0.36744
vt 0.68746 0.31826
vt 0.63886 0.9954
vt 0.30679 0.98974
vt 0.68597 0.07143
vt 0.69137 0.05465
vt 0.90631 0.90537
vt 0.6909 0.35863
vt 0.63436 0.998
vt 0.68661 0.21406
vt 0.30522 0.99631
vt 0.09481 0.43123
vt 0.09316 0.43131
vt 0.68246 0.00854
vt 0.68317 0.00715
vt 0.68325 0.0059
vt 0.68967 0.34225
vt 0.63152 0.98958
vt 0.68426 0.18075
vt 0.09263 0.42911
vt 0.68515 0.01053
vt 0.90147 0.91306
vt 0.90189 0.91056
vt 0.89756 0.90407
vt 0.57547 0.7841
vt 0.69011 0.28474
vt 0.68693 0.25591
vt 0.62336 0.98841
vt 0.30385 0.85084
vt 0.30808 0.90444
vt 0.30946 0.95441
vt 0.69599 0.14785
vt 0.68846 0.08502
vt 0.02958 0.11468
vt 0.0278 0.11285
vt 0.0268 0.11389
vt 0.62642 0.7825
vt 0.6272 0.7858
vt 0.69265 0.37112
vt 0.30387 0.8586
vt 0.30832 0.97515
vt 0.69375 0.20178
vt 0.026 0.11258
vt 0.10612 0.42821
vt 0.89911 0.90532
vt 0.7046 0.37233
vt 0.62213 0.9939
vt 0.30201 0.84219
vt 0.70108 0.09295
vt 0.0469 0.11056
vt 0.04867 0.1106
vt 0.04783 0.10951
vt 0.69945 0.03524
vt 0.70381 0.02562
vt 0.68995 0.00985
vt 0.69073 0.00561
vt 0.89654 0.91463
vt 0.89714 0.91293
vt 0.89656 0.91031
vt 0.6175 0.99075
vt 0.30427 0.99529
vt 0.69133 0.00705
vt 0.6968 0.36985
vt 0.6994 0.36762
vt 0.69554 0.36516
vt 0.69753 0.33052
vt 0.69715 0.26312
vt 0.61789 0.99808
vt 0.69719 0.18907
vt 0.7016 0.17303
vt 0.70328 0.07188
vt 0.04662 0.10025
vt 0.09728 0.41824
vt 0.69478 0.00573
vt 0.89332 0.91401
vt 0.89249 0.91507
vt 0.89026 0.90545
vt 0.70389 0.34625
vt 0.69581 0.3183
vt 0.69948 0.24012
vt 0.70521 0.22523
vt 0.61781 0.99955
vt 0.62171 0.98753
vt 0.30479 0.84132
vt 0.30173 0.8911
vt 0.30245 0.92908
vt 0.04762 0.10117
vt 0.62739 0.77533
vt 0.11537 0.41991
vt 0.70107 0.00954
vt 0.88566 0.91282
vt 0.88702 0.91076
vt 0.69992 0.29961
vt 0.70436 0.27825
vt 0.71262 0.20568
vt 0.61524 0.98985
vt 0.70987 0.13275
vt 0.71013 0.11128
vt 0.11379 0.4196
vt 0.10663 0.41331
vt 0.71643 0.04063
vt 0.70013 0.007
vt 0.71145 0.30824
vt 0.61154 0.98816
vt 0.29489 0.95986
vt 0.28852 0.99523
vt 0.62673 0.77211
vt 0.09322 0.41202
vt 0.0925 0.41264
vt 0.71199 0.0161
vt 0.70253 0.00569
vt 0.7039 0.00456
vt 0.88329 0.9142
vt 0.57526 0.75809
vt 0.61515 0.99364
vt 0.29453 0.91331
vt 0.11484 0.4189
vt 0.115 0.41116
vt 0.88111 0.90546
vt 0.6166 0.99912
vt 0.61035 0.99817
vt 0.29849 0.87497
vt 0.71816 0.1539
vt 0.11261 0.4096
vt 0.71145 0.01143
vt 0.70807 0.37129
vt 0.71166 0.37
vt 0.70773 0.36564
vt 0.71091 0.3597
vt 0.71253 0.32058
vt 0.71826 0.29352
vt 0.60511 0.9993
vt 0.60292 0.98724
vt 0.28645 0.84103
vt 0.27021 0.85032
vt 0.28759 0.89094
vt 0.2917 0.94076
vt 0.87189 0.90415
vt 0.57457 0.75992
vt 0.71888 0.33263
vt 0.61362 0.99466
vt 0.60869 0.99004
vt 0.27176 0.86642
vt 0.28096 0.87399
vt 0.27999 0.90937
vt 0.28621 0.92783
vt 0.71823 0.08939
vt 0.10674 0.40689
vt 0.87153 0.91033
vt 0.71265 0.36761
vt 0.71871 0.24961
vt 0.72445 0.06988
vt 0.09913 0.40551
vt 0.60169 0.99552
vt 0.28256 0.8586
vt 0.72637 0.17016
vt 0.11502 0.40339
vt 0.10969 0.40354
vt 0.09182 0.40259
vt 0.87009 0.90542
vt 0.72756 0.3644
vt 0.72217 0.27879
vt 0.72507 0.22748
vt 0.60096 0.99806
vt 0.60059 0.98823
vt 0.2828 0.95845
vt 0.72269 0.18172
vt 0.73042 0.13804
vt 0.0959 0.40209
vt 0.71985 0.00722
vt 0.7202 0.34307
vt 0.72119 0.26561
vt 0.59925 0.99008
vt 0.7329 0.02579
vt 0.72578 0.00583
vt 0.72683 0.00455
vt 0.86031 0.91422
vt 0.85493 0.91268
vt 0.27412 0.98053
vt 0.98902 0.78934
vt 0.98706 0.79234
vt 0.99611 0.78859
vt 0.9959 0.79747
vt 0.99844 0.7927
vt 0.99772 0.78876
vt 0.73783 0.76062
vt 0.73629 0.75991
vt 0.74859 0.75959
vt 0.98262 0.80027
vt 0.98941 0.80248
vt 0.99846 0.80534
vt 0.9994 0.80018
vt 0.99932 0.79314
vt 0.99432 0.81733
vt 0.97786 0.80254
vt 0.98201 0.82436
vt 0.99941 0.8188
vt 0.99649 0.82861
vt 0.97755 0.83422
vt 0.97681 0.80177
vt 0.9984 0.83069
vt 0.99394 0.84184
vt 0.99946 0.84325
vt 0.98213 0.84445
vt 0.97576 0.8568
vt 0.97931 0.85216
vt 0.99833 0.85807
vt 0.97674 0.85789
vt 0.99377 0.85542
vt 0.9995 0.86313
vt 0.98467 0.87114
vt 0.97531 0.86702
vt 0.97681 0.86592
vt 0.97519 0.8579
vt 0.97595 0.86709
vt 0.97929 0.87113
vt 0.99561 0.87454
vt 0.99848 0.8755
vt 0.97526 0.8734
vt 0.97698 0.87338
vt 0.97583 0.87453
vt 0.97962 0.88765
vt 0.99499 0.88387
vt 0.97679 0.88205
vt 0.97584 0.88126
vt 0.99952 0.89635
vt 0.97524 0.88192
vt 0.97696 0.89301
vt 0.97532 0.89317
vt 0.99018 0.89364
vt 0.99615 0.89618
vt 0.99848 0.89627
vt 0.9824 0.89388
vt 0.97567 0.89733
vt 0.97728 0.89598
vt 0.9828 0.89613
vt 0.99036 0.89621
vt 0.98196 0.89763
vt 0.98754 0.89769
vt 0.99796 0.89805
vt 0.9994 0.89856
vt 0.11389 0.40121
vt 0.10644 0.4011
vt 0.72331 0.00971
vt 0.26535 0.99632
vt 0.97789 0.78885
vt 0.97695 0.78969
vt 0.98037 0.78961
vt 0.02704 0.39265
vt 0.02571 0.39221
vt 0.02611 0.39424
vt 0.0273 0.39406
vt 0.98869 0.78855
vt 0.97488 0.79203
vt 0.97675 0.79203
vt 0.97467 0.7898
vt 0.97961 0.79155
vt 0.97518 0.79986
vt 0.97556 0.81463
vt 0.11542 0.40146
vt 0.0928 0.39627
vt 0.73881 0.01629
vt 0.73569 0.37266
vt 0.72728 0.31706
vt 0.73571 0.21422
vt 0.5841 0.99027
vt 0.26408 0.88764
vt 0.25887 0.90225
vt 0.25931 0.99535
vt 0.09896 0.3976
vt 0.09169 0.39498
vt 0.72825 0.3679
vt 0.58678 0.98825
vt 0.2632 0.9695
vt 0.02429 0.93146
vt 0.02463 0.91727
vt 0.0215 0.92419
vt 0.02489 0.91
vt 0.02472 0.9014
vt 0.02485 0.88331
vt 0.02232 0.88537
vt 0.11538 0.39213
vt 0.11392 0.3937
vt 0.10887 0.39325
vt 0.7308 0.36634
vt 0.5842 0.99806
vt 0.58415 0.99566
vt 0.261 0.9304
vt 0.25818 0.95331
vt 0.02534 0.38437
vt 0.02429 0.38524
vt 0.59313 0.92692
vt 0.59042 0.90356
vt 0.59307 0.90826
vt 0.59305 0.8836
vt 0.59037 0.88019
vt 0.59304 0.87432
vt 0.74188 0.08568
vt 0.73883 0.05333
vt 0.73326 0.35054
vt 0.73317 0.27119
vt 0.58297 0.99933
vt 0.10189 0.65432
vt 0.10085 0.65182
vt 0.10435 0.65295
vt 0.09278 0.38979
vt 0.85122 0.91036
vt 0.85145 0.90547
vt 0.57478 0.72813
vt 0.73656 0.37026
vt 0.73495 0.29754
vt 0.25927 0.84092
vt 0.73716 0.18993
vt 0.02347 0.38443
vt 0.11517 0.38681
vt 0.09481 0.38294
vt 0.09184 0.38901
vt 0.73449 0.00959
vt 0.73968 0.0073
vt 0.74365 0.37166
vt 0.75883 0.36111
vt 0.73945 0.34202
vt 0.73838 0.25168
vt 0.5753 0.98718
vt 0.25118 0.8618
vt 0.74423 0.12053
vt 0.58486 0.84543
vt 0.11385 0.38624
vt 0.74022 0.33115
vt 0.74714 0.31597
vt 0.2554 0.84884
vt 0.74326 0.16953
vt 0.74842 0.15571
vt 0.56687 0.86315
vt 0.58059 0.84538
vt 0.10791 0.37811
vt 0.73963 0.36856
vt 0.57734 0.98824
vt 0.57231 0.92113
vt 0.57576 0.84939
vt 0.62485 0.74315
vt 0.62448 0.73779
vt 0.62531 0.74083
vt 0.1156 0.38525
vt 0.11386 0.37984
vt 0.09285 0.37853
vt 0.83911 0.90423
vt 0.57411 0.72906
vt 0.75154 0.35385
vt 0.74644 0.28393
vt 0.74685 0.26485
vt 0.74444 0.23354
vt 0.74569 0.19814
vt 0.24975 0.91608
vt 0.55929 0.88
vt 0.57819 0.84484
vt 0.09168 0.37757
vt 0.75542 0.36472
vt 0.56917 0.99928
vt 0.56909 0.99807
vt 0.5758 0.84723
vt 0.43547 0.16813
vt 0.43851 0.16727
vt 0.43786 0.16935
vt 0.44 0.16992
vt 0.43941 0.17278
vt 0.11533 0.37797
vt 0.83681 0.91027
vt 0.56776 0.99505
vt 0.02555 0.36873
vt 0.0239 0.3698
vt 0.02341 0.37119
vt 0.0245 0.37196
vt 0.5548 0.9063
vt 0.75592 0.11475
vt 0.57626 0.84277
vt 0.11498 0.3746
vt 0.74933 0.00945
vt 0.75546 0.00477
vt 0.83161 0.91443
vt 0.75023 0.30372
vt 0.2384 0.87239
vt 0.75323 0.18225
vt 0.04489 0.36791
vt 0.0436 0.36899
vt 0.04558 0.36881
vt 0.0443 0.3675
vt 0.4001 0.04898
vt 0.4021 0.04824
vt 0.40186 0.04975
vt 0.40027 0.04998
vt 0.75227 0.05449
vt 0.09269 0.37208
vt 0.09175 0.37609
vt 0.74964 0.02508
vt 0.76499 0.00622
vt 0.83715 0.91257
vt 0.83563 0.90767
vt 0.83969 0.90443
vt 0.75603 0.25419
vt 0.56414 0.9903
vt 0.55997 0.98714
vt 0.36759 0.9211
vt 0.3695 0.92272
vt 0.36759 0.92471
vt 0.04098 0.36693
vt 0.04248 0.36537
vt 0.03967 0.36657
vt 0.11394 0.37326
vt 0.09487 0.36952
vt 0.76 0.27775
vt 0.75271 0.22245
vt 0.24408 0.84082
vt 0.24827 0.84175
vt 0.56682 0.95595
vt 0.56757 0.95455
vt 0.57023 0.95415
vt 0.04475 0.36219
vt 0.57086 0.95263
vt 0.75676 0.07028
vt 0.56345 0.83869
vt 0.11549 0.37335
vt 0.6231 0.73066
vt 0.62156 0.72708
vt 0.62356 0.72906
vt 0.75852 0.04104
vt 0.76676 0.00975
vt 0.76723 0.37055
vt 0.23877 0.99542
vt 0.56535 0.9541
vt 0.11537 0.36687
vt 0.10763 0.36282
vt 0.09162 0.36578
vt 0.7643 0.01652
vt 0.83605 0.91171
vt 0.76297 0.32647
vt 0.76101 0.23848
vt 0.75941 0.21192
vt 0.75939 0.19611
vt 0.55976 0.98836
vt 0.24158 0.8942
vt 0.24075 0.93054
vt 0.11389 0.36723
vt 0.09267 0.36503
vt 0.76402 0.02429
vt 0.76236 0.36844
vt 0.75903 0.34139
vt 0.23996 0.84266
vt 0.24102 0.8509
vt 0.76456 0.16817
vt 0.54519 0.95117
vt 0.76004 0.14157
vt 0.75907 0.09608
vt 0.54877 0.84136
vt 0.54943 0.99927
vt 0.24167 0.84137
vt 0.24036 0.96102
vt 0.55512 0.95627
vt 0.11516 0.36024
vt 0.09284 0.35389
vt 0.09181 0.36438
vt 0.7751 0.00764
vt 0.8173 0.91209
vt 0.81557 0.91069
vt 0.7607 0.30192
vt 0.55793 0.98699
vt 0.24206 0.84024
vt 0.23705 0.85948
vt 0.22293 0.99636
vt 0.53239 0.91806
vt 0.09879 0.35806
vt 0.81882 0.91296
vt 0.57463 0.70344
vt 0.76799 0.24905
vt 0.76973 0.22666
vt 0.54891 0.99797
vt 0.55004 0.99288
vt 0.76907 0.1985
vt 0.55509 0.98853
vt 0.5552 0.98617
vt 0.55891 0.24453
vt 0.55795 0.24522
vt 0.5594 0.24549
vt 0.55705 0.24869
vt 0.50717 0.6707
vt 0.50621 0.67133
vt 0.50621 0.66862
vt 0.76689 0.07744
vt 0.76743 0.06428
vt 0.11387 0.3599
vt 0.10753 0.3554
vt 0.77336 0.37283
vt 0.77722 0.36515
vt 0.76993 0.31241
vt 0.54926 0.99053
vt 0.23154 0.8416
vt 0.23121 0.84332
vt 0.23587 0.89629
vt 0.23223 0.94015
vt 0.2323 0.96242
vt 0.55733 0.24999
vt 0.54758 0.98
vt 0.55307 0.24724
vt 0.54973 0.24888
vt 0.55309 0.24788
vt 0.77188 0.18453
vt 0.76817 0.15147
vt 0.77389 0.13372
vt 0.77159 0.11224
vt 0.77375 0.09627
vt 0.53385 0.8389
vt 0.11556 0.35928
vt 0.77547 0.37194
vt 0.7741 0.33466
vt 0.7745 0.28952
vt 0.76928 0.26606
vt 0.77078 0.21217
vt 0.54492 0.9887
vt 0.54879 0.98692
vt 0.22463 0.85112
vt 0.2299 0.91979
vt 0.2182 0.98964
vt 0.55049 0.97478
vt 0.55191 0.97541
vt 0.86185 0.41434
vt 0.86185 0.41524
vt 0.85994 0.41443
vt 0.55042 0.95666
vt 0.51879 0.84148
vt 0.77665 0.05075
vt 0.0916 0.35361
vt 0.80636 0.90545
vt 0.77108 0.35025
vt 0.22309 0.89009
vt 0.54883 0.98605
vt 0.5466 0.251
vt 0.53871 0.25273
vt 0.5467 0.25181
vt 0.53621 0.25244
vt 0.5492 0.96487
vt 0.53251 0.25274
vt 0.53087 0.25247
vt 0.52951 0.25261
vt 0.89156 0.48106
vt 0.89245 0.47772
vt 0.89156 0.47746
vt 0.89149 0.47961
vt 0.54937 0.95972
vt 0.11546 0.35295
vt 0.09603 0.35054
vt 0.80832 0.90769
vt 0.77155 0.36929
vt 0.5471 0.25347
vt 0.54089 0.25505
vt 0.55064 0.25357
vt 0.5411 0.25406
vt 0.7766 0.16553
vt 0.53449 0.25401
vt 0.53131 0.25533
vt 0.52933 0.25422
vt 0.52667 0.25523
vt 0.52038 0.93872
vt 0.53604 0.87529
vt 0.52864 0.84149
vt 0.11516 0.34621
vt 0.11392 0.3449
vt 0.10425 0.34709
vt 0.09182 0.35264
vt 0.78506 0.01702
vt 0.77658 0.23797
vt 0.22335 0.84297
vt 0.21567 0.85852
vt 0.2231 0.99538
vt 0.53887 0.98608
vt 0.77958 0.08113
vt 0.09297 0.34486
vt 0.78367 0.02571
vt 0.77933 0.0049
vt 0.80768 0.91462
vt 0.53725 0.99058
vt 0.22169 0.95202
vt 0.21793 0.97389
vt 0.78781 0.12276
vt 0.7902 0.06108
vt 0.53593 0.99384
vt 0.53621 0.98717
vt 0.21463 0.8417
vt 0.2146 0.86945
vt 0.2198 0.93166
vt 0.1009 0.33371
vt 0.78282 0.00968
vt 0.80208 0.9135
vt 0.78243 0.3602
vt 0.78291 0.3131
vt 0.78272 0.25478
vt 0.78416 0.2176
vt 0.53105 0.99937
vt 0.53277 0.99809
vt 0.78988 0.20449
vt 0.21563 0.90573
vt 0.22176 0.99613
vt 0.52984 0.98538
vt 0.52597 0.96316
vt 0.78552 0.15032
vt 0.1156 0.3453
vt 0.11406 0.34052
vt 0.61864 0.70246
vt 0.61751 0.70138
vt 0.61926 0.70139
vt 0.78804 0.04308
vt 0.78256 0.90425
vt 0.79527 0.36912
vt 0.78788 0.23308
vt 0.53223 0.98871
vt 0.21562 0.84782
vt 0.78479 0.18794
vt 0.7911 0.17033
vt 0.79081 0.10672
vt 0.09285 0.33442
vt 0.78461 0.91293
vt 0.79211 0.91062
vt 0.7912 0.33617
vt 0.79143 0.27087
vt 0.21547 0.95434
vt 0.79263 0.09354
vt 0.11545 0.33556
vt 0.09167 0.33363
vt 0.79948 0.32433
vt 0.79519 0.28752
vt 0.21409 0.89036
vt 0.53053 0.98617
vt 0.79376 0.14359
vt 0.52074 0.86999
vt 0.79465 0.07585
vt 0.53044 0.83893
vt 0.80648 0.00645
vt 0.52857 0.9943
vt 0.52961 0.98692
vt 0.2088 0.93412
vt 0.11515 0.33095
vt 0.80566 0.01237
vt 0.79342 0.25114
vt 0.20161 0.91122
vt 0.19566 0.95968
vt 0.19284 0.97727
vt 0.52907 0.98618
vt 0.19812 0.84218
vt 0.80301 0.04934
vt 0.5268 0.83896
vt 0.11389 0.32984
vt 0.09894 0.32577
vt 0.77448 0.90791
vt 0.80327 0.37093
vt 0.79764 0.30567
vt 0.79435 0.22154
vt 0.51845 0.98872
vt 0.19196 0.92757
vt 0.19502 0.94402
vt 0.19524 0.99512
vt 0.51527 0.97707
vt 0.79573 0.18769
vt 0.5249 0.8373
vt 0.53065 0.8371
vt 0.09171 0.33221
vt 0.51708 0.99073
vt 0.1987 0.8535
vt 0.20275 0.8732
vt 0.49991 0.98663
vt 0.49834 0.90453
vt 0.0928 0.32018
vt 0.80745 0.00982
vt 0.19831 0.89473
vt 0.80488 0.15793
vt 0.51924 0.83863
vt 0.521 0.83737
vt 0.11562 0.32927
vt 0.11371 0.32474
vt 0.10547 0.31675
vt 0.61111 0.68346
vt 0.61621 0.68301
vt 0.61552 0.68587
vt 0.80656 0.02874
vt 0.81048 0.005
vt 0.77645 0.91475
vt 0.80548 0.34828
vt 0.50809 0.99937
vt 0.18952 0.98748
vt 0.17437 0.86005
vt 0.80341 0.12908
vt 0.80401 0.09729
vt 0.51893 0.83696
vt 0.11541 0.32091
vt 0.81143 0.37311
vt 0.80862 0.37221
vt 0.80969 0.36294
vt 0.80321 0.24666
vt 0.80683 0.22857
vt 0.20153 0.84168
vt 0.19193 0.84802
vt 0.19483 0.88492
vt 0.80566 0.198
vt 0.80509 0.1794
vt 0.50153 0.8802
vt 0.8052 0.11637
vt 0.80549 0.07683
vt 0.49893 0.16816
vt 0.50158 0.16783
vt 0.50156 0.16908
vt 0.50083 0.16999
vt 0.50264 0.17019
vt 0.81034 0.33604
vt 0.81304 0.26909
vt 0.81092 0.21288
vt 0.51146 0.99821
vt 0.55871 0.28381
vt 0.55989 0.28633
vt 0.55956 0.28313
vt 0.15538 0.99634
vt 0.51699 0.83485
vt 0.51421 0.83321
vt 0.51666 0.83291
vt 0.51418 0.83119
vt 0.51625 0.83132
vt 0.09147 0.3193
vt 0.81423 0.0215
vt 0.77783 0.91377
vt 0.81453 0.31403
vt 0.80985 0.29267
vt 0.50785 0.9908
vt 0.81445 0.14059
vt 0.11379 0.31517
vt 0.49942 0.98881
vt 0.4984 0.98741
vt 0.5597 0.2901
vt 0.19415 0.84165
vt 0.81191 0.09062
vt 0.81353 0.05837
vt 0.11511 0.31577
vt 0.09167 0.3185
vt 0.81829 0.03733
vt 0.77501 0.91064
vt 0.75694 0.90558
vt 0.18478 0.90847
vt 0.61469 0.66979
vt 0.61645 0.672
vt 0.61532 0.67396
vt 0.81768 0.25105
vt 0.81395 0.24024
vt 0.50276 0.99813
vt 0.1802 0.87262
vt 0.48469 0.97962
vt 0.81455 0.16657
vt 0.81622 0.12059
vt 0.81303 0.10727
vt 0.61544 0.66901
vt 0.1156 0.31268
vt 0.09268 0.30998
vt 0.83191 0.01205
vt 0.49721 0.99077
vt 0.18133 0.8478
vt 0.81662 0.19356
vt 0.4863 0.96456
vt 0.8213 0.15654
vt 0.49052 0.92624
vt 0.8162 0.07418
vt 0.48858 0.85471
vt 0.114 0.30675
vt 0.11041 0.30498
vt 0.61377 0.66918
vt 0.83786 0.36944
vt 0.82859 0.28844
vt 0.18323 0.84166
vt 0.17318 0.88911
vt 0.8208 0.17475
vt 0.4991 0.94796
vt 0.82541 0.04903
vt 0.49619 0.83093
vt 0.11539 0.30146
vt 0.0915 0.29372
vt 0.82193 0.32948
vt 0.17387 0.9685
vt 0.75161 0.91303
vt 0.82246 0.35022
vt 0.82197 0.22256
vt 0.48199 0.9994
vt 0.48654 0.99826
vt 0.1666 0.92016
vt 0.46887 0.94556
vt 0.8281 0.14932
vt 0.82861 0.12943
vt 0.83238 0.10778
vt 0.8253 0.0957
vt 0.82697 0.08061
vt 0.83288 0.07335
vt 0.57426 0.6499
vt 0.57491 0.65089
vt 0.57475 0.67483
vt 0.83149 0.30354
vt 0.55917 0.30463
vt 0.56009 0.30417
vt 0.55998 0.30037
vt 0.17156 0.94177
vt 0.09266 0.29295
vt 0.83107 0.25863
vt 0.83018 0.23535
vt 0.82952 0.20918
vt 0.17602 0.84266
vt 0.16307 0.99526
vt 0.82711 0.18899
vt 0.11387 0.29864
vt 0.82909 0.02187
vt 0.83085 0.27319
vt 0.49069 0.99076
vt 0.48591 0.98883
vt 0.56056 0.30715
vt 0.83436 0.0099
vt 0.83272 0.00671
vt 0.83302 0.0053
vt 0.83204 0.00422
vt 0.80911 0.00406
vt 0.75485 0.91384
vt 0.75504 0.91048
vt 0.75508 0.90435
vt 0.82881 0.37116
vt 0.83986 0.36244
vt 0.83352 0.31908
vt 0.48555 0.98719
vt 0.15716 0.95572
vt 0.16565 0.98326
vt 0.15147 0.84892
vt 0.1577 0.90646
vt 0.48567 0.98624
vt 0.47398 0.88422
vt 0.83705 0.37242
vt 0.83303 0.33634
vt 0.83481 0.24752
vt 0.16123 0.85549
vt 0.83419 0.0563
vt 0.1138 0.29328
vt 0.83654 0.04232
vt 0.84059 0.36551
vt 0.83889 0.22575
vt 0.48177 0.99072
vt 0.163 0.86995
vt 0.83472 0.16873
vt 0.83835 0.14643
vt 0.84642 0.37352
vt 0.15701 0.97252
vt 0.83982 0.18457
vt 0.84758 0.12182
vt 0.09169 0.29219
vt 0.84933 0.01666
vt 0.84671 0.35218
vt 0.84121 0.3432
vt 0.18798 0.17929
vt 0.18681 0.16521
vt 0.18292 0.18229
vt 0.55934 0.32313
vt 0.15154 0.93261
vt 0.84186 0.20812
vt 0.46952 0.83097
vt 0.11526 0.28716
vt 0.10224 0.28502
vt 0.093 0.28487
vt 0.84913 0.02799
vt 0.47273 0.99797
vt 0.47408 0.98887
vt 0.46217 0.90559
vt 0.46298 0.85854
vt 0.45074 0.84353
vt 0.11374 0.28587
vt 0.84536 0.37113
vt 0.84338 0.29997
vt 0.84612 0.27598
vt 0.84602 0.25556
vt 0.84372 0.24055
vt 0.47347 0.98717
vt 0.15265 0.8918
vt 0.84622 0.16469
vt 0.46211 0.9257
vt 0.45992 0.83354
vt 0.84429 0.05405
vt 0.85129 0.00831
vt 0.73762 0.91087
vt 0.46769 0.99105
vt 0.47234 0.98634
vt 0.15264 0.84267
vt 0.84869 0.13434
vt 0.84592 0.10459
vt 0.84553 0.07892
vt 0.85275 0.01202
vt 0.85034 0.00702
vt 0.74433 0.9058
vt 0.8655 0.36763
vt 0.84579 0.33046
vt 0.15904 0.84141
vt 0.85061 0.17833
vt 0.11528 0.27515
vt 0.8601 0.00553
vt 0.13263 0.98374
vt 0.14171 0.85901
vt 0.1353 0.99121
vt 0.85154 0.19457
vt 0.4452 0.97839
vt 0.44588 0.96893
vt 0.114 0.2756
vt 0.86163 0.00452
vt 0.72519 0.91426
vt 0.72022 0.90431
vt 0.87303 0.36585
vt 0.85122 0.23485
vt 0.13951 0.94954
vt 0.09261 0.27213
vt 0.09153 0.26214
vt 0.85341 0.0266
vt 0.85353 0.30177
vt 0.85453 0.22674
vt 0.85548 0.21189
vt 0.85815 0.16942
vt 0.8548 0.10013
vt 0.85447 0.0816
vt 0.85423 0.04687
vt 0.86742 0.37278
vt 0.85837 0.3269
vt 0.85441 0.25269
vt 0.46205 0.99778
vt 0.4586 0.9889
vt 0.45906 0.98736
vt 0.14387 0.87691
vt 0.13643 0.89718
vt 0.85798 0.01013
vt 0.86609 0.35432
vt 0.4585 0.99097
vt 0.13548 0.96923
vt 0.14067 0.9113
vt 0.8616 0.14759
vt 0.86364 0.12573
vt 0.86101 0.05728
vt 0.11395 0.26707
vt 0.86672 0.36142
vt 0.86254 0.34354
vt 0.86239 0.30672
vt 0.86417 0.28229
vt 0.86568 0.26585
vt 0.44559 0.99945
vt 0.86272 0.19996
vt 0.12642 0.99564
vt 0.8607 0.18705
vt 0.8652 0.15922
vt 0.86489 0.11189
vt 0.11518 0.25622
vt 0.86453 0.0373
vt 0.7221 0.9133
vt 0.72288 0.91089
vt 0.12976 0.84869
vt 0.1262 0.86605
vt 0.13091 0.92892
vt 0.45879 0.9866
vt 0.43194 0.98643
vt 0.43672 0.94992
vt 0.87058 0.13632
vt 0.4198 0.83118
vt 0.86778 0.00716
vt 0.71633 0.9081
vt 0.87185 0.253
vt 0.8658 0.23602
vt 0.87511 0.07443
vt 0.43221 0.88396
vt 0.86945 0.21388
vt 0.12779 0.88789
vt 0.8754 0.17758
vt 0.09251 0.25789
vt 0.8775 0.00852
vt 0.86731 0.37133
vt 0.87279 0.36995
vt 0.87523 0.31955
vt 0.87975 0.22899
vt 0.44437 0.9964
vt 0.43895 0.99087
vt 0.11783 0.84153
vt 0.12995 0.84272
vt 0.12039 0.87901
vt 0.43416 0.90739
vt 0.87543 0.09214
vt 0.10737 0.25356
vt 0.87987 0.02322
vt 0.70871 0.90567
vt 0.87853 0.37389
vt 0.87228 0.3378
vt 0.4414 0.99855
vt 0.43784 0.98893
vt 0.43746 0.98735
vt 0.11555 0.86168
vt 0.11908 0.90064
vt 0.87324 0.19345
vt 0.87492 0.14814
vt 0.11219 0.24908
vt 0.11503 0.84998
vt 0.87924 0.16569
vt 0.42408 0.92639
vt 0.88349 0.1082
vt 0.87551 0.05406
vt 0.87896 0.01033
vt 0.11505 0.91546
vt 0.11811 0.94836
vt 0.42802 0.85854
vt 0.87852 0.01225
vt 0.70308 0.91107
vt 0.87601 0.29938
vt 0.30246 0.14925
vt 0.3217 0.13789
vt 0.31208 0.13055
vt 0.11657 0.96408
vt 0.10779 0.99333
vt 0.88344 0.15348
vt 0.88247 0.12425
vt 0.88226 0.04054
vt 0.879 0.00571
vt 0.87571 0.37142
vt 0.88089 0.28326
vt 0.88281 0.21454
vt 0.88004 0.00717
vt 0.70588 0.9083
vt 0.88227 0.36789
vt 0.88075 0.27297
vt 0.10737 0.97675
vt 0.88985 0.14217
vt 0.10723 0.24459
vt 0.09251 0.22721
vt 0.09142 0.22407
vt 0.67953 0.90447
vt 0.88576 0.34332
vt 0.88681 0.29434
vt 0.10966 0.8575
vt 0.88275 0.19139
vt 0.88887 0.13276
vt 0.40917 0.83375
vt 0.8889 0.35609
vt 0.88428 0.31815
vt 0.88572 0.25422
vt 0.11299 0.84278
vt 0.89302 0.07288
vt 0.11491 0.24404
vt 0.11395 0.24316
vt 0.68774 0.91323
vt 0.90722 0.36147
vt 0.88854 0.22657
vt 0.09835 0.87262
vt 0.09826 0.93722
vt 0.88892 0.18511
vt 0.88972 0.16595
vt 0.89409 0.37308
vt 0.89478 0.33628
vt 0.8907 0.30575
vt 0.89377 0.25826
vt 0.09877 0.90014
vt 0.09219 0.924
vt 0.89711 0.09798
vt 0.11547 0.24305
vt 0.11545 0.23955
vt 0.89547 0.3716
vt 0.89425 0.27612
vt 0.89421 0.23815
vt 0.41308 0.99955
vt 0.41577 0.996
vt 0.41874 0.99102
vt 0.42273 0.98897
vt 0.42283 0.98754
vt 0.07427 0.99656
vt 0.90005 0.11189
vt 0.90112 0.08456
vt 0.11387 0.23695
vt 0.90158 0.36997
vt 0.89659 0.31807
vt 0.10021 0.84679
vt 0.09668 0.94827
vt 0.09491 0.96516
vt 0.40349 0.96955
vt 0.90006 0.05298
vt 0.10605 0.23283
vt 0.90243 0.00478
vt 0.68431 0.91429
vt 0.09909 0.84158
vt 0.09165 0.88445
vt 0.90249 0.18109
vt 0.89996 0.14587
vt 0.61276 0.59541
vt 0.61319 0.58625
vt 0.61375 0.59619
vt 0.89969 0.03587
vt 0.9083 0.01897
vt 0.90217 0.00586
vt 0.67968 0.90594
vt 0.90063 0.28865
vt 0.89876 0.21964
vt 0.41863 0.99846
vt 0.90062 0.20808
vt 0.09888 0.84281
vt 0.3999 0.98036
vt 0.40914 0.95035
vt 0.89911 0.16112
vt 0.89994 0.13078
vt 0.61389 0.586
vt 0.1153 0.22933
vt 0.90834 0.02893
vt 0.90796 0.01254
vt 0.90653 0.00731
vt 0.90462 0.36592
vt 0.89819 0.19306
vt 0.08415 0.98135
vt 0.11383 0.22624
vt 0.66767 0.91132
vt 0.9046 0.2317
vt 0.40543 0.88136
vt 0.9135 0.01056
vt 0.90276 0.37315
vt 0.90172 0.36803
vt 0.90833 0.32811
vt 0.90645 0.26589
vt 0.41323 0.989
vt 0.08955 0.85474
vt 0.11373 0.21841
vt 0.90849 0.34846
vt 0.90886 0.31152
vt 0.91031 0.24687
vt 0.9102 0.22161
vt 0.40754 0.99818
vt 0.411 0.98733
vt 0.08436 0.88959
vt 0.91263 0.15309
vt 0.91202 0.07092
vt 0.91467 0.00868
vt 0.91292 0.33725
vt 0.40849 0.98635
vt 0.41794 0.98664
vt 0.08468 0.86307
vt 0.07204 0.99539
vt 0.9102 0.16792
vt 0.40011 0.91097
vt 0.39439 0.84674
vt 0.61405 0.57595
vt 0.11537 0.21922
vt 0.10249 0.20906
vt 0.90934 0.374
vt 0.8989 0.37497
vt 0.90469 0.37167
vt 0.92277 0.35307
vt 0.40386 0.99187
vt 0.08724 0.99358
vt 0.91322 0.20212
vt 0.91831 0.18818
vt 0.91189 0.13249
vt 0.91382 0.12205
vt 0.91965 0.10736
vt 0.91909 0.09106
vt 0.91619 0.0409
vt 0.61344 0.56933
vt 0.91412 0.37037
vt 0.90971 0.36811
vt 0.91457 0.28836
vt 0.18118 0.10573
vt 0.18044 0.10127
vt 0.18048 0.10956
vt 0.40228 0.98908
vt 0.40402 0.98541
vt 0.91502 0.17801
vt 0.91746 0.00598
vt 0.91491 0.37316
vt 0.91538 0.37173
vt 0.92071 0.21561
vt 0.39819 0.98748
vt 0.07257 0.84289
vt 0.08127 0.9486
vt 0.37766 0.94147
vt 0.92017 0.0597
vt 0.92233 0.25764
vt 0.39923 0.99775
vt 0.39871 0.98983
vt 0.06891 0.84971
vt 0.07923 0.90165
vt 0.0757 0.95718
vt 0.92173 0.14271
vt 0.38924 0.88667
vt 0.66557 0.90583
vt 0.92562 0.2343
vt 0.37764 0.96536
vt 0.38764 0.86109
vt 0.92667 0.03893
vt 0.09243 0.20643
vt 0.92689 0.02597
vt 0.92326 0.30834
vt 0.92651 0.27066
vt 0.18155 0.09166
vt 0.18058 0.08962
vt 0.39481 0.98911
vt 0.39155 0.98655
vt 0.06269 0.84161
vt 0.07321 0.87587
vt 0.07472 0.93267
vt 0.92499 0.16538
vt 0.91496 0.37492
vt 0.93005 0.37433
vt 0.92994 0.36826
vt 0.93399 0.36626
vt 0.93395 0.36052
vt 0.93413 0.32607
vt 0.92619 0.28659
vt 0.92674 0.22478
vt 0.062 0.90901
vt 0.92869 0.20002
vt 0.92488 0.12691
vt 0.92961 0.11951
vt 0.92891 0.0748
vt 0.36871 0.83391
vt 0.11372 0.2027
vt 0.92642 0.0202
vt 0.6425 0.90437
vt 0.57455 0.57874
vt 0.57475 0.54387
vt 0.57533 0.57888
vt 0.92773 0.3753
vt 0.38303 0.98764
vt 0.06181 0.86021
vt 0.93608 0.00742
vt 0.64398 0.91348
vt 0.92942 0.34083
vt 0.92825 0.24606
vt 0.93398 0.14395
vt 0.9286 0.10142
vt 0.0913 0.19502
vt 0.57553 0.54233
vt 0.93512 0.29361
vt 0.9385 0.20918
vt 0.38052 0.99684
vt 0.39748 0.99222
vt 0.05628 0.89241
vt 0.37746 0.98665
vt 0.93621 0.12983
vt 0.93919 0.04976
vt 0.36849 0.83138
vt 0.11614 0.21258
vt 0.11538 0.18226
vt 0.93577 0.01265
vt 0.93524 0.01079
vt 0.93308 0.37311
vt 0.38111 0.99779
vt 0.37902 0.99358
vt 0.37958 0.99067
vt 0.06922 0.98393
vt 0.37642 0.97732
vt 0.93202 0.17985
vt 0.06642 0.96499
vt 0.37752 0.97537
vt 0.93929 0.08408
vt 0.11616 0.19557
vt 0.93602 0.00881
vt 0.94907 0.00602
vt 0.94294 0.00488
vt 0.66927 0.91563
vt 0.64374 0.91464
vt 0.64629 0.9113
vt 0.64456 0.90577
vt 0.9414 0.22201
vt 0.18153 0.07685
vt 0.06352 0.8429
vt 0.06094 0.92751
vt 0.06303 0.9392
vt 0.06015 0.95513
vt 0.06042 0.97913
vt 0.94038 0.15941
vt 0.37755 0.91189
vt 0.9378 0.10418
vt 0.94931 0.0337
vt 0.94388 0.37176
vt 0.93851 0.3683
vt 0.18058 0.07849
vt 0.37813 0.98936
vt 0.0589 0.99546
vt 0.36927 0.98084
vt 0.11372 0.18189
vt 0.09238 0.19228
vt 0.9359 0.37537
vt 0.9481 0.35615
vt 0.94558 0.34629
vt 0.94521 0.31316
vt 0.94481 0.2748
vt 0.95129 0.26337
vt 0.94218 0.24431
vt 0.94546 0.19418
vt 0.94269 0.17969
vt 0.94389 0.06462
vt 0.10503 0.18725
vt 0.94331 0.02476
vt 0.94216 0.37304
vt 0.18046 0.07272
vt 0.37508 0.99665
vt 0.94448 0.11908
vt 0.36876 0.86861
vt 0.11614 0.17923
vt 0.94481 0.36525
vt 0.95379 0.30334
vt 0.18072 0.06777
vt 0.37131 0.99804
vt 0.37075 0.99358
vt 0.3712 0.98666
vt 0.0516 0.84785
vt 0.05578 0.87845
vt 0.05377 0.94089
vt 0.05 0.9967
vt 0.37528 0.97535
vt 0.37509 0.97314
vt 0.37533 0.95426
vt 0.37526 0.91401
vt 0.0924 0.18343
vt 0.0913 0.17705
vt 0.94642 0.01088
vt 0.94607 0.37048
vt 0.94874 0.2282
vt 0.36939 0.99121
vt 0.3694 0.98912
vt 0.04694 0.85689
vt 0.36925 0.97776
vt 0.37263 0.97482
vt 0.37271 0.97288
vt 0.37357 0.97136
vt 0.76498 0.54564
vt 0.76368 0.55233
vt 0.75613 0.54777
vt 0.37364 0.94982
vt 0.37364 0.92181
vt 0.95321 0.14362
vt 0.3735 0.91434
vt 0.94562 0.01307
vt 0.94614 0.00906
vt 0.63736 0.91137
vt 0.9461 0.36781
vt 0.9563 0.33777
vt 0.95586 0.21469
vt 0.36981 0.99649
vt 0.05033 0.84297
vt 0.04893 0.92583
vt 0.3713 0.97377
vt 0.42208 0.63994
vt 0.42021 0.64099
vt 0.42021 0.63925
vt 0.48689 0.16456
vt 0.48564 0.16326
vt 0.4837 0.16443
vt 0.42069 0.64281
vt 0.41845 0.64295
vt 0.41565 0.64345
vt 0.41545 0.64054
vt 0.40306 0.64264
vt 0.40051 0.64014
vt 0.41167 0.65019
vt 0.40011 0.64493
vt 0.39649 0.63862
vt 0.39758 0.65188
vt 0.38895 0.64473
vt 0.3887 0.65111
vt 0.387 0.64209
vt 0.3861 0.63972
vt 0.37859 0.64443
vt 0.38072 0.65225
vt 0.3661 0.63777
vt 0.36509 0.63905
vt 0.36534 0.64393
vt 0.36493 0.64142
vt 0.36017 0.64073
vt 0.36012 0.63892
vt 0.3584 0.63706
vt 0.9543 0.12995
vt 0.70619 0.54787
vt 0.69841 0.54387
vt 0.7021 0.5456
vt 0.94997 0.09898
vt 0.95446 0.00755
vt 0.95488 0.28515
vt 0.36472 0.99793
vt 0.36881 0.98694
vt 0.04802 0.975
vt 0.04668 0.99049
vt 0.36906 0.97517
vt 0.36824 0.97404
vt 0.47669 0.16329
vt 0.48329 0.16308
vt 0.47788 0.16269
vt 0.41902 0.65619
vt 0.41806 0.64982
vt 0.4205 0.64962
vt 0.4171 0.65955
vt 0.4149 0.6574
vt 0.41806 0.65752
vt 0.41279 0.65904
vt 0.41184 0.65724
vt 0.40969 0.6547
vt 0.39622 0.65656
vt 0.39594 0.65799
vt 0.38646 0.65621
vt 0.38625 0.65762
vt 0.37686 0.65708
vt 0.36652 0.65025
vt 0.36842 0.65301
vt 0.3686 0.65684
vt 0.36435 0.65486
vt 0.35712 0.65709
vt 0.3608 0.65209
vt 0.3617 0.64411
vt 0.35937 0.65548
vt 0.35723 0.65043
vt 0.35731 0.64374
vt 0.35643 0.65506
vt 0.95914 0.05655
vt 0.95428 0.01815
vt 0.63757 0.91569
vt 0.63492 0.91431
vt 0.6349 0.91349
vt 0.63415 0.90575
vt 0.9529 0.24843
vt 0.36639 0.99644
vt 0.3666 0.99263
vt 0.36561 0.98916
vt 0.04768 0.8418
vt 0.04626 0.88134
vt 0.04604 0.89128
vt 0.0411 0.92159
vt 0.04262 0.95515
vt 0.36656 0.98698
vt 0.36663 0.9832
vt 0.36633 0.97978
vt 0.36672 0.97756
vt 0.36717 0.97577
vt 0.48588 0.15781
vt 0.48492 0.15918
vt 0.4859 0.16066
vt 0.4869 0.15968
vt 0.46639 0.16135
vt 0.46658 0.163
vt 0.46813 0.16346
vt 0.46838 0.16002
vt 0.46968 0.16307
vt 0.47284 0.16091
vt 0.95732 0.18546
vt 0.95427 0.16376
vt 0.70219 0.54226
vt 0.69773 0.54106
vt 0.70053 0.53995
vt 0.69936 0.5399
vt 0.95617 0.11701
vt 0.36623 0.87649
vt 0.95695 0.08154
vt 0.36614 0.83371
vt 0.36655 0.83173
vt 0.10893 0.17857
vt 0.09274 0.17787
vt 0.9613 0.04387
vt 0.96677 0.02304
vt 0.947 0.00992
vt 0.95555 0.01012
vt 0.63147 0.90437
vt 0.5754 0.53348
vt 0.95012 0.37165
vt 0.95304 0.36728
vt 0.95765 0.32263
vt 0.95717 0.2349
vt 0.36478 0.99639
vt 0.22084 0.36103
vt 0.21961 0.36239
vt 0.21842 0.36111
vt 0.21667 0.36311
vt 0.04548 0.84831
vt 0.21449 0.36164
vt 0.21094 0.36374
vt 0.21093 0.36229
vt 0.20795 0.36518
vt 0.20853 0.36215
vt 0.76971 0.54232
vt 0.7713 0.53959
vt 0.77528 0.53844
vt 0.48529 0.15568
vt 0.48089 0.15691
vt 0.48786 0.15791
vt 0.20661 0.36235
vt 0.47363 0.15651
vt 0.47623 0.15819
vt 0.46687 0.15947
vt 0.4686 0.15791
vt 0.46661 0.15812
vt 0.34873 0.6567
vt 0.34842 0.65273
vt 0.34573 0.65286
vt 0.34261 0.6573
vt 0.33823 0.65591
vt 0.33257 0.65349
vt 0.32285 0.64044
vt 0.31536 0.63812
vt 0.32612 0.6578
vt 0.31754 0.65151
vt 0.32381 0.65624
vt 0.31551 0.65821
vt 0.30069 0.64114
vt 0.30248 0.65698
vt 0.30508 0.65448
vt 0.29163 0.65244
vt 0.28793 0.65915
vt 0.96045 0.06719
vt 0.28779 0.65503
vt 0.27702 0.65304
vt 0.27063 0.63975
vt 0.28054 0.65545
vt 0.28027 0.6594
vt 0.2709 0.64228
vt 0.27552 0.6596
vt 0.27644 0.65591
vt 0.27265 0.65955
vt 0.2714 0.65549
vt 0.27129 0.65321
vt 0.26988 0.65777
vt 0.2691 0.65609
vt 0.26853 0.65346
vt 0.26816 0.6422
vt 0.26851 0.64016
vt 0.1152 0.17783
vt 0.95664 0.00897
vt 0.95261 0.37223
vt 0.95278 0.37025
vt 0.96603 0.35881
vt 0.35229 0.36207
vt 0.34924 0.36204
vt 0.35218 0.36089
vt 0.35085 0.37506
vt 0.34928 0.36634
vt 0.34433 0.36086
vt 0.33549 0.36193
vt 0.33547 0.37318
vt 0.31594 0.36617
vt 0.31529 0.36197
vt 0.31358 0.37456
vt 0.30329 0.36091
vt 0.30075 0.36518
vt 0.30098 0.36193
vt 0.2842 0.36487
vt 0.27838 0.36193
vt 0.27914 0.36092
vt 0.26359 0.36457
vt 0.24471 0.36092
vt 0.25638 0.362
vt 0.24641 0.36445
vt 0.84178 0.42155
vt 0.85401 0.42245
vt 0.85421 0.42155
vt 0.2449 0.36101
vt 0.22965 0.36193
vt 0.22848 0.36069
vt 0.22997 0.36008
vt 0.2286 0.36759
vt 0.22214 0.36497
vt 0.22948 0.36441
vt 0.22551 0.36221
vt 0.22728 0.37113
vt 0.78488 0.53767
vt 0.78067 0.53729
vt 0.79018 0.53668
vt 0.22103 0.3721
vt 0.21526 0.37619
vt 0.2139 0.3703
vt 0.2215 0.3762
vt 0.21378 0.36557
vt 0.04675 0.84319
vt 0.0408 0.99425
vt 0.04187 0.99657
vt 0.77532 0.53737
vt 0.21123 0.38013
vt 0.20893 0.37542
vt 0.20765 0.36929
vt 0.2109 0.38223
vt 0.20726 0.38018
vt 0.20524 0.38151
vt 0.20538 0.37542
vt 0.20507 0.37971
vt 0.61361 0.53615
vt 0.6145 0.53396
vt 0.61527 0.53426
vt 0.08365 0.22858
vt 0.08253 0.22633
vt 0.08257 0.22724
vt 0.1073 0.1765
vt 0.95991 0.01139
vt 0.95608 0.00599
vt 0.57638 0.53197
vt 0.63057 0.91506
vt 0.63131 0.91116
vt 0.3519 0.37884
vt 0.35117 0.37967
vt 0.57636 0.95761
vt 0.57773 0.95876
vt 0.57743 0.95725
vt 0.35205 0.36698
vt 0.34822 0.38275
vt 0.34839 0.38177
vt 0.35077 0.38173
vt 0.35103 0.38273
vt 0.34384 0.38165
vt 0.33867 0.37818
vt 0.32953 0.38266
vt 0.31127 0.38205
vt 0.29908 0.38271
vt 0.29865 0.37384
vt 0.28791 0.38164
vt 0.26904 0.37186
vt 0.2802 0.38268
vt 0.26766 0.38177
vt 0.26668 0.38271
vt 0.23912 0.37225
vt 0.24635 0.3815
vt 0.2421 0.38278
vt 0.24076 0.37971
vt 0.23959 0.36202
vt 0.23957 0.36085
vt 0.23208 0.38169
vt 0.23513 0.37432
vt 0.23425 0.36958
vt 0.23602 0.36092
vt 0.23231 0.37984
vt 0.23388 0.3647
vt 0.23353 0.36119
vt 0.22577 0.38273
vt 0.2324 0.37168
vt 0.23183 0.36532
vt 0.23139 0.36227
vt 0.23176 0.36077
vt 0.23071 0.35933
vt 0.22003 0.37979
vt 0.22244 0.38178
vt 0.21209 0.38117
vt 0.04518 0.84161
vt 0.0382 0.87035
vt 0.04034 0.91228
vt 0.04037 0.93547
vt 0.96228 0.10056
vt 0.08248 0.2216
vt 0.08088 0.2206
vt 0.08286 0.22363
vt 0.07917 0.22632
vt 0.09468 0.17669
vt 0.96478 0.01547
vt 0.96242 0.01316
vt 0.63059 0.91324
vt 0.9558 0.37011
vt 0.57626 0.96079
vt 0.20429 0.0409
vt 0.2038 0.03985
vt 0.20672 0.04087
vt 0.04013 0.84205
vt 0.04011 0.84349
vt 0.03819 0.88185
vt 0.03814 0.89667
vt 0.03826 0.96899
vt 0.0374 0.97017
vt 0.04088 0.98677
vt 0.05981 0.07247
vt 0.06134 0.07252
vt 0.05998 0.07102
vt 0.06663 0.0753
vt 0.06119 0.07368
vt 0.07798 0.0772
vt 0.07832 0.07602
vt 0.07284 0.07654
vt 0.07007 0.07518
vt 0.0829 0.07806
vt 0.08006 0.07742
vt 0.08038 0.07917
vt 0.08221 0.0792
vt 0.7676 0.53358
vt 0.76875 0.53201
vt 0.77085 0.5325
vt 0.08365 0.08149
vt 0.9602 0.008
vt 0.62572 0.91327
vt 0.62444 0.91129
vt 0.62544 0.90594
vt 0.95935 0.37119
vt 0.96054 0.36572
vt 0.57637 0.96555
vt 0.57925 0.96429
vt 0.96809 0.31272
vt 0.96699 0.19572
vt 0.61831 0.4459
vt 0.61516 0.4451
vt 0.61943 0.44546
vt 0.04005 0.84026
vt 0.03815 0.84616
vt 0.03819 0.95944
vt 0.04284 0.83653
vt 0.0421 0.83499
vt 0.0407 0.83813
vt 0.04286 0.83817
vt 0.04318 0.83993
vt 0.04518 0.81974
vt 0.04325 0.82169
vt 0.04494 0.82331
vt 0.04246 0.82536
vt 0.04217 0.8273
vt 0.04444 0.82859
vt 0.04194 0.83056
vt 0.04418 0.83141
vt 0.04131 0.83365
vt 0.04404 0.83382
vt 0.77171 0.53085
vt 0.77283 0.5296
vt 0.7727 0.53136
vt 0.96419 0.00955
vt 0.96168 0.36987
vt 0.96091 0.36863
vt 0.97067 0.33339
vt 0.57931 0.96641
vt 0.96714 0.29785
vt 0.96597 0.27552
vt 0.96888 0.25399
vt 0.97173 0.24102
vt 0.96625 0.22698
vt 0.03752 0.98193
vt 0.03742 0.99392
vt 0.03805 0.99615
vt 0.03861 0.99705
vt 0.0386 0.84076
vt 0.03778 0.84249
vt 0.03819 0.91967
vt 0.03961 0.83444
vt 0.03833 0.83934
vt 0.04187 0.81921
vt 0.04083 0.82446
vt 0.0405 0.82761
vt 0.03994 0.83025
vt 0.03938 0.83305
vt 0.38085 0.04596
vt 0.38218 0.04579
vt 0.38223 0.04754
vt 0.38086 0.0473
vt 0.38135 0.04495
vt 0.77491 0.52959
vt 0.77435 0.52786
vt 0.77249 0.52789
vt 0.3833 0.04182
vt 0.38478 0.04077
vt 0.38323 0.04736
vt 0.384 0.04883
vt 0.76957 0.5289
vt 0.76884 0.52961
vt 0.94981 0.48287
vt 0.95076 0.48469
vt 0.94981 0.48647
vt 0.76781 0.52584
vt 0.38655 0.04171
vt 0.38805 0.04145
vt 0.38763 0.04241
vt 0.54376 0.79868
vt 0.54445 0.79987
vt 0.54346 0.80175
vt 0.53897 0.79873
vt 0.38789 0.04608
vt 0.38704 0.04687
vt 0.53866 0.80119
vt 0.38776 0.05064
vt 0.53229 0.79994
vt 0.53317 0.79897
vt 0.97169 0.17211
vt 0.96873 0.14871
vt 0.96825 0.13092
vt 0.96998 0.03668
vt 0.96577 0.01221
vt 0.96447 0.00815
vt 0.96484 0.00691
vt 0.62177 0.91447
vt 0.62076 0.90448
vt 0.57739 0.52355
vt 0.57797 0.52416
vt 0.297 0.42647
vt 0.29619 0.42608
vt 0.29704 0.42515
vt 0.33428 0.05374
vt 0.34291 0.05365
vt 0.33899 0.05322
vt 0.61371 0.44559
vt 0.61344 0.44396
vt 0.61445 0.44419
vt 0.03723 0.99649
vt 0.03681 0.84254
vt 0.03691 0.84613
vt 0.037 0.86539
vt 0.03695 0.9008
vt 0.037 0.92094
vt 0.03692 0.95001
vt 0.03698 0.9692
vt 0.3759 0.05874
vt 0.37727 0.05822
vt 0.37717 0.06006
vt 0.37548 0.06045
vt 0.37863 0.05353
vt 0.37996 0.05296
vt 0.37973 0.05835
vt 0.38119 0.04062
vt 0.38207 0.04074
vt 0.38105 0.05052
vt 0.38305 0.05353
vt 0.38308 0.058
vt 0.37619 0.06096
vt 0.38617 0.06083
vt 0.3864 0.04062
vt 0.38569 0.04453
vt 0.38579 0.04859
vt 0.38632 0.05151
vt 0.38637 0.05779
vt 0.55784 0.14472
vt 0.5588 0.14524
vt 0.55784 0.14743
vt 0.38778 0.04013
vt 0.54708 0.80107
vt 0.54628 0.79974
vt 0.53487 0.80195
vt 0.52385 0.8019
vt 0.38825 0.05159
vt 0.38826 0.05714
vt 0.5258 0.80027
vt 0.3882 0.05968
vt 0.52296 0.80074
vt 0.5203 0.80176
vt 0.38812 0.06253
vt 0.5198 0.80095
vt 0.51138 0.80189
vt 0.38706 0.07195
vt 0.38822 0.08738
vt 0.4925 0.80055
vt 0.38702 0.09006
vt 0.48695 0.80186
vt 0.46869 0.80165
vt 0.38824 0.11625
vt 0.38727 0.11907
vt 0.46134 0.80014
vt 0.45311 0.80114
vt 0.4308 0.80075
vt 0.38815 0.15642
vt 0.41835 0.79963
vt 0.38737 0.15469
vt 0.40273 0.80009
vt 0.38791 0.18097
vt 0.39222 0.79921
vt 0.39122 0.79959
vt 0.96892 0.01593
vt 0.96663 0.01096
vt 0.62032 0.91345
vt 0.96431 0.37066
vt 0.96498 0.36842
vt 0.96546 0.36683
vt 0.96543 0.36424
vt 0.2388 0.51208
vt 0.24303 0.51228
vt 0.23695 0.51438
vt 0.23938 0.52125
vt 0.23639 0.52078
vt 0.23624 0.53008
vt 0.23801 0.5312
vt 0.24273 0.50994
vt 0.24334 0.53147
vt 0.25007 0.52316
vt 0.25005 0.53026
vt 0.25024 0.50899
vt 0.26415 0.5078
vt 0.27599 0.51377
vt 0.27489 0.53163
vt 0.27 0.53027
vt 0.28247 0.52205
vt 0.28028 0.50735
vt 0.30039 0.52726
vt 0.30132 0.50678
vt 0.29988 0.53019
vt 0.31406 0.5316
vt 0.31195 0.51801
vt 0.34058 0.5301
vt 0.32351 0.50539
vt 0.33767 0.50595
vt 0.34246 0.52029
vt 0.34702 0.50435
vt 0.34783 0.53152
vt 0.35103 0.50698
vt 0.35232 0.05497
vt 0.35218 0.06482
vt 0.35145 0.05627
vt 0.35118 0.07055
vt 0.352 0.07769
vt 0.3511 0.08569
vt 0.35201 0.08917
vt 0.44728 0.77168
vt 0.44365 0.77074
vt 0.43531 0.77161
vt 0.41615 0.77072
vt 0.42319 0.77156
vt 0.4035 0.77163
vt 0.40252 0.77082
vt 0.38226 0.77154
vt 0.37753 0.7708
vt 0.37147 0.77089
vt 0.36647 0.77172
vt 0.35439 0.05519
vt 0.35424 0.05688
vt 0.35403 0.06742
vt 0.35391 0.07798
vt 0.3538 0.09038
vt 0.35183 0.11536
vt 0.35347 0.12246
vt 0.35183 0.12836
vt 0.35328 0.14405
vt 0.35175 0.15216
vt 0.35326 0.15564
vt 0.3517 0.15793
vt 0.35311 0.17124
vt 0.35169 0.17753
vt 0.35312 0.19167
vt 0.35183 0.1924
vt 0.35326 0.20401
vt 0.35331 0.21668
vt 0.35218 0.2126
vt 0.3524 0.23554
vt 0.35334 0.23893
vt 0.35341 0.26122
vt 0.35273 0.26479
vt 0.3532 0.27399
vt 0.3526 0.27293
vt 0.35782 0.50396
vt 0.36371 0.53014
vt 0.35895 0.05677
vt 0.35902 0.06144
vt 0.35916 0.07945
vt 0.3585 0.12905
vt 0.35571 0.22405
vt 0.35503 0.2592
vt 0.35462 0.27602
vt 0.35334 0.30092
vt 0.35495 0.30211
vt 0.35473 0.3148
vt 0.35362 0.33157
vt 0.35491 0.34572
vt 0.35484 0.3658
vt 0.35372 0.36873
vt 0.35403 0.38708
vt 0.35498 0.38916
vt 0.35495 0.40633
vt 0.355 0.43617
vt 0.35421 0.44301
vt 0.35508 0.46934
vt 0.35452 0.48179
vt 0.35246 0.50345
vt 0.355 0.50259
vt 0.36123 0.05574
vt 0.35926 0.09018
vt 0.36134 0.13687
vt 0.36129 0.14916
vt 0.3611 0.16242
vt 0.3611 0.1749
vt 0.36129 0.21389
vt 0.35679 0.46552
vt 0.35703 0.48558
vt 0.35519 0.48829
vt 0.35579 0.49769
vt 0.36226 0.06192
vt 0.36213 0.07661
vt 0.36203 0.08983
vt 0.36164 0.12597
vt 0.36099 0.1956
vt 0.36573 0.25103
vt 0.36019 0.32174
vt 0.36324 0.41069
vt 0.35972 0.50063
vt 0.36313 0.50314
vt 0.36329 0.0581
vt 0.36336 0.07391
vt 0.36307 0.09264
vt 0.36283 0.11936
vt 0.36263 0.13821
vt 0.36249 0.16571
vt 0.36253 0.1901
vt 0.36239 0.20838
vt 0.36256 0.21188
vt 0.36607 0.22696
vt 0.36652 0.26503
vt 0.36707 0.34705
vt 0.36668 0.37899
vt 0.36387 0.43662
vt 0.36455 0.49687
vt 0.37004 0.51633
vt 0.37966 0.53149
vt 0.36391 0.21376
vt 0.37213 0.27852
vt 0.36708 0.45413
vt 0.36728 0.48999
vt 0.35986 0.50357
vt 0.36753 0.21431
vt 0.36682 0.32653
vt 0.37404 0.29737
vt 0.38049 0.36433
vt 0.37307 0.40756
vt 0.3743 0.43525
vt 0.37946 0.44737
vt 0.37274 0.47546
vt 0.3786 0.22
vt 0.37299 0.31405
vt 0.37524 0.33227
vt 0.37746 0.53019
vt 0.37319 0.21276
vt 0.37412 0.21399
vt 0.37167 0.21397
vt 0.38154 0.3859
vt 0.38231 0.50633
vt 0.37456 0.18552
vt 0.37445 0.2061
vt 0.3738 0.18639
vt 0.37368 0.19817
vt 0.3736 0.21019
vt 0.37729 0.24987
vt 0.38106 0.34146
vt 0.38176 0.47096
vt 0.38581 0.49174
vt 0.37731 0.06495
vt 0.37566 0.06431
vt 0.37695 0.07239
vt 0.37542 0.08283
vt 0.3769 0.08304
vt 0.37676 0.1112
vt 0.37513 0.11757
vt 0.3766 0.14027
vt 0.37492 0.13746
vt 0.37476 0.16635
vt 0.37648 0.17597
vt 0.37648 0.20847
vt 0.38247 0.30009
vt 0.38073 0.07248
vt 0.38014 0.08412
vt 0.38053 0.09126
vt 0.38054 0.11108
vt 0.38089 0.14307
vt 0.38042 0.17227
vt 0.38139 0.19178
vt 0.38237 0.21023
vt 0.38143 0.41763
vt 0.38723 0.51644
vt 0.38667 0.21425
vt 0.38781 0.24106
vt 0.38766 0.25158
vt 0.38604 0.27672
vt 0.38588 0.50199
vt 0.38618 0.06512
vt 0.38565 0.07579
vt 0.38578 0.0853
vt 0.38573 0.0924
vt 0.38406 0.11506
vt 0.384 0.14638
vt 0.38416 0.17727
vt 0.38619 0.30106
vt 0.38621 0.33034
vt 0.38612 0.35746
vt 0.38613 0.38773
vt 0.38602 0.41724
vt 0.38601 0.4508
vt 0.38593 0.47253
vt 0.38838 0.50481
vt 0.38606 0.11874
vt 0.38619 0.15432
vt 0.38652 0.18221
vt 0.38702 0.50404
vt 0.39297 0.53014
vt 0.5128 0.80317
vt 0.45095 0.80222
vt 0.43383 0.80172
vt 0.38824 0.18192
vt 0.38802 0.21253
vt 0.38762 0.28999
vt 0.38753 0.31844
vt 0.38745 0.35644
vt 0.38748 0.39037
vt 0.38739 0.41206
vt 0.38735 0.46954
vt 0.38749 0.48879
vt 0.38767 0.49906
vt 0.54732 0.80137
vt 0.54631 0.80226
vt 0.54721 0.80516
vt 0.39789 0.80065
vt 0.38029 0.79999
vt 0.37784 0.80124
vt 0.38891 0.19223
vt 0.36027 0.80047
vt 0.38856 0.21425
vt 0.35696 0.79948
vt 0.38844 0.25207
vt 0.31711 0.79903
vt 0.31428 0.79999
vt 0.38828 0.29951
vt 0.26717 0.79833
vt 0.26669 0.79938
vt 0.38822 0.31989
vt 0.24573 0.79816
vt 0.22139 0.79878
vt 0.38812 0.36657
vt 0.19657 0.79752
vt 0.16821 0.79826
vt 0.38802 0.40932
vt 0.15153 0.79716
vt 0.10078 0.79752
vt 0.3879 0.46123
vt 0.09673 0.79688
vt 0.06859 0.79728
vt 0.0676 0.79666
vt 0.40215 0.51186
vt 0.41282 0.50436
vt 0.39076 0.50403
vt 0.38857 0.50344
vt 0.41132 0.50353
vt 0.40812 0.53022
vt 0.41951 0.53177
vt 0.42314 0.51336
vt 0.43511 0.52028
vt 0.42838 0.52729
vt 0.44261 0.53021
vt 0.43959 0.50332
vt 0.44403 0.50402
vt 0.44689 0.50485
vt 0.45 0.51137
vt 0.44281 0.53193
vt 0.4556 0.52758
vt 0.45365 0.51973
vt 0.46755 0.50481
vt 0.47588 0.50384
vt 0.47092 0.50338
vt 0.97492 0.11839
vt 0.47473 0.5117
vt 0.48472 0.52054
vt 0.48368 0.53204
vt 0.48715 0.50506
vt 0.48644 0.53036
vt 0.88435 0.98364
vt 0.87149 0.98286
vt 0.88933 0.98302
vt 0.49149 0.52802
vt 0.49207 0.5113
vt 0.50076 0.53299
vt 0.47962 0.53288
vt 0.4922 0.50302
vt 0.51208 0.50354
vt 0.96995 0.09304
vt 0.51482 0.51529
vt 0.5214 0.53225
vt 0.51519 0.52426
vt 0.51948 0.50293
vt 0.91181 0.98384
vt 0.97264 0.07254
vt 0.52946 0.50753
vt 0.5179 0.53049
vt 0.93187 0.98334
vt 0.54159 0.53053
vt 0.55462 0.50361
vt 0.5603 0.53336
vt 0.97417 0.04931
vt 0.55655 0.50304
vt 0.94913 0.9842
vt 0.55709 0.50788
vt 0.55815 0.52091
vt 0.56233 0.53244
vt 0.94749 0.98339
vt 0.56392 0.53039
vt 0.95374 0.98335
vt 0.56293 0.50573
vt 0.563 0.50371
vt 0.56113 0.50256
vt 0.56575 0.5095
vt 0.9567 0.98329
vt 0.95589 0.98409
vt 0.56623 0.50646
vt 0.56405 0.50332
vt 0.5692 0.51501
vt 0.56779 0.52983
vt 0.56848 0.53171
vt 0.50405 0.07252
vt 0.50538 0.07132
vt 0.5025 0.07133
vt 0.56898 0.51123
vt 0.49806 0.07256
vt 0.49673 0.07187
vt 0.57008 0.52795
vt 0.57012 0.53214
vt 0.56825 0.53329
vt 0.57104 0.5182
vt 0.49028 0.07156
vt 0.49011 0.07259
vt 0.48503 0.07149
vt 0.57097 0.52782
vt 0.57218 0.52281
vt 0.57204 0.52553
vt 0.96816 0.00993
vt 0.97018 0.0089
vt 0.08262 0.4468
vt 0.07685 0.44568
vt 0.08126 0.44432
vt 0.0827 0.44544
vt 0.61911 0.91132
vt 0.61807 0.90613
vt 0.97113 0.36136
vt 0.97229 0.34745
vt 0.23303 0.51778
vt 0.23452 0.52069
vt 0.23279 0.52591
vt 0.23508 0.52971
vt 0.23317 0.53167
vt 0.23507 0.51328
vt 0.23663 0.5321
vt 0.23609 0.53328
vt 0.23712 0.51091
vt 0.2414 0.5091
vt 0.62806 0.98317
vt 0.63125 0.98251
vt 0.63272 0.98365
vt 0.63438 0.98261
vt 0.24738 0.53335
vt 0.24461 0.50866
vt 0.63598 0.98401
vt 0.24886 0.53254
vt 0.64004 0.98263
vt 0.25258 0.50788
vt 0.64403 0.98415
vt 0.64392 0.98299
vt 0.25386 0.50742
vt 0.66965 0.98273
vt 0.64537 0.98387
vt 0.27667 0.50658
vt 0.66824 0.98415
vt 0.971 0.40712
vt 0.93092 0.40632
vt 0.97247 0.40628
vt 0.92765 0.40711
vt 0.29665 0.50596
vt 0.68824 0.98422
vt 0.68639 0.98258
vt 0.69136 0.98352
vt 0.29971 0.50506
vt 0.31932 0.50472
vt 0.70531 0.98271
vt 0.71098 0.98398
vt 0.87382 0.407
vt 0.87559 0.40619
vt 0.72578 0.98232
vt 0.33942 0.50388
vt 0.73109 0.98395
vt 0.73551 0.98244
vt 0.74415 0.9842
vt 0.74467 0.98251
vt 0.4887 0.77231
vt 0.48947 0.77052
vt 0.48122 0.77097
vt 0.03111 0.76891
vt 0.0226 0.76949
vt 0.02355 0.77016
vt 0.74679 0.98365
vt 0.97562 0.20954
vt 0.35679 0.5001
vt 0.35566 0.49923
vt 0.35686 0.50212
vt 0.00813 0.77065
vt 0.01049 0.77146
vt 0.00953 0.76949
vt 0.84311 0.40704
vt 0.84208 0.40614
vt 0.54596 0.80941
vt 0.52701 0.80809
vt 0.5132 0.81621
vt 0.49908 0.80873
vt 0.45087 0.80789
vt 0.43537 0.80601
vt 0.40134 0.80602
vt 0.36051 0.8034
vt 0.3174 0.80187
vt 0.2963 0.80156
vt 0.27151 0.80135
vt 0.23885 0.80091
vt 0.20772 0.8004
vt 0.18149 0.79997
vt 0.15508 0.7998
vt 0.13724 0.79958
vt 0.11975 0.79955
vt 0.10235 0.79885
vt 0.09293 0.7988
vt 0.06982 0.7987
vt 0.05675 0.79676
vt 0.05348 0.79806
vt 0.05351 0.79728
vt 0.3881 0.50212
vt 0.0524 0.79829
vt 0.0521 0.7969
vt 0.81267 0.40704
vt 0.78002 0.9825
vt 0.77999 0.981
vt 0.80539 0.98119
vt 0.80292 0.9827
vt 0.80044 0.40642
vt 0.78506 0.40712
vt 0.83084 0.98133
vt 0.83136 0.98295
vt 0.77552 0.4066
vt 0.83253 0.98242
vt 0.86291 0.98345
vt 0.87061 0.98139
vt 0.73907 0.407
vt 0.88367 0.98158
vt 0.91032 0.98165
vt 0.93708 0.98171
vt 0.94884 0.98178
vt 0.95393 0.98172
vt 0.9557 0.9814
vt 0.97433 0.02137
vt 0.95704 0.98143
vt 0.50813 0.0717
vt 0.50803 0.06983
vt 0.56426 0.53335
vt 0.49741 0.07017
vt 0.97123 0.01471
vt 0.49398 0.07028
vt 0.49092 0.07061
vt 0.48209 0.07145
vt 0.47881 0.0703
vt 0.47944 0.07215
vt 0.47641 0.0698
vt 0.47487 0.07103
vt 0.97297 0.01311
vt 0.97048 0.01134
vt 0.07511 0.44427
vt 0.08015 0.44207
vt 0.07924 0.43671
vt 0.07535 0.43483
vt 0.08199 0.43502
vt 0.5795 0.51776
vt 0.97041 0.36895
vt 0.96872 0.36808
vt 0.96966 0.36649
vt 0.96967 0.36335
vt 0.99079 0.93192
vt 0.99375 0.93173
vt 0.99042 0.93026
vt 0.62771 0.98066
vt 0.63084 0.97998
vt 0.63443 0.98067
vt 0.64488 0.98107
vt 0.67 0.98067
vt 0.68786 0.98089
vt 0.71073 0.98035
vt 0.7264 0.9783
vt 0.72849 0.97848
vt 0.73611 0.97883
vt 0.7441 0.97914
vt 0.74711 0.98
vt 0.74815 0.98052
vt 0.0106 0.77269
vt 0.54427 0.8097
vt 0.53861 0.80902
vt 0.46689 0.80858
vt 0.33041 0.80916
vt 0.05547 0.80009
vt 0.78427 0.97891
vt 0.80435 0.97877
vt 0.81195 0.9789
vt 0.82706 0.97867
vt 0.84819 0.97899
vt 0.87129 0.97854
vt 0.88739 0.97525
vt 0.97882 0.02789
vt 0.50522 0.06552
vt 0.97393 0.01698
vt 0.50129 0.0661
vt 0.64772 0.40607
vt 0.64915 0.4012
vt 0.65013 0.40243
vt 0.64988 0.40605
vt 0.49173 0.06761
vt 0.48612 0.06271
vt 0.48365 0.06667
vt 0.47989 0.0658
vt 0.97237 0.01006
vt 0.58014 0.51903
vt 0.97183 0.36478
vt 0.97626 0.35776
vt 0.99127 0.94294
vt 0.63313 0.97207
vt 0.63551 0.97609
vt 0.64026 0.97637
vt 0.64859 0.97731
vt 0.66585 0.97521
vt 0.97982 0.2853
vt 0.70052 0.97721
vt 0.71544 0.9759
vt 0.72551 0.9759
vt 0.50216 0.78134
vt 0.50304 0.78036
vt 0.50148 0.77399
vt 0.74661 0.97861
vt 0.01189 0.77353
vt 0.01021 0.77367
vt 0.05392 0.80627
vt 0.05272 0.79917
vt 0.43579 0.81827
vt 0.40462 0.81834
vt 0.29052 0.81008
vt 0.27066 0.80771
vt 0.24441 0.80876
vt 0.20986 0.80798
vt 0.1782 0.80632
vt 0.14029 0.80781
vt 0.77925 0.98029
vt 0.78054 0.97371
vt 0.78521 0.97479
vt 0.83254 0.97551
vt 0.92681 0.97057
vt 0.95439 0.97285
vt 0.9758 0.01649
vt 0.50057 0.05567
vt 0.47879 0.06442
vt 0.47467 0.06537
vt 0.9743 0.01195
vt 0.07431 0.44591
vt 0.07299 0.44144
vt 0.07305 0.43618
vt 0.97237 0.36627
vt 0.97393 0.36277
vt 0.9738 0.36148
vt 0.62745 0.97042
vt 0.98029 0.32314
vt 0.67708 0.97459
vt 0.69531 0.97363
vt 0.72731 0.97725
vt 0.05247 0.46934
vt 0.05313 0.46708
vt 0.05562 0.46918
vt 0.73067 0.9773
vt 0.00239 0.01787
vt 0.00504 0.01931
vt 0.00585 0.01836
vt 0.00707 0.02151
vt 0.05632 0.46801
vt 0.0587 0.46874
vt 0.01072 0.0237
vt 0.00962 0.02254
vt 0.00963 0.01787
vt 0.0114 0.0167
vt 0.01229 0.02255
vt 0.01456 0.02472
vt 0.06315 0.46857
vt 0.06622 0.46624
vt 0.06723 0.4688
vt 0.01486 0.01974
vt 0.01539 0.01764
vt 0.01649 0.02609
vt 0.01749 0.02504
vt 0.01954 0.01668
vt 0.07118 0.46664
vt 0.07496 0.46697
vt 0.06969 0.46844
vt 0.02019 0.01952
vt 0.02199 0.01761
vt 0.0215 0.0266
vt 0.02135 0.02438
vt 0.07488 0.46874
vt 0.02247 0.02657
vt 0.07587 0.46677
vt 0.07565 0.46934
vt 0.02247 0.01979
vt 0.9802 0.23117
vt 0.54691 0.81638
vt 0.53824 0.81641
vt 0.53232 0.81647
vt 0.48053 0.81741
vt 0.46043 0.81714
vt 0.44011 0.8167
vt 0.37797 0.81815
vt 0.16242 0.81462
vt 0.09324 0.81681
vt 0.05918 0.81846
vt 0.7797 0.96713
vt 0.86784 0.96807
vt 0.98378 0.08968
vt 0.91083 0.97098
vt 0.94795 0.97014
vt 0.95698 0.97023
vt 0.50808 0.05851
vt 0.97746 0.01906
vt 0.97684 0.01518
vt 0.97589 0.01358
vt 0.97636 0.01121
vt 0.07013 0.44519
vt 0.06894 0.43477
vt 0.58195 0.51232
vt 0.58272 0.51256
vt 0.97531 0.36689
vt 0.97513 0.36535
vt 0.9748 0.3645
vt 0.99029 0.32175
vt 0.98101 0.2975
vt 0.98105 0.2661
vt 0.72074 0.9686
vt 0.0526 0.46461
vt 0.05323 0.4647
vt 0.05597 0.46545
vt 0.05809 0.46562
vt 0.06023 0.46578
vt 0.06252 0.46556
vt 0.06777 0.46536
vt 0.50335 0.78141
vt 0.07515 0.46402
vt 0.0528 0.81211
vt 0.54574 0.81644
vt 0.36241 0.81802
vt 0.34911 0.81796
vt 0.11875 0.81711
vt 0.08116 0.81814
vt 0.79642 0.96245
vt 0.98894 0.1647
vt 0.9829 0.1325
vt 0.98927 0.05432
vt 0.98074 0.02152
vt 0.50499 0.05582
vt 0.98054 0.01729
vt 0.49407 0.05528
vt 0.97819 0.01392
vt 0.48114 0.05754
vt 0.06622 0.44367
vt 0.06835 0.4415
vt 0.06869 0.4364
vt 0.97856 0.36149
vt 0.97819 0.3588
vt 0.98073 0.35493
vt 0.98121 0.34968
vt 0.98343 0.3403
vt 0.64094 0.96092
vt 0.67935 0.96669
vt 0.6921 0.96504
vt 0.70975 0.96795
vt 0.72526 0.97269
vt 0.05486 0.46331
vt 0.06093 0.46223
vt 0.06173 0.46387
vt 0.0639 0.46277
vt 0.06519 0.46294
vt 0.06569 0.46428
vt 0.06728 0.4622
vt 0.07178 0.46283
vt 0.076 0.45814
vt 0.98837 0.18217
vt 0.42342 0.81852
vt 0.31858 0.8175
vt 0.26493 0.81659
vt 0.22068 0.81614
vt 0.20007 0.81596
vt 0.05538 0.81819
vt 0.78342 0.96263
vt 0.84104 0.96406
vt 0.84933 0.96341
vt 0.89322 0.96405
vt 0.98226 0.02654
vt 0.95592 0.96552
vt 0.98044 0.01931
vt 0.9818 0.01689
vt 0.65048 0.38713
vt 0.49211 0.05522
vt 0.06703 0.44673
vt 0.06429 0.44485
vt 0.97945 0.36516
vt 0.97958 0.36301
vt 0.98044 0.3612
vt 0.98184 0.35598
vt 0.63084 0.96103
vt 0.6508 0.96452
vt 0.72627 0.97141
vt 0.72871 0.97111
vt 0.7279 0.97318
vt 0.06082 0.46155
vt 0.06385 0.46129
vt 0.06429 0.4584
vt 0.06654 0.45871
vt 0.06727 0.4605
vt 0.06956 0.46179
vt 0.06917 0.45831
vt 0.07306 0.45905
vt 0.07467 0.45907
vt 0.988 0.21827
vt 0.98867 0.19884
vt 0.05296 0.81794
vt 0.54665 0.81805
vt 0.54585 0.81773
vt 0.53602 0.81796
vt 0.51841 0.81764
vt 0.44459 0.81874
vt 0.29329 0.81726
vt 0.14227 0.81714
vt 0.07114 0.81626
vt 0.82022 0.9635
vt 0.83034 0.95747
vt 0.88468 0.96205
vt 0.9849 0.06672
vt 0.91628 0.9629
vt 0.98442 0.04157
vt 0.92846 0.96167
vt 0.9842 0.02333
vt 0.98303 0.02162
vt 0.98338 0.02033
vt 0.06145 0.44672
vt 0.98282 0.01666
vt 0.5835 0.51032
vt 0.58766 0.50593
vt 0.47616 0.05109
vt 0.47482 0.04979
vt 0.06475 0.44103
vt 0.06451 0.43594
vt 0.06624 0.43455
vt 0.9821 0.36261
vt 0.98273 0.35873
vt 0.98774 0.33646
vt 0.63368 0.96092
vt 0.98878 0.30255
vt 0.98789 0.24845
vt 0.72582 0.96287
vt 0.7265 0.96564
vt 0.72877 0.96684
vt 0.06054 0.45756
vt 0.24144 0.78762
vt 0.22852 0.78664
vt 0.22922 0.78748
vt 0.07487 0.45752
vt 0.36428 0.7145
vt 0.36464 0.71593
vt 0.36243 0.7146
vt 0.50595 0.69336
vt 0.50621 0.69485
vt 0.50528 0.69489
vt 0.49756 0.69381
vt 0.53822 0.81866
vt 0.51975 0.81829
vt 0.48596 0.81849
vt 0.46396 0.81857
vt 0.80728 0.96249
vt 0.99117 0.14987
vt 0.9863 0.1112
vt 0.98742 0.03712
vt 0.98577 0.02622
vt 0.9541 0.96208
vt 0.05968 0.44542
vt 0.05919 0.44386
vt 0.06143 0.44097
vt 0.06062 0.43503
vt 0.58621 0.5058
vt 0.4889 0.05038
vt 0.48389 0.05048
vt 0.48064 0.05075
vt 0.4784 0.05093
vt 0.98382 0.35935
vt 0.98386 0.35524
vt 0.98434 0.35239
vt 0.98526 0.34846
vt 0.62476 0.96946
vt 0.6272 0.96072
vt 0.67898 0.96069
vt 0.98854 0.27408
vt 0.70782 0.96073
vt 0.98725 0.22885
vt 0.72922 0.96447
vt 0.06058 0.45672
vt 0.06492 0.45558
vt 0.07288 0.455
vt 0.07451 0.45392
vt 0.02063 0.78651
vt 0.02069 0.79003
vt 0.02161 0.78581
vt 0.28198 0.71379
vt 0.2941 0.70734
vt 0.30867 0.71422
vt 0.4437 0.81933
vt 0.43706 0.81908
vt 0.41125 0.81916
vt 0.36937 0.81908
vt 0.34444 0.819
vt 0.31157 0.81877
vt 0.25718 0.8182
vt 0.2034 0.8177
vt 0.16054 0.81734
vt 0.77951 0.96121
vt 0.99235 0.04264
vt 0.94704 0.96165
vt 0.98901 0.03214
vt 0.98713 0.02566
vt 0.98635 0.02344
vt 0.98731 0.02215
vt 0.9876 0.02108
vt 0.95723 0.96192
vt 0.50737 0.05013
vt 0.50476 0.04996
vt 0.98726 0.01879
vt 0.98497 0.01675
vt 0.05767 0.44116
vt 0.50025 0.05009
vt 0.98553 0.35965
vt 0.98598 0.35591
vt 0.98632 0.35409
vt 0.98697 0.35089
vt 0.65207 0.96069
vt 0.66835 0.96072
vt 0.7187 0.96073
vt 0.73001 0.96257
vt 0.05855 0.4546
vt 0.06079 0.45311
vt 0.06381 0.45412
vt 0.06954 0.45317
vt 0.07242 0.4537
vt 0.02267 0.79015
vt 0.32586 0.81922
vt 0.27516 0.81891
vt 0.23419 0.81847
vt 0.18865 0.81823
vt 0.15164 0.81825
vt 0.12388 0.81826
vt 0.09638 0.81866
vt 0.05726 0.81933
vt 0.99162 0.1353
vt 0.99346 0.11661
vt 0.99351 0.10756
vt 0.99167 0.07934
vt 0.99401 0.06473
vt 0.93726 0.95949
vt 0.98962 0.03029
vt 0.98891 0.0265
vt 0.95629 0.96072
vt 0.05643 0.4454
vt 0.05478 0.4435
vt 0.05511 0.44125
vt 0.05559 0.43615
vt 0.05837 0.43463
vt 0.49345 0.05019
vt 0.98771 0.35726
vt 0.98811 0.35496
vt 0.98653 0.34953
vt 0.98825 0.34563
vt 0.98766 0.34382
vt 0.99054 0.95263
vt 0.99365 0.95161
vt 0.99009 0.33388
vt 0.64394 0.9607
vt 0.7256 0.96065
vt 0.73176 0.96072
vt 0.73382 0.96177
vt 0.73885 0.9616
vt 0.06345 0.45317
vt 0.02262 0.7178
vt 0.02168 0.72035
vt 0.02133 0.71953
vt 0.99233 0.22774
vt 0.01922 0.71576
vt 0.01896 0.71497
vt 0.0229 0.71555
vt 0.05548 0.81982
vt 0.05352 0.82011
vt 0.77903 0.95903
vt 0.77969 0.95919
vt 0.78258 0.95888
vt 0.79228 0.95751
vt 0.80308 0.95723
vt 0.80766 0.95789
vt 0.82306 0.95817
vt 0.85204 0.95774
vt 0.871 0.95778
vt 0.89088 0.95794
vt 0.91226 0.95813
vt 0.91818 0.9594
vt 0.99094 0.03587
vt 0.99175 0.03465
vt 0.94734 0.95971
vt 0.99103 0.03039
vt 0.99077 0.02624
vt 0.95357 0.96001
vt 0.99195 0.02613
vt 0.99088 0.02241
vt 0.05104 0.44533
vt 0.50813 0.04882
vt 0.50456 0.04763
vt 0.50034 0.04825
vt 0.4955 0.04828
vt 0.49095 0.04852
vt 0.48613 0.04859
vt 0.48135 0.04882
vt 0.4776 0.04853
vt 0.98923 0.35242
vt 0.9896 0.35006
vt 0.9888 0.34713
vt 0.98994 0.34022
vt 0.99379 0.95291
vt 0.62741 0.9594
vt 0.63247 0.95937
vt 0.64379 0.95945
vt 0.99227 0.31737
vt 0.64952 0.95924
vt 0.67568 0.9591
vt 0.99259 0.2896
vt 0.99084 0.27099
vt 0.67824 0.95965
vt 0.68331 0.95886
vt 0.71474 0.95893
vt 0.99122 0.24021
vt 0.72446 0.95915
vt 0.73337 0.95929
vt 0.74506 0.95931
vt 0.74507 0.96156
vt 0.99135 0.2172
vt 0.74698 0.96047
vt 0.75601 0.95885
vt 0.75398 0.96028
vt 0.76598 0.95969
vt 0.76592 0.95829
vt 0.99259 0.19547
vt 0.76703 0.95912
vt 0.76726 0.95745
vt 0.77199 0.95768
vt 0.77761 0.95824
vt 0.77874 0.95765
vt 0.78233 0.95742
vt 0.99183 0.16835
vt 0.75862 0.50959
vt 0.74838 0.49705
vt 0.76807 0.49866
vt 0.82579 0.95746
vt 0.92259 0.95786
vt 0.99303 0.04734
vt 0.94334 0.95828
vt 0.99278 0.03975
vt 0.99287 0.03394
vt 0.99286 0.03036
vt 0.9552 0.95907
vt 0.59247 0.50041
vt 0.59799 0.49791
vt 0.59173 0.50158
vt 0.05179 0.4356
vt 0.05196 0.43458
vt 0.05339 0.43417
vt 0.49986 0.04734
vt 0.4945 0.04735
vt 0.09146 0.75836
vt 0.09303 0.75574
vt 0.09387 0.75824
vt 0.48853 0.04742
vt 0.48138 0.04764
vt 0.9898 0.35491
vt 0.99187 0.35123
vt 0.99122 0.34954
vt 0.99176 0.34619
vt 0.99127 0.33961
vt 0.9922 0.34175
vt 0.99108 0.33643
vt 0.99312 0.32284
vt 0.42662 0.73663
vt 0.4258 0.73698
vt 0.42221 0.73408
vt 0.63721 0.9583
vt 0.41726 0.73432
vt 0.40413 0.73335
vt 0.40462 0.73283
vt 0.64989 0.95857
vt 0.68128 0.95797
vt 0.99292 0.26778
vt 0.71426 0.95776
vt 0.99294 0.25296
vt 0.99235 0.23927
vt 0.72614 0.95773
vt 0.73296 0.9583
vt 0.74204 0.95802
vt 0.99255 0.21819
vt 0.75954 0.95762
vt 0.76888 0.95652
vt 0.77855 0.95627
vt 0.78025 0.95674
vt 0.99309 0.16699
vt 0.79158 0.95653
vt 0.80391 0.95632
vt 0.8245 0.95654
vt 0.99322 0.13246
vt 0.83487 0.95653
vt 0.87706 0.95682
vt 0.92155 0.95741
vt 0.99425 0.05588
vt 0.13211 0.72742
vt 0.13319 0.72773
vt 0.1318 0.7285
vt 0.99411 0.04539
vt 0.99488 0.042
vt 0.99515 0.03862
vt 0.99477 0.034
vt 0.99446 0.03077
vt 0.99547 0.02915
vt 0.04254 0.44531
vt 0.04716 0.44462
vt 0.04715 0.4468
vt 0.99397 0.34716
vt 0.99345 0.34525
vt 0.99391 0.34128
vt 0.99413 0.33795
vt 0.99297 0.32962
vt 0.99447 0.33186
vt 0.99447 0.3239
vt 0.9936 0.31272
vt 0.9939 0.27045
vt 0.99383 0.25659
vt 0.99495 0.26368
vt 0.99547 0.25066
vt 0.9954 0.2319
vt 0.99358 0.22383
vt 0.99557 0.21681
vt 0.79414 0.50016
vt 0.79491 0.49544
vt 0.81138 0.49359
vt 0.99365 0.20005
vt 0.99601 0.17113
vt 0.99435 0.16779
vt 0.99627 0.13517
vt 0.99644 0.11876
vt 0.99678 0.08826
vt 0.99366 0.09187
vt 0.9971 0.05794
vt 0.9955 0.04958
vt 0.99697 0.04352
vt 0.99676 0.03885
vt 0.99663 0.03603
vt 0.9972 0.03435
vt 0.99502 0.34309
vt 0.99556 0.33973
vt 0.9957 0.33533
vt 0.9959 0.33042
vt 0.99625 0.32284
vt 0.99476 0.3129
vt 0.99676 0.3014
vt 0.99484 0.29678
vt 0.99695 0.27274
vt 0.99702 0.2559
vt 0.99714 0.24793
vt 0.99723 0.22284
vt 0.99739 0.19458
vt 0.99766 0.1615
vt 0.99794 0.121
vt 0.99819 0.09478
vt 0.99849 0.05614
vt 0.99846 0.04725
vt 0.99865 0.04407
vt 0.9982 0.03943
vt 0.04236 0.67081
vt 0.04284 0.67234
vt 0.04059 0.67274
vt 0.99646 0.33916
vt 0.99708 0.33181
vt 0.9978 0.32394
vt 0.99811 0.31373
vt 0.99843 0.28753
vt 0.99849 0.2602
vt 0.99863 0.25448
vt 0.99856 0.22725
vt 0.99846 0.21617
vt 0.9985 0.19766
vt 0.99882 0.16321
vt 0.99894 0.12853
vt 0.99931 0.09697
vt 0.99952 0.05442
vt 0.05943 0.66141
vt 0.0671 0.66214
vt 0.05879 0.6624
vt 0.05606 0.66193
vt 0.05443 0.66346
vt 0.61168 0.49244
vt 0.61922 0.49184
vt 0.62067 0.49257
vt 0.61222 0.49316
vt 0.35214 0.66248
vt 0.34175 0.66217
vt 0.35301 0.6617
vt 0.99925 0.31337
vt 0.99952 0.29402
vt 0.99946 0.26962
vt 0.29553 0.66239
vt 0.2813 0.66267
vt 0.28556 0.66165
vt 0.27953 0.66203
vt 0.2795 0.66375
vt 0.87719 0.85708
vt 0.82657 0.85708
vt 0.81067 0.8564
vt 0.78709 0.85691
vt 0.79133 0.85623
vt 0.75061 0.85603
vt 0.73944 0.85664
vt 0.72358 0.8557
vt 0.70069 0.85621
vt 0.67538 0.85537
vt 0.66509 0.85606
vt 0.44267 0.6645
vt 0.92611 0.85384
vt 0.92543 0.85446
vt 0.91987 0.85519
vt 0.88556 0.8548
vt 0.85325 0.85487
vt 0.81387 0.85472
vt 0.79048 0.85468
vt 0.74638 0.85431
vt 0.72588 0.85416
vt 0.70057 0.854
vt 0.67205 0.85385
vt 0.64599 0.85361
vt 0.62766 0.85325
vt 0.62049 0.85259
vt 0.93476 0.85157
vt 0.93324 0.85269
vt 0.8588 0.84963
vt 0.77454 0.84893
vt 0.69466 0.84963
vt 0.63802 0.85109
vt 0.62682 0.85172
vt 0.61626 0.85141
vt 0.93972 0.84943
vt 0.93896 0.8506
vt 0.92935 0.84991
vt 0.91274 0.85035
vt 0.81276 0.84982
vt 0.7922 0.84667
vt 0.7415 0.85018
vt 0.71928 0.84945
vt 0.67426 0.84882
vt 0.65193 0.84826
vt 0.61295 0.84886
vt 0.6058 0.84755
vt 0.9431 0.84852
vt 0.88593 0.84687
vt 0.61841 0.84757
vt 0.94593 0.84676
vt 0.94562 0.84598
vt 0.93646 0.84619
vt 0.84007 0.83513
vt 0.80879 0.83912
vt 0.7803 0.83914
vt 0.75648 0.84213
vt 0.63291 0.84389
vt 0.61308 0.84238
vt 0.60287 0.8445
vt 0.94873 0.84461
vt 0.92501 0.84091
vt 0.73213 0.84059
vt 0.7136 0.83804
vt 0.69919 0.84022
vt 0.69136 0.83055
vt 0.95157 0.84278
vt 0.95087 0.84157
vt 0.95391 0.83956
vt 0.00077 0.49366
vt 0.09367 0.04684
vt 0.09408 0.04799
vt 0.0932 0.05126
vt 0.00306 0.49686
vt 0.444 0.62858
vt 0.89879 0.83227
vt 0.87512 0.83879
vt 0.81231 0.83785
vt 0.79174 0.83902
vt 0.77103 0.83891
vt 0.66808 0.83693
vt 0.63888 0.83803
vt 0.09232 0.03818
vt 0.09371 0.04043
vt 0.09238 0.04258
vt 0.09218 0.04691
vt 0.09417 0.03827
vt 0.09385 0.05351
vt 0.09166 0.05393
vt 0.09197 0.0525
vt 0.0934 0.05513
vt 0.47148 0.62705
vt 0.45375 0.6273
vt 0.41316 0.62873
vt 0.41061 0.62772
vt 0.39986 0.62861
vt 0.38785 0.6278
vt 0.36266 0.62838
vt 0.36154 0.62777
vt 0.34575 0.62843
vt 0.81377 0.83465
vt 0.77431 0.83756
vt 0.59522 0.836
vt 0.95595 0.83566
vt 0.08789 0.03954
vt 0.47849 0.62649
vt 0.47706 0.62406
vt 0.4753 0.62406
vt 0.94448 0.83612
vt 0.47117 0.62403
vt 0.45973 0.62532
vt 0.91966 0.8319
vt 0.41481 0.62588
vt 0.38822 0.62628
vt 0.36115 0.62651
vt 0.82567 0.83378
vt 0.34418 0.62654
vt 0.81269 0.83648
vt 0.13562 0.40488
vt 0.1355 0.42943
vt 0.03688 0.55888
vt 0.03205 0.55927
vt 0.33007 0.62651
vt 0.79105 0.83767
vt 0.30646 0.62657
vt 0.29074 0.62805
vt 0.74957 0.83456
vt 0.30839 0.49715
vt 0.33105 0.49716
vt 0.34045 0.49729
vt 0.4864 0.66541
vt 0.95605 0.83713
vt 0.08174 0.0424
vt 0.07538 0.03718
vt 0.45992 0.62188
vt 0.43707 0.62229
vt 0.41207 0.62297
vt 0.39271 0.62408
vt 0.8628 0.82908
vt 0.3537 0.62477
vt 0.51647 0.55901
vt 0.51589 0.55755
vt 0.50471 0.55823
vt 0.50056 0.55911
vt 0.49348 0.558
vt 0.45302 0.55903
vt 0.47293 0.55798
vt 0.44286 0.5581
vt 0.41058 0.55891
vt 0.41344 0.55798
vt 0.37813 0.55794
vt 0.34992 0.55873
vt 0.36019 0.55773
vt 0.33711 0.55776
vt 0.29979 0.55751
vt 0.30016 0.55861
vt 0.25096 0.55744
vt 0.26186 0.5585
vt 0.23305 0.55843
vt 0.22132 0.55727
vt 0.18473 0.55728
vt 0.15389 0.55709
vt 0.13015 0.55702
vt 0.10935 0.55696
vt 0.09354 0.55689
vt 0.06283 0.55685
vt 0.03949 0.55675
vt 0.032 0.55636
vt 0.52604 0.55809
vt 0.52608 0.55951
vt 0.52508 0.55934
vt 0.03011 0.55951
vt 0.03032 0.55559
vt 0.33158 0.62509
vt 0.30754 0.62511
vt 0.77318 0.83701
vt 0.77228 0.83582
vt 0.27934 0.62534
vt 0.25679 0.62564
vt 0.23951 0.62585
vt 0.20071 0.62632
vt 0.19085 0.62766
vt 0.17272 0.62655
vt 0.17207 0.62792
vt 0.14952 0.62829
vt 0.14787 0.6269
vt 0.61883 0.82448
vt 0.13347 0.62763
vt 0.48926 0.66433
vt 0.48993 0.66135
vt 0.95832 0.83334
vt 0.07611 0.04787
vt 0.07065 0.05082
vt 0.07984 0.05411
vt 0.08919 0.05546
vt 0.11307 0.15336
vt 0.38854 0.62065
vt 0.35891 0.62187
vt 0.47288 0.54784
vt 0.39818 0.55537
vt 0.17386 0.55197
vt 0.0324 0.55085
vt 0.33791 0.62242
vt 0.30568 0.62257
vt 0.29265 0.6234
vt 0.26514 0.6236
vt 0.73992 0.82519
vt 0.23227 0.6241
vt 0.65983 0.82916
vt 0.18439 0.62459
vt 0.62834 0.83097
vt 0.14832 0.6248
vt 0.13972 0.62488
vt 0.5972 0.82154
vt 0.13244 0.62463
vt 0.95478 0.82221
vt 0.07927 0.05219
vt 0.51618 0.55154
vt 0.49665 0.54876
vt 0.42757 0.54831
vt 0.37018 0.54971
vt 0.35305 0.55041
vt 0.31424 0.55225
vt 0.28354 0.55025
vt 0.24641 0.55207
vt 0.22345 0.55269
vt 0.20164 0.55119
vt 0.15001 0.55287
vt 0.11301 0.55258
vt 0.0922 0.54924
vt 0.07681 0.54976
vt 0.05318 0.54912
vt 0.81253 0.82974
vt 0.5258 0.55119
vt 0.3313 0.62099
vt 0.29287 0.62091
vt 0.75885 0.82547
vt 0.26575 0.62058
vt 0.23545 0.62209
vt 0.19763 0.62187
vt 0.18041 0.62203
vt 0.14002 0.62261
vt 0.13601 0.62241
vt 0.58615 0.82906
vt 0.49512 0.66547
vt 0.49382 0.66442
vt 0.49463 0.6619
vt 0.49403 0.65556
vt 0.96021 0.82945
vt 0.07499 0.03962
vt 0.47694 0.60843
vt 0.47499 0.6073
vt 0.46168 0.60798
vt 0.93375 0.82256
vt 0.44215 0.60785
vt 0.42142 0.61256
vt 0.37356 0.60885
vt 0.52323 0.55031
vt 0.39841 0.5481
vt 0.38051 0.54601
vt 0.15104 0.5486
vt 0.81411 0.82595
vt 0.7722 0.82704
vt 0.70885 0.83064
vt 0.23528 0.6169
vt 0.14941 0.61489
vt 0.58623 0.82197
vt 0.49773 0.6571
vt 0.9601 0.82704
vt 0.07141 0.04412
vt 0.89962 0.82212
vt 0.51727 0.54317
vt 0.44548 0.54642
vt 0.3241 0.54592
vt 0.31031 0.54152
vt 0.29168 0.54153
vt 0.24588 0.54431
vt 0.22516 0.54115
vt 0.19448 0.5454
vt 0.03071 0.54087
vt 0.33955 0.61338
vt 0.32717 0.60983
vt 0.30192 0.60958
vt 0.69122 0.82454
vt 0.21074 0.61655
vt 0.63832 0.82636
vt 0.13972 0.61605
vt 0.13203 0.61785
vt 0.58519 0.82585
vt 0.07226 0.05214
vt 0.07222 0.05395
vt 0.07253 0.05531
vt 0.47206 0.60733
vt 0.82479 0.82271
vt 0.35989 0.60927
vt 0.526 0.54522
vt 0.50844 0.54366
vt 0.4639 0.54331
vt 0.35912 0.54468
vt 0.17753 0.54396
vt 0.13704 0.54395
vt 0.10716 0.54068
vt 0.27166 0.6145
vt 0.71605 0.82139
vt 0.65097 0.821
vt 0.18756 0.61583
vt 0.64514 0.37033
vt 0.50083 0.65594
vt 0.96235 0.8234
vt 0.87593 0.82292
vt 0.39744 0.60857
vt 0.34091 0.60747
vt 0.25187 0.54125
vt 0.14065 0.54088
vt 0.08728 0.54068
vt 0.0647 0.54058
vt 0.03417 0.54033
vt 0.81277 0.82392
vt 0.77225 0.82187
vt 0.76096 0.82157
vt 0.26871 0.61036
vt 0.74063 0.82148
vt 0.24428 0.61083
vt 0.6876 0.82118
vt 0.20884 0.61172
vt 0.19377 0.60955
vt 0.62827 0.82102
vt 0.16441 0.60968
vt 0.15066 0.61032
vt 0.13541 0.60811
vt 0.50547 0.65733
vt 0.96215 0.82148
vt 0.07155 0.03832
vt 0.07041 0.04811
vt 0.81277 0.82194
vt 0.47611 0.54329
vt 0.50168 0.543
vt 0.40002 0.54244
vt 0.42977 0.54287
vt 0.39366 0.54147
vt 0.3794 0.54155
vt 0.3599 0.54105
vt 0.33779 0.54179
vt 0.18933 0.54108
vt 0.13975 0.60813
vt 0.13157 0.60817
vt 0.58277 0.81651
vt 0.64637 0.37247
vt 0.6521 0.37409
vt 0.65374 0.372
vt 0.50621 0.66204
vt 0.07013 0.04068
vt 0.06965 0.0532
vt 0.47626 0.60591
vt 0.47216 0.60606
vt 0.44286 0.60631
vt 0.92463 0.81673
vt 0.91777 0.81651
vt 0.41426 0.60659
vt 0.85775 0.81605
vt 0.37242 0.60687
vt 0.83696 0.81599
vt 0.35561 0.60707
vt 0.81282 0.81663
vt 0.31472 0.54045
vt 0.24844 0.54009
vt 0.22306 0.53995
vt 0.17341 0.53969
vt 0.11343 0.53932
vt 0.08835 0.5391
vt 0.04947 0.53922
vt 0.03425 0.53907
vt 0.52621 0.54319
vt 0.52497 0.53942
vt 0.52064 0.53898
vt 0.51407 0.53929
vt 0.50867 0.54128
vt 0.50153 0.54141
vt 0.49046 0.54185
vt 0.47415 0.54185
vt 0.46141 0.5416
vt 0.43032 0.54138
vt 0.03078 0.53862
vt 0.32581 0.60754
vt 0.55004 0.13447
vt 0.54982 0.133
vt 0.54831 0.13352
vt 0.54754 0.13488
vt 0.54493 0.13403
vt 0.54018 0.13473
vt 0.54198 0.1353
vt 0.26987 0.60809
vt 0.21741 0.60863
vt 0.62834 0.81967
vt 0.59624 0.80856
vt 0.96443 0.81929
vt 0.96301 0.81215
vt 0.06941 0.03887
vt 0.74025 0.47457
vt 0.7414 0.47608
vt 0.74079 0.48146
vt 0.06931 0.04626
vt 0.7394 0.47012
vt 0.06969 0.05546
vt 0.47264 0.60557
vt 0.72978 0.46387
vt 0.72515 0.46409
vt 0.44926 0.60556
vt 0.88936 0.81638
vt 0.41487 0.60577
vt 0.39807 0.60565
vt 0.36398 0.60582
vt 0.817 0.81616
vt 0.35283 0.60585
vt 0.60881 0.19274
vt 0.60918 0.19162
vt 0.60836 0.252
vt 0.25063 0.53963
vt 0.22923 0.53931
vt 0.17201 0.53919
vt 0.13314 0.53896
vt 0.10655 0.53862
vt 0.52629 0.53774
vt 0.50982 0.53983
vt 0.46049 0.54089
vt 0.44366 0.54076
vt 0.42322 0.54054
vt 0.38763 0.54043
vt 0.37218 0.54038
vt 0.36317 0.54056
vt 0.60909 0.13745
vt 0.60931 0.14594
vt 0.04171 0.53841
vt 0.60648 0.40514
vt 0.60708 0.40494
vt 0.60617 0.44889
vt 0.03464 0.53819
vt 0.50653 0.54012
vt 0.50851 0.53843
vt 0.61053 0.00857
vt 0.61036 0.01531
vt 0.60902 0.01518
vt 0.60878 0.01022
vt 0.6103 0.02576
vt 0.60884 0.02685
vt 0.61017 0.04117
vt 0.60879 0.03938
vt 0.60482 0.45722
vt 0.60691 0.45594
vt 0.60648 0.45913
vt 0.60611 0.45551
vt 0.60706 0.0125
vt 0.607 0.01107
vt 0.50324 0.53939
vt 0.60616 0.01406
vt 0.50145 0.53913
vt 0.50176 0.53783
vt 0.60055 0.0152
vt 0.60411 0.01786
vt 0.60658 0.02654
vt 0.60625 0.03923
vt 0.60576 0.05193
vt 0.60564 0.06961
vt 0.60476 0.08881
vt 0.59965 0.16854
vt 0.59922 0.02149
vt 0.59816 0.09039
vt 0.59861 0.12173
vt 0.59898 0.15694
vt 0.59781 0.17804
vt 0.6064 0.19158
vt 0.54305 0.66658
vt 0.54446 0.66698
vt 0.54299 0.66157
vt 0.59857 0.03782
vt 0.59625 0.0514
vt 0.59585 0.06658
vt 0.59818 0.13846
vt 0.59386 0.19111
vt 0.59709 0.01489
vt 0.54411 0.65844
vt 0.59384 0.45605
vt 0.59668 0.01557
vt 0.59642 0.01756
vt 0.5962 0.03966
vt 0.59537 0.09118
vt 0.59522 0.12993
vt 0.59327 0.15715
vt 0.59318 0.16744
vt 0.59019 0.20116
vt 0.59476 0.01644
vt 0.59445 0.01488
vt 0.18071 0.34617
vt 0.18165 0.34754
vt 0.18309 0.346
vt 0.59426 0.0346
vt 0.20085 0.34761
vt 0.1932 0.34617
vt 0.20544 0.34618
vt 0.59416 0.05308
vt 0.22039 0.3475
vt 0.22994 0.34616
vt 0.59397 0.07332
vt 0.2418 0.34741
vt 0.25472 0.34611
vt 0.5936 0.10783
vt 0.27831 0.34727
vt 0.27691 0.34607
vt 0.30071 0.34611
vt 0.59341 0.12979
vt 0.30154 0.34727
vt 0.32645 0.34604
vt 0.33052 0.34721
vt 0.33801 0.34603
vt 0.34138 0.34717
vt 0.34391 0.3469
vt 0.58575 0.28146
vt 0.59321 0.33072
vt 0.31768 0.60624
vt 0.58871 0.17374
vt 0.58508 0.24276
vt 0.58104 0.30946
vt 0.59142 0.34527
vt 0.59601 0.36179
vt 0.57813 0.36626
vt 0.58453 0.37008
vt 0.59103 0.39089
vt 0.5831 0.33232
vt 0.57514 0.21512
vt 0.57702 0.28934
vt 0.5696 0.19324
vt 0.57797 0.17257
vt 0.92484 0.44295
vt 0.92591 0.44397
vt 0.58017 0.39335
vt 0.57457 0.23799
vt 0.5763 0.25616
vt 0.58058 0.01578
vt 0.58075 0.01839
vt 0.57919 0.01784
vt 0.57922 0.02279
vt 0.58046 0.04324
vt 0.57911 0.04079
vt 0.57894 0.05094
vt 0.58013 0.07905
vt 0.57885 0.0865
vt 0.5798 0.11812
vt 0.57734 0.12382
vt 0.57773 0.14447
vt 0.57929 0.15864
vt 0.57915 0.1667
vt 0.5795 0.16955
vt 0.56892 0.31721
vt 0.57143 0.01425
vt 0.58052 0.01509
vt 0.57432 0.01532
vt 0.55949 0.13675
vt 0.56073 0.13454
vt 0.5513 0.1351
vt 0.5751 0.01995
vt 0.57511 0.02885
vt 0.57628 0.04124
vt 0.57606 0.05581
vt 0.57558 0.08702
vt 0.57451 0.11025
vt 0.57228 0.15345
vt 0.57182 0.27931
vt 0.57355 0.017
vt 0.57348 0.0409
vt 0.573 0.07893
vt 0.5726 0.10474
vt 0.57018 0.12083
vt 0.56995 0.13941
vt 0.5696 0.16509
vt 0.56919 0.21982
vt 0.56891 0.25545
vt 0.57364 0.45559
vt 0.57215 0.45716
vt 0.56807 0.45533
vt 0.56799 0.45744
vt 0.57102 0.01525
vt 0.57014 0.01666
vt 0.57122 0.02139
vt 0.57117 0.03843
vt 0.55111 0.13396
vt 0.57035 0.02919
vt 0.11524 0.5648
vt 0.13737 0.56431
vt 0.14194 0.56442
vt 0.15179 0.56433
vt 0.18315 0.56398
vt 0.18696 0.5638
vt 0.20259 0.56373
vt 0.2223 0.56348
vt 0.56879 0.1473
vt 0.5687 0.16387
vt 0.56877 0.18673
vt 0.56838 0.22245
vt 0.5681 0.25579
vt 0.5556 0.56173
vt 0.55887 0.56132
vt 0.28088 0.60648
vt 0.53786 0.13969
vt 0.51933 0.13647
vt 0.26346 0.60654
vt 0.49335 0.1421
vt 0.49047 0.13837
vt 0.23801 0.60676
vt 0.47443 0.14317
vt 0.45423 0.14095
vt 0.4513 0.14462
vt 0.20255 0.60714
vt 0.43457 0.14213
vt 0.17064 0.60751
vt 0.41231 0.14785
vt 0.1535 0.60768
vt 0.39963 0.14945
vt 0.39946 0.1444
vt 0.58522 0.81273
vt 0.58002 0.81311
vt 0.65078 0.37857
vt 0.65466 0.37891
vt 0.12476 0.83002
vt 0.1238 0.83363
vt 0.1238 0.82913
vt 0.73904 0.47568
vt 0.73898 0.48654
vt 0.73991 0.4881
vt 0.73664 0.47104
vt 0.73603 0.48717
vt 0.73679 0.48892
vt 0.73852 0.48981
vt 0.73486 0.49008
vt 0.73386 0.46905
vt 0.95033 0.80444
vt 0.93484 0.80674
vt 0.7289 0.48333
vt 0.72701 0.48706
vt 0.72848 0.48891
vt 0.73007 0.46624
vt 0.92431 0.81303
vt 0.71871 0.46561
vt 0.72207 0.47302
vt 0.71832 0.4644
vt 0.71151 0.49003
vt 0.71861 0.48343
vt 0.92062 0.81603
vt 0.70561 0.47257
vt 0.703 0.48701
vt 0.69189 0.46322
vt 0.69566 0.48877
vt 0.69163 0.46577
vt 0.68579 0.46389
vt 0.68306 0.47447
vt 0.6732 0.48673
vt 0.67716 0.48976
vt 0.67456 0.48865
vt 0.66362 0.47618
vt 0.6523 0.46348
vt 0.65882 0.46243
vt 0.66038 0.48964
vt 0.65845 0.48852
vt 0.65751 0.48667
vt 0.64747 0.48431
vt 0.63445 0.46326
vt 0.6352 0.46144
vt 0.65594 0.46174
vt 0.62788 0.48842
vt 0.62632 0.48953
vt 0.6346 0.46211
vt 0.62686 0.4754
vt 0.62278 0.46299
vt 0.62254 0.46195
vt 0.12763 0.04261
vt 0.61836 0.47282
vt 0.61639 0.48905
vt 0.35404 0.60538
vt 0.6167 0.48832
vt 0.12752 0.03575
vt 0.52481 0.53752
vt 0.52076 0.53724
vt 0.60806 0.21608
vt 0.60781 0.27215
vt 0.60762 0.32609
vt 0.60735 0.31228
vt 0.60697 0.35108
vt 0.60733 0.36273
vt 0.60692 0.38779
vt 0.5195 0.53747
vt 0.51793 0.53801
vt 0.51199 0.53787
vt 0.51136 0.53697
vt 0.50654 0.53643
vt 0.25096 0.00415
vt 0.60947 0.08932
vt 0.60909 0.12289
vt 0.60602 0.2515
vt 0.60576 0.33946
vt 0.60558 0.35528
vt 0.60551 0.37659
vt 0.60518 0.40045
vt 0.60512 0.41487
vt 0.605 0.43575
vt 0.60478 0.44888
vt 0.50404 0.53607
vt 0.54138 0.66972
vt 0.543 0.66832
vt 0.54077 0.66835
vt 0.54081 0.6672
vt 0.60185 0.38089
vt 0.32711 0.60548
vt 0.59343 0.41254
vt 0.59479 0.44093
vt 0.53824 0.66354
vt 0.59337 0.45119
vt 0.53812 0.66079
vt 0.5427 0.65629
vt 0.18044 0.34334
vt 0.1826 0.34367
vt 0.20528 0.34375
vt 0.22334 0.34416
vt 0.27566 0.34331
vt 0.58777 0.42891
vt 0.58785 0.44814
vt 0.3456 0.3463
vt 0.58343 0.4149
vt 0.58144 0.43819
vt 0.58917 0.45555
vt 0.58987 0.17131
vt 0.92254 0.43407
vt 0.92489 0.43407
vt 0.92462 0.43578
vt 0.58097 0.45362
vt 0.5799 0.45588
vt 0.57748 0.34696
vt 0.57693 0.45008
vt 0.30308 0.6055
vt 0.56782 0.39773
vt 0.57583 0.42192
vt 0.57353 0.44582
vt 0.56141 0.14061
vt 0.5596 0.13922
vt 0.56851 0.33751
vt 0.56761 0.41242
vt 0.5681 0.35728
vt 0.56775 0.38061
vt 0.56731 0.43477
vt 0.5676 0.45097
vt 0.54924 0.14001
vt 0.56715 0.34908
vt 0.5662 0.38406
vt 0.56622 0.40609
vt 0.56564 0.41382
vt 0.27166 0.6056
vt 0.51583 0.14368
vt 0.25981 0.60541
vt 0.23655 0.60552
vt 0.18141 0.60611
vt 0.43589 0.14953
vt 0.1679 0.60621
vt 0.40496 0.15177
vt 0.14169 0.60648
vt 0.1358 0.60612
vt 0.13366 0.60687
vt 0.13145 0.60591
vt 0.65963 0.37444
vt 0.98125 0.70566
vt 0.98129 0.71736
vt 0.98106 0.71912
vt 0.92282 0.81504
vt 0.54328 0.7749
vt 0.54434 0.77614
vt 0.54446 0.77193
vt 0.54284 0.75727
vt 0.5436 0.7546
vt 0.54283 0.73752
vt 0.54154 0.71745
vt 0.54018 0.70539
vt 0.54047 0.69458
vt 0.53994 0.67874
vt 0.61289 0.4631
vt 0.6132 0.48656
vt 0.53995 0.67273
vt 0.53824 0.67065
vt 0.6018 0.46799
vt 0.5934 0.48836
vt 0.60259 0.48655
vt 0.59613 0.46273
vt 0.58947 0.48951
vt 0.59668 0.47999
vt 0.53745 0.65808
vt 0.58933 0.4865
vt 0.18046 0.34129
vt 0.18666 0.3385
vt 0.24307 0.33489
vt 0.2647 0.33386
vt 0.2971 0.33667
vt 0.33867 0.34015
vt 0.59016 0.46089
vt 0.58639 0.46983
vt 0.57909 0.4631
vt 0.56168 0.4865
vt 0.92021 0.43549
vt 0.92018 0.44479
vt 0.57766 0.46092
vt 0.57469 0.4795
vt 0.56541 0.48965
vt 0.56984 0.46782
vt 0.56 0.14138
vt 0.56173 0.48836
vt 0.56434 0.46117
vt 0.55654 0.47619
vt 0.55096 0.1419
vt 0.5608 0.48755
vt 0.55324 0.46094
vt 0.54885 0.4683
vt 0.53359 0.14265
vt 0.55225 0.45992
vt 0.54841 0.45862
vt 0.54134 0.48612
vt 0.53618 0.48877
vt 0.53399 0.48987
vt 0.53818 0.4878
vt 0.52399 0.48818
vt 0.52404 0.48905
vt 0.26173 0.6046
vt 0.49029 0.14573
vt 0.23185 0.60488
vt 0.49415 0.48934
vt 0.44966 0.14836
vt 0.46736 0.48859
vt 0.18899 0.60532
vt 0.45129 0.4896
vt 0.43473 0.48881
vt 0.41644 0.15083
vt 0.15466 0.60572
vt 0.41691 0.48993
vt 0.40266 0.15551
vt 0.77362 0.47383
vt 0.6164 0.80664
vt 0.39801 0.48998
vt 0.39577 0.49008
vt 0.39836 0.48891
vt 0.65988 0.3725
vt 0.97831 0.70153
vt 0.97733 0.71847
vt 0.92361 0.81429
vt 0.5409 0.76201
vt 0.53917 0.72466
vt 0.53757 0.69031
vt 0.53633 0.67566
vt 0.53586 0.66072
vt 0.53589 0.6569
vt 0.53576 0.65509
vt 0.33097 0.33384
vt 0.1799 0.3397
vt 0.5601 0.14221
vt 0.56166 0.14201
vt 0.54985 0.14286
vt 0.53635 0.14359
vt 0.54098 0.46176
vt 0.53497 0.47347
vt 0.51638 0.14497
vt 0.52195 0.45949
vt 0.52025 0.48096
vt 0.52297 0.48662
vt 0.51639 0.468
vt 0.50019 0.14637
vt 0.50478 0.45951
vt 0.48266 0.1475
vt 0.4828 0.46329
vt 0.49827 0.47054
vt 0.49578 0.48669
vt 0.49077 0.4805
vt 0.48476 0.45953
vt 0.47385 0.47125
vt 0.46781 0.48677
vt 0.4442 0.15015
vt 0.45805 0.47512
vt 0.45162 0.48363
vt 0.45691 0.45962
vt 0.45415 0.46542
vt 0.44147 0.48681
vt 0.43977 0.47812
vt 0.42543 0.15133
vt 0.40937 0.45987
vt 0.41032 0.15237
vt 0.41324 0.46835
vt 0.42984 0.48677
vt 0.41083 0.4618
vt 0.42184 0.48011
vt 0.40718 0.15286
vt 0.42133 0.48882
vt 0.40833 0.48697
vt 0.62315 0.80379
vt 0.39716 0.47773
vt 0.40069 0.46558
vt 0.3999 0.46224
vt 0.3972 0.48685
vt 0.39661 0.46884
vt 0.39689 0.46459
vt 0.39465 0.47026
vt 0.39514 0.48627
vt 0.58126 0.80703
vt 0.65775 0.38
vt 0.96426 0.80669
vt 0.97112 0.69771
vt 0.97308 0.70322
vt 0.97016 0.71912
vt 0.53326 0.77683
vt 0.53566 0.70872
vt 0.04459 0.18099
vt 0.04347 0.18172
vt 0.04835 0.18369
vt 0.05101 0.18395
vt 0.03203 0.18404
vt 0.03237 0.18237
vt 0.03002 0.18281
vt 0.02951 0.18436
vt 0.04881 0.18707
vt 0.04352 0.18662
vt 0.03195 0.18655
vt 0.02964 0.18792
vt 0.02813 0.18436
vt 0.02779 0.18826
vt 0.0521 0.19263
vt 0.19542 0.33233
vt 0.20042 0.33168
vt 0.04913 0.19809
vt 0.0301 0.19118
vt 0.02701 0.18996
vt 0.89859 0.43362
vt 0.92147 0.4335
vt 0.05107 0.19571
vt 0.02753 0.19172
vt 0.02631 0.18986
vt 0.02636 0.19154
vt 0.04134 0.19877
vt 0.02746 0.194
vt 0.02958 0.19683
vt 0.02643 0.19298
vt 0.02747 0.19651
vt 0.02761 0.20012
vt 0.02653 0.19761
vt 0.05209 0.21023
vt 0.02959 0.20149
vt 0.02644 0.2005
vt 0.02776 0.20172
vt 0.02629 0.20159
vt 0.90874 0.44525
vt 0.05121 0.20917
vt 0.04892 0.2089
vt 0.0284 0.20306
vt 0.0422 0.20915
vt 0.03057 0.21144
vt 0.02827 0.21242
vt 0.02959 0.21862
vt 0.03513 0.21561
vt 0.04906 0.22077
vt 0.04274 0.22221
vt 0.03593 0.22226
vt 0.02823 0.22468
vt 0.05203 0.22499
vt 0.05112 0.23682
vt 0.04924 0.23672
vt 0.04177 0.23714
vt 0.03239 0.2404
vt 0.02971 0.24024
vt 0.05205 0.23712
vt 0.02829 0.24284
vt 0.05188 0.24854
vt 0.05113 0.25318
vt 0.04933 0.2551
vt 0.04366 0.25573
vt 0.04344 0.2602
vt 0.0328 0.25767
vt 0.02843 0.25759
vt 0.02982 0.25836
vt 0.05188 0.27184
vt 0.0322 0.27179
vt 0.02848 0.27354
vt 0.04938 0.27339
vt 0.05119 0.27012
vt 0.0299 0.27537
vt 0.04251 0.28238
vt 0.05127 0.27868
vt 0.05192 0.27996
vt 0.04264 0.29804
vt 0.03254 0.30167
vt 0.05133 0.29714
vt 0.04949 0.29753
vt 0.05208 0.31046
vt 0.03003 0.30582
vt 0.02854 0.30855
vt 0.05135 0.31165
vt 0.04959 0.31143
vt 0.04254 0.31907
vt 0.66831 0.81173
vt 0.667 0.81222
vt 0.66629 0.81066
vt 0.04965 0.32502
vt 0.03277 0.32707
vt 0.02856 0.32566
vt 0.0514 0.32585
vt 0.65206 0.81221
vt 0.65111 0.81061
vt 0.03011 0.33798
vt 0.04261 0.33101
vt 0.04979 0.33933
vt 0.02856 0.33942
vt 0.05127 0.34105
vt 0.63602 0.81181
vt 0.64154 0.81053
vt 0.04153 0.33958
vt 0.63776 0.81042
vt 0.03249 0.34035
vt 0.03025 0.34171
vt 0.04941 0.34158
vt 0.63514 0.81057
vt 0.04987 0.34281
vt 0.0268 0.13425
vt 0.027 0.13571
vt 0.02845 0.13405
vt 0.03833 0.34293
vt 0.03303 0.34195
vt 0.03247 0.3431
vt 0.04525 0.13366
vt 0.04728 0.13504
vt 0.04754 0.13249
vt 0.02854 0.3423
vt 0.04891 0.13513
vt 0.04856 0.13388
vt 0.40675 0.15427
vt 0.40529 0.15489
vt 0.92418 0.80671
vt 0.97102 0.69671
vt 0.53319 0.77532
vt 0.53352 0.76549
vt 0.53248 0.75659
vt 0.53106 0.71884
vt 0.5293 0.68292
vt 0.52947 0.67411
vt 0.53063 0.66312
vt 0.02446 0.41907
vt 0.53127 0.66071
vt 0.28346 0.32797
vt 0.34379 0.32595
vt 0.34474 0.32153
vt 0.90616 0.43416
vt 0.78023 0.80432
vt 0.79262 0.81241
vt 0.77403 0.81214
vt 0.73134 0.8053
vt 0.7336 0.81191
vt 0.70902 0.81163
vt 0.7097 0.80522
vt 0.70046 0.81181
vt 0.69304 0.80378
vt 0.67293 0.80319
vt 0.63518 0.80819
vt 0.02734 0.1329
vt 0.63375 0.80996
vt 0.63369 0.80762
vt 0.02711 0.13059
vt 0.02858 0.13091
vt 0.03356 0.13098
vt 0.03966 0.13374
vt 0.03949 0.13256
vt 0.03952 0.13081
vt 0.04527 0.13261
vt 0.04523 0.1309
vt 0.04924 0.13275
vt 0.04905 0.12947
vt 0.4053 0.15844
vt 0.66879 0.37967
vt 0.96998 0.701
vt 0.96989 0.70613
vt 0.52918 0.66351
vt 0.0215 0.41889
vt 0.80814 0.80609
vt 0.80635 0.80687
vt 0.80838 0.80506
vt 0.52936 0.65935
vt 0.53071 0.65931
vt 0.23114 0.32453
vt 0.75844 0.81216
vt 0.75091 0.8006
vt 0.74564 0.81215
vt 0.40036 0.16548
vt 0.6738 0.3751
vt 0.5196 0.02155
vt 0.51932 0.02238
vt 0.51706 0.02242
vt 0.51729 0.02122
vt 0.51885 0.02563
vt 0.51753 0.0249
vt 0.53148 0.73698
vt 0.82663 0.80478
vt 0.82364 0.80566
vt 0.81951 0.80384
vt 0.52916 0.67544
vt 0.4066 0.02267
vt 0.41838 0.02157
vt 0.42007 0.02211
vt 0.41836 0.03041
vt 0.40507 0.03458
vt 0.41369 0.03655
vt 0.40973 0.04253
vt 0.41151 0.04354
vt 0.41008 0.04372
vt 0.40112 0.02516
vt 0.40067 0.0427
vt 0.39882 0.04373
vt 0.39896 0.0405
vt 0.39845 0.04259
vt 0.39634 0.04335
vt 0.39436 0.04363
vt 0.20983 0.31879
vt 0.31573 0.32525
vt 0.90101 0.44441
vt 0.65799 0.7977
vt 0.64879 0.79843
vt 0.04723 0.12504
vt 0.62324 0.77512
vt 0.67531 0.37298
vt 0.51908 0.03062
vt 0.51785 0.03055
vt 0.51767 0.04043
vt 0.51904 0.04332
vt 0.51763 0.0424
vt 0.51745 0.04357
vt 0.50568 0.02249
vt 0.50203 0.03935
vt 0.49504 0.02139
vt 0.91543 0.80281
vt 0.9224 0.80498
vt 0.90003 0.80483
vt 0.50457 0.03053
vt 0.50165 0.04252
vt 0.49759 0.04363
vt 0.49399 0.02255
vt 0.88754 0.80341
vt 0.48999 0.03032
vt 0.48808 0.04042
vt 0.47753 0.04243
vt 0.47579 0.02458
vt 0.4768 0.04359
vt 0.47123 0.02247
vt 0.4767 0.03077
vt 0.46407 0.0214
vt 0.86916 0.80491
vt 0.86352 0.80324
vt 0.46079 0.02252
vt 0.45985 0.03078
vt 0.45739 0.04044
vt 0.45664 0.04252
vt 0.45758 0.04365
vt 0.43768 0.02251
vt 0.44331 0.03005
vt 0.44293 0.02463
vt 0.4389 0.02135
vt 0.84405 0.80485
vt 0.43234 0.04044
vt 0.41966 0.04266
vt 0.43043 0.03473
vt 0.42798 0.03084
vt 0.41945 0.04363
vt 0.42775 0.02474
vt 0.42145 0.02119
vt 0.42311 0.02246
vt 0.42018 0.03582
vt 0.79406 0.8015
vt 0.18197 0.32343
vt 0.24979 0.32054
vt 0.33517 0.32319
vt 0.63784 0.79726
vt 0.63514 0.79892
vt 0.03643 0.11964
vt 0.04022 0.11873
vt 0.40393 0.16785
vt 0.59548 0.79329
vt 0.57919 0.79142
vt 0.96612 0.80249
vt 0.96532 0.79455
vt 0.94718 0.7845
vt 0.81362 0.79526
vt 0.19793 0.30008
vt 0.88974 0.43849
vt 0.77533 0.79576
vt 0.741 0.79339
vt 0.7191 0.78937
vt 0.68947 0.79061
vt 0.63386 0.79091
vt 0.03312 0.11321
vt 0.04469 0.11828
vt 0.60243 0.78607
vt 0.58985 0.78567
vt 0.67875 0.37997
vt 0.22479 0.31452
vt 0.18122 0.3193
vt 0.70646 0.78797
vt 0.85264 0.00135
vt 0.84273 0.00138
vt 0.85111 0.00316
vt 0.88366 0.7958
vt 0.83464 0.79679
vt 0.29323 0.31725
vt 0.78482 0.78978
vt 0.66185 0.78439
vt 0.90758 0.78929
vt 0.86978 0.79108
vt 0.79419 0.78174
vt 0.88145 0.44509
vt 0.67416 0.784
vt 0.63508 0.78977
vt 0.40492 0.18125
vt 0.40142 0.18071
vt 0.96461 0.78014
vt 0.93213 0.78276
vt 0.84062 0.77986
vt 0.80937 0.7826
vt 0.32705 0.30711
vt 0.75968 0.78731
vt 0.63762 0.78906
vt 0.40662 0.17785
vt 0.57742 0.78636
vt 0.18281 0.3091
vt 0.19138 0.30279
vt 0.2682 0.31063
vt 0.3089 0.31104
vt 0.64082 0.77424
vt 0.03564 0.10023
vt 0.03082 0.09988
vt 0.8963 0.7754
vt 0.86366 0.7806
vt 0.23054 0.30204
vt 0.24694 0.30325
vt 0.34367 0.29957
vt 0.76293 0.77508
vt 0.7469 0.77923
vt 0.73034 0.77792
vt 0.65044 0.77264
vt 0.0291 0.09905
vt 0.03891 0.09989
vt 0.04452 0.10206
vt 0.31737 0.29783
vt 0.70782 0.77255
vt 0.40779 0.1788
vt 0.40721 0.18835
vt 0.58327 0.77701
vt 0.91217 0.76091
vt 0.82298 0.77595
vt 0.27988 0.29932
vt 0.02736 0.09794
vt 0.69946 0.37558
vt 0.18126 0.30173
vt 0.77968 0.764
vt 0.67605 0.77477
vt 0.63522 0.76855
vt 0.02533 0.09136
vt 0.40827 0.1874
vt 0.59027 0.77119
vt 0.70379 0.37337
vt 0.88002 0.00316
vt 0.96551 0.76731
vt 0.20651 0.28854
vt 0.63768 0.76926
vt 0.40563 0.19276
vt 0.60864 0.7696
vt 0.70132 0.38029
vt 0.96665 0.77182
vt 0.96656 0.79312
vt 0.85176 0.76781
vt 0.0484 0.10014
vt 0.40224 0.19758
vt 0.59744 0.75721
vt 0.82096 0.7666
vt 0.8044 0.7636
vt 0.29534 0.29026
vt 0.86171 0.43406
vt 0.74133 0.76742
vt 0.04396 0.09338
vt 0.62809 0.77437
vt 0.61532 0.76054
vt 0.93783 0.76342
vt 0.18044 0.30075
vt 0.18113 0.29119
vt 0.18242 0.29289
vt 0.85897 0.44403
vt 0.74616 0.76304
vt 0.72318 0.76159
vt 0.03249 0.08739
vt 0.039 0.09325
vt 0.04639 0.09356
vt 0.6281 0.76658
vt 0.96467 0.76188
vt 0.33065 0.28494
vt 0.18017 0.29012
vt 0.6925 0.76494
vt 0.6527 0.76408
vt 0.02727 0.09154
vt 0.04844 0.09038
vt 0.40728 0.19835
vt 0.40642 0.19936
vt 0.95475 0.75825
vt 0.89207 0.7663
vt 0.86677 0.76045
vt 0.24563 0.28552
vt 0.26835 0.28137
vt 0.34357 0.27216
vt 0.67269 0.76505
vt 0.04633 0.08642
vt 0.62657 0.76566
vt 0.62525 0.76487
vt 0.58712 0.75387
vt 0.22432 0.27783
vt 0.63793 0.76159
vt 0.63526 0.76195
vt 0.02619 0.09005
vt 0.63388 0.76749
vt 0.03659 0.08581
vt 0.04835 0.08368
vt 0.40766 0.2051
vt 0.87619 0.75687
vt 0.75371 0.75733
vt 0.02828 0.08459
vt 0.40666 0.20516
vt 0.62714 0.75996
vt 0.62792 0.75877
vt 0.83153 0.75001
vt 0.81277 0.75117
vt 0.32314 0.27251
vt 0.73598 0.76165
vt 0.69553 0.7616
vt 0.67377 0.76154
vt 0.65944 0.76149
vt 0.6475 0.76147
vt 0.63401 0.76046
vt 0.02598 0.08308
vt 0.03503 0.08372
vt 0.04643 0.0837
vt 0.40268 0.20779
vt 0.57795 0.74753
vt 0.89234 0.75412
vt 0.84942 0.74638
vt 0.19647 0.2701
vt 0.2815 0.27207
vt 0.76946 0.74551
vt 0.72276 0.75979
vt 0.70141 0.75973
vt 0.67563 0.75963
vt 0.66595 0.75955
vt 0.65917 0.75966
vt 0.65027 0.75964
vt 0.63836 0.75985
vt 0.03207 0.08259
vt 0.03751 0.08232
vt 0.04773 0.08184
vt 0.40754 0.20733
vt 0.04924 0.08161
vt 0.62514 0.75707
vt 0.62156 0.75509
vt 0.60682 0.74597
vt 0.95224 0.74323
vt 0.74897 0.75686
vt 0.74736 0.75858
vt 0.74508 0.75873
vt 0.99952 0.78909
vt 0.73683 0.75892
vt 0.72125 0.75894
vt 0.67671 0.7589
vt 0.65804 0.75895
vt 0.65089 0.75897
vt 0.40985 0.20795
vt 0.62704 0.75695
vt 0.73625 0.37377
vt 0.91619 0.75202
vt 0.26169 0.27071
vt 0.84157 0.44519
vt 0.03785 0.39369
vt 0.04512 0.39358
vt 0.04275 0.39194
vt 0.04519 0.3917
vt 0.04672 0.3934
vt 0.04706 0.39054
vt 0.04828 0.39249
vt 0.74766 0.75675
vt 0.02414 0.39261
vt 0.02396 0.3945
vt 0.78238 0.74657
vt 0.74947 0.74991
vt 0.04798 0.38688
vt 0.52377 0.21222
vt 0.52342 0.20667
vt 0.51917 0.20617
vt 0.52167 0.21292
vt 0.51171 0.20611
vt 0.49198 0.20645
vt 0.45031 0.2124
vt 0.46608 0.20688
vt 0.44503 0.20728
vt 0.40245 0.2154
vt 0.94133 0.73423
vt 0.92372 0.73715
vt 0.89026 0.73044
vt 0.87005 0.7347
vt 0.18979 0.26925
vt 0.18245 0.27326
vt 0.31057 0.26013
vt 0.18116 0.25814
vt 0.0043 0.9687
vt 0.00605 0.97122
vt 0.00599 0.96589
vt 0.01149 0.97155
vt 0.72456 0.75277
vt 0.00626 0.95478
vt 0.01572 0.97172
vt 0.0141 0.95725
vt 0.0202 0.9597
vt 0.00496 0.95391
vt 0.72021 0.7541
vt 0.00849 0.95737
vt 0.01151 0.95043
vt 0.02046 0.94678
vt 0.71103 0.75272
vt 0.02395 0.94296
vt 0.00896 0.94046
vt 0.00649 0.94175
vt 0.00531 0.94059
vt 0.70618 0.75401
vt 0.01535 0.9397
vt 0.49277 0.22448
vt 0.01184 0.93426
vt 0.4636 0.21717
vt 0.00651 0.93145
vt 0.69792 0.75281
vt 0.0092 0.92935
vt 0.00596 0.92306
vt 0.01558 0.92545
vt 0.0123 0.91208
vt 0.00955 0.91612
vt 0.00734 0.91586
vt 0.01585 0.91237
vt 0.0215 0.91017
vt 0.00666 0.90414
vt 0.00824 0.89376
vt 0.00998 0.89337
vt 0.01624 0.89388
vt 0.02176 0.89906
vt 0.0127 0.89216
vt 0.00723 0.89098
vt 0.01673 0.88488
vt 0.00918 0.88577
vt 0.00771 0.88551
vt 0.0132 0.87833
vt 0.40392 0.22515
vt 0.01133 0.87675
vt 0.00965 0.87807
vt 0.01616 0.87855
vt 0.02204 0.8781
vt 0.02509 0.87811
vt 0.01312 0.87504
vt 0.01045 0.87557
vt 0.01586 0.87525
vt 0.0222 0.87527
vt 0.02448 0.87592
vt 0.6266 0.74757
vt 0.73826 0.37602
vt 0.96681 0.74197
vt 0.24936 0.26288
vt 0.29202 0.26514
vt 0.3445 0.2385
vt 0.79808 0.7341
vt 0.81057 0.43339
vt 0.74959 0.73718
vt 0.03546 0.3808
vt 0.04657 0.38237
vt 0.02236 0.38576
vt 0.51089 0.22428
vt 0.72274 0.75006
vt 0.59495 0.93436
vt 0.02585 0.95397
vt 0.69953 0.75016
vt 0.02621 0.93522
vt 0.6877 0.7538
vt 0.67982 0.75021
vt 0.02676 0.91046
vt 0.67139 0.7523
vt 0.66771 0.75362
vt 0.66932 0.75028
vt 0.02689 0.90115
vt 0.65371 0.75009
vt 0.65381 0.75367
vt 0.65118 0.75202
vt 0.02725 0.87833
vt 0.64799 0.75371
vt 0.6435 0.74983
vt 0.63883 0.75137
vt 0.00617 0.87661
vt 0.00786 0.87794
vt 0.63842 0.74985
vt 0.00756 0.87554
vt 0.00661 0.87457
vt 0.02714 0.87588
vt 0.01024 0.87372
vt 0.11977 0.65435
vt 0.11938 0.65559
vt 0.11585 0.65647
vt 0.11571 0.65457
vt 0.01299 0.87331
vt 0.11313 0.65676
vt 0.11303 0.65451
vt 0.02134 0.87346
vt 0.10488 0.6569
vt 0.10619 0.65455
vt 0.02468 0.8736
vt 0.1016 0.65679
vt 0.02681 0.874
vt 0.09946 0.65647
vt 0.09905 0.65462
vt 0.20366 0.25953
vt 0.18012 0.26961
vt 0.70654 0.74746
vt 0.68493 0.74026
vt 0.4438 0.22787
vt 0.65356 0.74152
vt 0.63664 0.74971
vt 0.63677 0.75096
vt 0.11551 0.65231
vt 0.11373 0.65211
vt 0.09895 0.65167
vt 0.73296 0.38063
vt 0.75346 0.73846
vt 0.02151 0.37305
vt 0.02506 0.37886
vt 0.04201 0.38031
vt 0.7408 0.74661
vt 0.73365 0.74195
vt 0.67422 0.74141
vt 0.11838 0.64873
vt 0.11659 0.64845
vt 0.11325 0.64845
vt 0.10776 0.64834
vt 0.10428 0.64843
vt 0.40179 0.22135
vt 0.61887 0.74024
vt 0.96494 0.72061
vt 0.84696 0.72064
vt 0.72331 0.73969
vt 0.71061 0.74022
vt 0.46905 0.23489
vt 0.66081 0.74088
vt 0.64712 0.74047
vt 0.63552 0.7413
vt 0.63422 0.74458
vt 0.10035 0.64864
vt 0.62619 0.74224
vt 0.96574 0.72201
vt 0.90844 0.72965
vt 0.04671 0.36676
vt 0.52406 0.23229
vt 0.66615 0.74003
vt 0.63799 0.73884
vt 0.6343 0.74198
vt 0.11922 0.64616
vt 0.11297 0.64605
vt 0.11588 0.64474
vt 0.105 0.64616
vt 0.10146 0.64492
vt 0.09999 0.64449
vt 0.57575 0.72741
vt 0.22343 0.25664
vt 0.24106 0.24837
vt 0.02258 0.37233
vt 0.04108 0.36973
vt 0.74115 0.74117
vt 0.11863 0.64411
vt 0.11333 0.64254
vt 0.11065 0.64262
vt 0.10462 0.64269
vt 0.59399 0.72761
vt 0.57867 0.72842
vt 0.83076 0.72604
vt 0.27361 0.25452
vt 0.18242 0.25418
vt 0.7008 0.7368
vt 0.64548 0.73339
vt 0.63306 0.73371
vt 0.63357 0.7381
vt 0.11998 0.64216
vt 0.1184 0.64157
vt 0.11584 0.64232
vt 0.10158 0.6424
vt 0.09982 0.64203
vt 0.40226 0.23196
vt 0.40084 0.23276
vt 0.95125 0.71965
vt 0.81512 0.7253
vt 0.18028 0.25677
vt 0.74991 0.73185
vt 0.02972 0.36824
vt 0.5168 0.23764
vt 0.74559 0.73705
vt 0.74346 0.73824
vt 0.74336 0.73239
vt 0.73905 0.73102
vt 0.71721 0.72806
vt 0.70657 0.72875
vt 0.68073 0.72764
vt 0.6734 0.73354
vt 0.66169 0.73168
vt 0.42715 0.24103
vt 0.64937 0.73196
vt 0.63808 0.73315
vt 0.63162 0.7358
vt 0.43598 0.18801
vt 0.43703 0.18658
vt 0.4397 0.18727
vt 0.63073 0.73619
vt 0.43653 0.18389
vt 0.43868 0.18381
vt 0.44018 0.18381
vt 0.43637 0.18136
vt 0.43591 0.16988
vt 0.43962 0.18082
vt 0.44069 0.18084
vt 0.44036 0.17246
vt 0.62478 0.73352
vt 0.61356 0.72749
vt 0.74855 0.73655
vt 0.74904 0.73285
vt 0.02253 0.37003
vt 0.74756 0.73443
vt 0.74602 0.73436
vt 0.69431 0.72799
vt 0.62964 0.73479
vt 0.44317 0.18495
vt 0.44165 0.18764
vt 0.62673 0.73526
vt 0.62838 0.73418
vt 0.44075 0.16755
vt 0.44275 0.18329
vt 0.44489 0.18328
vt 0.44248 0.18094
vt 0.44518 0.18103
vt 0.44241 0.17
vt 0.44488 0.16986
vt 0.44254 0.16807
vt 0.44463 0.16754
vt 0.74868 0.38079
vt 0.2646 0.24448
vt 0.28271 0.23727
vt 0.34361 0.2439
vt 0.76502 0.72593
vt 0.03763 0.36782
vt 0.04673 0.36563
vt 0.52478 0.23362
vt 0.52514 0.23023
vt 0.74714 0.73231
vt 0.61329 0.95724
vt 0.61269 0.95896
vt 0.61138 0.95897
vt 0.61138 0.95627
vt 0.5037 0.23755
vt 0.62873 0.73096
vt 0.62751 0.73092
vt 0.44391 0.18688
vt 0.44684 0.18564
vt 0.4477 0.18685
vt 0.45018 0.17665
vt 0.44911 0.16992
vt 0.62451 0.73012
vt 0.37191 0.58646
vt 0.35612 0.58652
vt 0.37737 0.58476
vt 0.21033 0.24447
vt 0.7895 0.72115
vt 0.04569 0.36259
vt 0.74713 0.73004
vt 0.40646 0.04832
vt 0.40591 0.04906
vt 0.41264 0.04932
vt 0.41467 0.04872
vt 0.41711 0.05005
vt 0.41826 0.04926
vt 0.40674 0.05005
vt 0.72357 0.72673
vt 0.49675 0.25584
vt 0.45577 0.25037
vt 0.67396 0.72791
vt 0.64586 0.72665
vt 0.63511 0.72175
vt 0.6309 0.72588
vt 0.45193 0.18363
vt 0.40039 0.23418
vt 0.33451 0.23928
vt 0.74719 0.72416
vt 0.52574 0.24006
vt 0.66148 0.72641
vt 0.64246 0.71665
vt 0.45404 0.18118
vt 0.45465 0.1674
vt 0.29594 0.2386
vt 0.81181 0.43394
vt 0.04738 0.35917
vt 0.63899 0.71401
vt 0.45604 0.16993
vt 0.62289 0.72258
vt 0.96493 0.70491
vt 0.91945 0.71787
vt 0.32425 0.24274
vt 0.04621 0.35782
vt 0.71027 0.70987
vt 0.64877 0.72113
vt 0.39875 0.25607
vt 0.47009 0.18603
vt 0.39911 0.24443
vt 0.25403 0.2309
vt 0.1825 0.24208
vt 0.80863 0.44404
vt 0.72413 0.71241
vt 0.69586 0.71963
vt 0.67553 0.71754
vt 0.66235 0.71676
vt 0.62752 0.7101
vt 0.47002 0.18718
vt 0.62084 0.71709
vt 0.59973 0.69945
vt 0.76582 0.37402
vt 0.7658 0.37621
vt 0.18013 0.2383
vt 0.04588 0.3512
vt 0.47611 0.25484
vt 0.70384 0.7102
vt 0.62888 0.71046
vt 0.46274 0.17002
vt 0.57842 0.71607
vt 0.57583 0.71599
vt 0.93218 0.69715
vt 0.89324 0.71514
vt 0.87816 0.70417
vt 0.19467 0.2407
vt 0.31162 0.23378
vt 0.79914 0.44538
vt 0.55819 0.24336
vt 0.55624 0.24378
vt 0.79599 0.70851
vt 0.77047 0.7129
vt 0.55504 0.2451
vt 0.04707 0.34955
vt 0.04828 0.35118
vt 0.52592 0.2481
vt 0.52489 0.2528
vt 0.50832 0.25252
vt 0.46643 0.18115
vt 0.62224 0.71594
vt 0.39803 0.58656
vt 0.8626 0.69925
vt 0.82184 0.71148
vt 0.81256 0.71067
vt 0.22329 0.23717
vt 0.55378 0.24598
vt 0.74152 0.70875
vt 0.69022 0.71141
vt 0.68076 0.7097
vt 0.42778 0.25607
vt 0.63112 0.70883
vt 0.62139 0.7152
vt 0.61048 0.70923
vt 0.58627 0.69658
vt 0.55919 0.25494
vt 0.75362 0.70191
vt 0.52716 0.24962
vt 0.52526 0.25444
vt 0.66112 0.70879
vt 0.64261 0.70664
vt 0.46978 0.18366
vt 0.48444 0.16755
vt 0.3985 0.24574
vt 0.77466 0.38097
vt 0.91549 0.70684
vt 0.89975 0.7046
vt 0.18569 0.22095
vt 0.23311 0.22775
vt 0.55025 0.25135
vt 0.54734 0.2503
vt 0.04634 0.34673
vt 0.04715 0.34671
vt 0.52755 0.2523
vt 0.6478 0.70915
vt 0.39702 0.25644
vt 0.63867 0.70515
vt 0.41347 0.26906
vt 0.62071 0.70886
vt 0.94521 0.68953
vt 0.84797 0.69937
vt 0.82705 0.69805
vt 0.18139 0.22026
vt 0.55641 0.25915
vt 0.54754 0.26171
vt 0.52128 0.25985
vt 0.69786 0.70202
vt 0.70504 0.69978
vt 0.67488 0.70505
vt 0.44864 0.26933
vt 0.19395 0.22199
vt 0.21435 0.22461
vt 0.78639 0.69636
vt 0.72631 0.70057
vt 0.68861 0.7007
vt 0.62881 0.70048
vt 0.62002 0.70214
vt 0.78578 0.37396
vt 0.77937 0.37634
vt 0.65462 0.94242
vt 0.64101 0.94274
vt 0.64985 0.93759
vt 0.81717 0.69081
vt 0.27125 0.21308
vt 0.30531 0.2141
vt 0.34343 0.22129
vt 0.79456 0.44365
vt 0.67005 0.7034
vt 0.66179 0.70114
vt 0.64868 0.70058
vt 0.63782 0.69629
vt 0.63116 0.70145
vt 0.48515 0.18381
vt 0.47984 0.17017
vt 0.95284 0.67606
vt 0.90823 0.68779
vt 0.1822 0.22092
vt 0.23999 0.21904
vt 0.3289 0.22309
vt 0.7953 0.4339
vt 0.52441 0.27118
vt 0.7083 0.69795
vt 0.67536 0.69914
vt 0.64039 0.69883
vt 0.62759 0.70019
vt 0.48061 0.18723
vt 0.48472 0.18138
vt 0.57597 0.67692
vt 0.18022 0.22097
vt 0.77375 0.68923
vt 0.74386 0.68917
vt 0.73585 0.69739
vt 0.65683 0.69931
vt 0.59339 0.68321
vt 0.57409 0.67579
vt 0.32241 0.21651
vt 0.79838 0.68804
vt 0.48601 0.27579
vt 0.67228 0.68706
vt 0.63122 0.69445
vt 0.48404 0.17033
vt 0.61708 0.69087
vt 0.57826 0.67572
vt 0.87549 0.67948
vt 0.7249 0.6843
vt 0.69508 0.68835
vt 0.66184 0.69354
vt 0.64091 0.69119
vt 0.39645 0.2573
vt 0.39475 0.27623
vt 0.39605 0.28224
vt 0.61845 0.69164
vt 0.4268 0.58652
vt 0.25866 0.21664
vt 0.34443 0.18523
vt 0.7541 0.43327
vt 0.65383 0.69148
vt 0.49153 0.18626
vt 0.48629 0.1824
vt 0.48764 0.16933
vt 0.49025 0.17618
vt 0.67855 0.93703
vt 0.965 0.68027
vt 0.89118 0.68184
vt 0.2079 0.2119
vt 0.28944 0.20961
vt 0.76435 0.43384
vt 0.54923 0.27772
vt 0.70522 0.68673
vt 0.67828 0.68768
vt 0.64285 0.6859
vt 0.42145 0.28242
vt 0.62933 0.68505
vt 0.62729 0.68547
vt 0.49613 0.18801
vt 0.49238 0.18469
vt 0.49262 0.18142
vt 0.44304 0.58493
vt 0.96596 0.66034
vt 0.55941 0.27084
vt 0.75642 0.67937
vt 0.4947 0.18378
vt 0.49277 0.1733
vt 0.4934 0.16906
vt 0.19678 0.20727
vt 0.23086 0.20281
vt 0.27728 0.19706
vt 0.55695 0.29387
vt 0.73356 0.67584
vt 0.66196 0.6845
vt 0.43879 0.29519
vt 0.63917 0.68536
vt 0.63713 0.68761
vt 0.39436 0.2776
vt 0.61811 0.68704
vt 0.6172 0.6855
vt 0.91909 0.66227
vt 0.54402 0.29046
vt 0.50968 0.28633
vt 0.63026 0.68371
vt 0.4951 0.18604
vt 0.49559 0.18103
vt 0.49516 0.17312
vt 0.49622 0.17005
vt 0.81185 0.37668
vt 0.68719 0.9417
vt 0.84815 0.66454
vt 0.82817 0.66421
vt 0.2444 0.20011
vt 0.34346 0.20523
vt 0.69721 0.67947
vt 0.47379 0.29656
vt 0.68346 0.67774
vt 0.67348 0.67985
vt 0.63488 0.67922
vt 0.49768 0.18703
vt 0.49747 0.18474
vt 0.49914 0.18125
vt 0.49902 0.1783
vt 0.49882 0.17306
vt 0.49705 0.16858
vt 0.39478 0.2891
vt 0.80355 0.65616
vt 0.32583 0.19791
vt 0.18025 0.19929
vt 0.78904 0.66893
vt 0.53168 0.29689
vt 0.6621 0.67867
vt 0.65052 0.67938
vt 0.64085 0.67927
vt 0.41449 0.31147
vt 0.62519 0.68174
vt 0.62578 0.68414
vt 0.49978 0.18599
vt 0.49944 0.18367
vt 0.49892 0.16992
vt 0.61671 0.67715
vt 0.30171 0.19574
vt 0.62939 0.67844
vt 0.62651 0.67957
vt 0.49996 0.18744
vt 0.50126 0.18355
vt 0.50242 0.18588
vt 0.50214 0.18064
vt 0.50315 0.18083
vt 0.5036 0.18324
vt 0.50288 0.17302
vt 0.5019 0.17291
vt 0.60825 0.66719
vt 0.9342 0.66149
vt 0.87869 0.65771
vt 0.31477 0.19293
vt 0.79802 0.4459
vt 0.73166 0.44575
vt 0.7764 0.65921
vt 0.74844 0.6654
vt 0.73997 0.66265
vt 0.72247 0.66666
vt 0.71765 0.67427
vt 0.70804 0.67707
vt 0.63904 0.67291
vt 0.62217 0.67842
vt 0.62208 0.68055
vt 0.5049 0.18512
vt 0.61961 0.67912
vt 0.50526 0.18434
vt 0.50334 0.16819
vt 0.50511 0.18296
vt 0.50485 0.18072
vt 0.18726 0.51895
vt 0.18786 0.52143
vt 0.18532 0.52147
vt 0.18514 0.52644
vt 0.50471 0.17037
vt 0.1878 0.53252
vt 0.18521 0.53265
vt 0.50478 0.16864
vt 0.18752 0.53449
vt 0.18548 0.53496
vt 0.39356 0.29046
vt 0.86599 0.66554
vt 0.21522 0.1994
vt 0.26171 0.19292
vt 0.66165 0.67317
vt 0.62484 0.67549
vt 0.62115 0.67621
vt 0.61865 0.67942
vt 0.61839 0.67624
vt 0.18318 0.51713
vt 0.18659 0.51752
vt 0.18251 0.51896
vt 0.17997 0.52142
vt 0.59346 0.65908
vt 0.81312 0.37428
vt 0.18805 0.19378
vt 0.75718 0.44375
vt 0.73583 0.44535
vt 0.68638 0.66858
vt 0.67184 0.66951
vt 0.6458 0.67341
vt 0.62075 0.67234
vt 0.61952 0.6724
vt 0.5793 0.65944
vt 0.34349 0.19444
vt 0.70564 0.66434
vt 0.67713 0.66511
vt 0.63087 0.66791
vt 0.62279 0.67054
vt 0.39354 0.3192
vt 0.1792 0.51565
vt 0.17799 0.51686
vt 0.17223 0.52136
vt 0.17191 0.53258
vt 0.20692 0.19267
vt 0.69877 0.66067
vt 0.66127 0.66822
vt 0.63473 0.66079
vt 0.17262 0.51892
vt 0.95595 0.64985
vt 0.75901 0.65524
vt 0.511 0.3068
vt 0.66857 0.65639
vt 0.64119 0.65772
vt 0.57613 0.655
vt 0.22036 0.18595
vt 0.23558 0.18759
vt 0.2923 0.1856
vt 0.55753 0.31334
vt 0.45147 0.31955
vt 0.66114 0.65651
vt 0.62286 0.6623
vt 0.16731 0.53508
vt 0.39315 0.2912
vt 0.39207 0.31588
vt 0.615 0.65783
vt 0.96509 0.64876
vt 0.90183 0.64609
vt 0.19862 0.17986
vt 0.32737 0.18236
vt 0.18132 0.18004
vt 0.73228 0.65779
vt 0.64942 0.66056
vt 0.16497 0.51695
vt 0.94004 0.6399
vt 0.18034 0.17465
vt 0.54598 0.31202
vt 0.67992 0.65318
vt 0.63048 0.65987
vt 0.62087 0.65864
vt 0.6195 0.6604
vt 0.16638 0.51563
vt 0.62481 0.65227
vt 0.34346 0.17661
vt 0.73208 0.44404
vt 0.77051 0.64393
vt 0.71219 0.64659
vt 0.69824 0.64744
vt 0.67384 0.64861
vt 0.16098 0.5214
vt 0.15849 0.5326
vt 0.6136 0.64566
vt 0.60981 0.64756
vt 0.57908 0.643
vt 0.46128 0.58652
vt 0.27275 0.17837
vt 0.30526 0.17984
vt 0.17917 0.84198
vt 0.72092 0.64819
vt 0.7045 0.64509
vt 0.47836 0.32284
vt 0.65347 0.65372
vt 0.64063 0.65202
vt 0.63265 0.65131
vt 0.62896 0.65072
vt 0.24124 0.17993
vt 0.68238 0.64454
vt 0.61948 0.64675
vt 0.15181 0.51559
vt 0.85446 0.64807
vt 0.72154 0.43845
vt 0.50081 0.32459
vt 0.66169 0.65049
vt 0.6231 0.64753
vt 0.60159 0.63495
vt 0.84405 0.37456
vt 0.71294 0.93637
vt 0.25254 0.17144
vt 0.29879 0.17148
vt 0.31292 0.16451
vt 0.32388 0.1611
vt 0.33091 0.1691
vt 0.53138 0.31891
vt 0.62087 0.64591
vt 0.88126 0.63961
vt 0.82985 0.64396
vt 0.81266 0.64354
vt 0.19721 0.1601
vt 0.2166 0.1704
vt 0.23476 0.17034
vt 0.28064 0.16525
vt 0.71485 0.43377
vt 0.53966 0.33035
vt 0.72528 0.64257
vt 0.51986 0.32893
vt 0.66261 0.63949
vt 0.64626 0.64367
vt 0.15006 0.51696
vt 0.84306 0.37691
vt 0.71848 0.9411
vt 0.86494 0.63174
vt 0.183 0.1646
vt 0.76015 0.63417
vt 0.74579 0.63719
vt 0.63448 0.64397
vt 0.14633 0.51897
vt 0.14053 0.53513
vt 0.61476 0.64358
vt 0.55124 0.33388
vt 0.42517 0.33404
vt 0.63944 0.63922
vt 0.63095 0.64071
vt 0.81349 0.62733
vt 0.34359 0.15153
vt 0.69882 0.64126
vt 0.6775 0.64153
vt 0.66976 0.63996
vt 0.6472 0.63905
vt 0.62306 0.63697
vt 0.1338 0.53261
vt 0.9149 0.63255
vt 0.82908 0.61818
vt 0.2658 0.16171
vt 0.18127 0.16365
vt 0.7136 0.63451
vt 0.61937 0.63308
vt 0.13723 0.51558
vt 0.95173 0.62822
vt 0.21977 0.15991
vt 0.78864 0.63544
vt 0.5578 0.34708
vt 0.70534 0.63538
vt 0.68601 0.63524
vt 0.63386 0.63296
vt 0.61384 0.62783
vt 0.61495 0.63162
vt 0.57632 0.62639
vt 0.84934 0.63246
vt 0.7266 0.63558
vt 0.69807 0.63315
vt 0.67501 0.63359
vt 0.65124 0.63402
vt 0.64035 0.63417
vt 0.63094 0.63296
vt 0.57509 0.61596
vt 0.57433 0.61706
vt 0.89806 0.62264
vt 0.24417 0.15796
vt 0.28969 0.15432
vt 0.66801 0.62781
vt 0.4491 0.33717
vt 0.41015 0.35181
vt 0.62321 0.62714
vt 0.12543 0.52149
vt 0.39258 0.3546
vt 0.39149 0.31735
vt 0.39159 0.34729
vt 0.96702 0.64322
vt 0.9658 0.615
vt 0.96507 0.61303
vt 0.96196 0.62173
vt 0.7764 0.62116
vt 0.73782 0.62186
vt 0.48786 0.34432
vt 0.66174 0.62687
vt 0.59383 0.60838
vt 0.22693 0.15185
vt 0.25563 0.1483
vt 0.26732 0.14596
vt 0.72256 0.62771
vt 0.70485 0.62401
vt 0.68978 0.62788
vt 0.47279 0.36278
vt 0.68296 0.62133
vt 0.64131 0.62744
vt 0.92986 0.6196
vt 0.87991 0.61158
vt 0.79367 0.61932
vt 0.27937 0.14201
vt 0.32969 0.14547
vt 0.53701 0.34655
vt 0.52361 0.35688
vt 0.65302 0.62555
vt 0.62079 0.62599
vt 0.11653 0.51905
vt 0.61183 0.60621
vt 0.58627 0.62114
vt 0.73555 0.93592
vt 0.18819 0.14226
vt 0.20883 0.14721
vt 0.18049 0.14026
vt 0.18281 0.14322
vt 0.69727 0.62407
vt 0.67636 0.62447
vt 0.64576 0.62188
vt 0.63443 0.61752
vt 0.63109 0.61855
vt 0.61476 0.61276
vt 0.96695 0.62193
vt 0.33636 0.13537
vt 0.34433 0.12155
vt 0.68665 0.43347
vt 0.71479 0.61999
vt 0.10949 0.52824
vt 0.09065 0.53517
vt 0.874 0.37721
vt 0.74949 0.94038
vt 0.21747 0.13409
vt 0.23438 0.13924
vt 0.76263 0.61726
vt 0.6678 0.62076
vt 0.61942 0.61811
vt 0.12127 0.51559
vt 0.09063 0.53259
vt 0.94729 0.60841
vt 0.84944 0.60729
vt 0.68923 0.43501
vt 0.50638 0.3558
vt 0.70677 0.61645
vt 0.66161 0.61504
vt 0.44444 0.36029
vt 0.41918 0.36904
vt 0.64122 0.61666
vt 0.62313 0.61443
vt 0.91606 0.608
vt 0.69049 0.43862
vt 0.56013 0.36189
vt 0.72534 0.61013
vt 0.69764 0.61657
vt 0.66843 0.61588
vt 0.65118 0.61587
vt 0.60538 0.58989
vt 0.87386 0.37483
vt 0.19655 0.12632
vt 0.20589 0.13651
vt 0.68395 0.61408
vt 0.62061 0.60836
vt 0.39961 0.36612
vt 0.75619 0.93561
vt 0.2934 0.12652
vt 0.55135 0.36119
vt 0.63142 0.60819
vt 0.57657 0.61073
vt 0.96326 0.60339
vt 0.81334 0.60224
vt 0.2512 0.1306
vt 0.75665 0.59992
vt 0.66024 0.60851
vt 0.64319 0.61066
vt 0.61382 0.59974
vt 0.27317 0.13045
vt 0.73777 0.60658
vt 0.70682 0.60781
vt 0.6983 0.60772
vt 0.66958 0.60917
vt 0.63912 0.6095
vt 0.62296 0.60653
vt 0.61948 0.60387
vt 0.96695 0.6025
vt 0.89188 0.5967
vt 0.82446 0.59448
vt 0.34361 0.12036
vt 0.78397 0.59673
vt 0.66559 0.44493
vt 0.67862 0.60544
vt 0.10609 0.51555
vt 0.93237 0.59567
vt 0.80209 0.58679
vt 0.18802 0.12969
vt 0.18287 0.12905
vt 0.72989 0.60034
vt 0.65558 0.60167
vt 0.39192 0.3852
vt 0.54411 0.37248
vt 0.50524 0.37123
vt 0.66286 0.59971
vt 0.64726 0.59568
vt 0.63149 0.6013
vt 0.08041 0.52165
vt 0.58004 0.59203
vt 0.26277 0.12204
vt 0.7048 0.5999
vt 0.69576 0.59567
vt 0.6838 0.59384
vt 0.63736 0.59698
vt 0.09233 0.51913
vt 0.61469 0.60059
vt 0.91037 0.59083
vt 0.21263 0.12206
vt 0.6853 0.43379
vt 0.77135 0.58762
vt 0.74045 0.59571
vt 0.64095 0.59491
vt 0.95288 0.5875
vt 0.87206 0.59796
vt 0.23142 0.12096
vt 0.62333 0.59397
vt 0.90237 0.37743
vt 0.77795 0.93989
vt 0.18869 0.11493
vt 0.33248 0.11181
vt 0.65064 0.44563
vt 0.55872 0.37905
vt 0.71467 0.59397
vt 0.67919 0.59008
vt 0.66183 0.5926
vt 0.63145 0.5897
vt 0.62066 0.5885
vt 0.08677 0.52863
vt 0.85618 0.58909
vt 0.25085 0.11701
vt 0.27386 0.10831
vt 0.31254 0.1146
vt 0.70332 0.58373
vt 0.65406 0.5906
vt 0.61942 0.58989
vt 0.09121 0.51553
vt 0.09145 0.51692
vt 0.39303 0.38778
vt 0.4652 0.43868
vt 0.47849 0.44049
vt 0.44012 0.44044
vt 0.96571 0.57891
vt 0.96374 0.56668
vt 0.56039 0.37953
vt 0.71971 0.58934
vt 0.59532 0.58448
vt 0.94154 0.58053
vt 0.29876 0.11088
vt 0.34449 0.12026
vt 0.7099 0.58587
vt 0.69614 0.59045
vt 0.44813 0.38009
vt 0.62343 0.58653
vt 0.96508 0.57555
vt 0.83835 0.57991
vt 0.18281 0.11359
vt 0.20695 0.11122
vt 0.34356 0.10972
vt 0.66089 0.43995
vt 0.7413 0.58333
vt 0.52616 0.37846
vt 0.48892 0.38234
vt 0.69016 0.58496
vt 0.66328 0.58672
vt 0.64246 0.58759
vt 0.57666 0.57583
vt 0.78092 0.93513
vt 0.44045 0.43869
vt 0.22256 0.10853
vt 0.23982 0.10702
vt 0.72081 0.58306
vt 0.67412 0.58309
vt 0.66219 0.58407
vt 0.43588 0.39527
vt 0.41688 0.39187
vt 0.64037 0.58341
vt 0.63519 0.5827
vt 0.89646 0.56785
vt 0.88522 0.58124
vt 0.86719 0.56985
vt 0.82532 0.57238
vt 0.54361 0.38471
vt 0.64854 0.58182
vt 0.61954 0.58197
vt 0.08278 0.51546
vt 0.60644 0.58083
vt 0.59014 0.56671
vt 0.58049 0.57141
vt 0.18799 0.09855
vt 0.78204 0.57282
vt 0.5529 0.38751
vt 0.76475 0.57581
vt 0.75161 0.57674
vt 0.68206 0.58131
vt 0.62793 0.57753
vt 0.62339 0.58087
vt 0.07942 0.5167
vt 0.07653 0.51915
vt 0.65714 0.4351
vt 0.5233 0.38932
vt 0.73691 0.57814
vt 0.71156 0.57696
vt 0.69419 0.57654
vt 0.48394 0.39747
vt 0.6881 0.57934
vt 0.94925 0.56208
vt 0.19796 0.09038
vt 0.28402 0.09966
vt 0.72105 0.57631
vt 0.46103 0.39846
vt 0.67339 0.57573
vt 0.66381 0.57888
vt 0.64082 0.57704
vt 0.63433 0.57562
vt 0.62332 0.57667
vt 0.07063 0.53256
vt 0.60885 0.56625
vt 0.92787 0.56753
vt 0.21166 0.09649
vt 0.30549 0.09548
vt 0.33124 0.09355
vt 0.33576 0.08068
vt 0.40432 0.99894
vt 0.79625 0.56828
vt 0.64949 0.57364
vt 0.6209 0.57434
vt 0.32058 0.09208
vt 0.34448 0.08988
vt 0.65313 0.43438
vt 0.51295 0.39683
vt 0.70567 0.56959
vt 0.6621 0.56953
vt 0.80342 0.9347
vt 0.26708 0.09223
vt 0.54433 0.40175
vt 0.68645 0.57063
vt 0.63477 0.56891
vt 0.62292 0.56543
vt 0.6194 0.56628
vt 0.06614 0.51533
vt 0.91548 0.37745
vt 0.79108 0.93968
vt 0.76622 0.55996
vt 0.5593 0.40937
vt 0.73114 0.56795
vt 0.67872 0.56659
vt 0.64243 0.56636
vt 0.41793 0.43878
vt 0.96494 0.55455
vt 0.91952 0.55525
vt 0.84891 0.56031
vt 0.81492 0.56304
vt 0.23814 0.09402
vt 0.39196 0.99881
vt 0.56125 0.41381
vt 0.74625 0.5658
vt 0.74112 0.56199
vt 0.69614 0.56643
vt 0.64985 0.56091
vt 0.42749 0.40977
vt 0.6236 0.55967
vt 0.05914 0.51908
vt 0.71694 0.55783
vt 0.68788 0.56244
vt 0.64573 0.56379
vt 0.62098 0.56407
vt 0.05964 0.51675
vt 0.55965 0.41908
vt 0.66439 0.5624
vt 0.4063 0.40654
vt 0.04569 0.52184
vt 0.61354 0.55241
vt 0.80339 0.94173
vt 0.80424 0.93942
vt 0.41848 0.44041
vt 0.96552 0.55855
vt 0.18838 0.08181
vt 0.79547 0.55267
vt 0.63353 0.44525
vt 0.50795 0.41128
vt 0.70404 0.55536
vt 0.67271 0.55887
vt 0.03972 0.53259
vt 0.39229 0.41415
vt 0.57679 0.54389
vt 0.93985 0.5456
vt 0.23948 0.08275
vt 0.34349 0.08105
vt 0.78058 0.55195
vt 0.7497 0.55463
vt 0.70904 0.55543
vt 0.67872 0.55458
vt 0.64216 0.55819
vt 0.63495 0.56002
vt 0.03935 0.53513
vt 0.60162 0.54802
vt 0.84238 0.54863
vt 0.47301 0.41256
vt 0.65134 0.55415
vt 0.58035 0.54887
vt 0.19755 0.0734
vt 0.26057 0.07946
vt 0.63623 0.43638
vt 0.5284 0.41149
vt 0.73684 0.55449
vt 0.69601 0.55458
vt 0.68849 0.55379
vt 0.66938 0.55366
vt 0.21215 0.07255
vt 0.27419 0.08084
vt 0.34437 0.07106
vt 0.63322 0.43469
vt 0.64502 0.55245
vt 0.63581 0.55141
vt 0.62534 0.54993
vt 0.61967 0.54827
vt 0.04702 0.51539
vt 0.4087 0.44049
vt 0.96509 0.54936
vt 0.96347 0.5469
vt 0.87284 0.54821
vt 0.38018 0.99864
vt 0.63172 0.43511
vt 0.71828 0.55284
vt 0.62117 0.54957
vt 0.04671 0.51677
vt 0.5915 0.52678
vt 0.81156 0.94137
vt 0.90073 0.54742
vt 0.81169 0.54015
vt 0.18777 0.07143
vt 0.24109 0.07343
vt 0.29466 0.0751
vt 0.31994 0.07649
vt 0.5521 0.42058
vt 0.73998 0.55111
vt 0.71979 0.54957
vt 0.7113 0.54775
vt 0.69559 0.54937
vt 0.65175 0.54958
vt 0.66293 0.54896
vt 0.62355 0.54903
vt 0.04761 0.51927
vt 0.39367 0.42347
vt 0.81155 0.93899
vt 0.8138 0.9344
vt 0.81263 0.93352
vt 0.26587 0.06848
vt 0.34346 0.07012
vt 0.37403 0.99888
vt 0.49865 0.42173
vt 0.68459 0.54909
vt 0.67179 0.54902
vt 0.44718 0.4243
vt 0.94375 0.37463
vt 0.81939 0.94174
vt 0.95298 0.5377
vt 0.33475 0.07366
vt 0.6264 0.44576
vt 0.74437 0.54755
vt 0.72957 0.54753
vt 0.64256 0.54661
vt 0.63634 0.54404
vt 0.39285 0.43203
vt 0.82056 0.93923
vt 0.82086 0.93443
vt 0.31074 0.06753
vt 0.3261 0.06814
vt 0.75543 0.54548
vt 0.74427 0.54559
vt 0.73465 0.54547
vt 0.72641 0.54548
vt 0.71431 0.54548
vt 0.70754 0.54544
vt 0.68801 0.54545
vt 0.67457 0.54305
vt 0.62925 0.54395
vt 0.62151 0.54368
vt 0.03968 0.51969
vt 0.57923 0.53436
vt 0.9268 0.53236
vt 0.91602 0.54243
vt 0.87495 0.53818
vt 0.24868 0.06779
vt 0.27837 0.06732
vt 0.33818 0.06506
vt 0.48714 0.16267
vt 0.76728 0.54376
vt 0.76467 0.54361
vt 0.76048 0.544
vt 0.74413 0.54438
vt 0.73472 0.54426
vt 0.72556 0.54431
vt 0.71748 0.5443
vt 0.70614 0.54396
vt 0.70372 0.54336
vt 0.68923 0.54241
vt 0.66536 0.54246
vt 0.64182 0.54266
vt 0.62395 0.54393
vt 0.6201 0.54353
vt 0.04194 0.51558
vt 0.03958 0.52189
vt 0.82457 0.93326
vt 0.9631 0.53462
vt 0.9642 0.53812
vt 0.86324 0.53662
vt 0.18095 0.06614
vt 0.19357 0.06701
vt 0.23339 0.06233
vt 0.17927 0.06401
vt 0.17946 0.0702
vt 0.29792 0.06201
vt 0.34463 0.0696
vt 0.62177 0.44037
vt 0.55464 0.42908
vt 0.47582 0.16215
vt 0.76536 0.54229
vt 0.76706 0.54153
vt 0.46606 0.16456
vt 0.54671 0.42922
vt 0.52245 0.42885
vt 0.68978 0.54127
vt 0.48206 0.42864
vt 0.67479 0.54112
vt 0.66791 0.54115
vt 0.65404 0.54108
vt 0.63845 0.54099
vt 0.62818 0.54122
vt 0.62196 0.54118
vt 0.61927 0.54093
vt 0.03939 0.51701
vt 0.91495 0.53646
vt 0.89355 0.53679
vt 0.84444 0.53657
vt 0.83098 0.53654
vt 0.56144 0.4279
vt 0.36629 0.97439
vt 0.48805 0.15994
vt 0.76897 0.53915
vt 0.7676 0.5398
vt 0.50436 0.4282
vt 0.69335 0.53956
vt 0.67681 0.53958
vt 0.66605 0.53957
vt 0.63813 0.53957
vt 0.43267 0.42986
vt 0.63039 0.53944
vt 0.62565 0.53978
vt 0.6228 0.54009
vt 0.61955 0.53954
vt 0.03739 0.519
vt 0.03786 0.51725
vt 0.03681 0.52161
vt 0.03697 0.53281
vt 0.03737 0.53482
vt 0.39397 0.43017
vt 0.6053 0.5333
vt 0.91217 0.5369
vt 0.8065 0.53678
vt 0.18024 0.0626
vt 0.185 0.05859
vt 0.21209 0.06039
vt 0.24901 0.06035
vt 0.28062 0.06149
vt 0.313 0.06188
vt 0.6168 0.43666
vt 0.55982 0.42858
vt 0.76963 0.53772
vt 0.48072 0.15555
vt 0.46695 0.15646
vt 0.46889 0.15657
vt 0.95463 0.37345
vt 0.82973 0.93923
vt 0.83027 0.94177
vt 0.82643 0.93441
vt 0.9617 0.53069
vt 0.95991 0.52245
vt 0.17734 0.06344
vt 0.19293 0.06039
vt 0.32098 0.05361
vt 0.34363 0.05597
vt 0.21624 0.38261
vt 0.55938 0.42918
vt 0.52646 0.42959
vt 0.48929 0.42994
vt 0.43616 0.43105
vt 0.39625 0.4322
vt 0.57774 0.52958
vt 0.93833 0.52391
vt 0.91546 0.53482
vt 0.56348 0.95729
vt 0.58076 0.95891
vt 0.58078 0.95717
vt 0.57969 0.95727
vt 0.57963 0.95907
vt 0.32143 0.03849
vt 0.32266 0.04087
vt 0.31482 0.04103
vt 0.27382 0.04099
vt 0.28634 0.0385
vt 0.24972 0.04098
vt 0.2361 0.03751
vt 0.21487 0.03949
vt 0.21537 0.04103
vt 0.21025 0.04093
vt 0.20255 0.04098
vt 0.20181 0.039
vt 0.20074 0.04085
vt 0.1814 0.05776
vt 0.28048 0.05652
vt 0.56145 0.43017
vt 0.55652 0.43112
vt 0.51125 0.43007
vt 0.46078 0.43107
vt 0.43485 0.43172
vt 0.08324 0.22677
vt 0.61766 0.5328
vt 0.61778 0.53352
vt 0.1121 0.17628
vt 0.59801 0.52254
vt 0.83481 0.93645
vt 0.83153 0.93336
vt 0.96366 0.53157
vt 0.9515 0.51561
vt 0.55815 0.9573
vt 0.55826 0.96477
vt 0.56269 0.96481
vt 0.55688 0.95751
vt 0.58078 0.96393
vt 0.21691 0.03204
vt 0.21321 0.03192
vt 0.21011 0.03215
vt 0.20636 0.03692
vt 0.20386 0.03685
vt 0.20103 0.03438
vt 0.18046 0.05616
vt 0.19674 0.05773
vt 0.23297 0.05725
vt 0.25195 0.05661
vt 0.27083 0.0536
vt 0.30051 0.05614
vt 0.30779 0.05357
vt 0.34451 0.05614
vt 0.6175 0.43557
vt 0.61709 0.44021
vt 0.55995 0.43248
vt 0.55795 0.4317
vt 0.05784 0.07442
vt 0.06124 0.07587
vt 0.05904 0.07607
vt 0.07157 0.08148
vt 0.06558 0.08034
vt 0.06116 0.08038
vt 0.0589 0.08007
vt 0.05808 0.08183
vt 0.08249 0.08304
vt 0.08021 0.08183
vt 0.06158 0.08284
vt 0.08047 0.08345
vt 0.07387 0.0832
vt 0.76002 0.52754
vt 0.08349 0.09482
vt 0.75365 0.53368
vt 0.0741 0.09775
vt 0.06177 0.09582
vt 0.05922 0.09608
vt 0.08241 0.09894
vt 0.0804 0.09908
vt 0.05822 0.10091
vt 0.08023 0.11946
vt 0.07388 0.12151
vt 0.05922 0.11565
vt 0.0583 0.11524
vt 0.08333 0.10947
vt 0.06121 0.11716
vt 0.08237 0.1209
vt 0.08318 0.13333
vt 0.08041 0.14012
vt 0.0614 0.14105
vt 0.07444 0.13922
vt 0.0824 0.13936
vt 0.0583 0.16282
vt 0.08327 0.15026
vt 0.08068 0.14988
vt 0.07534 0.14856
vt 0.08241 0.15326
vt 0.06193 0.16998
vt 0.05934 0.16881
vt 0.08065 0.17381
vt 0.08324 0.17521
vt 0.0824 0.17408
vt 0.0708 0.18118
vt 0.0593 0.18178
vt 0.05827 0.18725
vt 0.0757 0.20395
vt 0.06127 0.19852
vt 0.66703 0.53027
vt 0.6689 0.53306
vt 0.63749 0.53109
vt 0.08065 0.20342
vt 0.08247 0.20183
vt 0.05936 0.20525
vt 0.08332 0.20741
vt 0.63491 0.5329
vt 0.06156 0.22406
vt 0.0749 0.21408
vt 0.07443 0.22423
vt 0.05948 0.22566
vt 0.61993 0.53366
vt 0.05823 0.22363
vt 0.61389 0.52829
vt 0.07439 0.22701
vt 0.05833 0.22686
vt 0.06174 0.22696
vt 0.95963 0.3728
vt 0.83594 0.93912
vt 0.83526 0.94166
vt 0.96295 0.53031
vt 0.91628 0.52705
vt 0.55725 0.96692
vt 0.91559 0.52998
vt 0.32231 0.03165
vt 0.32094 0.03236
vt 0.29147 0.03196
vt 0.25255 0.03218
vt 0.2069 0.03178
vt 0.20406 0.03175
vt 0.20232 0.03202
vt 0.1813 0.0538
vt 0.18575 0.05368
vt 0.2065 0.05576
vt 0.56166 0.43508
vt 0.06357 0.0697
vt 0.06172 0.06942
vt 0.06617 0.07165
vt 0.05977 0.06898
vt 0.08209 0.07226
vt 0.07804 0.07229
vt 0.08058 0.07358
vt 0.07393 0.07364
vt 0.07203 0.0724
vt 0.06884 0.07211
vt 0.083 0.07574
vt 0.08072 0.0758
vt 0.77588 0.53128
vt 0.73822 0.53349
vt 0.74795 0.52701
vt 0.71308 0.53325
vt 0.71319 0.52796
vt 0.60763 0.51911
vt 0.83757 0.93388
vt 0.96321 0.52586
vt 0.5709 0.96709
vt 0.56373 0.96705
vt 0.91478 0.52775
vt 0.58078 0.96638
vt 0.21172 0.03021
vt 0.20029 0.03194
vt 0.2007 0.05357
vt 0.23625 0.05362
vt 0.25416 0.05363
vt 0.2821 0.05365
vt 0.34412 0.05471
vt 0.61595 0.43582
vt 0.34525 0.05347
vt 0.61472 0.43704
vt 0.61474 0.44016
vt 0.77669 0.52874
vt 0.77592 0.5285
vt 0.38148 0.04818
vt 0.77066 0.52782
vt 0.76904 0.52734
vt 0.73479 0.52772
vt 0.69581 0.52733
vt 0.69522 0.53322
vt 0.65461 0.52521
vt 0.62855 0.52567
vt 0.96146 0.52273
vt 0.96099 0.52361
vt 0.29686 0.43151
vt 0.29756 0.43418
vt 0.91283 0.52681
vt 0.29488 0.42495
vt 0.31708 0.0313
vt 0.29064 0.03132
vt 0.26336 0.03148
vt 0.22505 0.03133
vt 0.21481 0.03092
vt 0.21298 0.03047
vt 0.20971 0.03062
vt 0.20294 0.03073
vt 0.17927 0.05185
vt 0.18236 0.05271
vt 0.1989 0.0525
vt 0.2185 0.05267
vt 0.24648 0.05264
vt 0.2662 0.05263
vt 0.295 0.05255
vt 0.32058 0.05269
vt 0.33978 0.05263
vt 0.34335 0.05253
vt 0.3456 0.0524
vt 0.61353 0.43683
vt 0.61329 0.44019
vt 0.61448 0.44572
vt 0.76566 0.51989
vt 0.73037 0.51984
vt 0.70397 0.51983
vt 0.68076 0.52071
vt 0.84055 0.93574
vt 0.29759 0.44077
vt 0.29675 0.4454
vt 0.2978 0.44672
vt 0.9106 0.5253
vt 0.29483 0.43796
vt 0.2935 0.44575
vt 0.29253 0.4468
vt 0.28873 0.43293
vt 0.27899 0.426
vt 0.26767 0.43757
vt 0.26603 0.44663
vt 0.88242 0.52504
vt 0.25407 0.42472
vt 0.87219 0.52656
vt 0.25568 0.42581
vt 0.26593 0.44559
vt 0.292 0.5324
vt 0.24058 0.43215
vt 0.24362 0.43818
vt 0.23993 0.44539
vt 0.86635 0.52507
vt 0.23587 0.42567
vt 0.23869 0.44649
vt 0.22632 0.42454
vt 0.84456 0.52644
vt 0.84422 0.52486
vt 0.20029 0.44623
vt 0.21542 0.42552
vt 0.34558 0.53234
vt 0.20499 0.44528
vt 0.20174 0.43613
vt 0.19545 0.42539
vt 0.82131 0.52484
vt 0.1939 0.42426
vt 0.81229 0.52615
vt 0.19391 0.43846
vt 0.19007 0.43607
vt 0.19278 0.44519
vt 0.19 0.44622
vt 0.80727 0.52406
vt 0.19022 0.4253
vt 0.18728 0.42427
vt 0.80573 0.52575
vt 0.18821 0.42557
vt 0.18737 0.43739
vt 0.18807 0.44621
vt 0.8055 0.52441
vt 0.1871 0.42714
vt 0.50323 0.77199
vt 0.50335 0.77061
vt 0.50033 0.77077
vt 0.18701 0.4328
vt 0.18732 0.44516
vt 0.1869 0.4468
vt 0.35185 0.05332
vt 0.35271 0.77169
vt 0.35089 0.77079
vt 0.33526 0.77051
vt 0.32161 0.77149
vt 0.31401 0.77026
vt 0.29205 0.77101
vt 0.28986 0.77004
vt 0.26955 0.77123
vt 0.25907 0.77001
vt 0.24999 0.77069
vt 0.25054 0.76986
vt 0.24936 0.76957
vt 0.24071 0.77069
vt 0.22107 0.7694
vt 0.22425 0.77061
vt 0.20397 0.77043
vt 0.18888 0.7692
vt 0.1752 0.77021
vt 0.15252 0.77032
vt 0.14985 0.76905
vt 0.1306 0.76898
vt 0.13061 0.77002
vt 0.08676 0.76977
vt 0.07187 0.76879
vt 0.06564 0.76958
vt 0.04081 0.76956
vt 0.02424 0.76871
vt 0.0144 0.76889
vt 0.0129 0.76951
vt 0.37618 0.53229
vt 0.40649 0.53249
vt 0.76741 0.52205
vt 0.43394 0.53263
vt 0.71777 0.40712
vt 0.72512 0.40666
vt 0.67206 0.40663
vt 0.65778 0.40696
vt 0.58264 0.51454
vt 0.84027 0.94274
vt 0.84268 0.94117
vt 0.84369 0.93869
vt 0.91591 0.51131
vt 0.98604 0.93043
vt 0.98504 0.92972
vt 0.98186 0.93061
vt 0.97621 0.92996
vt 0.97355 0.93099
vt 0.97008 0.93069
vt 0.99044 0.9293
vt 0.99379 0.92922
vt 0.98367 0.40553
vt 0.97893 0.40466
vt 0.96483 0.40528
vt 0.93311 0.40525
vt 0.87242 0.52048
vt 0.87235 0.40524
vt 0.47814 0.77148
vt 0.4772 0.77697
vt 0.46317 0.77185
vt 0.49434 0.77061
vt 0.49605 0.77536
vt 0.29198 0.77255
vt 0.25515 0.77335
vt 0.20381 0.77298
vt 0.17367 0.77197
vt 0.13151 0.7721
vt 0.08488 0.77157
vt 0.0638 0.77108
vt 0.04102 0.77107
vt 0.0284 0.77114
vt 0.01496 0.77137
vt 0.01156 0.76913
vt 0.84219 0.40509
vt 0.81457 0.40516
vt 0.79126 0.40536
vt 0.77202 0.40533
vt 0.73877 0.40534
vt 0.65162 0.51438
vt 0.70695 0.40547
vt 0.62743 0.51093
vt 0.6585 0.40546
vt 0.65378 0.40675
vt 0.65348 0.4051
vt 0.84418 0.9339
vt 0.84116 0.93282
vt 0.84655 0.94253
vt 0.94405 0.51163
vt 0.90813 0.52056
vt 0.987 0.93185
vt 0.98352 0.93204
vt 0.97889 0.93211
vt 0.97457 0.93252
vt 0.97157 0.93326
vt 0.96989 0.93316
vt 0.98893 0.93194
vt 0.98709 0.40291
vt 0.98694 0.40538
vt 0.98551 0.40287
vt 0.98389 0.40345
vt 0.96186 0.40369
vt 0.93747 0.40368
vt 0.8813 0.40375
vt 0.82321 0.5191
vt 0.8155 0.51267
vt 0.47067 0.78252
vt 0.4227 0.78341
vt 0.40774 0.78278
vt 0.37588 0.78282
vt 0.80577 0.51619
vt 0.80653 0.5153
vt 0.33975 0.77787
vt 0.30864 0.77628
vt 0.2711 0.779
vt 0.25429 0.78317
vt 0.8567 0.40355
vt 0.02114 0.77459
vt 0.015 0.77365
vt 0.83031 0.40362
vt 0.76727 0.5109
vt 0.80661 0.40359
vt 0.78874 0.40289
vt 0.76517 0.40315
vt 0.73502 0.40348
vt 0.68685 0.40358
vt 0.66198 0.40266
vt 0.65611 0.40211
vt 0.84849 0.93306
vt 0.95838 0.51677
vt 0.11468 0.60397
vt 0.11616 0.61091
vt 0.11591 0.60417
vt 0.98704 0.94121
vt 0.97918 0.3999
vt 0.97188 0.39994
vt 0.95865 0.40058
vt 0.89991 0.51549
vt 0.9393 0.40088
vt 0.91691 0.40056
vt 0.89774 0.40081
vt 0.85105 0.51567
vt 0.87246 0.40045
vt 0.80852 0.50987
vt 0.48488 0.78108
vt 0.34602 0.78527
vt 0.32853 0.78679
vt 0.28385 0.78235
vt 0.23605 0.78031
vt 0.21654 0.78027
vt 0.1954 0.78142
vt 0.17654 0.78171
vt 0.15379 0.78007
vt 0.08748 0.78051
vt 0.06435 0.77759
vt 0.02433 0.77854
vt 0.01924 0.7754
vt 0.01268 0.77488
vt 0.0106 0.77503
vt 0.85168 0.40157
vt 0.82664 0.40161
vt 0.8064 0.40119
vt 0.68995 0.51207
vt 0.75615 0.40107
vt 0.74433 0.40113
vt 0.71745 0.40134
vt 0.67053 0.51014
vt 0.69489 0.40097
vt 0.67608 0.3993
vt 0.6542 0.4005
vt 0.58714 0.50788
vt 0.64771 0.40055
vt 0.85061 0.94102
vt 0.84894 0.93812
vt 0.98243 0.39392
vt 0.05055 0.4678
vt 0.50215 0.78497
vt 0.49316 0.78541
vt 0.45551 0.78303
vt 0.13124 0.78231
vt 0.03659 0.78577
vt 0.02062 0.77758
vt 0.74766 0.50895
vt 0.7118 0.5103
vt 0.59102 0.50445
vt 0.85181 0.94255
vt 0.95415 0.50991
vt 0.97029 0.94514
vt 0.98982 0.94301
vt 0.98705 0.39095
vt 0.9851 0.38492
vt 0.87924 0.5076
vt 0.05019 0.46438
vt 0.80681 0.5116
vt 0.50327 0.78509
vt 0.48239 0.78548
vt 0.36073 0.78519
vt 0.30064 0.78683
vt 0.26514 0.78666
vt 0.24522 0.78508
vt 0.23261 0.78435
vt 0.20626 0.78458
vt 0.06306 0.78922
vt 0.80494 0.39299
vt 0.78986 0.39396
vt 0.73793 0.39388
vt 0.70794 0.39257
vt 0.65675 0.38634
vt 0.8531 0.93863
vt 0.85313 0.93407
vt 0.11329 0.59955
vt 0.1147 0.5988
vt 0.95655 0.51168
vt 0.98654 0.94826
vt 0.97772 0.95149
vt 0.97271 0.95105
vt 0.98405 0.38538
vt 0.97949 0.39096
vt 0.96721 0.38625
vt 0.94107 0.38617
vt 0.90469 0.38604
vt 0.87898 0.38596
vt 0.05115 0.46292
vt 0.45715 0.78531
vt 0.4205 0.7854
vt 0.40723 0.78538
vt 0.3821 0.78542
vt 0.15205 0.7878
vt 0.10736 0.78472
vt 0.85119 0.39425
vt 0.83328 0.39278
vt 0.76252 0.39055
vt 0.67285 0.38719
vt 0.66156 0.38612
vt 0.85622 0.94204
vt 0.947 0.50539
vt 0.98268 0.94937
vt 0.8372 0.5063
vt 0.72731 0.97318
vt 0.05854 0.45999
vt 0.05373 0.4625
vt 0.50299 0.78627
vt 0.49117 0.78676
vt 0.46696 0.78631
vt 0.44368 0.78642
vt 0.42066 0.78654
vt 0.40694 0.787
vt 0.37849 0.78684
vt 0.36791 0.78736
vt 0.35013 0.78736
vt 0.8062 0.5105
vt 0.80546 0.51012
vt 0.24712 0.78768
vt 0.20946 0.7864
vt 0.20145 0.78653
vt 0.19701 0.78772
vt 0.17155 0.78772
vt 0.1346 0.78786
vt 0.08666 0.78924
vt 0.02728 0.78892
vt 0.76815 0.50937
vt 0.80757 0.38608
vt 0.72827 0.50618
vt 0.65372 0.38645
vt 0.64793 0.3853
vt 0.8581 0.93866
vt 0.85697 0.93395
vt 0.11336 0.59586
vt 0.95313 0.50743
vt 0.92399 0.50444
vt 0.82168 0.50168
vt 0.05713 0.45805
vt 0.0535 0.45821
vt 0.79919 0.5085
vt 0.50537 0.72914
vt 0.5054 0.72994
vt 0.49567 0.72882
vt 0.49359 0.72953
vt 0.46947 0.72923
vt 0.46712 0.72828
vt 0.44628 0.72873
vt 0.43787 0.72748
vt 0.42336 0.72808
vt 0.4254 0.72737
vt 0.40969 0.72737
vt 0.40638 0.72667
vt 0.3708 0.7261
vt 0.35306 0.72566
vt 0.36191 0.72551
vt 0.34358 0.78779
vt 0.31393 0.78795
vt 0.26969 0.78795
vt 0.80335 0.50968
vt 0.5054 0.72708
vt 0.49507 0.72705
vt 0.47909 0.72635
vt 0.46708 0.72628
vt 0.44785 0.72563
vt 0.22843 0.78783
vt 0.20963 0.7878
vt 0.1091 0.78906
vt 0.80021 0.50937
vt 0.50517 0.72409
vt 0.50195 0.72172
vt 0.44045 0.72282
vt 0.85954 0.38602
vt 0.49533 0.72312
vt 0.48123 0.72149
vt 0.46646 0.72267
vt 0.49627 0.71651
vt 0.49133 0.71089
vt 0.48174 0.71342
vt 0.46981 0.71397
vt 0.7693 0.50814
vt 0.70354 0.5041
vt 0.67862 0.49499
vt 0.72217 0.38621
vt 0.62866 0.49771
vt 0.60572 0.49757
vt 0.98323 0.36351
vt 0.86014 0.94112
vt 0.86011 0.93386
vt 0.11501 0.59338
vt 0.11355 0.59285
vt 0.94599 0.50182
vt 0.98958 0.95131
vt 0.97944 0.38448
vt 0.86029 0.50177
vt 0.05735 0.45577
vt 0.05361 0.45572
vt 0.80753 0.50151
vt 0.38002 0.72599
vt 0.34654 0.72508
vt 0.42684 0.72567
vt 0.40115 0.7251
vt 0.37328 0.72455
vt 0.36079 0.72421
vt 0.33022 0.72355
vt 0.31695 0.72424
vt 0.30587 0.72282
vt 0.2728 0.72289
vt 0.27746 0.72201
vt 0.26875 0.72189
vt 0.25026 0.72226
vt 0.24869 0.72141
vt 0.24458 0.72221
vt 0.23232 0.72181
vt 0.23166 0.7212
vt 0.21197 0.71994
vt 0.2128 0.72057
vt 0.20429 0.71996
vt 0.20111 0.78838
vt 0.19694 0.78838
vt 0.17553 0.78845
vt 0.1543 0.78857
vt 0.13237 0.78913
vt 0.03957 0.79034
vt 0.42564 0.72221
vt 0.33727 0.71627
vt 0.28938 0.72055
vt 0.26503 0.7201
vt 0.23724 0.71961
vt 0.22141 0.7193
vt 0.41121 0.71743
vt 0.40019 0.71765
vt 0.39048 0.71736
vt 0.37974 0.71579
vt 0.36861 0.72079
vt 0.35736 0.71746
vt 0.34856 0.71733
vt 0.20771 0.71567
vt 0.79431 0.50927
vt 0.78993 0.50814
vt 0.50465 0.71849
vt 0.3677 0.71553
vt 0.32121 0.71284
vt 0.25206 0.71426
vt 0.26331 0.71379
vt 0.23913 0.71425
vt 0.21313 0.71342
vt 0.4523 0.71359
vt 0.42999 0.71273
vt 0.39707 0.70996
vt 0.50211 0.71126
vt 0.41627 0.71054
vt 0.35377 0.70889
vt 0.39238 0.70611
vt 0.36982 0.71007
vt 0.36155 0.70889
vt 0.50573 0.71431
vt 0.50488 0.70935
vt 0.45403 0.70836
vt 0.40212 0.70819
vt 0.3807 0.70482
vt 0.35967 0.70608
vt 0.33351 0.702
vt 0.47369 0.70594
vt 0.43166 0.70725
vt 0.36811 0.70593
vt 0.48111 0.70044
vt 0.40403 0.70156
vt 0.44998 0.69944
vt 0.49131 0.69589
vt 0.41672 0.70031
vt 0.50531 0.69693
vt 0.50295 0.69682
vt 0.46175 0.70034
vt 0.43152 0.69962
vt 0.50615 0.69938
vt 0.47979 0.69555
vt 0.46192 0.6952
vt 0.42848 0.69454
vt 0.40521 0.69342
vt 0.44192 0.69289
vt 0.46686 0.69336
vt 0.42855 0.69247
vt 0.4031 0.69164
vt 0.47911 0.693
vt 0.44534 0.69223
vt 0.42336 0.69168
vt 0.83286 0.38598
vt 0.79058 0.38609
vt 0.72183 0.4983
vt 0.74944 0.38594
vt 0.66101 0.49403
vt 0.69243 0.38652
vt 0.58794 0.50445
vt 0.86455 0.9386
vt 0.86351 0.93408
vt 0.11476 0.5895
vt 0.86364 0.93297
vt 0.97079 0.95154
vt 0.98705 0.38444
vt 0.05529 0.45422
vt 0.05377 0.45358
vt 0.11853 0.78941
vt 0.08843 0.78996
vt 0.06931 0.7904
vt 0.05245 0.79059
vt 0.02756 0.79125
vt 0.20012 0.72
vt 0.1787 0.71941
vt 0.18422 0.71794
vt 0.16446 0.71784
vt 0.15744 0.71887
vt 0.13998 0.71716
vt 0.13547 0.71806
vt 0.1536 0.71365
vt 0.19706 0.70929
vt 0.16115 0.7103
vt 0.27168 0.70844
vt 0.26183 0.70503
vt 0.22619 0.70548
vt 0.21055 0.7071
vt 0.18883 0.70219
vt 0.17601 0.70494
vt 0.15352 0.69974
vt 0.31339 0.70307
vt 0.2475 0.69596
vt 0.26943 0.69758
vt 0.35303 0.70172
vt 0.17263 0.69551
vt 0.36135 0.70288
vt 0.22977 0.69599
vt 0.20609 0.69486
vt 0.77547 0.50291
vt 0.38776 0.70161
vt 0.37016 0.70082
vt 0.32799 0.70046
vt 0.29638 0.69632
vt 0.77421 0.50787
vt 0.27003 0.69059
vt 0.37905 0.69314
vt 0.3619 0.69239
vt 0.32604 0.69175
vt 0.39348 0.6935
vt 0.30583 0.69159
vt 0.39031 0.6917
vt 0.34155 0.69041
vt 0.31248 0.6897
vt 0.39647 0.69135
vt 0.37069 0.69067
vt 0.32887 0.68952
vt 0.30398 0.68888
vt 0.28542 0.68874
vt 0.5945 0.50106
vt 0.59 0.50259
vt 0.98696 0.36029
vt 0.86505 0.941
vt 0.86674 0.93394
vt 0.94607 0.50077
vt 0.11616 0.58386
vt 0.98652 0.95137
vt 0.98405 0.95247
vt 0.97105 0.38424
vt 0.88671 0.49993
vt 0.94687 0.38422
vt 0.90775 0.38421
vt 0.87622 0.38404
vt 0.01651 0.72937
vt 0.0135 0.72989
vt 0.01354 0.72853
vt 0.01748 0.72707
vt 0.01195 0.72994
vt 0.0163 0.72617
vt 0.01262 0.72631
vt 0.01872 0.72206
vt 0.01448 0.7175
vt 0.01297 0.72158
vt 0.02218 0.71624
vt 0.01974 0.71743
vt 0.01372 0.71577
vt 0.0237 0.71624
vt 0.1216 0.71762
vt 0.09141 0.7169
vt 0.09083 0.71598
vt 0.07223 0.71614
vt 0.07038 0.71546
vt 0.05532 0.71574
vt 0.05487 0.71509
vt 0.02013 0.79096
vt 0.03032 0.71515
vt 0.02887 0.71459
vt 0.02227 0.7144
vt 0.0146 0.71419
vt 0.13156 0.71343
vt 0.12317 0.71426
vt 0.10173 0.71428
vt 0.07322 0.71284
vt 0.83819 0.38407
vt 0.11962 0.70484
vt 0.09277 0.70439
vt 0.13758 0.70122
vt 0.08515 0.69884
vt 0.06519 0.70129
vt 0.10707 0.69677
vt 0.14699 0.69346
vt 0.1238 0.6933
vt 0.08205 0.68941
vt 0.20468 0.68897
vt 0.24304 0.68966
vt 0.16855 0.68817
vt 0.13127 0.68725
vt 0.0895 0.68663
vt 0.27132 0.68888
vt 0.23408 0.68804
vt 0.20406 0.68746
vt 0.16821 0.68657
vt 0.12215 0.68569
vt 0.08935 0.68515
vt 0.23478 0.68755
vt 0.19384 0.68668
vt 0.14832 0.68565
vt 0.11133 0.68491
vt 0.0836 0.68435
vt 0.06125 0.68442
vt 0.05612 0.68388
vt 0.80687 0.38406
vt 0.78898 0.38402
vt 0.71533 0.38401
vt 0.68963 0.38405
vt 0.67101 0.38409
vt 0.65718 0.38439
vt 0.65158 0.38425
vt 0.05545 0.43456
vt 0.98949 0.35747
vt 0.86882 0.94111
vt 0.87014 0.93861
vt 0.11412 0.58644
vt 0.92927 0.49499
vt 0.97673 0.95256
vt 0.91106 0.49256
vt 0.98174 0.38303
vt 0.9779 0.38276
vt 0.89874 0.49446
vt 0.95679 0.38295
vt 0.91232 0.38286
vt 0.8525 0.49366
vt 0.83601 0.49546
vt 0.87155 0.3828
vt 0.01926 0.72535
vt 0.01355 0.71379
vt 0.06384 0.71367
vt 0.05276 0.7134
vt 0.03414 0.71304
vt 0.02237 0.71273
vt 0.01475 0.7121
vt 0.01481 0.70825
vt 0.01381 0.70721
vt 0.04527 0.70586
vt 0.03523 0.6929
vt 0.01803 0.70823
vt 0.02314 0.69722
vt 0.01508 0.69859
vt 0.05665 0.69089
vt 0.01353 0.69577
vt 0.82865 0.38275
vt 0.01522 0.69192
vt 0.01354 0.68822
vt 0.01282 0.69482
vt 0.02598 0.68506
vt 0.0204 0.68505
vt 0.06257 0.68593
vt 0.04087 0.68539
vt 0.01563 0.68487
vt 0.01284 0.68475
vt 0.04479 0.68417
vt 0.02776 0.68377
vt 0.01526 0.68353
vt 0.01332 0.68324
vt 0.01704 0.68305
vt 0.7922 0.38258
vt 0.73941 0.38258
vt 0.69224 0.49438
vt 0.71105 0.38268
vt 0.68696 0.3827
vt 0.66869 0.38311
vt 0.65654 0.38357
vt 0.05146 0.44378
vt 0.05169 0.44105
vt 0.95937 0.95856
vt 0.64971 0.38382
vt 0.09137 0.75538
vt 0.99205 0.35425
vt 0.9924 0.35781
vt 0.87046 0.93378
vt 0.38776 0.67048
vt 0.39149 0.67048
vt 0.3885 0.67161
vt 0.941 0.4981
vt 0.93759 0.49728
vt 0.43061 0.74492
vt 0.43069 0.75187
vt 0.42914 0.74589
vt 0.42904 0.75396
vt 0.43063 0.75766
vt 0.42868 0.75628
vt 0.42896 0.73884
vt 0.42837 0.74021
vt 0.98937 0.95356
vt 0.4269 0.758
vt 0.98395 0.38239
vt 0.42513 0.75935
vt 0.4213 0.75969
vt 0.95983 0.38223
vt 0.92704 0.38214
vt 0.87161 0.49382
vt 0.89152 0.38214
vt 0.86084 0.3821
vt 0.82719 0.38202
vt 0.78532 0.3819
vt 0.71994 0.4947
vt 0.73971 0.38188
vt 0.70986 0.3821
vt 0.15363 0.75953
vt 0.13078 0.75966
vt 0.13158 0.75931
vt 0.12964 0.75853
vt 0.11529 0.75213
vt 0.13377 0.74727
vt 0.13283 0.75659
vt 0.11143 0.72785
vt 0.13502 0.73611
vt 0.11507 0.73132
vt 0.11256 0.75964
vt 0.60735 0.49504
vt 0.1289 0.75699
vt 0.10247 0.75849
vt 0.10976 0.72895
vt 0.10411 0.7403
vt 0.09988 0.75655
vt 0.09403 0.75337
vt 0.10042 0.75969
vt 0.10096 0.72928
vt 0.0996 0.7286
vt 0.10044 0.73092
vt 0.09766 0.73587
vt 0.04779 0.44146
vt 0.04793 0.43605
vt 0.0445 0.4345
vt 0.59854 0.49661
vt 0.09766 0.73195
vt 0.0971 0.75837
vt 0.09617 0.73078
vt 0.09374 0.74587
vt 0.09469 0.75647
vt 0.09539 0.75946
vt 0.09408 0.73473
vt 0.09439 0.73723
vt 0.09228 0.73943
vt 0.09239 0.74219
vt 0.09222 0.75031
vt 0.0913 0.74493
vt 0.09134 0.75168
vt 0.38521 0.66379
vt 0.38805 0.66594
vt 0.38101 0.66618
vt 0.38349 0.67053
vt 0.38272 0.6717
vt 0.93693 0.49632
vt 0.42606 0.74001
vt 0.42609 0.75312
vt 0.42477 0.7562
vt 0.4235 0.73758
vt 0.42397 0.75315
vt 0.92143 0.49378
vt 0.42074 0.73557
vt 0.42099 0.75832
vt 0.40843 0.75162
vt 0.41758 0.75632
vt 0.41609 0.73527
vt 0.41137 0.74132
vt 0.40758 0.75833
vt 0.40406 0.73469
vt 0.40484 0.75644
vt 0.40321 0.75951
vt 0.37546 0.74369
vt 0.38672 0.73306
vt 0.38897 0.73429
vt 0.3835 0.75832
vt 0.37458 0.75162
vt 0.37758 0.75643
vt 0.37045 0.75946
vt 0.3732 0.73155
vt 0.36801 0.73272
vt 0.36623 0.7583
vt 0.36179 0.75646
vt 0.37123 0.7305
vt 0.3589 0.73129
vt 0.34865 0.73224
vt 0.34019 0.73005
vt 0.35063 0.74538
vt 0.34379 0.75214
vt 0.34707 0.75643
vt 0.33879 0.73088
vt 0.3459 0.75835
vt 0.33497 0.75953
vt 0.33562 0.74053
vt 0.33239 0.73246
vt 0.32442 0.75833
vt 0.32339 0.75225
vt 0.32829 0.72893
vt 0.32454 0.73036
vt 0.31927 0.75644
vt 0.30433 0.75951
vt 0.32158 0.72742
vt 0.32055 0.72867
vt 0.3131 0.75179
vt 0.31245 0.72723
vt 0.30917 0.74409
vt 0.30751 0.73029
vt 0.30396 0.75643
vt 0.3055 0.72861
vt 0.29488 0.72731
vt 0.29725 0.73043
vt 0.27647 0.75839
vt 0.29915 0.74999
vt 0.28042 0.75191
vt 0.29083 0.72853
vt 0.28805 0.73026
vt 0.2883 0.73627
vt 0.77489 0.49492
vt 0.28714 0.72758
vt 0.27072 0.75952
vt 0.28556 0.7286
vt 0.27419 0.75641
vt 0.27596 0.73033
vt 0.27585 0.72853
vt 0.2708 0.73842
vt 0.27304 0.74682
vt 0.27424 0.72781
vt 0.27242 0.72867
vt 0.26523 0.73032
vt 0.7507 0.49481
vt 0.2659 0.75218
vt 0.26293 0.72811
vt 0.26196 0.72889
vt 0.25232 0.73494
vt 0.25021 0.74051
vt 0.25009 0.75189
vt 0.25063 0.72813
vt 0.24752 0.72881
vt 0.24766 0.75836
vt 0.24955 0.7565
vt 0.24708 0.73016
vt 0.22893 0.75952
vt 0.23701 0.75265
vt 0.23465 0.75656
vt 0.23355 0.73024
vt 0.23008 0.72798
vt 0.22443 0.74877
vt 0.22371 0.7584
vt 0.21879 0.7399
vt 0.22214 0.72899
vt 0.21974 0.72812
vt 0.21958 0.75652
vt 0.21052 0.7307
vt 0.18537 0.72876
vt 0.1961 0.75296
vt 0.2017 0.74034
vt 0.18565 0.73051
vt 0.18342 0.75952
vt 0.17764 0.72771
vt 0.18385 0.75845
vt 0.18506 0.75659
vt 0.18285 0.753
vt 0.16552 0.73021
vt 0.17118 0.74543
vt 0.15639 0.7525
vt 0.15298 0.72876
vt 0.15092 0.75669
vt 0.15152 0.75844
vt 0.14373 0.75307
vt 0.13954 0.72882
vt 0.61738 0.49386
vt 0.60125 0.49581
vt 0.04382 0.44377
vt 0.0442 0.44113
vt 0.04412 0.43549
vt 0.99485 0.34791
vt 0.37814 0.66336
vt 0.38003 0.67054
vt 0.37823 0.67178
vt 0.93034 0.49437
vt 0.83406 0.49228
vt 0.79871 0.49328
vt 0.77449 0.49325
vt 0.75086 0.49311
vt 0.72684 0.49306
vt 0.69422 0.49283
vt 0.66133 0.49259
vt 0.03992 0.66239
vt 0.04565 0.66229
vt 0.04344 0.66379
vt 0.03854 0.66372
vt 0.04269 0.66592
vt 0.03807 0.66617
vt 0.03811 0.67149
vt 0.03776 0.67242
vt 0.37491 0.66682
vt 0.37378 0.67077
vt 0.37135 0.67195
vt 0.37338 0.66204
vt 0.37101 0.66361
vt 0.37117 0.66683
vt 0.36986 0.66175
vt 0.36906 0.66243
vt 0.9218 0.49312
vt 0.87126 0.49144
vt 0.84025 0.49197
vt 0.80505 0.49237
vt 0.75414 0.49238
vt 0.67247 0.492
vt 0.63027 0.49191
vt 0.05061 0.66369
vt 0.0511 0.66207
vt 0.05343 0.66567
vt 0.04935 0.66582
vt 0.05099 0.67086
vt 0.04709 0.67099
vt 0.05172 0.67243
vt 0.60312 0.49459
vt 0.36937 0.67099
vt 0.36365 0.6635
vt 0.36604 0.66592
vt 0.36339 0.66872
vt 0.36272 0.67219
vt 0.36257 0.671
vt 0.36133 0.6619
vt 0.35804 0.66597
vt 0.35376 0.66351
vt 0.35536 0.67089
vt 0.35488 0.67205
vt 0.91403 0.49202
vt 0.89869 0.4912
vt 0.87797 0.49098
vt 0.83773 0.49144
vt 0.2777 0.67112
vt 0.27885 0.67239
vt 0.26922 0.67245
vt 0.27517 0.67313
vt 0.271 0.66378
vt 0.28043 0.66652
vt 0.27066 0.66617
vt 0.26986 0.67112
vt 0.25063 0.6622
vt 0.25158 0.66382
vt 0.2521 0.67107
vt 0.24077 0.67252
vt 0.24609 0.67296
vt 0.24362 0.66626
vt 0.24179 0.66385
vt 0.23887 0.6623
vt 0.24065 0.66889
vt 0.23677 0.67126
vt 0.2164 0.66384
vt 0.21835 0.66613
vt 0.21921 0.66232
vt 0.21971 0.66891
vt 0.20083 0.67249
vt 0.19492 0.67306
vt 0.19866 0.67118
vt 0.18708 0.66604
vt 0.18261 0.6623
vt 0.18625 0.66868
vt 0.18368 0.6638
vt 0.17939 0.67251
vt 0.16237 0.67132
vt 0.16332 0.66886
vt 0.14806 0.6661
vt 0.15625 0.6726
vt 0.1458 0.66227
vt 0.14479 0.66373
vt 0.11278 0.67308
vt 0.11308 0.66877
vt 0.10846 0.67256
vt 0.1139 0.66364
vt 0.11229 0.66216
vt 0.11158 0.67132
vt 0.11277 0.66596
vt 0.10241 0.6636
vt 0.10289 0.66589
vt 0.10164 0.6688
vt 0.0722 0.6713
vt 0.07039 0.67313
vt 0.07086 0.67261
vt 0.06777 0.66575
vt 0.06799 0.66858
vt 0.06889 0.66355
vt 0.0629 0.67129
vt 0.06089 0.66351
vt 0.05931 0.67262
vt 0.05928 0.66577
vt 0.05834 0.66875
vt 0.05605 0.67122
vt 0.33958 0.67225
vt 0.34176 0.66366
vt 0.34546 0.66598
vt 0.34309 0.671
vt 0.33765 0.66605
vt 0.33717 0.67108
vt 0.32164 0.67122
vt 0.32315 0.66367
vt 0.32131 0.66222
vt 0.32189 0.66618
vt 0.31894 0.67235
vt 0.29893 0.66895
vt 0.29837 0.67131
vt 0.29831 0.66627
vt 0.29114 0.66379
usemtl mat0
f 1/1 2/1 2/1
f 3/1 3/1 4/1
f 5/2 6/3 7/4
f 6/3 8/5 9/6
f 10/7 11/8 8/5
f 4/1 2/1 2/1
f 12/1 3/1 3/1
f 13/9 14/10 15/11
f 16/12 17/13 18/14
f 19/15 20/16 21/17
f 22/18 23/19 20/16
f 24/20 22/18 20/16
f 24/20 20/16 25/21
f 26/22 24/20 25/21
f 26/22 25/21 14/10
f 27/23 26/22 14/10
f 13/9 27/23 14/10
f 20/16 23/19 21/17
f 28/24 16/12 18/14
f 17/13 16/12 29/25
f 18/14 30/26 28/24
f 31/27 32/28 33/29
f 34/30 35/31 36/32
f 37/33 38/34 39/35
f 40/36 41/37 42/38
f 38/34 43/39 44/40
f 45/41 46/42 38/34
f 47/43 48/44 41/37
f 49/45 50/46 41/37
f 51/47 52/48 53/49
f 54/50 39/35 46/42
f 55/51 54/50 56/52
f 57/53 58/54 59/55
f 60/56 61/57 62/58
f 43/39 63/59 64/60
f 37/33 63/59 38/34
f 39/35 54/50 55/51
f 48/44 35/31 34/30
f 47/43 41/37 50/46
f 54/50 36/32 56/52
f 34/30 46/42 45/41
f 65/61 52/48 51/47
f 38/34 63/59 43/39
f 34/30 41/37 48/44
f 38/34 46/42 39/35
f 42/38 45/41 38/34
f 42/38 44/40 66/62
f 67/63 68/64 69/65
f 70/66 71/67 72/68
f 58/54 73/69 59/55
f 40/36 42/38 66/62
f 56/52 36/32 74/70
f 41/37 45/41 42/38
f 46/42 34/30 54/50
f 49/45 41/37 40/36
f 75/71 44/40 43/39
f 41/37 34/30 45/41
f 44/40 75/71 66/62
f 54/50 34/30 36/32
f 44/40 42/38 38/34
f 69/65 68/64 76/72
f 77/73 78/74 79/75
f 80/76 81/77 82/78
f 83/79 84/80 85/81
f 86/82 87/83 88/84
f 86/82 88/84 89/85
f 84/80 86/82 89/85
f 90/86 85/81 84/80
f 90/86 84/80 89/85
f 91/87 92/88 93/89
f 92/88 94/90 93/89
f 95/91 96/92 97/93
f 95/91 98/94 96/92
f 99/95 100/96 101/97
f 99/95 102/98 100/96
f 103/99 104/100 105/101
f 106/102 107/103 108/104
f 106/102 109/105 110/106
f 108/104 107/103 111/107
f 112/108 113/109 114/110
f 106/102 115/111 107/103
f 106/102 110/106 115/111
f 111/107 116/112 117/113
f 117/113 116/112 112/108
f 107/103 116/112 111/107
f 116/112 118/114 112/108
f 112/108 118/114 113/109
f 116/112 119/115 118/114
f 119/115 120/116 113/109
f 118/114 119/115 113/109
f 107/103 121/117 116/112
f 116/112 121/117 119/115
f 115/111 110/106 122/118
f 115/111 123/119 107/103
f 107/103 123/119 121/117
f 115/111 124/120 123/119
f 115/111 122/118 124/120
f 121/117 125/121 119/115
f 119/115 126/122 120/116
f 120/116 126/122 127/123
f 124/120 128/124 123/119
f 123/119 128/124 121/117
f 119/115 125/121 126/122
f 122/118 129/125 124/120
f 121/117 130/126 125/121
f 128/124 131/127 121/117
f 121/117 131/127 130/126
f 124/120 132/128 128/124
f 124/120 129/125 132/128
f 125/121 130/126 126/122
f 132/128 133/129 128/124
f 128/124 133/129 131/127
f 126/122 134/130 127/123
f 132/128 129/125 135/131
f 131/127 136/132 130/126
f 130/126 136/132 126/122
f 136/132 137/133 126/122
f 126/122 137/133 134/130
f 132/128 138/134 133/129
f 133/129 138/134 139/135
f 133/129 139/135 131/127
f 131/127 139/135 136/132
f 132/128 140/136 138/134
f 132/128 135/131 140/136
f 139/135 141/137 136/132
f 138/134 142/138 139/135
f 139/135 142/138 141/137
f 136/132 141/137 137/133
f 140/136 143/139 138/134
f 138/134 143/139 142/138
f 141/137 144/140 137/133
f 145/141 146/142 147/143
f 137/133 148/144 134/130
f 144/140 149/145 137/133
f 137/133 149/145 148/144
f 142/138 150/146 141/137
f 141/137 150/146 144/140
f 143/139 150/146 142/138
f 140/136 151/147 143/139
f 143/139 151/147 150/146
f 140/136 152/148 151/147
f 145/141 147/143 153/149
f 150/146 154/150 144/140
f 144/140 154/150 149/145
f 154/150 155/151 149/145
f 155/151 156/152 148/144
f 149/145 155/151 148/144
f 151/147 157/153 150/146
f 150/146 157/153 154/150
f 153/149 147/143 158/154
f 157/153 159/155 154/150
f 152/148 160/156 151/147
f 151/147 160/156 157/153
f 154/150 159/155 155/151
f 160/156 161/157 157/153
f 157/153 161/157 159/155
f 159/155 162/158 155/151
f 161/157 163/159 159/155
f 159/155 163/159 162/158
f 152/148 164/160 160/156
f 160/156 164/160 163/159
f 160/156 163/159 161/157
f 162/158 165/161 155/151
f 155/151 165/161 156/152
f 152/148 166/162 164/160
f 158/154 167/163 168/164
f 153/149 158/154 168/164
f 166/162 169/165 164/160
f 168/164 167/163 170/166
f 163/159 171/167 162/158
f 162/158 172/168 165/161
f 169/165 173/169 164/160
f 170/166 167/163 174/170
f 173/169 171/167 163/159
f 164/160 173/169 163/159
f 171/167 175/171 162/158
f 162/158 175/171 172/168
f 176/172 177/173 173/169
f 169/165 176/172 173/169
f 169/165 178/174 176/172
f 173/169 177/173 179/175
f 173/169 179/175 171/167
f 171/167 179/175 180/176
f 171/167 180/176 175/171
f 180/176 181/177 175/171
f 181/177 182/178 172/168
f 175/171 181/177 172/168
f 183/179 184/180 185/181
f 186/182 184/180 183/179
f 187/183 188/184 189/185
f 190/186 191/187 192/188
f 193/189 190/186 194/190
f 195/191 196/192 190/186
f 190/186 192/188 195/191
f 196/192 197/193 194/190
f 190/186 196/192 194/190
f 194/190 197/193 187/183
f 187/183 197/193 198/194
f 187/183 198/194 188/184
f 198/194 199/195 188/184
f 200/196 201/197 202/198
f 196/192 203/199 197/193
f 195/191 204/200 196/192
f 202/198 201/197 205/201
f 203/199 206/202 197/193
f 197/193 206/202 198/194
f 206/202 207/203 198/194
f 207/203 208/204 199/195
f 198/194 207/203 199/195
f 209/205 210/206 211/207
f 204/200 108/104 196/192
f 196/192 108/104 203/199
f 108/104 111/107 203/199
f 203/199 111/107 206/202
f 111/107 117/113 206/202
f 206/202 117/113 207/203
f 201/197 212/208 205/201
f 117/113 112/108 207/203
f 112/108 114/110 208/204
f 207/203 112/108 208/204
f 209/205 213/209 210/206
f 204/200 109/105 108/104
f 205/201 212/208 214/210
f 214/210 212/208 215/211
f 212/208 216/212 215/211
f 217/213 218/214 210/206
f 215/211 216/212 219/215
f 219/215 216/212 220/216
f 219/215 220/216 221/217
f 220/216 222/218 221/217
f 221/217 222/218 146/142
f 146/142 222/218 223/219
f 146/142 223/219 147/143
f 223/219 224/220 147/143
f 147/143 224/220 158/154
f 224/220 225/221 158/154
f 158/154 225/221 226/222
f 158/154 226/222 167/163
f 167/163 226/222 227/223
f 167/163 227/223 174/170
f 174/170 227/223 228/224
f 227/223 229/225 228/224
f 230/226 231/227 232/228
f 176/172 233/229 177/173
f 228/224 229/225 234/230
f 233/229 235/231 177/173
f 177/173 235/231 236/232
f 177/173 236/232 179/175
f 179/175 236/232 180/176
f 180/176 237/233 181/177
f 181/177 237/233 182/178
f 231/227 238/234 232/228
f 234/230 229/225 239/235
f 236/232 240/236 180/176
f 180/176 240/236 237/233
f 237/233 241/237 182/178
f 233/229 242/238 235/231
f 235/231 242/238 236/232
f 242/238 243/239 236/232
f 236/232 243/239 240/236
f 237/233 244/240 241/237
f 234/230 239/235 245/241
f 243/239 246/242 237/233
f 240/236 243/239 237/233
f 237/233 246/242 244/240
f 233/229 247/243 242/238
f 244/240 248/244 241/237
f 247/243 249/245 242/238
f 242/238 249/245 250/246
f 242/238 250/246 251/247
f 242/238 251/247 243/239
f 243/239 251/247 246/242
f 251/247 252/248 246/242
f 252/248 253/249 244/240
f 246/242 252/248 244/240
f 254/250 255/251 256/252
f 254/250 257/253 258/254
f 254/250 259/255 255/251
f 255/251 260/256 256/252
f 256/252 260/256 261/257
f 261/257 260/256 185/181
f 261/257 185/181 262/258
f 254/250 263/259 259/255
f 254/250 258/254 263/259
f 264/260 265/261 266/262
f 255/251 183/179 260/256
f 260/256 183/179 185/181
f 263/259 267/263 268/264
f 263/259 268/264 259/255
f 266/262 265/261 269/265
f 268/264 186/182 255/251
f 259/255 268/264 255/251
f 255/251 186/182 183/179
f 265/261 270/266 200/196
f 269/265 265/261 200/196
f 270/266 271/267 200/196
f 200/196 271/267 201/197
f 271/267 272/268 201/197
f 272/268 273/269 201/197
f 201/197 273/269 212/208
f 212/208 273/269 216/212
f 216/212 273/269 274/270
f 216/212 274/270 220/216
f 274/270 275/271 220/216
f 220/216 275/271 276/272
f 220/216 276/272 222/218
f 222/218 276/272 277/273
f 222/218 277/273 223/219
f 223/219 277/273 278/274
f 223/219 278/274 224/220
f 224/220 278/274 279/275
f 224/220 279/275 225/221
f 279/275 280/276 225/221
f 225/221 280/276 226/222
f 280/276 281/277 226/222
f 226/222 281/277 227/223
f 227/223 281/277 282/278
f 227/223 282/278 283/279
f 227/223 283/279 229/225
f 229/225 283/279 239/235
f 239/235 283/279 284/280
f 239/235 284/280 285/281
f 239/235 285/281 245/241
f 245/241 285/281 286/282
f 286/282 285/281 287/283
f 288/284 289/285 250/246
f 249/245 288/284 250/246
f 286/282 287/283 290/286
f 250/246 289/285 291/287
f 250/246 291/287 251/247
f 251/247 291/287 252/248
f 244/240 253/249 248/244
f 253/249 292/288 248/244
f 288/284 293/289 289/285
f 287/283 294/290 290/286
f 289/285 293/289 295/291
f 289/285 295/291 291/287
f 252/248 296/292 253/249
f 253/249 296/292 292/288
f 295/291 297/293 252/248
f 291/287 295/291 252/248
f 252/248 297/293 296/292
f 298/294 299/295 300/296
f 300/296 299/295 301/297
f 301/297 261/257 302/298
f 302/298 261/257 303/299
f 298/294 257/253 299/295
f 304/300 305/301 306/302
f 299/295 256/252 301/297
f 301/297 256/252 261/257
f 261/257 307/303 303/299
f 257/253 254/250 299/295
f 305/301 308/304 306/302
f 308/304 309/305 264/260
f 306/302 308/304 264/260
f 264/260 309/305 265/261
f 309/305 310/306 265/261
f 265/261 310/306 270/266
f 310/306 311/307 271/267
f 270/266 310/306 271/267
f 271/267 311/307 312/308
f 271/267 312/308 272/268
f 272/268 312/308 273/269
f 273/269 312/308 313/309
f 273/269 313/309 274/270
f 274/270 313/309 314/310
f 274/270 314/310 315/311
f 274/270 315/311 275/271
f 275/271 315/311 316/312
f 275/271 316/312 276/272
f 316/312 317/313 276/272
f 276/272 317/313 277/273
f 277/273 317/313 318/314
f 318/314 319/315 278/274
f 277/273 318/314 278/274
f 278/274 319/315 279/275
f 319/315 320/316 279/275
f 279/275 320/316 321/317
f 279/275 321/317 280/276
f 280/276 321/317 281/277
f 281/277 321/317 322/318
f 322/318 323/319 282/278
f 281/277 322/318 282/278
f 282/278 323/319 283/279
f 323/319 324/320 283/279
f 324/320 325/321 283/279
f 283/279 325/321 284/280
f 284/280 325/321 285/281
f 325/321 326/322 285/281
f 285/281 326/322 327/323
f 285/281 327/323 287/283
f 287/283 327/323 328/324
f 287/283 328/324 294/290
f 329/325 293/289 288/284
f 294/290 328/324 330/326
f 297/293 331/327 296/292
f 296/292 331/327 332/328
f 296/292 332/328 292/288
f 333/329 334/330 293/289
f 329/325 333/329 293/289
f 294/290 330/326 335/331
f 293/289 334/330 336/332
f 293/289 336/332 295/291
f 336/332 337/333 297/293
f 295/291 336/332 297/293
f 297/293 337/333 331/327
f 337/333 332/328 331/327
f 300/296 301/297 338/334
f 338/334 301/297 302/298
f 338/334 302/298 339/335
f 302/298 303/299 340/336
f 339/335 302/298 340/336
f 341/337 298/294 300/296
f 342/338 343/339 304/300
f 343/339 344/340 305/301
f 304/300 343/339 305/301
f 344/340 345/341 305/301
f 305/301 345/341 308/304
f 345/341 346/342 309/305
f 308/304 345/341 309/305
f 309/305 346/342 347/343
f 309/305 347/343 310/306
f 310/306 347/343 348/344
f 310/306 348/344 311/307
f 348/344 349/345 350/346
f 350/346 351/347 352/348
f 352/348 351/347 353/349
f 352/348 353/349 354/350
f 354/350 353/349 355/351
f 354/350 355/351 356/352
f 355/351 357/353 356/352
f 356/352 357/353 358/354
f 357/353 359/355 358/354
f 358/354 359/355 360/356
f 358/354 360/356 361/357
f 361/357 360/356 362/358
f 362/358 363/359 364/360
f 364/360 363/359 365/361
f 363/359 366/362 365/361
f 365/361 366/362 367/363
f 365/361 367/363 368/364
f 368/364 367/363 369/365
f 369/365 370/366 368/364
f 368/364 370/366 371/367
f 371/367 370/366 372/368
f 371/367 372/368 373/369
f 372/368 374/370 373/369
f 373/369 374/370 375/371
f 375/371 374/370 376/372
f 375/371 376/372 377/373
f 377/373 376/372 378/374
f 377/373 378/374 379/375
f 378/374 380/376 379/375
f 379/375 380/376 381/377
f 326/322 382/378 327/323
f 382/378 383/379 328/324
f 327/323 382/378 328/324
f 328/324 383/379 384/380
f 328/324 384/380 330/326
f 330/326 384/380 385/381
f 330/326 385/381 335/331
f 333/329 386/382 334/330
f 335/331 385/381 387/383
f 335/331 387/383 388/384
f 334/330 389/385 336/332
f 389/385 390/386 337/333
f 336/332 389/385 337/333
f 337/333 390/386 332/328
f 391/387 338/334 392/388
f 392/388 338/334 339/335
f 339/335 340/336 393/389
f 392/388 339/335 393/389
f 394/390 341/337 395/391
f 394/390 395/391 396/392
f 397/393 398/394 342/338
f 394/390 399/395 341/337
f 395/391 338/334 391/387
f 396/392 395/391 391/387
f 398/394 400/396 343/339
f 342/338 398/394 343/339
f 400/396 401/397 344/340
f 343/339 400/396 344/340
f 344/340 401/397 345/341
f 345/341 401/397 402/398
f 345/341 402/398 346/342
f 346/342 402/398 403/399
f 403/399 404/400 405/401
f 405/401 404/400 406/402
f 405/401 406/402 349/345
f 349/345 406/402 350/346
f 350/346 406/402 407/403
f 350/346 407/403 351/347
f 407/403 408/404 351/347
f 351/347 408/404 353/349
f 353/349 408/404 355/351
f 408/404 409/405 355/351
f 355/351 409/405 357/353
f 357/353 409/405 410/406
f 357/353 410/406 359/355
f 359/355 410/406 360/356
f 410/406 411/407 360/356
f 360/356 411/407 362/358
f 362/358 411/407 412/408
f 362/358 412/408 363/359
f 363/359 412/408 413/409
f 363/359 413/409 366/362
f 372/368 414/410 415/411
f 372/368 415/411 374/370
f 374/370 415/411 416/412
f 374/370 416/412 376/372
f 376/372 417/413 378/374
f 378/374 417/413 418/414
f 378/374 418/414 380/376
f 380/376 418/414 381/377
f 381/377 418/414 419/415
f 381/377 419/415 420/416
f 419/415 421/417 420/416
f 420/416 421/417 422/418
f 383/379 423/419 384/380
f 384/380 423/419 424/420
f 384/380 424/420 385/381
f 385/381 424/420 425/421
f 385/381 425/421 387/383
f 386/382 426/422 334/330
f 388/384 387/383 427/423
f 386/382 428/424 426/422
f 334/330 426/422 429/425
f 334/330 429/425 389/385
f 389/385 429/425 390/386
f 390/386 430/426 332/328
f 428/424 431/427 426/422
f 429/425 432/428 390/386
f 390/386 432/428 430/426
f 394/390 433/429 399/395
f 434/430 392/388 435/431
f 392/388 393/389 436/432
f 435/431 392/388 436/432
f 437/433 438/434 400/396
f 398/394 437/433 400/396
f 400/396 438/434 401/397
f 439/435 440/436 441/437
f 440/436 442/438 403/399
f 441/437 440/436 403/399
f 403/399 442/438 404/400
f 442/438 443/439 404/400
f 404/400 443/439 406/402
f 406/402 443/439 444/440
f 406/402 444/440 407/403
f 407/403 444/440 445/441
f 407/403 445/441 408/404
f 408/404 445/441 446/442
f 446/442 447/443 408/404
f 408/404 447/443 409/405
f 447/443 448/444 409/405
f 409/405 448/444 410/406
f 448/444 449/445 410/406
f 410/406 449/445 411/407
f 411/407 449/445 450/446
f 450/446 451/447 411/407
f 411/407 451/447 412/408
f 451/447 452/448 412/408
f 412/408 452/448 413/409
f 413/409 452/448 453/449
f 413/409 453/449 366/362
f 366/362 453/449 367/363
f 367/363 453/449 369/365
f 453/449 454/450 369/365
f 369/365 454/450 370/366
f 370/366 454/450 414/410
f 370/366 414/410 372/368
f 376/372 416/412 417/413
f 419/415 455/451 421/417
f 455/451 456/452 422/418
f 421/417 455/451 422/418
f 422/418 456/452 457/453
f 456/452 458/454 457/453
f 423/419 459/455 424/420
f 459/455 460/456 425/421
f 424/420 459/455 425/421
f 387/383 425/421 461/457
f 387/383 461/457 427/423
f 431/427 462/458 426/422
f 426/422 462/458 463/459
f 426/422 463/459 429/425
f 429/425 463/459 464/460
f 429/425 464/460 432/428
f 432/428 464/460 465/461
f 432/428 465/461 430/426
f 433/429 466/462 399/395
f 434/430 435/431 467/463
f 467/463 435/431 468/464
f 468/464 435/431 436/432
f 469/465 437/433 398/394
f 397/393 469/465 398/394
f 470/466 471/467 472/468
f 471/467 473/469 472/468
f 472/468 473/469 474/470
f 475/471 471/467 470/466
f 471/467 476/472 473/469
f 437/433 477/473 438/434
f 438/434 478/474 479/475
f 475/471 480/476 471/467
f 473/469 476/472 481/477
f 473/469 481/477 474/470
f 479/475 478/474 482/478
f 475/471 483/479 480/476
f 475/471 484/480 483/479
f 480/476 485/481 471/467
f 482/478 486/482 439/435
f 479/475 482/478 439/435
f 471/467 485/481 476/472
f 439/435 486/482 440/436
f 483/479 487/483 480/476
f 480/476 488/484 485/481
f 476/472 489/485 481/477
f 440/436 486/482 443/439
f 440/436 443/439 442/438
f 487/483 488/484 480/476
f 485/481 489/485 476/472
f 489/485 490/486 481/477
f 488/484 489/485 485/481
f 491/487 492/488 488/484
f 488/484 492/488 489/485
f 489/485 493/489 490/486
f 490/486 493/489 494/490
f 489/485 495/491 493/489
f 492/488 495/491 489/485
f 492/488 496/492 495/491
f 496/492 497/493 495/491
f 491/487 496/492 492/488
f 495/491 497/493 493/489
f 497/493 498/494 493/489
f 445/441 499/495 446/442
f 496/492 500/496 497/493
f 497/493 500/496 498/494
f 500/496 501/497 498/494
f 446/442 502/498 447/443
f 447/443 502/498 448/444
f 448/444 502/498 503/499
f 448/444 503/499 449/445
f 503/499 450/446 449/445
f 414/410 454/450 504/500
f 504/500 505/501 414/410
f 414/410 505/501 415/411
f 505/501 416/412 415/411
f 416/412 506/502 417/413
f 417/413 506/502 418/414
f 455/451 507/503 456/452
f 456/452 507/503 458/454
f 507/503 508/504 458/454
f 508/504 509/505 460/456
f 458/454 508/504 460/456
f 425/421 460/456 510/506
f 425/421 510/506 461/457
f 427/423 461/457 511/507
f 428/424 512/508 431/427
f 513/509 514/510 515/511
f 512/508 516/512 431/427
f 431/427 516/512 462/458
f 462/458 517/513 463/459
f 463/459 517/513 464/460
f 464/460 518/514 465/461
f 514/510 519/515 515/511
f 466/462 520/516 521/517
f 521/517 520/516 467/463
f 522/518 467/463 468/464
f 523/519 469/465 397/393
f 524/520 523/519 397/393
f 525/521 472/468 526/522
f 469/465 527/523 477/473
f 469/465 477/473 437/433
f 528/524 529/525 475/471
f 530/526 531/527 532/528
f 533/529 530/526 532/528
f 528/524 475/471 470/466
f 529/525 484/480 475/471
f 534/530 535/531 536/532
f 534/530 536/532 537/533
f 538/534 539/535 540/536
f 541/537 542/538 482/478
f 478/474 541/537 482/478
f 543/539 483/479 484/480
f 544/540 536/532 545/541
f 544/540 545/541 546/542
f 482/478 542/538 486/482
f 547/543 487/483 483/479
f 548/544 545/541 549/545
f 539/535 550/546 551/547
f 486/482 542/538 443/439
f 547/543 552/548 487/483
f 548/544 549/545 553/549
f 552/548 488/484 487/483
f 549/545 554/550 553/549
f 443/439 555/551 444/440
f 556/552 491/487 488/484
f 552/548 556/552 488/484
f 553/549 554/550 557/553
f 555/551 445/441 444/440
f 554/550 558/554 557/553
f 494/490 559/555 560/556
f 561/557 562/558 491/487
f 556/552 561/557 491/487
f 557/553 558/554 563/559
f 559/555 564/560 560/556
f 562/558 496/492 491/487
f 558/554 565/561 563/559
f 559/555 501/497 564/560
f 562/558 566/562 496/492
f 501/497 567/563 564/560
f 496/492 566/562 500/496
f 561/557 568/564 562/558
f 563/559 565/561 569/565
f 566/562 570/566 500/496
f 499/495 502/498 446/442
f 500/496 570/566 501/497
f 569/565 565/561 571/567
f 562/558 572/568 566/562
f 572/568 570/566 566/562
f 571/567 573/569 569/565
f 570/566 574/570 501/497
f 501/497 574/570 567/563
f 572/568 575/571 570/566
f 568/564 572/568 562/558
f 570/566 576/572 574/570
f 574/570 577/573 567/563
f 575/571 576/572 570/566
f 568/564 578/574 572/568
f 568/564 579/575 578/574
f 572/568 580/576 575/571
f 578/574 580/576 572/568
f 580/576 581/577 575/571
f 575/571 582/578 576/572
f 579/575 583/579 578/574
f 578/574 584/580 580/576
f 578/574 583/579 584/580
f 581/577 582/578 575/571
f 582/578 585/581 576/572
f 576/572 585/581 574/570
f 574/570 586/582 577/573
f 503/499 587/583 450/446
f 582/578 581/577 588/584
f 580/576 584/580 581/577
f 585/581 586/582 574/570
f 584/580 589/585 581/577
f 581/577 589/585 590/586
f 581/577 590/586 588/584
f 582/578 588/584 585/581
f 585/581 591/587 586/582
f 587/583 451/447 450/446
f 451/447 592/588 452/448
f 452/448 592/588 593/589
f 593/589 594/590 452/448
f 452/448 594/590 453/449
f 594/590 595/591 453/449
f 453/449 595/591 454/450
f 454/450 595/591 504/500
f 505/501 596/592 416/412
f 596/592 506/502 416/412
f 506/502 597/593 418/414
f 418/414 597/593 419/415
f 419/415 597/593 455/451
f 455/451 597/593 507/503
f 507/503 598/594 508/504
f 508/504 598/594 509/505
f 598/594 599/595 509/505
f 509/505 599/595 510/506
f 461/457 510/506 600/596
f 461/457 600/596 511/507
f 512/508 601/597 516/512
f 516/512 601/597 602/598
f 516/512 602/598 462/458
f 462/458 602/598 517/513
f 517/513 603/599 464/460
f 603/599 604/600 518/514
f 464/460 603/599 518/514
f 605/601 466/462 521/517
f 606/602 523/519 524/520
f 607/603 527/523 469/465
f 523/519 607/603 469/465
f 608/604 541/537 478/474
f 609/605 608/604 478/474
f 536/532 610/606 545/541
f 545/541 610/606 611/607
f 611/607 612/608 549/545
f 545/541 611/607 549/545
f 542/538 613/609 443/439
f 612/608 614/610 549/545
f 443/439 613/609 555/551
f 549/545 614/610 615/611
f 549/545 615/611 554/550
f 554/550 615/611 558/554
f 558/554 615/611 616/612
f 445/441 555/551 499/495
f 558/554 616/612 565/561
f 565/561 616/612 617/613
f 565/561 617/613 571/567
f 502/498 499/495 618/614
f 619/615 573/569 571/567
f 618/614 587/583 502/498
f 619/615 620/616 573/569
f 619/615 621/617 620/616
f 502/498 587/583 503/499
f 620/616 621/617 622/618
f 620/616 623/619 573/569
f 620/616 622/618 624/620
f 620/616 625/621 623/619
f 620/616 624/620 625/621
f 624/620 626/622 625/621
f 625/621 626/622 623/619
f 627/623 589/585 584/580
f 583/579 627/623 584/580
f 623/619 626/622 628/624
f 629/625 630/626 631/627
f 631/627 630/626 632/628
f 632/628 630/626 633/629
f 632/628 633/629 634/630
f 633/629 635/631 634/630
f 634/630 635/631 636/632
f 634/630 636/632 637/633
f 637/633 636/632 638/634
f 637/633 638/634 639/635
f 638/634 640/636 639/635
f 640/636 641/637 639/635
f 639/635 641/637 642/638
f 641/637 643/639 642/638
f 642/638 643/639 644/640
f 645/641 589/585 627/623
f 586/582 591/587 646/642
f 451/447 587/583 592/588
f 629/625 647/643 630/626
f 643/639 648/644 644/640
f 644/640 649/645 645/641
f 644/640 648/644 649/645
f 645/641 649/645 650/646
f 645/641 650/646 589/585
f 650/646 651/647 589/585
f 590/586 652/648 588/584
f 652/648 653/649 588/584
f 588/584 653/649 585/581
f 653/649 654/650 585/581
f 585/581 654/650 591/587
f 647/643 655/651 630/626
f 630/626 655/651 633/629
f 636/632 635/631 656/652
f 589/585 657/653 590/586
f 654/650 658/654 591/587
f 591/587 658/654 646/642
f 659/655 640/636 638/634
f 640/636 660/656 641/637
f 643/639 661/657 648/644
f 651/647 657/653 589/585
f 636/632 656/652 662/658
f 638/634 662/658 659/655
f 660/656 663/659 641/637
f 641/637 661/657 643/639
f 650/646 664/660 651/647
f 650/646 649/645 664/660
f 590/586 657/653 652/648
f 652/648 665/661 653/649
f 665/661 666/662 653/649
f 659/655 660/656 640/636
f 651/647 664/660 657/653
f 663/659 661/657 641/637
f 654/650 667/663 658/654
f 668/664 669/665 670/666
f 668/664 670/666 671/667
f 662/658 672/668 659/655
f 649/645 673/669 664/660
f 657/653 665/661 652/648
f 666/662 674/670 654/650
f 653/649 666/662 654/650
f 654/650 674/670 667/663
f 663/659 675/671 661/657
f 664/660 676/672 657/653
f 676/672 677/673 657/653
f 661/657 675/671 648/644
f 657/653 677/673 665/661
f 665/661 677/673 666/662
f 648/644 675/671 678/674
f 673/669 676/672 664/660
f 663/659 679/675 675/671
f 666/662 680/676 674/670
f 674/670 680/676 667/663
f 655/651 681/677 682/678
f 677/673 683/679 666/662
f 666/662 684/680 680/676
f 685/681 686/682 672/668
f 672/668 686/682 687/683
f 679/675 688/684 675/671
f 673/669 689/685 676/672
f 676/672 689/685 677/673
f 666/662 683/679 684/680
f 680/676 690/686 667/663
f 669/665 691/687 670/666
f 682/678 681/677 692/688
f 692/688 686/682 685/681
f 672/668 687/683 679/675
f 689/685 683/679 677/673
f 679/675 687/683 688/684
f 693/689 694/690 695/691
f 696/692 697/693 698/694
f 695/691 699/695 681/677
f 696/692 698/694 700/696
f 700/696 698/694 701/697
f 681/677 699/695 692/688
f 692/688 699/695 686/682
f 700/696 701/697 702/698
f 699/695 703/699 686/682
f 686/682 703/699 687/683
f 687/683 703/699 704/700
f 687/683 704/700 688/684
f 704/700 705/701 688/684
f 688/684 705/701 706/702
f 706/702 705/701 707/703
f 706/702 707/703 708/704
f 684/680 709/705 680/676
f 704/700 703/699 710/706
f 711/707 712/708 713/709
f 702/698 711/707 713/709
f 704/700 710/706 705/701
f 713/709 712/708 714/710
f 713/709 714/710 715/711
f 715/711 714/710 716/712
f 689/685 717/713 683/679
f 683/679 718/714 684/680
f 684/680 718/714 709/705
f 709/705 719/715 680/676
f 719/715 720/716 690/686
f 680/676 719/715 690/686
f 721/717 722/718 689/685
f 689/685 722/718 717/713
f 721/717 723/719 722/718
f 724/720 725/721 726/722
f 717/713 727/723 683/679
f 683/679 727/723 718/714
f 722/718 728/724 717/713
f 717/713 728/724 727/723
f 726/722 725/721 729/725
f 727/723 730/726 718/714
f 709/705 731/727 719/715
f 719/715 731/727 720/716
f 723/719 732/728 722/718
f 722/718 732/728 728/724
f 730/726 733/729 709/705
f 718/714 730/726 709/705
f 709/705 733/729 731/727
f 732/728 734/730 728/724
f 728/724 734/730 727/723
f 727/723 734/730 730/726
f 723/719 735/731 732/728
f 726/722 729/725 736/732
f 731/727 737/733 720/716
f 734/730 738/734 730/726
f 732/728 739/735 734/730
f 735/731 740/736 739/735
f 735/731 739/735 732/728
f 734/730 739/735 738/734
f 738/734 741/737 730/726
f 730/726 741/737 733/729
f 738/734 742/738 741/737
f 733/729 741/737 731/727
f 743/739 744/740 745/741
f 731/727 746/742 737/733
f 740/736 747/743 739/735
f 739/735 747/743 738/734
f 741/737 748/744 731/727
f 731/727 748/744 746/742
f 736/732 749/745 750/746
f 747/743 742/738 738/734
f 735/731 747/743 740/736
f 751/747 742/738 747/743
f 735/731 752/748 747/743
f 736/732 750/746 753/749
f 741/737 754/750 748/744
f 748/744 754/750 746/742
f 753/749 750/746 755/751
f 754/750 756/752 746/742
f 751/747 757/753 742/738
f 741/737 758/754 754/750
f 742/738 757/753 758/754
f 742/738 758/754 741/737
f 752/748 759/755 747/743
f 753/749 755/751 760/756
f 755/751 761/757 760/756
f 747/743 759/755 762/758
f 747/743 762/758 751/747
f 751/747 762/758 757/753
f 757/753 763/759 758/754
f 758/754 764/760 754/750
f 764/760 765/761 756/752
f 754/750 764/760 756/752
f 766/762 767/763 759/755
f 760/756 761/757 768/764
f 759/755 767/763 762/758
f 762/758 763/759 757/753
f 758/754 763/759 769/765
f 758/754 769/765 764/760
f 761/757 770/766 768/764
f 767/763 771/767 762/758
f 762/758 771/767 763/759
f 763/759 772/768 769/765
f 769/765 772/768 773/769
f 774/770 771/767 767/763
f 766/762 774/770 767/763
f 768/764 770/766 775/771
f 771/767 772/768 763/759
f 769/765 773/769 776/772
f 769/765 776/772 764/760
f 764/760 776/772 765/761
f 770/766 777/773 775/771
f 774/770 778/774 771/767
f 776/772 779/775 765/761
f 772/768 780/776 773/769
f 778/774 781/777 771/767
f 771/767 781/777 772/768
f 780/776 782/778 776/772
f 773/769 780/776 776/772
f 776/772 782/778 779/775
f 774/770 783/779 778/774
f 775/771 777/773 784/780
f 781/777 780/776 772/768
f 783/779 785/781 778/774
f 778/774 785/781 781/777
f 781/777 786/782 780/776
f 786/782 787/783 780/776
f 780/776 787/783 782/778
f 782/778 788/784 779/775
f 784/780 777/773 789/785
f 784/780 789/785 790/786
f 781/777 785/781 786/782
f 787/783 791/787 782/778
f 782/778 791/787 788/784
f 597/593 598/594 507/503
f 783/779 792/788 785/781
f 792/788 793/789 785/781
f 793/789 786/782 785/781
f 789/785 794/790 790/786
f 792/788 795/791 796/792
f 792/788 796/792 793/789
f 786/782 797/793 787/783
f 787/783 797/793 798/794
f 787/783 798/794 791/787
f 791/787 799/795 788/784
f 598/594 800/796 599/595
f 796/792 801/797 793/789
f 793/789 801/797 786/782
f 801/797 797/793 786/782
f 798/794 802/798 791/787
f 796/792 803/799 801/797
f 804/800 805/801 806/802
f 804/800 806/802 807/803
f 797/793 801/797 808/804
f 801/797 809/805 808/804
f 797/793 808/804 798/794
f 808/804 810/806 798/794
f 798/794 810/806 802/798
f 800/796 811/807 599/595
f 510/506 812/808 600/596
f 511/507 600/596 813/809
f 511/507 813/809 814/810
f 602/598 815/811 517/513
f 517/513 815/811 603/599
f 603/599 815/811 816/812
f 603/599 817/813 604/600
f 603/599 816/812 817/813
f 818/814 819/815 820/816
f 820/816 819/815 821/817
f 821/817 822/818 823/819
f 824/820 607/603 523/519
f 606/602 824/820 523/519
f 825/821 826/822 527/523
f 607/603 825/821 527/523
f 527/523 826/822 827/823
f 609/605 827/823 828/824
f 609/605 828/824 608/604
f 828/824 829/825 541/537
f 608/604 828/824 541/537
f 530/526 830/826 531/527
f 541/537 829/825 542/538
f 542/538 829/825 613/609
f 615/611 831/827 832/828
f 615/611 832/828 616/612
f 555/551 833/829 499/495
f 616/612 834/830 617/613
f 617/613 834/830 621/617
f 618/614 835/831 587/583
f 836/832 837/833 838/834
f 836/832 838/834 839/835
f 838/834 840/836 839/835
f 839/835 840/836 841/837
f 841/837 842/838 839/835
f 839/835 842/838 843/839
f 843/839 842/838 844/840
f 844/840 842/838 845/841
f 844/840 845/841 846/842
f 844/840 846/842 847/843
f 846/842 848/844 847/843
f 847/843 848/844 849/845
f 847/843 849/845 850/846
f 850/846 849/845 851/847
f 851/847 849/845 852/848
f 852/848 853/849 851/847
f 851/847 853/849 854/850
f 854/850 853/849 855/851
f 855/851 631/627 854/850
f 856/852 857/853 858/854
f 858/854 859/855 860/856
f 861/857 862/858 863/859
f 864/860 863/859 865/861
f 626/622 866/862 628/624
f 626/622 867/863 866/862
f 868/864 869/865 870/866
f 869/865 871/867 837/833
f 870/866 869/865 837/833
f 837/833 871/867 838/834
f 841/837 872/868 842/838
f 842/838 873/869 845/841
f 846/842 874/870 848/844
f 848/844 874/870 849/845
f 587/583 875/871 592/588
f 872/868 876/872 842/838
f 873/869 877/873 845/841
f 845/841 877/873 878/874
f 845/841 878/874 846/842
f 874/870 879/875 849/845
f 849/845 879/875 852/848
f 880/876 881/877 838/834
f 841/837 876/872 872/868
f 882/878 883/879 842/838
f 876/872 882/878 842/838
f 883/879 873/869 842/838
f 873/869 884/880 877/873
f 838/834 871/867 880/876
f 884/880 885/881 877/873
f 877/873 886/882 878/874
f 874/870 887/883 879/875
f 879/875 888/884 852/848
f 852/848 888/884 889/885
f 889/885 890/886 853/849
f 853/849 890/886 855/851
f 855/851 890/886 629/625
f 891/887 892/888 868/864
f 838/834 881/877 840/836
f 633/629 656/652 635/631
f 636/632 662/658 638/634
f 840/836 893/889 841/837
f 885/881 886/882 877/873
f 846/842 894/890 874/870
f 890/886 895/891 629/625
f 633/629 896/892 656/652
f 648/644 673/669 649/645
f 841/837 897/893 876/872
f 897/893 882/878 876/872
f 648/644 678/674 673/669
f 892/888 898/894 868/864
f 868/864 898/894 869/865
f 841/837 893/889 897/893
f 883/879 899/895 873/869
f 878/874 900/896 846/842
f 874/870 894/890 901/897
f 874/870 901/897 887/883
f 879/875 902/898 888/884
f 889/885 888/884 890/886
f 629/625 895/891 647/643
f 659/655 672/668 660/656
f 869/865 903/899 871/867
f 871/867 903/899 904/900
f 883/879 882/878 899/895
f 873/869 899/895 884/880
f 886/882 900/896 878/874
f 900/896 905/901 846/842
f 846/842 905/901 894/890
f 888/884 906/902 890/886
f 633/629 655/651 896/892
f 660/656 672/668 663/659
f 881/877 893/889 840/836
f 884/880 899/895 885/881
f 885/881 907/903 886/882
f 894/890 908/904 901/897
f 908/904 909/905 901/897
f 901/897 909/905 887/883
f 879/875 887/883 902/898
f 890/886 906/902 910/906
f 890/886 910/906 895/891
f 896/892 685/681 656/652
f 898/894 903/899 869/865
f 871/867 904/900 880/876
f 880/876 911/907 881/877
f 899/895 912/908 885/881
f 907/903 913/909 886/882
f 894/890 905/901 908/904
f 888/884 902/898 914/910
f 888/884 914/910 906/902
f 647/643 895/891 655/651
f 655/651 682/678 896/892
f 904/900 911/907 880/876
f 882/878 897/893 915/911
f 882/878 916/912 899/895
f 912/908 907/903 885/881
f 887/883 917/913 902/898
f 682/678 685/681 896/892
f 910/906 693/689 895/891
f 895/891 681/677 655/651
f 656/652 685/681 662/658
f 662/658 685/681 672/668
f 672/668 679/675 663/659
f 915/911 916/912 882/878
f 909/905 917/913 887/883
f 892/888 918/914 898/894
f 911/907 919/915 881/877
f 881/877 919/915 893/889
f 919/915 915/911 893/889
f 893/889 915/911 897/893
f 916/912 920/916 899/895
f 899/895 920/916 912/908
f 886/882 913/909 900/896
f 905/901 921/917 908/904
f 921/917 917/913 909/905
f 908/904 921/917 909/905
f 906/902 922/918 910/906
f 693/689 681/677 895/891
f 904/900 923/919 911/907
f 911/907 923/919 919/915
f 915/911 924/920 916/912
f 916/912 924/920 920/916
f 907/903 925/921 913/909
f 913/909 926/922 900/896
f 900/896 926/922 921/917
f 900/896 921/917 905/901
f 914/910 922/918 906/902
f 922/918 693/689 910/906
f 682/678 692/688 685/681
f 675/671 706/702 678/674
f 898/894 927/923 903/899
f 927/923 928/924 903/899
f 903/899 928/924 904/900
f 904/900 928/924 923/919
f 920/916 925/921 912/908
f 912/908 925/921 907/903
f 925/921 926/922 913/909
f 921/917 929/925 917/913
f 917/913 929/925 902/898
f 902/898 929/925 914/910
f 681/677 693/689 695/691
f 678/674 706/702 708/704
f 678/674 708/704 673/669
f 708/704 689/685 673/669
f 918/914 927/923 898/894
f 918/914 930/926 927/923
f 919/915 923/919 931/927
f 919/915 931/927 915/911
f 920/916 924/920 925/921
f 932/928 933/929 934/930
f 927/923 930/926 928/924
f 932/928 934/930 935/931
f 935/931 934/930 936/932
f 934/930 937/933 936/932
f 928/924 938/934 923/919
f 937/933 939/935 936/932
f 938/934 940/936 931/927
f 923/919 938/934 931/927
f 936/932 939/935 941/937
f 939/935 942/938 941/937
f 931/927 940/936 915/911
f 940/936 943/939 915/911
f 941/937 942/938 944/940
f 915/911 943/939 924/920
f 944/940 942/938 945/941
f 924/920 943/939 925/921
f 943/939 946/942 925/921
f 944/940 945/941 947/943
f 947/943 945/941 948/944
f 947/943 948/944 949/945
f 925/921 946/942 950/946
f 947/943 949/945 951/947
f 925/921 950/946 926/922
f 949/945 952/948 951/947
f 926/922 950/946 921/917
f 921/917 950/946 953/949
f 951/947 952/948 954/950
f 952/948 955/951 954/950
f 954/950 955/951 956/952
f 921/917 953/949 929/925
f 954/950 956/952 957/953
f 929/925 953/949 958/954
f 954/950 957/953 959/955
f 929/925 958/954 914/910
f 959/955 957/953 960/956
f 914/910 958/954 922/918
f 959/955 960/956 961/957
f 922/918 958/954 694/690
f 959/955 961/957 697/693
f 922/918 694/690 693/689
f 697/693 961/957 698/694
f 698/694 962/958 701/697
f 962/958 963/959 701/697
f 701/697 711/707 702/698
f 701/697 963/959 711/707
f 711/707 963/959 964/960
f 711/707 964/960 712/708
f 964/960 965/961 712/708
f 712/708 965/961 966/962
f 712/708 966/962 714/710
f 966/962 967/963 714/710
f 716/712 714/710 968/964
f 707/703 969/965 708/704
f 714/710 967/963 970/966
f 714/710 970/966 968/964
f 708/704 969/965 689/685
f 971/967 725/721 724/720
f 969/965 721/717 689/685
f 971/967 972/968 973/969
f 971/967 973/969 725/721
f 973/969 974/970 725/721
f 593/589 975/971 594/590
f 725/721 974/970 976/972
f 725/721 976/972 729/725
f 976/972 977/973 978/974
f 978/974 749/745 729/725
f 978/974 977/973 749/745
f 749/745 736/732 729/725
f 594/590 979/975 595/591
f 745/741 744/740 980/976
f 977/973 981/977 749/745
f 595/591 979/975 504/500
f 743/739 982/978 744/740
f 749/745 981/977 750/746
f 504/500 979/975 983/979
f 750/746 981/977 984/980
f 743/739 985/981 982/978
f 750/746 984/980 986/982
f 750/746 986/982 755/751
f 504/500 983/979 505/501
f 755/751 986/982 761/757
f 986/982 987/983 761/757
f 756/752 988/984 989/985
f 761/757 987/983 770/766
f 770/766 987/983 990/986
f 770/766 990/986 777/773
f 777/773 990/986 991/987
f 991/987 992/988 789/785
f 777/773 991/987 789/785
f 992/988 993/989 789/785
f 789/785 993/989 794/790
f 994/990 995/991 996/992
f 598/594 597/593 997/993
f 598/594 997/993 800/796
f 993/989 998/994 794/790
f 795/791 999/995 796/792
f 796/792 999/995 803/799
f 805/801 1000/996 806/802
f 997/993 1001/997 811/807
f 800/796 997/993 811/807
f 806/802 1002/998 807/803
f 807/803 1003/999 1004/1000
f 807/803 1002/998 1005/1001
f 807/803 1005/1001 1003/999
f 1003/999 1006/1002 1007/1003
f 1004/1000 1003/999 1007/1003
f 1003/999 1005/1001 1008/1004
f 1003/999 1008/1004 1006/1002
f 1007/1003 1006/1002 1009/1005
f 810/806 1010/1006 802/798
f 1006/1002 1008/1004 1009/1005
f 802/798 1010/1006 1011/1007
f 1001/997 1012/1008 811/807
f 600/596 812/808 1013/1009
f 600/596 1013/1009 813/809
f 601/597 1014/1010 602/598
f 1015/1011 1016/1012 1017/1013
f 602/598 1014/1010 815/811
f 815/811 1018/1014 816/812
f 816/812 1019/1015 817/813
f 816/812 1018/1014 1019/1015
f 1020/1016 825/821 607/603
f 824/820 1020/1016 607/603
f 826/822 1021/1017 827/823
f 1021/1017 1022/1018 827/823
f 1022/1018 1023/1019 828/824
f 827/823 1022/1018 828/824
f 828/824 1023/1019 829/825
f 535/531 1024/1020 536/532
f 614/610 831/827 615/611
f 833/829 1025/1021 499/495
f 832/828 1026/1022 616/612
f 1026/1022 834/830 616/612
f 834/830 1027/1023 621/617
f 621/617 1027/1023 622/618
f 622/618 1028/1024 624/620
f 624/620 1028/1024 1029/1025
f 1029/1025 626/622 624/620
f 1030/1026 1031/1027 1032/1028
f 592/588 975/971 593/589
f 932/928 1033/1029 933/929
f 1033/1029 1034/1030 933/929
f 1034/1030 1035/1031 933/929
f 933/929 1035/1031 934/930
f 698/694 1036/1032 962/958
f 966/962 1037/1033 967/963
f 967/963 1038/1034 970/966
f 972/968 1039/1035 973/969
f 973/969 1040/1036 974/970
f 974/970 1041/1037 976/972
f 976/972 1042/1038 977/973
f 977/973 1042/1038 1043/1039
f 977/973 1043/1039 981/977
f 1043/1039 1044/1040 981/977
f 981/977 1044/1040 984/980
f 984/980 1044/1040 1045/1041
f 984/980 1045/1041 986/982
f 1045/1041 1046/1042 986/982
f 983/979 1047/1043 505/501
f 986/982 1046/1042 1048/1044
f 986/982 1048/1044 987/983
f 987/983 1048/1044 1049/1045
f 987/983 1049/1045 990/986
f 1049/1045 1050/1046 990/986
f 506/502 1051/1047 597/593
f 990/986 1050/1046 1052/1048
f 990/986 1052/1048 991/987
f 1052/1048 1053/1049 992/988
f 991/987 1052/1048 992/988
f 992/988 1053/1049 993/989
f 1053/1049 1054/1050 993/989
f 993/989 1054/1050 998/994
f 1000/996 1055/1051 806/802
f 997/993 1056/1052 1001/997
f 806/802 1055/1051 1057/1053
f 806/802 1057/1053 1002/998
f 1002/998 1057/1053 1058/1054
f 1002/998 1058/1054 1005/1001
f 1058/1054 1059/1055 1005/1001
f 1005/1001 1059/1055 1060/1056
f 1005/1001 1060/1056 1008/1004
f 1008/1004 1060/1056 1061/1057
f 1008/1004 1061/1057 1009/1005
f 1009/1005 1061/1057 1062/1058
f 1063/1059 1062/1058 1064/1060
f 1056/1052 1065/1061 1012/1008
f 1001/997 1056/1052 1012/1008
f 812/808 1066/1062 1013/1009
f 813/809 1013/1009 1067/1063
f 1016/1012 1068/1064 1017/1013
f 1014/1010 1069/1065 815/811
f 1069/1065 1018/1014 815/811
f 1070/1066 1071/1067 1072/1068
f 1073/1069 1020/1016 824/820
f 1074/1070 1075/1071 1076/1072
f 1077/1073 1078/1074 825/821
f 1020/1016 1077/1073 825/821
f 825/821 1078/1074 826/822
f 826/822 1079/1075 1021/1017
f 1021/1017 1079/1075 1022/1018
f 611/607 1080/1076 612/608
f 618/614 1081/1077 835/831
f 622/618 1027/1023 1028/1024
f 1029/1025 867/863 626/622
f 934/930 1082/1078 937/933
f 937/933 1082/1078 939/935
f 945/941 1083/1079 948/944
f 948/944 1084/1080 949/945
f 955/951 1085/1081 956/952
f 960/956 957/953 1086/1082
f 1086/1082 1087/1083 960/956
f 960/956 1087/1083 961/957
f 961/957 1036/1032 698/694
f 962/958 1088/1084 963/959
f 963/959 1089/1085 964/960
f 964/960 1090/1086 965/961
f 965/961 1091/1087 966/962
f 976/972 1041/1037 1042/1038
f 1042/1038 1092/1088 1043/1039
f 1043/1039 1092/1088 1093/1089
f 1043/1039 1093/1089 1044/1040
f 1093/1089 1045/1041 1044/1040
f 596/592 1051/1047 506/502
f 1052/1048 1094/1090 1053/1049
f 1094/1090 1095/1091 1053/1049
f 1053/1049 1095/1091 1096/1092
f 1053/1049 1096/1092 1054/1050
f 597/593 1097/1093 997/993
f 1054/1050 1098/1094 998/994
f 1000/996 1099/1095 1055/1051
f 997/993 1097/1093 1100/1096
f 1101/1097 1102/1098 1103/1099
f 1055/1051 1104/1100 1105/1101
f 1055/1051 1105/1101 1057/1053
f 1105/1101 1058/1054 1057/1053
f 1061/1057 1106/1102 1062/1058
f 1062/1058 1106/1102 1064/1060
f 1056/1052 1100/1096 1065/1061
f 1059/1055 1058/1054 1107/1103
f 1059/1055 1107/1103 1060/1056
f 1100/1096 1108/1104 1065/1061
f 1066/1062 1109/1105 1013/1009
f 1013/1009 1109/1105 1110/1106
f 1013/1009 1110/1106 1067/1063
f 1068/1064 1111/1107 1017/1013
f 1017/1013 1111/1107 1112/1108
f 1113/1109 1112/1108 1114/1110
f 1114/1110 1115/1111 1116/1112
f 1113/1109 1114/1110 1116/1112
f 1117/1113 1118/1114 1020/1016
f 1073/1069 1117/1113 1020/1016
f 1020/1016 1118/1114 1077/1073
f 1077/1073 1119/1115 1078/1074
f 1078/1074 1119/1115 1120/1116
f 1078/1074 1120/1116 1079/1075
f 1079/1075 1121/1117 1022/1018
f 1022/1018 1121/1117 1023/1019
f 1023/1019 1122/1118 829/825
f 613/609 1123/1119 555/551
f 555/551 1123/1119 833/829
f 499/495 1025/1021 618/614
f 834/830 1124/1120 1027/1023
f 1027/1023 1124/1120 1028/1024
f 835/831 1081/1077 587/583
f 1081/1077 875/871 587/583
f 942/938 1125/1121 945/941
f 1125/1121 1083/1079 945/941
f 1084/1080 1126/1122 949/945
f 949/945 1127/1123 952/948
f 1085/1081 1128/1124 956/952
f 956/952 1129/1125 957/953
f 1087/1083 1130/1126 961/957
f 961/957 1130/1126 1036/1032
f 962/958 1036/1032 1088/1084
f 1037/1033 1131/1127 1132/1128
f 1037/1033 1132/1128 1038/1034
f 964/960 1133/1129 1090/1086
f 965/961 1090/1086 1091/1087
f 966/962 1091/1087 1131/1127
f 966/962 1131/1127 1037/1033
f 1134/1130 1135/1131 1039/1035
f 1039/1035 1135/1131 1040/1036
f 1039/1035 1040/1036 973/969
f 1041/1037 1136/1132 1042/1038
f 1042/1038 1136/1132 1092/1088
f 1136/1132 1137/1133 1092/1088
f 1092/1088 1137/1133 1093/1089
f 1138/1134 1139/1135 1093/1089
f 1093/1089 1139/1135 1045/1041
f 1139/1135 1046/1042 1045/1041
f 1046/1042 1140/1136 1048/1044
f 505/501 1047/1043 596/592
f 1140/1136 1141/1137 1048/1044
f 1048/1044 1141/1137 1049/1045
f 596/592 1142/1138 1051/1047
f 1049/1045 1141/1137 1050/1046
f 1052/1048 1050/1046 1143/1139
f 1052/1048 1143/1139 1094/1090
f 597/593 1144/1140 1097/1093
f 1096/1092 1145/1141 1054/1050
f 1054/1050 1145/1141 1098/1094
f 1058/1054 1146/1142 1147/1143
f 1058/1054 1147/1143 1107/1103
f 1060/1056 1148/1144 1061/1057
f 1100/1096 1149/1145 1108/1104
f 1066/1062 1150/1146 1109/1105
f 1110/1106 1109/1105 1151/1147
f 1110/1106 1151/1147 1067/1063
f 1068/1064 1152/1148 1111/1107
f 1111/1107 1153/1149 1112/1108
f 1112/1108 1153/1149 1114/1110
f 1118/1114 1119/1115 1077/1073
f 1120/1116 1121/1117 1079/1075
f 1024/1020 1154/1150 610/606
f 610/606 1154/1150 611/607
f 612/608 1080/1076 614/610
f 831/827 1155/1151 832/828
f 832/828 1155/1151 1026/1022
f 1025/1021 1156/1152 618/614
f 1026/1022 1157/1153 834/830
f 1157/1153 1124/1120 834/830
f 1029/1025 1158/1154 867/863
f 875/871 1159/1155 592/588
f 592/588 1159/1155 975/971
f 1033/1029 1160/1156 1034/1030
f 1034/1030 1161/1157 1035/1031
f 1035/1031 1161/1157 934/930
f 1161/1157 1162/1158 934/930
f 934/930 1162/1158 1082/1078
f 1082/1078 1163/1159 939/935
f 939/935 1164/1160 942/938
f 948/944 1083/1079 1084/1080
f 1129/1125 1086/1082 957/953
f 1036/1032 1165/1161 1088/1084
f 1131/1127 1166/1162 1132/1128
f 974/970 1040/1036 1041/1037
f 1137/1133 1138/1134 1093/1089
f 1139/1135 1167/1163 1046/1042
f 1167/1163 1140/1136 1046/1042
f 1140/1136 1168/1164 1141/1137
f 1047/1043 1142/1138 596/592
f 1141/1137 1168/1164 1050/1046
f 1050/1046 1168/1164 1169/1165
f 1050/1046 1169/1165 1143/1139
f 1169/1165 1170/1166 1143/1139
f 597/593 1051/1047 1144/1140
f 1145/1141 1171/1167 1098/1094
f 1099/1095 1172/1168 1173/1169
f 1099/1095 1173/1169 1055/1051
f 1055/1051 1173/1169 1104/1100
f 1105/1101 1174/1170 1058/1054
f 1106/1102 1175/1171 1176/1172
f 1106/1102 1176/1172 1064/1060
f 1174/1170 1146/1142 1058/1054
f 1107/1103 1148/1144 1060/1056
f 1106/1102 1148/1144 1175/1171
f 1100/1096 1177/1173 1149/1145
f 1150/1146 1178/1174 1109/1105
f 1109/1105 1178/1174 1179/1175
f 1109/1105 1179/1175 1151/1147
f 1152/1148 1180/1176 1111/1107
f 1111/1107 1180/1176 1153/1149
f 1153/1149 1181/1177 1114/1110
f 1114/1110 1181/1177 1182/1178
f 1114/1110 1182/1178 1115/1111
f 1183/1179 1184/1180 1118/1114
f 1117/1113 1183/1179 1118/1114
f 1184/1180 1185/1181 1119/1115
f 1118/1114 1184/1180 1119/1115
f 1119/1115 1185/1181 1186/1182
f 1186/1182 1187/1183 1120/1116
f 1187/1183 1188/1184 1121/1117
f 1120/1116 1187/1183 1121/1117
f 1121/1117 1188/1184 1023/1019
f 1023/1019 1188/1184 1122/1118
f 1189/1185 1190/1186 830/826
f 1154/1150 1191/1187 611/607
f 611/607 1191/1187 1080/1076
f 829/825 1123/1119 613/609
f 614/610 1192/1188 831/827
f 831/827 1192/1188 1155/1151
f 833/829 1193/1189 1025/1021
f 1025/1021 1193/1189 1194/1190
f 618/614 1195/1191 1081/1077
f 1124/1120 1196/1192 1028/1024
f 1196/1192 1197/1193 1028/1024
f 1028/1024 1197/1193 1198/1194
f 1081/1077 1199/1195 875/871
f 1028/1024 1198/1194 1029/1025
f 1029/1025 1198/1194 1158/1154
f 1160/1156 1200/1196 1034/1030
f 1034/1030 1200/1196 1161/1157
f 1162/1158 1201/1197 1082/1078
f 1163/1159 1202/1198 939/935
f 939/935 1202/1198 1164/1160
f 942/938 1164/1160 1125/1121
f 1126/1122 1203/1199 949/945
f 949/945 1203/1199 1127/1123
f 1127/1123 1204/1200 952/948
f 1128/1124 1129/1125 956/952
f 1086/1082 1130/1126 1087/1083
f 1205/1201 1165/1161 1036/1032
f 964/960 1089/1085 1133/1129
f 1091/1087 1206/1202 1131/1127
f 1134/1130 1207/1203 1135/1131
f 1135/1131 1208/1204 1040/1036
f 1208/1204 1209/1205 1040/1036
f 1040/1036 1209/1205 1041/1037
f 1041/1037 1209/1205 1136/1132
f 1136/1132 1209/1205 1210/1206
f 1136/1132 1210/1206 1137/1133
f 1211/1207 1138/1134 1137/1133
f 1138/1134 1212/1208 1139/1135
f 1139/1135 1212/1208 1167/1163
f 1140/1136 1167/1163 1168/1164
f 1143/1139 1170/1166 1094/1090
f 1094/1090 1213/1209 1095/1091
f 1095/1091 1213/1209 1096/1092
f 1145/1141 1214/1210 1171/1167
f 1215/1211 1216/1212 1217/1213
f 1097/1093 1177/1173 1100/1096
f 1107/1103 1147/1143 1148/1144
f 1177/1173 1218/1214 1149/1145
f 1179/1175 1219/1215 1151/1147
f 1152/1148 1220/1216 1180/1176
f 1180/1176 1221/1217 1153/1149
f 1221/1217 1222/1218 1153/1149
f 1153/1149 1222/1218 1181/1177
f 1181/1177 1223/1219 1182/1178
f 1117/1113 1224/1220 1183/1179
f 1183/1179 1225/1221 1184/1180
f 1184/1180 1225/1221 1185/1181
f 1186/1182 1185/1181 1187/1183
f 1226/1222 1227/1223 1024/1020
f 1024/1020 1227/1223 1154/1150
f 829/825 1122/1118 1123/1119
f 1080/1076 1228/1224 614/610
f 1228/1224 1192/1188 614/610
f 1155/1151 1229/1225 1026/1022
f 1026/1022 1229/1225 1230/1226
f 1026/1022 1230/1226 1157/1153
f 1157/1153 1231/1227 1124/1120
f 1124/1120 1231/1227 1196/1192
f 1160/1156 1232/1228 1200/1196
f 1200/1196 1162/1158 1161/1157
f 1201/1197 1233/1229 1082/1078
f 1082/1078 1233/1229 1234/1230
f 1082/1078 1234/1230 1163/1159
f 1163/1159 1234/1230 1202/1198
f 1203/1199 1204/1200 1127/1123
f 1204/1200 1235/1231 952/948
f 952/948 1235/1231 955/951
f 955/951 1235/1231 1085/1081
f 1130/1126 1236/1232 1036/1032
f 1236/1232 1205/1201 1036/1032
f 1131/1127 1237/1233 1166/1162
f 963/959 1088/1084 1089/1085
f 1091/1087 1090/1086 1206/1202
f 1206/1202 1237/1233 1131/1127
f 1207/1203 1238/1234 1135/1131
f 1135/1131 1238/1234 1208/1204
f 1208/1204 1239/1235 1209/1205
f 1209/1205 1239/1235 1240/1236
f 1240/1236 1210/1206 1209/1205
f 1210/1206 1211/1207 1137/1133
f 1138/1134 1211/1207 1241/1237
f 1138/1134 1241/1237 1212/1208
f 1167/1163 1242/1238 1168/1164
f 1168/1164 1242/1238 1169/1165
f 1213/1209 1243/1239 1096/1092
f 1096/1092 1243/1239 1145/1141
f 1173/1169 1244/1240 1104/1100
f 1104/1100 1244/1240 1245/1241
f 1104/1100 1245/1241 1105/1101
f 1105/1101 1245/1241 1174/1170
f 1097/1093 1246/1242 1177/1173
f 1174/1170 1247/1243 1146/1142
f 1146/1142 1247/1243 1248/1244
f 1146/1142 1248/1244 1147/1143
f 1147/1143 1249/1245 1148/1144
f 1246/1242 1250/1246 1177/1173
f 1177/1173 1250/1246 1218/1214
f 1178/1174 1251/1247 1179/1175
f 1179/1175 1251/1247 1252/1248
f 1179/1175 1252/1248 1219/1215
f 1253/1249 1254/1250 1255/1251
f 1224/1220 1256/1252 1183/1179
f 1183/1179 1256/1252 1225/1221
f 1257/1253 1190/1186 1189/1185
f 1226/1222 1258/1254 1227/1223
f 1123/1119 1193/1189 833/829
f 1157/1153 1230/1226 1231/1227
f 1195/1191 1199/1195 1081/1077
f 1199/1195 1259/1255 875/871
f 1259/1255 1159/1155 875/871
f 1232/1228 1260/1256 1200/1196
f 1200/1196 1260/1256 1162/1158
f 1162/1158 1260/1256 1261/1257
f 1162/1158 1261/1257 1262/1258
f 1162/1158 1262/1258 1201/1197
f 1201/1197 1262/1258 1233/1229
f 1263/1259 1264/1260 1234/1230
f 1234/1230 1264/1260 1202/1198
f 1264/1260 1265/1261 1202/1198
f 1202/1198 1265/1261 1164/1160
f 1164/1160 1266/1262 1125/1121
f 1125/1121 1266/1262 1267/1263
f 1125/1121 1267/1263 1268/1264
f 1125/1121 1268/1264 1269/1265
f 1125/1121 1269/1265 1083/1079
f 1269/1265 1270/1266 1084/1080
f 1083/1079 1269/1265 1084/1080
f 1084/1080 1270/1266 1126/1122
f 1126/1122 1271/1267 1203/1199
f 1085/1081 1235/1231 1128/1124
f 1237/1233 1272/1268 1166/1162
f 1238/1234 1273/1269 1208/1204
f 1208/1204 1273/1269 1239/1235
f 975/971 1274/1270 594/590
f 594/590 1274/1270 979/975
f 1210/1206 1275/1271 1211/1207
f 1167/1163 1212/1208 1276/1272
f 1276/1272 1242/1238 1167/1163
f 1142/1138 1277/1273 1051/1047
f 1169/1165 1242/1238 1278/1274
f 1169/1165 1278/1274 1170/1166
f 1279/1275 1213/1209 1170/1166
f 1170/1166 1213/1209 1094/1090
f 1243/1239 1280/1276 1145/1141
f 1145/1141 1280/1276 1214/1210
f 1214/1210 1280/1276 1171/1167
f 1175/1171 1281/1277 1282/1278
f 1175/1171 1282/1278 1176/1172
f 1249/1245 1283/1279 1148/1144
f 1283/1279 1281/1277 1175/1171
f 1148/1144 1283/1279 1175/1171
f 1250/1246 1284/1280 1218/1214
f 1178/1174 1284/1280 1251/1247
f 1285/1281 1286/1282 1220/1216
f 1220/1216 1286/1282 1287/1283
f 1220/1216 1287/1283 1180/1176
f 1180/1176 1287/1283 1221/1217
f 1222/1218 1288/1284 1181/1177
f 1288/1284 1289/1285 1223/1219
f 1181/1177 1288/1284 1223/1219
f 1290/1286 1291/1287 1224/1220
f 1291/1287 1292/1288 1256/1252
f 1224/1220 1291/1287 1256/1252
f 1292/1288 1293/1289 1225/1221
f 1256/1252 1292/1288 1225/1221
f 1225/1221 1293/1289 1185/1181
f 1185/1181 1294/1290 1187/1183
f 1187/1183 1294/1290 1188/1184
f 1295/1291 1296/1292 1226/1222
f 1188/1184 1297/1293 1122/1118
f 1258/1254 1298/1294 1227/1223
f 1298/1294 1299/1295 1154/1150
f 1227/1223 1298/1294 1154/1150
f 1154/1150 1299/1295 1191/1187
f 1191/1187 1300/1296 1301/1297
f 1191/1187 1301/1297 1080/1076
f 1080/1076 1301/1297 1228/1224
f 1301/1297 1302/1298 1228/1224
f 1228/1224 1302/1298 1192/1188
f 1192/1188 1302/1298 1155/1151
f 1155/1151 1302/1298 1303/1299
f 1155/1151 1303/1299 1229/1225
f 1229/1225 1303/1299 1230/1226
f 1230/1226 1304/1300 1231/1227
f 1231/1227 1304/1300 1305/1301
f 1231/1227 1305/1301 1306/1302
f 1231/1227 1306/1302 1196/1192
f 1196/1192 1306/1302 1197/1193
f 1197/1193 1307/1303 1198/1194
f 1198/1194 1307/1303 1308/1304
f 1198/1194 1308/1304 1158/1154
f 1159/1155 1309/1305 975/971
f 1310/1306 1311/1307 1233/1229
f 1262/1258 1312/1308 1233/1229
f 1233/1229 1311/1307 1234/1230
f 1311/1307 1263/1259 1234/1230
f 1265/1261 1266/1262 1164/1160
f 1270/1266 1271/1267 1126/1122
f 1203/1199 1313/1309 1204/1200
f 1204/1200 1313/1309 1235/1231
f 1235/1231 1313/1309 1314/1310
f 1235/1231 1314/1310 1128/1124
f 1128/1124 1314/1310 1315/1311
f 1128/1124 1315/1311 1129/1125
f 1315/1311 1316/1312 1086/1082
f 1129/1125 1315/1311 1086/1082
f 1086/1082 1316/1312 1130/1126
f 1130/1126 1316/1312 1317/1313
f 1236/1232 1318/1314 1205/1201
f 1205/1201 1318/1314 1165/1161
f 1319/1315 1320/1316 1321/1317
f 1321/1317 1320/1316 1322/1318
f 1321/1317 1322/1318 1323/1319
f 1323/1319 1322/1318 1324/1320
f 1323/1319 1324/1320 1325/1321
f 1324/1320 1326/1322 1325/1321
f 1317/1313 1236/1232 1130/1126
f 1088/1084 1165/1161 1327/1323
f 1088/1084 1327/1323 1089/1085
f 1089/1085 1327/1323 1328/1324
f 1089/1085 1328/1324 1133/1129
f 1133/1129 1328/1324 1090/1086
f 1090/1086 1328/1324 1329/1325
f 1090/1086 1329/1325 1206/1202
f 1206/1202 1329/1325 1237/1233
f 1329/1325 1330/1326 1237/1233
f 1330/1326 1331/1327 1272/1268
f 1237/1233 1330/1326 1272/1268
f 1319/1315 1332/1328 1320/1316
f 1322/1318 1333/1329 1324/1320
f 1324/1320 1333/1329 1326/1322
f 1238/1234 1334/1330 1273/1269
f 1333/1329 1335/1331 1326/1322
f 1332/1328 1336/1332 1320/1316
f 1320/1316 1336/1332 1322/1318
f 1322/1318 1337/1333 1333/1329
f 1273/1269 1338/1334 1239/1235
f 1322/1318 1336/1332 1337/1333
f 1333/1329 1337/1333 1339/1335
f 1333/1329 1340/1336 1335/1331
f 1335/1331 1340/1336 1341/1337
f 1333/1329 1339/1335 1340/1336
f 1239/1235 1338/1334 1240/1236
f 1336/1332 1342/1338 1337/1333
f 1337/1333 1342/1338 1339/1335
f 1240/1236 1338/1334 1343/1339
f 1332/1328 1344/1340 1336/1332
f 1340/1336 1345/1341 1341/1337
f 1341/1337 1345/1341 1346/1342
f 1332/1328 1347/1343 1344/1340
f 1344/1340 1348/1344 1336/1332
f 1336/1332 1348/1344 1342/1338
f 1240/1236 1343/1339 1210/1206
f 1343/1339 1275/1271 1210/1206
f 1339/1335 1349/1345 1340/1336
f 1340/1336 1349/1345 1345/1341
f 1347/1343 1350/1346 1344/1340
f 1344/1340 1350/1346 1348/1344
f 1342/1338 1351/1347 1339/1335
f 1339/1335 1351/1347 1349/1345
f 1349/1345 1352/1348 1345/1341
f 1345/1341 1353/1349 1346/1342
f 1211/1207 1275/1271 1241/1237
f 1348/1344 1354/1350 1342/1338
f 1342/1338 1354/1350 1351/1347
f 1349/1345 1351/1347 1352/1348
f 1352/1348 1355/1351 1345/1341
f 1345/1341 1355/1351 1353/1349
f 1347/1343 1356/1352 1350/1346
f 1350/1346 1357/1353 1348/1344
f 1348/1344 1357/1353 1354/1350
f 1351/1347 1358/1354 1352/1348
f 1241/1237 1359/1355 1212/1208
f 1352/1348 1358/1354 1355/1351
f 1212/1208 1359/1355 1360/1356
f 1361/1357 983/979 979/975
f 1358/1354 1362/1358 1355/1351
f 1355/1351 1362/1358 1353/1349
f 1357/1353 1363/1359 1354/1350
f 1351/1347 1364/1360 1358/1354
f 1363/1359 1364/1360 1351/1347
f 1354/1350 1363/1359 1351/1347
f 1356/1352 1365/1361 1350/1346
f 1358/1354 1366/1362 1362/1358
f 1362/1358 1367/1363 1353/1349
f 1212/1208 1360/1356 1368/1364
f 1364/1360 1366/1362 1358/1354
f 1357/1353 1369/1365 1363/1359
f 1365/1361 1370/1366 1350/1346
f 1350/1346 1370/1366 1357/1353
f 1370/1366 1369/1365 1357/1353
f 1212/1208 1368/1364 1276/1272
f 1369/1365 1371/1367 1363/1359
f 1363/1359 1371/1367 1364/1360
f 1364/1360 1371/1367 1366/1362
f 1366/1362 1372/1368 1362/1358
f 1362/1358 1372/1368 1367/1363
f 1370/1366 1373/1369 1369/1365
f 1369/1365 1373/1369 1371/1367
f 1366/1362 1374/1370 1372/1368
f 1365/1361 1375/1371 1370/1366
f 1371/1367 1374/1370 1366/1362
f 1372/1368 1376/1372 1367/1363
f 1373/1369 1377/1373 1371/1367
f 1371/1367 1377/1373 1374/1370
f 1374/1370 1378/1374 1372/1368
f 1377/1373 1378/1374 1374/1370
f 1372/1368 1379/1375 1376/1372
f 1375/1371 1380/1376 1370/1366
f 1370/1366 1381/1377 1373/1369
f 1378/1374 1382/1378 1372/1368
f 1372/1368 1382/1378 1379/1375
f 1380/1376 1383/1379 1370/1366
f 1370/1366 1383/1379 1381/1377
f 1373/1369 1381/1377 1377/1373
f 1377/1373 1384/1380 1378/1374
f 1384/1380 1385/1381 1378/1374
f 1385/1381 1386/1382 1382/1378
f 1378/1374 1385/1381 1382/1378
f 1382/1378 1386/1382 1379/1375
f 1383/1379 1387/1383 1381/1377
f 1387/1383 1377/1373 1381/1377
f 1387/1383 1388/1384 1389/1385
f 1377/1373 1387/1383 1390/1386
f 1387/1383 1389/1385 1390/1386
f 1377/1373 1390/1386 1384/1380
f 1390/1386 1389/1385 1391/1387
f 1384/1380 1390/1386 1385/1381
f 1385/1381 1390/1386 1386/1382
f 1392/1388 1393/1389 1394/1390
f 1395/1391 1396/1392 1397/1393
f 1390/1386 1391/1387 1386/1382
f 1051/1047 1277/1273 1144/1140
f 1278/1274 1279/1275 1170/1166
f 1280/1276 1398/1394 1171/1167
f 1172/1168 1399/1395 1400/1396
f 1172/1168 1400/1396 1173/1169
f 1173/1169 1400/1396 1244/1240
f 1245/1241 1247/1243 1174/1170
f 1147/1143 1248/1244 1249/1245
f 1246/1242 1401/1397 1250/1246
f 1250/1246 1401/1397 1284/1280
f 1284/1280 1402/1398 1251/1247
f 1251/1247 1402/1398 1403/1399
f 1251/1247 1403/1399 1252/1248
f 1252/1248 1403/1399 1404/1400
f 1405/1401 1406/1402 1407/1403
f 1290/1286 1408/1404 1291/1287
f 1293/1289 1409/1405 1185/1181
f 1185/1181 1409/1405 1294/1290
f 1258/1254 1296/1292 1298/1294
f 1410/1406 1411/1407 1412/1408
f 1122/1118 1413/1409 1123/1119
f 1123/1119 1413/1409 1193/1189
f 1301/1297 1414/1410 1302/1298
f 1414/1410 1415/1411 1302/1298
f 1302/1298 1415/1411 1303/1299
f 1415/1411 1416/1412 1303/1299
f 1303/1299 1416/1412 1230/1226
f 1230/1226 1416/1412 1304/1300
f 1304/1300 1417/1413 1305/1301
f 1305/1301 1417/1413 1306/1302
f 1306/1302 1417/1413 1418/1414
f 1306/1302 1418/1414 1197/1193
f 1197/1193 1418/1414 1419/1415
f 1197/1193 1419/1415 1307/1303
f 1307/1303 1419/1415 1308/1304
f 1420/1416 1421/1417 1422/1418
f 1421/1417 1423/1419 1422/1418
f 1422/1418 1423/1419 1424/1420
f 1424/1420 1423/1419 1425/1421
f 1424/1420 1425/1421 1426/1422
f 1426/1422 1425/1421 1427/1423
f 1426/1422 1427/1423 1428/1424
f 1429/1425 1430/1426 1431/1427
f 1429/1425 1431/1427 1432/1428
f 1431/1427 1433/1429 1432/1428
f 1308/1304 1419/1415 1434/1430
f 1428/1424 1427/1423 1429/1425
f 1435/1431 1436/1432 1437/1433
f 1438/1434 1439/1435 1440/1436
f 1441/1437 1442/1438 1443/1439
f 1442/1438 1444/1440 1445/1441
f 1259/1255 1309/1305 1159/1155
f 1446/1442 1447/1443 1448/1444
f 1449/1445 1450/1446 1451/1447
f 1452/1448 1453/1449 1454/1450
f 1455/1451 1456/1452 1457/1453
f 1457/1453 1456/1452 1458/1454
f 1456/1452 1459/1455 1458/1454
f 1458/1454 1459/1455 1460/1456
f 1459/1455 1461/1457 1460/1456
f 1460/1456 1461/1457 1462/1458
f 1460/1456 1462/1458 1463/1459
f 1463/1459 1462/1458 1464/1460
f 1464/1460 1465/1461 1463/1459
f 1463/1459 1465/1461 1466/1462
f 1466/1462 1465/1461 1467/1463
f 1467/1463 1468/1464 1466/1462
f 1466/1462 1468/1464 1469/1465
f 1469/1465 1468/1464 1470/1466
f 1469/1465 1470/1466 1471/1467
f 1471/1467 1470/1466 1472/1468
f 1471/1467 1472/1468 1452/1448
f 1309/1305 1473/1469 1474/1470
f 1309/1305 1474/1470 975/971
f 1475/1471 1476/1472 1477/1473
f 1477/1473 1476/1472 1478/1474
f 1476/1472 1479/1475 1480/1476
f 1478/1474 1476/1472 1480/1476
f 1480/1476 1479/1475 1481/1477
f 1479/1475 1482/1478 1483/1479
f 1481/1477 1479/1475 1483/1479
f 1483/1479 1482/1478 1484/1480
f 1484/1480 1482/1478 1485/1481
f 1486/1482 1487/1483 1488/1484
f 1316/1312 1489/1485 1317/1313
f 1317/1313 1489/1485 1236/1232
f 1236/1232 1489/1485 1490/1486
f 1236/1232 1490/1486 1318/1314
f 1318/1314 1490/1486 1491/1487
f 1492/1488 1493/1489 1494/1490
f 1492/1488 1494/1490 1495/1491
f 1327/1323 1491/1487 1328/1324
f 1328/1324 1491/1487 1496/1492
f 1328/1324 1496/1492 1329/1325
f 1496/1492 1497/1493 1329/1325
f 1495/1491 1494/1490 1498/1494
f 1499/1495 1500/1496 1334/1330
f 1500/1496 1501/1497 1273/1269
f 1334/1330 1500/1496 1273/1269
f 1273/1269 1501/1497 1338/1334
f 1501/1497 1343/1339 1338/1334
f 1343/1339 1502/1498 1275/1271
f 1275/1271 1502/1498 1241/1237
f 1274/1270 1503/1499 979/975
f 1241/1237 1502/1498 1359/1355
f 1503/1499 1361/1357 979/975
f 1361/1357 1047/1043 983/979
f 1276/1272 1504/1500 1505/1501
f 1276/1272 1505/1501 1242/1238
f 1242/1238 1505/1501 1278/1274
f 1506/1502 1507/1503 1508/1504
f 1509/1505 1510/1506 1511/1507
f 1510/1506 1512/1508 1511/1507
f 1511/1507 1396/1392 1513/1509
f 1509/1505 1511/1507 1513/1509
f 1512/1508 1514/1510 1396/1392
f 1511/1507 1512/1508 1396/1392
f 1513/1509 1396/1392 1395/1391
f 1396/1392 1514/1510 1515/1511
f 1396/1392 1515/1511 1516/1512
f 1396/1392 1516/1512 1397/1393
f 1516/1512 1517/1513 1395/1391
f 1397/1393 1516/1512 1395/1391
f 1097/1093 1144/1140 1246/1242
f 1245/1241 1518/1514 1247/1243
f 1401/1397 1519/1515 1284/1280
f 1284/1280 1519/1515 1520/1516
f 1403/1399 1521/1517 1404/1400
f 1287/1283 1522/1518 1221/1217
f 1522/1518 1288/1284 1222/1218
f 1221/1217 1522/1518 1222/1218
f 1288/1284 1523/1519 1289/1285
f 1408/1404 1524/1520 1291/1287
f 1524/1520 1525/1521 1292/1288
f 1291/1287 1524/1520 1292/1288
f 1292/1288 1525/1521 1409/1405
f 1292/1288 1409/1405 1293/1289
f 1409/1405 1526/1522 1294/1290
f 1122/1118 1297/1293 1413/1409
f 1025/1021 1194/1190 1156/1152
f 1527/1523 1528/1524 1529/1525
f 1530/1526 1531/1527 1532/1528
f 1533/1529 1534/1530 1535/1531
f 1533/1529 1535/1531 1536/1532
f 1532/1528 1531/1527 1537/1533
f 1532/1528 1537/1533 1436/1432
f 1437/1433 1436/1432 1538/1534
f 1539/1535 1540/1536 1541/1537
f 1539/1535 1541/1537 1542/1538
f 1543/1539 1544/1540 1456/1452
f 1455/1451 1543/1539 1456/1452
f 1456/1452 1544/1540 1459/1455
f 1545/1541 1467/1463 1465/1461
f 1470/1466 1546/1542 1472/1468
f 1541/1537 1547/1543 1548/1544
f 1547/1543 1549/1545 1548/1544
f 1548/1544 1549/1545 1498/1494
f 1498/1494 1549/1545 1550/1546
f 1501/1497 1551/1547 1343/1339
f 1551/1547 1552/1548 1502/1498
f 1343/1339 1551/1547 1502/1498
f 1502/1498 1552/1548 1553/1549
f 1553/1549 1554/1550 1502/1498
f 1502/1498 1554/1550 1359/1355
f 1359/1355 1554/1550 1360/1356
f 1361/1357 1555/1551 1047/1043
f 1360/1356 1554/1550 1368/1364
f 1368/1364 1554/1550 1556/1552
f 1368/1364 1556/1552 1504/1500
f 1047/1043 1555/1551 1142/1138
f 1278/1274 1505/1501 1557/1553
f 1392/1388 1558/1554 1393/1389
f 1510/1506 1559/1555 1512/1508
f 1516/1512 1560/1556 1517/1513
f 1560/1556 1561/1557 1517/1513
f 1278/1274 1557/1553 1279/1275
f 1279/1275 1557/1553 1213/1209
f 1557/1553 1562/1558 1213/1209
f 1213/1209 1562/1558 1243/1239
f 1243/1239 1562/1558 1563/1559
f 1243/1239 1563/1559 1280/1276
f 1563/1559 1564/1560 1398/1394
f 1280/1276 1563/1559 1398/1394
f 1565/1561 1566/1562 1400/1396
f 1399/1395 1565/1561 1400/1396
f 1400/1396 1566/1562 1244/1240
f 1244/1240 1566/1562 1245/1241
f 1245/1241 1566/1562 1518/1514
f 1567/1563 1568/1564 1282/1278
f 1281/1277 1567/1563 1282/1278
f 1518/1514 1569/1565 1247/1243
f 1247/1243 1569/1565 1248/1244
f 1248/1244 1569/1565 1570/1566
f 1248/1244 1570/1566 1249/1245
f 1249/1245 1570/1566 1283/1279
f 1283/1279 1570/1566 1567/1563
f 1283/1279 1567/1563 1281/1277
f 1402/1398 1571/1567 1403/1399
f 1403/1399 1571/1567 1521/1517
f 1572/1568 1573/1569 1286/1282
f 1286/1282 1573/1569 1287/1283
f 1522/1518 1574/1570 1288/1284
f 1288/1284 1574/1570 1523/1519
f 1526/1522 1575/1571 1294/1290
f 1576/1572 1577/1573 1578/1574
f 1579/1575 1580/1576 1581/1577
f 1581/1577 1580/1576 1582/1578
f 1583/1579 1584/1580 1579/1575
f 1585/1581 1586/1582 1584/1580
f 1583/1579 1585/1581 1584/1580
f 1579/1575 1584/1580 1587/1583
f 1579/1575 1587/1583 1580/1576
f 1587/1583 1588/1584 1580/1576
f 1580/1576 1588/1584 1589/1585
f 1580/1576 1589/1585 1582/1578
f 1590/1586 1591/1587 1586/1582
f 1584/1580 1586/1582 1592/1588
f 1584/1580 1592/1588 1587/1583
f 1591/1587 1593/1589 1586/1582
f 1586/1582 1593/1589 1592/1588
f 1592/1588 1594/1590 1587/1583
f 1587/1583 1594/1590 1588/1584
f 1588/1584 1595/1591 1589/1585
f 1595/1591 1596/1592 1589/1585
f 1588/1584 1597/1593 1595/1591
f 1591/1587 1598/1594 1593/1589
f 1593/1589 1599/1595 1592/1588
f 1588/1584 1594/1590 1597/1593
f 1598/1594 1600/1596 1593/1589
f 1593/1589 1600/1596 1599/1595
f 1592/1588 1599/1595 1594/1590
f 1594/1590 1601/1597 1597/1593
f 1597/1593 1601/1597 1595/1591
f 1601/1597 1602/1598 1595/1591
f 1595/1591 1602/1598 1596/1592
f 1599/1595 1601/1597 1594/1590
f 1602/1598 1603/1599 1596/1592
f 1599/1595 1600/1596 1601/1597
f 1598/1594 1604/1600 1600/1596
f 1600/1596 1605/1601 1601/1597
f 1601/1597 1605/1601 1606/1602
f 1601/1597 1606/1602 1602/1598
f 1602/1598 1606/1602 1607/1603
f 1602/1598 1607/1603 1603/1599
f 1604/1600 1608/1604 1600/1596
f 1600/1596 1608/1604 1605/1601
f 1604/1600 1609/1605 1608/1604
f 1610/1606 1608/1604 1609/1605
f 1610/1606 1611/1607 1605/1601
f 1608/1604 1610/1606 1605/1601
f 1611/1607 1612/1608 1605/1601
f 1605/1601 1612/1608 1606/1602
f 1604/1600 1613/1609 1609/1605
f 1606/1602 1612/1608 1614/1610
f 1606/1602 1614/1610 1607/1603
f 1613/1609 1615/1611 1609/1605
f 1610/1606 1609/1605 1615/1611
f 1611/1607 1616/1612 1612/1608
f 1613/1609 1617/1613 1615/1611
f 1610/1606 1618/1614 1611/1607
f 1611/1607 1618/1614 1616/1612
f 1617/1613 1619/1615 1610/1606
f 1610/1606 1619/1615 1618/1614
f 1616/1612 1620/1616 1612/1608
f 1612/1608 1620/1616 1621/1617
f 1612/1608 1621/1617 1614/1610
f 1613/1609 1622/1618 1623/1619
f 1613/1609 1623/1619 1617/1613
f 1617/1613 1623/1619 1619/1615
f 1619/1615 1624/1620 1618/1614
f 1618/1614 1625/1621 1616/1612
f 1625/1621 1620/1616 1616/1612
f 1623/1619 1624/1620 1619/1615
f 1618/1614 1624/1620 1625/1621
f 1620/1616 1626/1622 1621/1617
f 1627/1623 1628/1624 1623/1619
f 1622/1618 1627/1623 1623/1619
f 1623/1619 1628/1624 1624/1620
f 1624/1620 1628/1624 1629/1625
f 1629/1625 1625/1621 1624/1620
f 1625/1621 1630/1626 1620/1616
f 1620/1616 1630/1626 1626/1622
f 1627/1623 1631/1627 1628/1624
f 1628/1624 1631/1627 1632/1628
f 1628/1624 1632/1628 1629/1625
f 1629/1625 1633/1629 1625/1621
f 1630/1626 1634/1630 1626/1622
f 1632/1628 1635/1631 1629/1625
f 1635/1631 1633/1629 1629/1625
f 1625/1621 1633/1629 1636/1632
f 1625/1621 1636/1632 1630/1626
f 1630/1626 1636/1632 1634/1630
f 1634/1630 1637/1633 1626/1622
f 1638/1634 1639/1635 1640/1636
f 1638/1634 1640/1636 1641/1637
f 1642/1638 1643/1639 1644/1640
f 1643/1639 1645/1641 1644/1640
f 1544/1540 1646/1642 1459/1455
f 1646/1642 1647/1643 1459/1455
f 1459/1455 1647/1643 1461/1457
f 1648/1644 1464/1460 1462/1458
f 1465/1461 1464/1460 1545/1541
f 1545/1541 1649/1645 1467/1463
f 1467/1463 1649/1645 1650/1646
f 1467/1463 1650/1646 1468/1464
f 1468/1464 1650/1646 1651/1647
f 1468/1464 1651/1647 1546/1542
f 1468/1464 1546/1542 1470/1466
f 1453/1449 1546/1542 1652/1648
f 1653/1649 1654/1650 1655/1651
f 1474/1470 1656/1652 1274/1270
f 1657/1653 1658/1654 1659/1655
f 1657/1653 1659/1655 1660/1656
f 1656/1652 1503/1499 1274/1270
f 1660/1656 1659/1655 1661/1657
f 1659/1655 1662/1658 1661/1657
f 1554/1550 1663/1659 1556/1552
f 1555/1551 1664/1660 1142/1138
f 1663/1659 1665/1661 1556/1552
f 1556/1552 1665/1661 1666/1662
f 1142/1138 1667/1663 1277/1273
f 1512/1508 1668/1664 1514/1510
f 1514/1510 1669/1665 1515/1511
f 1670/1666 1671/1667 1672/1668
f 1672/1668 1673/1669 1674/1670
f 1674/1670 1673/1669 1675/1671
f 1675/1671 1673/1669 1676/1672
f 1673/1669 1677/1673 1676/1672
f 1246/1242 1144/1140 1678/1674
f 1676/1672 1677/1673 1679/1675
f 1677/1673 1680/1676 1681/1677
f 1682/1678 1683/1679 1518/1514
f 1566/1562 1682/1678 1518/1514
f 1684/1680 1685/1681 1686/1682
f 1686/1682 1685/1681 1687/1683
f 1687/1683 1685/1681 1688/1684
f 1687/1683 1688/1684 1689/1685
f 1401/1397 1690/1686 1519/1515
f 1519/1515 1690/1686 1520/1516
f 1571/1567 1691/1687 1521/1517
f 1521/1517 1691/1687 1692/1688
f 1693/1689 1694/1690 1695/1691
f 1408/1404 1696/1692 1524/1520
f 1524/1520 1696/1692 1525/1521
f 1294/1290 1297/1293 1188/1184
f 1697/1693 1698/1694 1699/1695
f 1700/1696 1701/1697 1578/1574
f 1700/1696 1578/1574 1577/1573
f 1590/1586 1586/1582 1702/1698
f 1702/1698 1586/1582 1585/1581
f 1195/1191 1703/1699 1199/1195
f 1543/1539 1704/1700 1646/1642
f 1543/1539 1646/1642 1544/1540
f 1461/1457 1648/1644 1462/1458
f 1648/1644 1705/1701 1464/1460
f 1464/1460 1705/1701 1545/1541
f 1392/1388 1706/1702 1558/1554
f 1559/1555 1707/1703 1512/1508
f 1512/1508 1707/1703 1668/1664
f 1514/1510 1668/1664 1669/1665
f 1515/1511 1669/1665 1516/1512
f 1516/1512 1669/1665 1560/1556
f 1246/1242 1678/1674 1401/1397
f 1520/1516 1690/1686 1708/1704
f 1691/1687 1709/1705 1692/1688
f 1287/1283 1710/1706 1522/1518
f 1522/1518 1710/1706 1711/1707
f 1522/1518 1711/1707 1574/1570
f 1574/1570 1711/1707 1712/1708
f 1574/1570 1712/1708 1523/1519
f 1408/1404 1713/1709 1696/1692
f 1714/1710 1715/1711 1409/1405
f 1409/1405 1715/1711 1526/1522
f 1716/1712 1700/1696 1717/1713
f 1193/1189 1718/1714 1194/1190
f 1194/1190 1719/1715 1156/1152
f 1199/1195 1703/1699 1259/1255
f 1720/1716 1721/1717 1722/1718
f 1720/1716 1722/1718 1723/1719
f 1724/1720 1725/1721 1720/1716
f 1726/1722 1727/1723 1728/1724
f 1723/1719 1729/1725 1730/1726
f 1729/1725 1731/1727 1732/1728
f 1730/1726 1729/1725 1732/1728
f 1732/1728 1731/1727 1733/1729
f 1734/1730 1735/1731 1736/1732
f 1736/1732 1735/1731 1737/1733
f 1738/1734 92/88 91/87
f 1739/1735 1740/1736 1741/1737
f 1741/1737 1740/1736 96/92
f 98/94 95/91 1742/1738
f 1546/1542 1743/1739 1652/1648
f 1474/1470 1473/1469 1656/1652
f 1142/1138 1664/1660 1667/1663
f 1277/1273 1744/1740 1144/1140
f 1401/1397 1678/1674 1690/1686
f 1571/1567 1745/1741 1691/1687
f 1691/1687 1745/1741 1746/1742
f 1691/1687 1746/1742 1709/1705
f 1747/1743 1748/1744 1573/1569
f 1749/1745 1747/1743 1573/1569
f 1573/1569 1748/1744 1750/1746
f 1573/1569 1750/1746 1287/1283
f 1287/1283 1750/1746 1710/1706
f 1696/1692 1751/1747 1525/1521
f 1525/1521 1751/1747 1714/1710
f 1697/1693 1752/1748 1698/1694
f 1413/1409 1753/1749 1193/1189
f 1753/1749 1718/1714 1193/1189
f 1719/1715 1703/1699 1195/1191
f 1259/1255 1703/1699 1309/1305
f 1721/1717 1754/1750 1755/1751
f 1755/1751 1756/1752 1722/1718
f 1721/1717 1755/1751 1722/1718
f 1757/1753 1758/1754 1759/1755
f 1760/1756 1757/1753 1759/1755
f 1722/1718 1729/1725 1723/1719
f 1756/1752 1761/1757 1722/1718
f 1722/1718 1761/1757 1729/1725
f 1729/1725 1761/1757 1762/1758
f 1729/1725 1762/1758 1731/1727
f 1731/1727 1762/1758 1763/1759
f 1731/1727 1763/1759 1764/1760
f 1731/1727 1764/1760 1733/1729
f 1734/1730 1765/1761 1766/1762
f 1734/1730 1766/1762 1735/1731
f 1735/1731 1766/1762 1767/1763
f 1735/1731 1767/1763 1737/1733
f 91/87 1768/1764 1769/1765
f 1740/1736 1770/1766 96/92
f 1771/1767 1772/1768 1773/1769
f 1773/1769 1774/1770 1646/1642
f 1771/1767 1773/1769 1646/1642
f 1646/1642 1774/1770 1647/1643
f 1647/1643 1775/1771 1461/1457
f 1545/1541 1705/1701 1776/1772
f 1546/1542 1777/1773 1778/1774
f 1546/1542 1778/1774 1743/1739
f 1555/1551 1779/1775 1664/1660
f 1277/1273 1667/1663 1780/1776
f 1781/1777 1782/1778 1669/1665
f 1782/1778 1783/1779 1560/1556
f 1669/1665 1782/1778 1560/1556
f 1783/1779 1784/1780 1560/1556
f 1560/1556 1784/1780 1561/1557
f 1780/1776 1744/1740 1277/1273
f 1690/1686 1785/1781 1708/1704
f 1571/1567 1785/1781 1745/1741
f 1786/1782 1787/1783 1406/1402
f 1575/1571 1788/1784 1294/1290
f 1294/1290 1788/1784 1297/1293
f 1194/1190 1718/1714 1719/1715
f 1719/1715 1789/1785 1703/1699
f 1790/1786 1791/1787 1792/1788
f 1793/1789 1794/1790 1755/1751
f 1755/1751 1794/1790 1756/1752
f 1756/1752 1794/1790 1795/1791
f 1756/1752 1795/1791 1796/1792
f 1797/1793 1798/1794 1799/1795
f 1800/1796 1801/1797 1763/1759
f 1762/1758 1800/1796 1763/1759
f 1801/1797 1802/1798 1764/1760
f 1763/1759 1801/1797 1764/1760
f 1765/1761 1803/1799 1804/1800
f 1765/1761 1804/1800 1766/1762
f 1805/1801 1806/1802 1807/1803
f 1766/1762 1804/1800 1808/1804
f 1766/1762 1808/1804 1809/1805
f 1810/1806 1811/1807 1812/1808
f 91/87 93/89 1768/1764
f 1770/1766 1813/1809 96/92
f 96/92 1813/1809 97/93
f 97/93 1814/1810 95/91
f 95/91 1814/1810 1815/1811
f 1545/1541 1776/1772 1649/1645
f 1546/1542 1651/1647 1777/1773
f 1361/1357 1779/1775 1555/1551
f 1144/1140 1744/1740 1678/1674
f 1678/1674 1816/1812 1690/1686
f 1690/1686 1816/1812 1785/1781
f 1785/1781 1817/1813 1745/1741
f 1745/1741 1817/1813 1818/1814
f 1745/1741 1818/1814 1746/1742
f 1746/1742 1818/1814 1819/1815
f 1747/1743 1820/1816 1748/1744
f 1748/1744 1820/1816 1750/1746
f 1710/1706 1821/1817 1711/1707
f 1821/1817 1822/1818 1711/1707
f 1711/1707 1822/1818 1823/1819
f 1711/1707 1823/1819 1712/1708
f 1786/1782 1824/1820 1787/1783
f 1825/1821 1826/1822 1713/1709
f 1713/1709 1826/1822 1827/1823
f 1713/1709 1827/1823 1696/1692
f 1696/1692 1827/1823 1751/1747
f 1751/1747 1828/1824 1714/1710
f 1714/1710 1828/1824 1715/1711
f 1715/1711 1575/1571 1526/1522
f 1309/1305 1829/1825 1473/1469
f 93/89 1830/1826 1768/1764
f 1768/1764 1830/1826 1813/1809
f 1813/1809 1831/1827 97/93
f 97/93 1831/1827 1814/1810
f 1647/1643 1774/1770 1775/1771
f 1461/1457 1775/1771 1648/1644
f 1649/1645 1776/1772 1832/1828
f 1649/1645 1832/1828 1650/1646
f 1503/1499 1833/1829 1361/1357
f 1668/1664 1781/1777 1669/1665
f 1820/1816 1834/1830 1750/1746
f 1750/1746 1834/1830 1710/1706
f 1830/1826 1831/1827 1813/1809
f 1814/1810 1835/1831 1815/1811
f 1772/1768 1836/1832 1773/1769
f 1775/1771 1837/1833 1648/1644
f 1648/1644 1837/1833 1838/1834
f 1648/1644 1838/1834 1705/1701
f 1705/1701 1838/1834 1839/1835
f 1705/1701 1839/1835 1840/1836
f 1705/1701 1840/1836 1776/1772
f 1832/1828 1651/1647 1650/1646
f 1841/1837 1842/1838 1559/1555
f 1842/1838 1843/1839 1707/1703
f 1559/1555 1842/1838 1707/1703
f 1707/1703 1843/1839 1668/1664
f 1678/1674 1744/1740 1844/1840
f 1678/1674 1845/1841 1816/1812
f 1817/1813 1846/1842 1818/1814
f 1818/1814 1846/1842 1847/1843
f 1818/1814 1847/1843 1819/1815
f 1834/1830 1848/1844 1710/1706
f 1710/1706 1848/1844 1821/1817
f 1821/1817 1849/1845 1822/1818
f 1822/1818 1849/1845 1823/1819
f 1850/1846 1829/1825 1703/1699
f 1703/1699 1829/1825 1309/1305
f 1851/1847 1830/1826 93/89
f 1830/1826 1852/1848 1831/1827
f 1773/1769 1853/1849 1774/1770
f 1840/1836 1854/1850 1776/1772
f 1656/1652 1833/1829 1503/1499
f 1361/1357 1833/1829 1779/1775
f 1678/1674 1844/1840 1855/1851
f 1678/1674 1855/1851 1845/1841
f 1816/1812 1856/1852 1785/1781
f 1715/1711 1857/1853 1575/1571
f 1789/1785 1850/1846 1703/1699
f 1851/1847 1858/1854 1830/1826
f 1836/1832 1853/1849 1773/1769
f 1779/1775 1859/1855 1664/1660
f 1843/1839 1781/1777 1668/1664
f 1845/1841 1856/1852 1816/1812
f 1846/1842 1860/1856 1847/1843
f 1861/1857 1862/1858 1820/1816
f 1863/1859 1861/1857 1820/1816
f 1820/1816 1862/1858 1864/1860
f 1820/1816 1864/1860 1834/1830
f 1834/1830 1864/1860 1848/1844
f 1848/1844 1865/1861 1821/1817
f 1821/1817 1865/1861 1849/1845
f 1849/1845 1866/1862 1823/1819
f 1867/1863 1868/1864 1787/1783
f 1824/1820 1867/1863 1787/1783
f 1826/1822 1869/1865 1827/1823
f 1827/1823 1869/1865 1870/1866
f 1827/1823 1870/1866 1751/1747
f 1751/1747 1870/1866 1828/1824
f 1828/1824 1870/1866 1857/1853
f 1828/1824 1857/1853 1715/1711
f 1413/1409 1871/1867 1753/1749
f 1830/1826 1872/1868 1852/1848
f 1776/1772 1854/1850 1832/1828
f 1777/1773 1873/1869 1778/1774
f 1664/1660 1874/1870 1667/1663
f 1780/1776 1875/1871 1744/1740
f 1817/1813 1856/1852 1846/1842
f 1865/1861 1876/1872 1849/1845
f 1849/1845 1876/1872 1866/1862
f 1857/1853 1788/1784 1575/1571
f 1788/1784 1877/1873 1297/1293
f 1858/1854 1878/1874 1830/1826
f 1829/1825 1879/1875 1473/1469
f 1830/1826 1878/1874 1872/1868
f 1778/1774 1880/1876 1743/1739
f 1667/1663 1874/1870 1780/1776
f 1782/1778 1881/1877 1783/1779
f 1881/1877 1882/1878 1784/1780
f 1783/1779 1881/1877 1784/1780
f 1845/1841 1855/1851 1856/1852
f 1856/1852 1883/1879 1846/1842
f 1846/1842 1883/1879 1884/1880
f 1846/1842 1884/1880 1860/1856
f 1860/1856 1884/1880 1885/1881
f 1297/1293 1886/1882 1413/1409
f 1831/1827 1887/1883 1814/1810
f 1656/1652 1888/1884 1833/1829
f 1833/1829 1859/1855 1779/1775
f 1882/1878 1889/1885 1784/1780
f 1856/1852 1890/1886 1883/1879
f 1862/1858 1891/1887 1864/1860
f 1891/1887 1892/1888 1848/1844
f 1864/1860 1891/1887 1848/1844
f 1848/1844 1892/1888 1865/1861
f 1865/1861 1892/1888 1876/1872
f 1876/1872 1893/1889 1866/1862
f 1867/1863 1894/1890 1868/1864
f 1297/1293 1877/1873 1886/1882
f 1718/1714 1895/1891 1719/1715
f 1789/1785 1896/1892 1850/1846
f 1829/1825 1850/1846 1879/1875
f 1887/1883 1897/1893 1814/1810
f 1814/1810 1897/1893 1835/1831
f 1853/1849 1898/1894 1774/1770
f 1899/1895 1840/1836 1839/1835
f 1832/1828 1854/1850 1900/1896
f 1832/1828 1900/1896 1651/1647
f 1833/1829 1901/1897 1859/1855
f 1664/1660 1859/1855 1902/1898
f 1780/1776 1874/1870 1875/1871
f 1903/1899 1904/1900 1905/1901
f 1706/1702 1906/1902 1907/1903
f 1825/1821 1908/1904 1826/1822
f 1826/1822 1908/1904 1869/1865
f 1857/1853 1877/1873 1788/1784
f 1413/1409 1886/1882 1871/1867
f 1753/1749 1871/1867 1718/1714
f 1718/1714 1871/1867 1895/1891
f 1719/1715 1896/1892 1789/1785
f 1774/1770 1909/1905 1775/1771
f 1900/1896 1910/1906 1651/1647
f 1651/1647 1910/1906 1777/1773
f 1473/1469 1911/1907 1888/1884
f 1912/1908 1905/1901 1904/1900
f 1781/1777 1913/1909 1782/1778
f 1856/1852 1855/1851 1890/1886
f 1892/1888 1914/1910 1876/1872
f 1876/1872 1914/1910 1893/1889
f 1825/1821 1915/1911 1908/1904
f 1719/1715 1895/1891 1896/1892
f 1879/1875 1911/1907 1473/1469
f 1872/1868 1916/1912 1852/1848
f 1836/1832 1917/1913 1853/1849
f 1909/1905 1837/1833 1775/1771
f 1838/1834 1899/1895 1839/1835
f 1888/1884 1901/1897 1833/1829
f 1859/1855 1918/1914 1902/1898
f 1919/1915 1920/1916 1921/1917
f 1781/1777 1843/1839 1913/1909
f 1744/1740 1922/1918 1844/1840
f 1844/1840 1922/1918 1923/1919
f 1890/1886 1924/1920 1883/1879
f 1883/1879 1924/1920 1884/1880
f 1884/1880 1925/1921 1885/1881
f 1862/1858 1926/1922 1927/1923
f 1862/1858 1927/1923 1891/1887
f 1927/1923 1928/1924 1892/1888
f 1891/1887 1927/1923 1892/1888
f 1892/1888 1928/1924 1914/1910
f 1878/1874 1916/1912 1872/1868
f 1916/1912 1929/1925 1852/1848
f 1778/1774 1930/1926 1880/1876
f 1875/1871 1922/1918 1744/1740
f 1924/1920 1931/1927 1884/1880
f 1884/1880 1931/1927 1925/1921
f 1908/1904 1932/1928 1869/1865
f 1932/1928 1933/1929 1870/1866
f 1869/1865 1932/1928 1870/1866
f 1870/1866 1934/1930 1857/1853
f 1886/1882 1935/1931 1871/1867
f 1895/1891 1936/1932 1896/1892
f 1858/1854 1937/1933 1878/1874
f 1878/1874 1937/1933 1916/1912
f 1774/1770 1898/1894 1909/1905
f 1837/1833 1909/1905 1838/1834
f 1910/1906 1873/1869 1777/1773
f 1873/1869 1930/1926 1778/1774
f 1911/1907 1938/1934 1888/1884
f 1888/1884 1938/1934 1939/1935
f 1888/1884 1939/1935 1901/1897
f 1902/1898 1940/1936 1874/1870
f 1921/1917 1941/1937 1919/1915
f 1913/1909 1942/1938 1782/1778
f 1782/1778 1942/1938 1881/1877
f 1931/1927 1943/1939 1925/1921
f 1926/1922 1944/1940 1927/1923
f 1926/1922 1945/1941 1944/1940
f 1928/1924 1946/1942 1914/1910
f 1914/1910 1946/1942 1893/1889
f 1870/1866 1933/1929 1934/1930
f 1857/1853 1934/1930 1877/1873
f 1877/1873 1947/1943 1886/1882
f 1871/1867 1935/1931 1948/1944
f 1896/1892 1949/1945 1850/1846
f 1850/1846 1950/1946 1879/1875
f 1858/1854 1951/1947 1937/1933
f 1897/1893 1952/1948 1835/1831
f 1836/1832 1953/1949 1917/1913
f 1838/1834 1954/1950 1899/1895
f 1840/1836 1899/1895 1955/1951
f 1840/1836 1955/1951 1854/1850
f 1921/1917 1956/1952 1941/1937
f 1906/1902 1957/1953 1907/1903
f 1842/1838 1958/1954 1843/1839
f 1855/1851 1924/1920 1890/1886
f 1924/1920 1959/1955 1931/1927
f 1944/1940 1960/1956 1927/1923
f 1960/1956 1961/1957 1928/1924
f 1927/1923 1960/1956 1928/1924
f 1928/1924 1961/1957 1946/1942
f 1871/1867 1962/1958 1895/1891
f 1962/1958 1963/1959 1895/1891
f 1949/1945 1950/1946 1850/1846
f 1879/1875 1950/1946 1964/1960
f 1879/1875 1964/1960 1911/1907
f 1887/1883 1965/1961 1897/1893
f 1853/1849 1917/1913 1898/1894
f 1909/1905 1954/1950 1838/1834
f 1854/1850 1955/1951 1900/1896
f 1901/1897 1966/1962 1859/1855
f 1859/1855 1967/1963 1918/1914
f 1874/1870 1940/1936 1875/1871
f 1958/1954 1968/1964 1843/1839
f 1843/1839 1969/1965 1913/1909
f 1913/1909 1969/1965 1942/1938
f 1875/1871 1970/1966 1922/1918
f 1959/1955 1971/1967 1931/1927
f 1931/1927 1971/1967 1943/1939
f 1948/1944 1972/1968 1871/1867
f 1871/1867 1972/1968 1962/1958
f 1895/1891 1963/1959 1936/1932
f 1965/1961 1973/1969 1897/1893
f 1897/1893 1973/1969 1952/1948
f 1900/1896 1955/1951 1974/1970
f 1900/1896 1974/1970 1910/1906
f 1910/1906 1975/1971 1873/1869
f 1918/1914 1940/1936 1902/1898
f 1906/1902 1976/1972 1957/1953
f 1942/1938 1977/1973 1881/1877
f 1881/1877 1977/1973 1882/1878
f 1882/1878 1978/1974 1889/1885
f 1844/1840 1979/1975 1855/1851
f 1971/1967 1980/1976 1943/1939
f 1943/1939 1980/1976 1981/1977
f 1945/1941 1982/1978 1944/1940
f 1944/1940 1982/1978 1960/1956
f 1894/1890 1983/1979 1868/1864
f 1937/1933 1984/1980 1916/1912
f 1916/1912 1984/1980 1929/1925
f 1899/1895 1985/1981 1955/1951
f 1966/1962 1967/1963 1859/1855
f 1986/1982 1987/1983 1968/1964
f 1968/1964 1969/1965 1843/1839
f 1855/1851 1979/1975 1924/1920
f 1961/1957 1988/1984 1946/1942
f 1989/1985 1937/1933 1951/1947
f 1989/1985 1990/1986 1937/1933
f 1937/1933 1990/1986 1984/1980
f 1909/1905 1991/1987 1954/1950
f 1954/1950 1985/1981 1899/1895
f 1992/1988 1966/1962 1901/1897
f 1968/1964 1993/1989 1969/1965
f 1924/1920 1994/1990 1959/1955
f 1946/1942 1988/1984 1893/1889
f 1915/1911 1995/1991 1908/1904
f 1908/1904 1995/1991 1996/1992
f 1908/1904 1996/1992 1932/1928
f 1932/1928 1996/1992 1933/1929
f 1997/1993 1998/1994 1877/1873
f 1934/1930 1997/1993 1877/1873
f 1886/1882 1947/1943 1935/1931
f 1935/1931 1999/1995 1948/1944
f 1962/1958 2000/1996 1963/1959
f 1989/1985 2001/1997 1990/1986
f 1984/1980 1965/1961 1929/1925
f 1973/1969 2002/1998 1952/1948
f 1953/1949 2003/1999 1917/1913
f 1917/1913 2004/2000 1898/1894
f 1954/1950 1991/1987 2005/2001
f 1955/1951 2006/2002 1974/1970
f 1910/1906 1974/1970 1975/1971
f 1987/1983 1993/1989 1968/1964
f 1882/1878 1977/1973 1978/1974
f 1922/1918 1970/1966 1923/1919
f 1979/1975 1994/1990 1924/1920
f 1988/1984 2007/2003 1893/1889
f 1894/1890 2008/2004 1983/1979
f 1935/1931 2009/2005 1999/1995
f 2010/2006 2011/2007 1984/1980
f 1984/1980 2011/2007 1965/1961
f 1965/1961 2011/2007 1973/1969
f 1909/1905 2012/2008 1991/1987
f 2012/2008 2013/2009 1991/1987
f 1954/1950 2005/2001 2014/2010
f 1954/1950 2014/2010 1985/1981
f 1955/1951 1985/1981 2015/2011
f 2015/2011 2006/2002 1955/1951
f 1939/1935 1992/1988 1901/1897
f 1918/1914 2016/2012 1940/1936
f 1940/1936 1970/1966 1875/1871
f 1993/1989 2017/2013 1969/1965
f 1923/1919 1979/1975 1844/1840
f 1960/1956 2018/2014 1961/1957
f 1961/1957 2018/2014 1988/1984
f 1933/1929 2019/2015 1934/1930
f 1877/1873 1998/1994 1947/1943
f 1947/1943 2009/2005 1935/1931
f 1999/1995 1972/1968 1948/1944
f 1963/1959 2020/2016 1936/1932
f 1873/1869 1975/1971 1930/1926
f 1930/1926 1975/1971 1880/1876
f 1911/1907 1964/1960 1938/1934
f 1964/1960 1939/1935 1938/1934
f 1940/1936 2021/2017 1970/1966
f 2017/2013 2022/2018 1969/1965
f 1969/1965 2022/2018 1942/1938
f 1962/1958 1972/1968 2000/1996
f 1990/1986 2023/2019 2010/2006
f 2010/2006 2023/2019 2011/2007
f 1917/1913 2003/1999 2004/2000
f 2024/2020 2012/2008 1909/1905
f 1991/1987 2013/2009 2005/2001
f 1939/1935 2025/2021 1992/1988
f 2026/2022 2027/2023 1993/1989
f 1987/1983 2026/2022 1993/1989
f 1993/1989 2027/2023 2017/2013
f 1942/1938 2022/2018 1977/1973
f 1977/1973 2028/2024 1978/1974
f 2018/2014 2029/2025 1988/1984
f 1988/1984 2029/2025 2007/2003
f 1996/1992 2019/2015 1933/1929
f 1997/1993 2030/2026 1998/1994
f 2000/1996 2031/2027 1963/1959
f 1950/1946 2032/2028 1964/1960
f 2001/1997 2033/2029 1990/1986
f 1990/1986 2033/2029 2023/2019
f 2011/2007 2034/2030 1973/1969
f 1973/1969 2034/2030 2002/1998
f 1985/1981 2014/2010 2015/2011
f 2006/2002 2035/2031 1974/1970
f 1964/1960 2036/2032 1939/1935
f 2036/2032 2025/2021 1939/1935
f 1967/1963 1966/1962 2037/2033
f 2022/2018 2038/2034 1977/1973
f 1977/1973 2038/2034 2028/2024
f 1959/1955 2039/2035 1971/1967
f 1971/1967 2039/2035 1980/1976
f 1947/1943 1998/1994 2040/2036
f 1947/1943 2040/2036 2009/2005
f 1963/1959 2041/2037 2020/2016
f 2020/2016 2032/2028 1949/1945
f 2023/2019 2042/2038 2011/2007
f 2011/2007 2042/2038 2034/2030
f 1974/1970 2035/2031 1975/1971
f 2016/2012 2021/2017 1940/1936
f 2027/2023 2038/2034 2022/2018
f 1923/1919 2043/2039 1979/1975
f 2039/2035 2044/2040 1980/1976
f 2044/2040 2045/2041 1981/1977
f 1980/1976 2044/2040 1981/1977
f 1982/1978 2046/2042 2047/2043
f 1982/1978 2047/2043 1960/1956
f 1960/1956 2047/2043 2018/2014
f 2031/2027 2041/2037 1963/1959
f 1949/1945 2032/2028 1950/1946
f 2006/2002 2015/2011 2035/2031
f 1975/1971 2035/2031 2048/2044
f 2049/2045 2050/2046 2051/2047
f 2051/2047 2052/2048 2053/2049
f 2051/2047 2053/2049 2054/2050
f 2050/2046 2052/2048 2051/2047
f 2055/2051 2056/2052 2057/2053
f 2058/2054 2059/2055 2050/2046
f 2050/2046 2059/2055 2052/2048
f 2052/2048 2060/2056 2053/2049
f 2060/2056 2061/2057 2062/2058
f 2053/2049 2060/2056 2062/2058
f 2059/2055 2063/2059 2052/2048
f 2064/2060 2065/2061 2058/2054
f 2065/2061 2059/2055 2058/2054
f 2060/2056 2066/2062 2061/2057
f 2063/2059 2067/2063 2052/2048
f 2052/2048 2067/2063 2060/2056
f 2064/2060 2068/2064 2065/2061
f 2064/2060 2069/2065 2068/2064
f 2059/2055 2065/2061 2063/2059
f 2067/2063 2070/2066 2060/2056
f 2060/2056 2070/2066 2066/2062
f 2065/2061 2071/2067 2063/2059
f 2070/2066 2072/2068 2066/2062
f 2068/2064 2073/2069 2065/2061
f 2065/2061 2073/2069 2071/2067
f 2063/2059 2071/2067 2067/2063
f 2068/2064 2069/2065 2074/2070
f 2068/2064 2075/2071 2073/2069
f 2071/2067 2076/2072 2067/2063
f 2067/2063 2076/2072 2070/2066
f 2070/2066 2076/2072 2072/2068
f 2068/2064 2077/2073 2075/2071
f 2068/2064 2074/2070 2077/2073
f 2073/2069 2078/2074 2071/2067
f 2071/2067 2078/2074 2076/2072
f 2076/2072 2079/2075 2072/2068
f 2075/2071 2080/2076 2073/2069
f 2073/2069 2080/2076 2078/2074
f 2081/2077 2082/2078 2077/2073
f 2083/2079 2081/2077 2077/2073
f 2077/2073 2082/2078 2075/2071
f 2081/2077 2084/2080 2082/2078
f 2082/2078 2085/2081 2075/2071
f 2075/2071 2085/2081 2080/2076
f 2080/2076 2086/2082 2078/2074
f 2078/2074 2086/2082 2076/2072
f 2076/2072 2087/2083 2079/2075
f 2082/2078 2084/2080 2085/2081
f 2076/2072 2086/2082 2087/2083
f 2081/2077 2088/2084 2089/2085
f 2081/2077 2089/2085 2084/2080
f 2084/2080 2089/2085 2085/2081
f 2088/2084 2090/2086 2089/2085
f 2085/2081 2091/2087 2080/2076
f 2080/2076 2092/2088 2086/2082
f 2086/2082 2092/2088 2087/2083
f 2080/2076 2091/2087 2092/2088
f 2089/2085 2093/2089 2091/2087
f 2089/2085 2091/2087 2085/2081
f 2090/2086 2094/2090 2093/2089
f 2089/2085 2090/2086 2093/2089
f 2087/2083 2095/2091 2079/2075
f 2096/2092 2097/2093 2093/2089
f 2093/2089 2097/2093 2091/2087
f 2096/2092 2098/2094 2097/2093
f 2091/2087 2099/2095 2092/2088
f 2100/2096 2101/2097 2087/2083
f 2092/2088 2100/2096 2087/2083
f 2087/2083 2101/2097 2095/2091
f 2091/2087 2102/2098 2099/2095
f 2099/2095 2100/2096 2092/2088
f 2091/2087 2097/2093 2102/2098
f 2103/2099 2104/2100 2097/2093
f 2098/2094 2103/2099 2097/2093
f 2104/2100 2105/2101 2102/2098
f 2097/2093 2104/2100 2102/2098
f 2102/2098 2105/2101 2099/2095
f 2099/2095 2105/2101 2106/2102
f 2099/2095 2106/2102 2100/2096
f 2103/2099 2107/2103 2104/2100
f 2104/2100 2107/2103 2105/2101
f 2105/2101 2107/2103 2108/2104
f 2105/2101 2108/2104 2106/2102
f 2108/2104 2109/2105 2100/2096
f 2106/2102 2108/2104 2100/2096
f 2100/2096 2109/2105 2101/2097
f 2109/2105 2110/2106 2095/2091
f 2101/2097 2109/2105 2095/2091
f 2111/2107 2112/2108 2027/2023
f 2027/2023 2112/2108 2038/2034
f 2026/2022 2111/2107 2027/2023
f 1994/1990 2113/2109 1959/1955
f 1959/1955 2113/2109 2039/2035
f 1898/1894 2004/2000 1909/1905
f 1909/1905 2004/2000 2024/2020
f 1975/1971 2114/2110 1880/1876
f 2115/2111 2116/2112 2117/2113
f 2118/2114 2119/2115 2120/2116
f 2121/2117 2118/2114 2120/2116
f 2115/2111 2117/2113 2122/2118
f 2122/2118 2117/2113 2049/2045
f 2122/2118 2049/2045 2051/2047
f 2123/2119 2124/2120 2116/2112
f 2125/2121 2123/2119 2116/2112
f 2124/2120 2126/2122 2117/2113
f 2116/2112 2124/2120 2117/2113
f 2117/2113 2126/2122 2049/2045
f 2126/2122 2050/2046 2049/2045
f 2126/2122 2058/2054 2050/2046
f 2123/2119 2127/2123 2069/2065
f 2123/2119 2069/2065 2124/2120
f 2124/2120 2069/2065 2126/2122
f 2069/2065 2064/2060 2126/2122
f 2126/2122 2064/2060 2058/2054
f 2127/2123 2128/2124 2069/2065
f 2128/2124 2074/2070 2069/2065
f 1967/1963 2016/2012 1918/1914
f 2026/2022 2129/2125 2111/2107
f 2038/2034 2130/2126 2028/2024
f 1979/1975 2131/2127 1994/1990
f 1915/1911 2132/2128 1995/1991
f 2009/2005 2133/2129 1999/1995
f 2032/2028 2134/2130 1964/1960
f 2023/2019 2135/2131 2042/2038
f 2013/2009 2136/2132 2005/2001
f 2005/2001 2137/2133 2014/2010
f 2048/2044 2138/2134 1975/1971
f 2112/2108 2111/2107 2139/2135
f 2112/2108 2139/2135 2038/2034
f 2038/2034 2139/2135 2130/2126
f 2130/2126 2140/2136 2028/2024
f 2131/2127 2113/2109 1994/1990
f 1996/1992 2141/2137 2019/2015
f 1999/1995 2133/2129 1972/1968
f 2042/2038 2142/2138 2034/2030
f 2034/2030 2142/2138 2002/1998
f 2035/2031 2143/2139 2048/2044
f 1966/1962 1992/1988 2037/2033
f 2144/2140 2145/2141 2146/2142
f 2146/2142 2145/2141 2147/2143
f 2148/2144 2149/2145 2150/2146
f 2151/2147 2152/2148 2111/2107
f 2129/2125 2151/2147 2111/2107
f 2111/2107 2152/2148 2153/2149
f 2111/2107 2153/2149 2139/2135
f 1997/1993 2154/2150 2030/2026
f 2001/1997 2155/2151 2033/2029
f 2033/2029 2155/2151 2156/2152
f 2033/2029 2156/2152 2023/2019
f 2023/2019 2156/2152 2135/2131
f 2136/2132 2137/2133 2005/2001
f 2157/2153 2158/2154 2015/2011
f 2015/2011 2158/2154 2035/2031
f 2035/2031 2158/2154 2143/2139
f 1975/1971 2138/2134 2114/2110
f 2159/2155 2160/2156 2119/2115
f 2118/2114 2159/2155 2119/2115
f 79/75 78/74 2161/2157
f 2161/2157 78/74 2162/2158
f 2161/2157 2162/2158 2163/2159
f 2163/2159 2162/2158 2164/2160
f 2164/2160 2162/2158 2165/2161
f 2164/2160 2165/2161 2166/2162
f 2016/2012 2167/2163 2021/2017
f 2166/2162 2165/2161 90/86
f 2166/2162 90/86 89/85
f 2021/2017 2168/2164 1970/1966
f 1998/1994 2169/2165 2040/2036
f 1972/1968 2133/2129 2000/1996
f 2041/2037 2170/2166 2020/2016
f 2001/1997 2171/2167 2155/2151
f 2042/2038 2135/2131 2142/2138
f 1967/1963 2167/2163 2016/2012
f 2172/2168 2173/2169 2174/2170
f 2139/2135 2153/2149 2175/2171
f 2130/2126 2175/2171 2140/2136
f 2047/2043 2176/2172 2018/2014
f 2176/2172 2177/2173 2029/2025
f 2018/2014 2176/2172 2029/2025
f 2029/2025 2177/2173 2007/2003
f 2008/2004 2178/2174 1983/1979
f 1995/1991 2179/2175 1996/1992
f 1996/1992 2179/2175 2141/2137
f 2133/2129 2180/2176 2000/1996
f 2003/1999 2181/2177 2004/2000
f 1964/1960 2182/2178 2036/2032
f 2183/2179 2160/2156 2159/2155
f 2151/2147 2184/2180 2152/2148
f 2152/2148 2184/2180 2153/2149
f 2153/2149 2185/2181 2175/2171
f 2139/2135 2175/2171 2130/2126
f 2175/2171 2186/2182 2140/2136
f 2168/2164 2043/2039 1970/1966
f 2043/2039 2131/2127 1979/1975
f 2187/2183 2188/2184 2039/2035
f 2113/2109 2187/2183 2039/2035
f 2039/2035 2188/2184 2044/2040
f 2132/2128 2189/2185 1995/1991
f 1995/1991 2189/2185 2179/2175
f 2030/2026 2190/2186 1998/1994
f 2190/2186 2169/2165 1998/1994
f 2169/2165 2191/2187 2040/2036
f 2040/2036 2191/2187 2009/2005
f 2000/1996 2170/2166 2031/2027
f 2041/2037 2031/2027 2170/2166
f 2170/2166 2192/2188 2020/2016
f 2142/2138 2193/2189 2002/1998
f 2004/2000 2194/2190 2024/2020
f 2024/2020 2194/2190 2012/2008
f 2014/2010 2157/2153 2015/2011
f 2195/2191 2167/2163 1967/1963
f 84/80 83/79 2196/2192
f 2184/2180 2197/2193 2153/2149
f 2131/2127 2187/2183 2113/2109
f 2009/2005 2198/2194 2133/2129
f 2199/2195 2180/2176 2133/2129
f 2000/1996 2180/2176 2170/2166
f 2020/2016 2192/2188 2032/2028
f 1964/1960 2134/2130 2182/2178
f 2181/2177 2200/2196 2004/2000
f 2201/2197 2202/2198 1992/1988
f 2037/2033 2195/2191 1967/1963
f 90/86 2165/2161 2203/2199
f 90/86 2203/2199 85/81
f 83/79 2204/2200 2196/2192
f 2197/2193 2205/2201 2153/2149
f 2153/2149 2205/2201 2185/2181
f 2179/2175 2206/2202 2141/2137
f 2141/2137 2206/2202 2154/2150
f 2135/2131 2207/2203 2142/2138
f 2142/2138 2207/2203 2193/2189
f 1992/1988 2202/2198 2037/2033
f 77/73 73/69 2208/2204
f 77/73 2208/2204 78/74
f 85/81 2203/2199 2209/2205
f 2021/2017 2167/2163 2168/2164
f 2210/2206 2211/2207 2212/2208
f 2184/2180 2213/2209 2197/2193
f 2213/2209 2214/2210 2197/2193
f 2197/2193 2214/2210 2205/2201
f 2185/2181 2215/2211 2175/2171
f 2175/2171 2215/2211 2186/2182
f 2177/2173 2216/2212 2007/2003
f 2008/2004 2217/2213 2178/2174
f 2190/2186 2218/2214 2169/2165
f 2191/2187 2198/2194 2009/2005
f 2198/2194 2199/2195 2133/2129
f 2180/2176 2219/2215 2170/2166
f 2220/2216 2192/2188 2170/2166
f 2192/2188 2221/2217 2032/2028
f 2032/2028 2221/2217 2134/2130
f 2156/2152 2207/2203 2135/2131
f 2134/2130 2222/2218 2182/2178
f 2137/2133 2223/2219 2014/2010
f 2014/2010 2223/2219 2157/2153
f 2036/2032 2182/2178 2025/2021
f 2165/2161 2224/2220 2203/2199
f 83/79 85/81 2225/2221
f 83/79 2225/2221 2204/2200
f 2215/2211 2226/2222 2186/2182
f 2154/2150 2227/2223 2030/2026
f 2030/2026 2227/2223 2190/2186
f 2228/2224 2229/2225 2155/2151
f 2171/2167 2228/2224 2155/2151
f 2155/2151 2229/2225 2156/2152
f 78/74 2208/2204 2162/2158
f 2162/2158 2208/2204 2165/2161
f 85/81 2209/2205 2230/2226
f 85/81 2230/2226 2225/2221
f 2231/2227 2232/2228 2233/2229
f 2233/2229 2234/2230 2235/2231
f 2213/2209 2236/2232 2214/2210
f 2047/2043 2237/2233 2176/2172
f 2176/2172 2237/2233 2177/2173
f 2170/2166 2219/2215 2220/2216
f 2229/2225 2238/2234 2156/2152
f 2156/2152 2238/2234 2207/2203
f 2004/2000 2200/2196 2194/2190
f 2239/2235 2240/2236 2241/2237
f 2242/2238 2239/2235 2241/2237
f 2208/2204 2243/2239 2165/2161
f 2165/2161 2243/2239 2224/2220
f 2195/2191 2244/2240 2167/2163
f 2209/2205 104/100 2230/2226
f 2230/2226 104/100 103/99
f 2230/2226 103/99 2225/2221
f 2225/2221 103/99 2245/2241
f 2245/2241 103/99 105/101
f 2245/2241 105/101 31/27
f 31/27 105/101 32/28
f 2236/2232 2246/2242 2214/2210
f 2214/2210 2246/2242 2205/2201
f 2131/2127 2247/2243 2187/2183
f 2044/2040 2248/2244 2045/2041
f 2046/2042 2249/2245 2047/2043
f 2199/2195 2250/2246 2180/2176
f 2012/2008 2251/2247 2013/2009
f 2013/2009 2251/2247 2136/2132
f 2222/2218 2252/2248 2182/2178
f 2253/2249 2254/2250 2255/2251
f 2253/2249 2256/2252 2254/2250
f 2257/2253 2258/2254 2259/2255
f 2257/2253 2259/2255 2260/2256
f 73/69 58/54 2208/2204
f 2167/2163 2261/2257 2168/2164
f 2185/2181 2262/2258 2215/2211
f 2215/2211 2263/2259 2226/2222
f 2215/2211 2262/2258 2263/2259
f 2043/2039 2264/2260 2131/2127
f 2187/2183 2247/2243 2188/2184
f 2188/2184 2265/2261 2044/2040
f 2044/2040 2265/2261 2248/2244
f 2249/2245 2266/2262 2047/2043
f 2047/2043 2266/2262 2237/2233
f 2237/2233 2267/2263 2177/2173
f 2177/2173 2267/2263 2268/2264
f 2177/2173 2268/2264 2216/2212
f 2220/2216 2269/2265 2192/2188
f 2238/2234 2270/2266 2207/2203
f 2207/2203 2271/2267 2193/2189
f 2182/2178 2252/2248 2025/2021
f 2025/2021 2252/2248 2201/2197
f 2272/2268 2273/2269 2274/2270
f 2275/2271 2276/2272 2277/2273
f 2202/2198 2195/2191 2037/2033
f 2246/2242 2278/2274 2205/2201
f 2205/2201 2279/2275 2185/2181
f 2185/2181 2279/2275 2262/2258
f 2219/2215 2280/2276 2220/2216
f 2192/2188 2269/2265 2221/2217
f 2221/2217 2281/2277 2134/2130
f 2282/2278 2283/2279 2181/2177
f 2181/2177 2283/2279 2200/2196
f 2048/2044 2143/2139 2138/2134
f 2284/2280 2285/2281 2286/2282
f 2256/2252 2287/2283 2276/2272
f 2285/2281 59/55 2288/2284
f 2286/2282 2285/2281 2288/2284
f 2167/2163 2289/2285 2261/2257
f 105/101 2290/2286 32/28
f 2291/2287 2278/2274 2246/2242
f 2292/2288 2293/2289 2294/2290
f 2261/2257 2295/2291 2168/2164
f 2168/2164 2295/2291 2043/2039
f 2131/2127 2296/2292 2247/2243
f 2189/2185 2297/2293 2179/2175
f 2179/2175 2297/2293 2206/2202
f 2169/2165 2218/2214 2191/2187
f 2134/2130 2281/2277 2222/2218
f 2138/2134 2298/2294 2114/2110
f 2284/2280 2299/2295 2285/2281
f 2285/2281 2299/2295 59/55
f 59/55 2299/2295 57/53
f 2291/2287 2300/2296 2278/2274
f 2278/2274 2301/2297 2205/2201
f 2205/2201 2301/2297 2279/2275
f 2262/2258 2302/2298 2263/2259
f 2131/2127 2303/2299 2296/2292
f 2266/2262 2304/2300 2237/2233
f 2198/2194 2305/2301 2199/2195
f 2269/2265 2306/2302 2221/2217
f 2307/2303 2308/2304 2222/2218
f 2270/2266 2309/2305 2207/2203
f 2207/2203 2309/2305 2271/2267
f 2194/2190 2251/2247 2012/2008
f 2136/2132 2310/2306 2137/2133
f 2157/2153 2311/2307 2158/2154
f 2143/2139 2298/2294 2138/2134
f 2222/2218 2308/2304 2252/2248
f 2203/2199 104/100 2209/2205
f 2300/2296 2312/2308 2278/2274
f 2279/2275 2313/2309 2262/2258
f 2262/2258 2313/2309 2302/2298
f 2264/2260 2314/2310 2303/2299
f 2264/2260 2303/2299 2131/2127
f 2206/2202 2315/2311 2154/2150
f 2154/2150 2315/2311 2227/2223
f 2218/2214 2316/2312 2191/2187
f 2316/2312 2198/2194 2191/2187
f 2221/2217 2306/2302 2281/2277
f 2281/2277 2307/2303 2222/2218
f 2283/2279 2317/2313 2200/2196
f 2200/2196 2317/2313 2318/2314
f 2200/2196 2318/2314 2194/2190
f 2252/2248 2319/2315 2201/2197
f 2201/2197 2319/2315 2202/2198
f 2284/2280 2320/2316 2299/2295
f 2299/2295 2320/2316 57/53
f 2321/2317 2195/2191 2202/2198
f 2244/2240 2322/2318 2167/2163
f 2322/2318 2289/2285 2167/2163
f 104/100 2323/2319 105/101
f 2278/2274 2312/2308 2301/2297
f 2297/2293 2315/2311 2206/2202
f 2228/2224 2324/2320 2229/2225
f 2282/2278 2325/2321 2283/2279
f 2283/2279 2325/2321 2317/2313
f 2136/2132 2251/2247 2310/2306
f 2223/2219 2311/2307 2157/2153
f 2326/2322 2298/2294 2143/2139
f 2158/2154 2326/2322 2143/2139
f 2284/2280 2327/2323 2320/2316
f 2300/2296 2328/2324 2312/2308
f 2328/2324 2301/2297 2312/2308
f 2279/2275 2329/2325 2313/2309
f 2313/2309 2330/2326 2302/2298
f 2247/2243 2331/2327 2188/2184
f 2188/2184 2331/2327 2265/2261
f 2266/2262 2332/2328 2304/2300
f 2332/2328 2333/2329 2237/2233
f 2304/2300 2332/2328 2237/2233
f 2237/2233 2333/2329 2267/2263
f 2199/2195 2334/2330 2250/2246
f 2250/2246 2334/2330 2219/2215
f 2280/2276 2269/2265 2220/2216
f 2309/2305 2335/2331 2271/2267
f 2282/2278 2336/2332 2325/2321
f 2194/2190 2318/2314 2337/2333
f 2194/2190 2337/2333 2251/2247
f 2137/2133 2310/2306 2223/2219
f 2311/2307 2326/2322 2158/2154
f 2298/2294 2338/2334 2114/2110
f 58/54 2339/2335 2208/2204
f 2195/2191 2321/2317 2244/2240
f 105/101 2323/2319 2290/2286
f 2301/2297 2340/2336 2279/2275
f 2279/2275 2340/2336 2329/2325
f 2295/2291 2314/2310 2264/2260
f 2247/2243 2296/2292 2331/2327
f 2249/2245 2341/2337 2266/2262
f 2217/2213 2342/2338 2178/2174
f 2266/2262 2341/2337 2332/2328
f 2218/2214 2190/2186 2316/2312
f 2334/2330 2280/2276 2219/2215
f 2269/2265 2343/2339 2306/2302
f 2306/2302 2344/2340 2281/2277
f 2344/2340 2307/2303 2281/2277
f 2324/2320 2345/2341 2229/2225
f 2345/2341 2346/2342 2238/2234
f 2229/2225 2345/2341 2238/2234
f 2238/2234 2346/2342 2270/2266
f 2307/2303 2347/2343 2308/2304
f 2270/2266 2348/2344 2309/2305
f 2348/2344 2349/2345 2335/2331
f 2309/2305 2348/2344 2335/2331
f 2310/2306 2311/2307 2223/2219
f 2350/2346 2351/2347 2352/2348
f 2351/2347 2353/2349 2352/2348
f 2354/2350 2355/2351 2356/2352
f 2202/2198 2319/2315 2321/2317
f 2322/2318 2357/2353 2289/2285
f 2289/2285 2357/2353 2358/2354
f 2289/2285 2295/2291 2261/2257
f 2328/2324 2359/2355 2301/2297
f 2359/2355 2360/2356 2301/2297
f 2301/2297 2360/2356 2340/2336
f 2132/2128 2361/2357 2189/2185
f 2315/2311 2362/2358 2227/2223
f 2227/2223 2362/2358 2190/2186
f 2316/2312 2305/2301 2198/2194
f 2305/2301 2363/2359 2199/2195
f 2199/2195 2363/2359 2334/2330
f 2346/2342 2364/2360 2270/2266
f 2270/2266 2364/2360 2348/2344
f 2325/2321 2365/2361 2317/2313
f 2317/2313 2366/2362 2318/2314
f 2310/2306 2251/2247 2367/2363
f 2310/2306 2367/2363 2311/2307
f 2368/2364 2369/2365 2326/2322
f 2311/2307 2368/2364 2326/2322
f 2353/2349 2370/2366 2352/2348
f 5/2 2349/2345 2371/2367
f 5/2 2371/2367 6/3
f 6/3 2371/2367 8/5
f 2372/2368 2373/2369 2374/2370
f 8/5 2371/2367 10/7
f 2252/2248 2308/2304 2375/2371
f 2375/2371 2319/2315 2252/2248
f 2319/2315 2376/2372 2321/2317
f 2208/2204 2339/2335 2243/2239
f 2321/2317 2377/2373 2244/2240
f 2244/2240 2378/2374 2322/2318
f 2322/2318 2378/2374 2379/2375
f 2379/2375 2357/2353 2322/2318
f 2289/2285 2358/2354 2295/2291
f 2323/2319 2380/2376 2290/2286
f 2328/2324 2381/2377 2359/2355
f 2361/2357 2382/2378 2189/2185
f 2189/2185 2382/2378 2297/2293
f 2316/2312 2383/2379 2305/2301
f 2334/2330 2384/2380 2280/2276
f 2280/2276 2385/2381 2269/2265
f 2307/2303 2344/2340 2386/2382
f 2386/2382 2347/2343 2307/2303
f 2364/2360 2387/2383 2348/2344
f 2348/2344 2387/2383 2388/2384
f 2348/2344 2388/2384 2349/2345
f 2318/2314 2389/2385 2337/2333
f 2367/2363 2390/2386 2311/2307
f 2311/2307 2390/2386 2368/2364
f 2326/2322 2369/2365 2298/2294
f 2298/2294 2369/2365 2391/2387
f 10/7 2371/2367 2392/2388
f 10/7 2393/2389 11/8
f 10/7 2392/2388 2393/2389
f 2394/2390 2395/2391 2396/2392
f 2327/2323 2397/2393 2320/2316
f 2321/2317 2376/2372 2377/2373
f 2203/2199 2398/2394 104/100
f 2358/2354 2399/2395 2295/2291
f 2329/2325 2400/2396 2330/2326
f 2313/2309 2329/2325 2330/2326
f 2295/2291 2399/2395 2314/2310
f 2267/2263 2401/2397 2268/2264
f 2268/2264 2401/2397 2216/2212
f 2190/2186 2402/2398 2383/2379
f 2190/2186 2383/2379 2316/2312
f 2385/2381 2343/2339 2269/2265
f 2365/2361 2366/2362 2317/2313
f 2251/2247 2403/2399 2367/2363
f 2349/2345 2404/2400 2371/2367
f 2308/2304 2347/2343 2375/2371
f 2405/2401 2406/2402 2407/2403
f 2405/2401 2408/2404 2406/2402
f 2392/2388 2371/2367 2409/2405
f 2408/2404 2410/2406 2406/2402
f 2408/2404 2411/2407 2410/2406
f 2411/2407 2412/2408 2410/2406
f 2413/2409 2414/2410 2415/2411
f 2413/2409 2415/2411 2416/2412
f 2397/2393 2417/2413 2320/2316
f 2377/2373 2378/2374 2244/2240
f 2381/2377 2418/2414 2359/2355
f 2360/2356 2419/2415 2340/2336
f 2340/2336 2419/2415 2329/2325
f 2333/2329 2420/2416 2267/2263
f 2267/2263 2420/2416 2401/2397
f 2297/2293 2421/2417 2315/2311
f 2422/2418 2423/2419 2424/2420
f 2422/2418 2425/2421 2423/2419
f 2375/2371 2426/2422 2319/2315
f 2427/2423 2428/2424 2423/2419
f 2425/2421 2427/2423 2423/2419
f 2371/2367 2417/2413 2409/2405
f 2427/2423 2429/2425 2428/2424
f 2429/2425 2430/2426 2428/2424
f 57/53 2320/2316 2431/2427
f 57/53 2431/2427 58/54
f 2224/2220 2243/2239 2432/2428
f 2224/2220 2432/2428 2203/2199
f 2203/2199 2432/2428 2398/2394
f 104/100 2398/2394 2433/2429
f 104/100 2433/2429 2323/2319
f 2418/2414 2434/2430 2359/2355
f 2359/2355 2434/2430 2435/2431
f 2359/2355 2435/2431 2360/2356
f 2360/2356 2436/2432 2419/2415
f 2419/2415 2437/2433 2329/2325
f 2329/2325 2437/2433 2400/2396
f 2314/2310 2438/2434 2303/2299
f 2303/2299 2438/2434 2296/2292
f 2421/2417 2362/2358 2315/2311
f 2306/2302 2439/2435 2344/2340
f 2440/2436 2389/2385 2366/2362
f 2366/2362 2389/2385 2318/2314
f 2389/2385 2441/2437 2337/2333
f 2391/2387 2442/2438 2298/2294
f 2298/2294 2442/2438 2338/2334
f 2388/2384 2443/2439 2404/2400
f 58/54 2431/2427 2339/2335
f 2379/2375 2444/2440 2357/2353
f 2419/2415 2445/2441 2437/2433
f 2399/2395 2446/2442 2314/2310
f 2314/2310 2446/2442 2438/2434
f 2265/2261 2447/2443 2248/2244
f 2249/2245 2448/2444 2341/2337
f 2362/2358 2402/2398 2190/2186
f 2363/2359 2384/2380 2334/2330
f 2343/2339 2439/2435 2306/2302
f 2346/2342 2449/2445 2364/2360
f 2364/2360 2449/2445 2387/2383
f 2365/2361 2440/2436 2366/2362
f 2403/2399 2390/2386 2367/2363
f 2368/2364 2450/2446 2369/2365
f 2450/2446 2451/2447 2369/2365
f 2371/2367 2320/2316 2417/2413
f 2377/2373 2452/2448 2378/2374
f 2444/2440 2453/2449 2357/2353
f 2357/2353 2453/2449 2358/2354
f 2384/2380 2385/2381 2280/2276
f 2345/2341 2454/2450 2346/2342
f 2346/2342 2454/2450 2449/2445
f 2387/2383 2455/2451 2388/2384
f 2365/2361 2456/2452 2440/2436
f 2337/2333 2441/2437 2251/2247
f 2441/2437 2457/2453 2251/2247
f 2390/2386 2458/2454 2368/2364
f 2388/2384 2455/2451 2443/2439
f 2319/2315 2426/2422 2376/2372
f 2323/2319 2433/2429 2380/2376
f 2435/2431 2436/2432 2360/2356
f 2436/2432 2459/2455 2419/2415
f 2296/2292 2460/2456 2331/2327
f 2448/2444 2461/2457 2341/2337
f 2341/2337 2461/2457 2332/2328
f 2362/2358 2462/2458 2402/2398
f 2402/2398 2462/2458 2383/2379
f 2383/2379 2463/2459 2305/2301
f 2305/2301 2463/2459 2363/2359
f 2385/2381 2464/2460 2343/2339
f 2343/2339 2464/2460 2439/2435
f 2344/2340 2465/2461 2386/2382
f 2324/2320 2466/2462 2467/2463
f 2324/2320 2467/2463 2345/2341
f 2345/2341 2467/2463 2454/2450
f 2386/2382 2468/2464 2347/2343
f 2251/2247 2457/2453 2403/2399
f 2403/2399 2469/2465 2390/2386
f 2458/2454 2450/2446 2368/2364
f 2369/2365 2451/2447 2391/2387
f 2391/2387 2470/2466 2442/2438
f 2404/2400 2471/2467 2371/2367
f 2371/2367 2472/2468 2320/2316
f 2320/2316 2472/2468 2431/2427
f 2426/2422 2473/2469 2376/2372
f 2376/2372 2473/2469 2377/2373
f 2243/2239 2339/2335 2432/2428
f 2434/2430 2474/2470 2435/2431
f 2435/2431 2475/2471 2436/2432
f 2459/2455 2445/2441 2419/2415
f 2476/2472 2477/2473 2478/2474
f 2399/2395 2479/2475 2446/2442
f 2438/2434 2460/2456 2296/2292
f 2401/2397 2480/2476 2216/2212
f 2297/2293 2481/2477 2421/2417
f 2363/2359 2463/2459 2384/2380
f 2384/2380 2464/2460 2385/2381
f 2439/2435 2482/2478 2344/2340
f 2449/2445 2483/2479 2387/2383
f 2387/2383 2483/2479 2455/2451
f 2440/2436 2456/2452 2484/2480
f 2440/2436 2484/2480 2389/2385
f 2389/2385 2484/2480 2441/2437
f 2442/2438 2470/2466 2338/2334
f 2347/2343 2485/2481 2375/2371
f 2375/2371 2485/2481 2426/2422
f 2485/2481 2486/2482 2426/2422
f 2378/2374 2487/2483 2379/2375
f 2358/2354 2453/2449 2399/2395
f 2474/2470 2475/2471 2435/2431
f 2445/2441 2488/2484 2437/2433
f 2461/2457 2489/2485 2332/2328
f 2489/2485 2490/2486 2333/2329
f 2332/2328 2489/2485 2333/2329
f 2333/2329 2490/2486 2420/2416
f 2481/2477 2362/2358 2421/2417
f 2462/2458 2491/2487 2383/2379
f 2384/2380 2492/2488 2464/2460
f 2464/2460 2482/2478 2439/2435
f 2344/2340 2482/2478 2465/2461
f 2465/2461 2468/2464 2386/2382
f 2390/2386 2469/2465 2458/2454
f 2458/2454 2493/2489 2450/2446
f 2450/2446 2493/2489 2451/2447
f 2468/2464 2485/2481 2347/2343
f 2379/2375 2487/2483 2494/2490
f 2379/2375 2494/2490 2444/2440
f 2474/2470 2495/2491 2475/2471
f 2459/2455 2488/2484 2445/2441
f 2488/2484 2496/2492 2437/2433
f 2383/2379 2491/2487 2463/2459
f 2491/2487 2497/2493 2463/2459
f 2384/2380 2498/2494 2492/2488
f 2499/2495 2469/2465 2403/2399
f 2455/2451 2500/2496 2443/2439
f 2426/2422 2486/2482 2473/2469
f 2473/2469 2501/2497 2377/2373
f 2378/2374 2452/2448 2487/2483
f 2432/2428 2502/2498 2398/2394
f 2444/2440 2503/2499 2453/2449
f 2433/2429 2504/2500 2380/2376
f 2475/2471 2459/2455 2436/2432
f 2331/2327 2505/2501 2265/2261
f 2265/2261 2505/2501 2447/2443
f 2467/2463 2506/2502 2454/2450
f 2454/2450 2506/2502 2449/2445
f 2483/2479 2507/2503 2455/2451
f 2403/2399 2457/2453 2499/2495
f 2458/2454 2508/2504 2493/2489
f 2455/2451 2507/2503 2500/2496
f 2501/2497 2452/2448 2377/2373
f 2495/2491 2509/2505 2475/2471
f 2475/2471 2509/2505 2459/2455
f 2438/2434 2510/2506 2460/2456
f 2463/2459 2498/2494 2384/2380
f 2492/2488 2511/2507 2464/2460
f 2469/2465 2512/2508 2458/2454
f 2493/2489 2513/2509 2451/2447
f 2513/2509 2514/2510 2451/2447
f 2471/2467 2500/2496 2507/2503
f 2515/2511 2471/2467 2507/2503
f 2456/2452 2516/2512 2484/2480
f 2339/2335 2502/2498 2432/2428
f 2453/2449 2517/2513 2399/2395
f 2433/2429 2518/2514 2504/2500
f 2399/2395 2517/2513 2479/2475
f 2509/2505 2519/2515 2459/2455
f 2459/2455 2520/2516 2488/2484
f 2490/2486 2521/2517 2420/2416
f 2420/2416 2521/2517 2401/2397
f 2382/2378 2522/2518 2297/2293
f 2297/2293 2522/2518 2481/2477
f 2463/2459 2497/2493 2523/2519
f 2465/2461 2524/2520 2468/2464
f 2449/2445 2525/2521 2483/2479
f 2483/2479 2525/2521 2507/2503
f 2512/2508 2526/2522 2458/2454
f 2458/2454 2526/2522 2508/2504
f 2508/2504 2527/2523 2493/2489
f 2527/2523 2513/2509 2493/2489
f 2451/2447 2528/2524 2391/2387
f 2391/2387 2528/2524 2470/2466
f 2371/2367 2529/2525 2472/2468
f 2485/2481 2530/2526 2486/2482
f 2494/2490 2503/2499 2444/2440
f 2433/2429 2398/2394 2518/2514
f 2518/2514 2531/2527 2532/2528
f 2488/2484 2533/2529 2496/2492
f 2464/2460 2511/2507 2482/2478
f 2482/2478 2524/2520 2465/2461
f 2506/2502 2534/2530 2449/2445
f 2449/2445 2534/2530 2525/2521
f 2484/2480 2535/2531 2441/2437
f 2441/2437 2536/2532 2457/2453
f 2471/2467 2515/2511 2537/2533
f 2468/2464 2530/2526 2485/2481
f 2471/2467 2537/2533 2371/2367
f 2339/2335 2538/2534 2502/2498
f 2488/2484 2520/2516 2539/2535
f 2488/2484 2539/2535 2533/2529
f 2510/2506 2540/2536 2460/2456
f 2460/2456 2540/2536 2505/2501
f 2460/2456 2505/2501 2331/2327
f 2467/2463 2534/2530 2506/2502
f 2541/2537 2512/2508 2469/2465
f 2536/2532 2541/2537 2499/2495
f 2457/2453 2536/2532 2499/2495
f 2499/2495 2541/2537 2469/2465
f 2486/2482 2542/2538 2501/2497
f 2486/2482 2501/2497 2473/2469
f 2398/2394 2543/2539 2518/2514
f 2543/2539 2544/2540 2531/2527
f 2518/2514 2543/2539 2531/2527
f 2509/2505 2545/2541 2519/2515
f 2545/2541 2546/2542 2519/2515
f 2519/2515 2546/2542 2547/2543
f 2519/2515 2547/2543 2459/2455
f 2459/2455 2547/2543 2520/2516
f 2548/2544 2549/2545 2550/2546
f 2479/2475 2551/2547 2446/2442
f 2505/2501 2552/2548 2447/2443
f 2448/2444 2553/2549 2461/2457
f 2554/2550 2491/2487 2462/2458
f 2463/2459 2523/2519 2498/2494
f 2511/2507 2524/2520 2482/2478
f 2466/2462 2555/2551 2467/2463
f 2451/2447 2514/2510 2556/2552
f 2451/2447 2556/2552 2528/2524
f 2535/2531 2557/2553 2441/2437
f 2441/2437 2557/2553 2536/2532
f 2501/2497 2558/2554 2452/2448
f 2559/2555 2503/2499 2494/2490
f 2543/2539 2560/2556 2544/2540
f 2545/2541 2561/2557 2546/2542
f 2361/2357 2562/2558 2563/2559
f 2361/2357 2563/2559 2382/2378
f 2382/2378 2563/2559 2522/2518
f 2481/2477 2564/2560 2362/2358
f 2362/2358 2564/2560 2462/2458
f 2511/2507 2565/2561 2524/2520
f 2524/2520 2565/2561 2566/2562
f 2567/2563 2516/2512 2456/2452
f 2516/2512 2568/2564 2484/2480
f 2484/2480 2568/2564 2535/2531
f 2536/2532 2569/2565 2541/2537
f 2468/2464 2570/2566 2530/2526
f 2530/2526 2571/2567 2486/2482
f 2571/2567 2542/2538 2486/2482
f 2452/2448 2558/2554 2487/2483
f 2502/2498 2538/2534 2572/2568
f 2487/2483 2573/2569 2494/2490
f 2559/2555 2574/2570 2503/2499
f 2503/2499 2574/2570 2453/2449
f 2398/2394 100/96 102/98
f 2398/2394 102/98 2543/2539
f 2543/2539 102/98 2560/2556
f 2575/2571 2576/2572 2577/2573
f 2578/2574 2577/2573 2579/2575
f 2462/2458 2564/2560 2554/2550
f 2580/2576 2497/2493 2491/2487
f 2492/2488 2581/2577 2511/2507
f 2566/2562 2582/2578 2524/2520
f 2555/2551 2583/2579 2467/2463
f 2524/2520 2582/2578 2468/2464
f 2467/2463 2583/2579 2534/2530
f 2468/2464 2582/2578 2570/2566
f 2584/2580 2585/2581 2586/2582
f 2528/2524 2587/2583 2470/2466
f 2558/2554 2573/2569 2487/2483
f 102/98 99/95 2560/2556
f 2560/2556 99/95 2588/2584
f 2588/2584 99/95 2589/2585
f 2588/2584 2589/2585 2590/2586
f 2590/2586 2589/2585 2591/2587
f 2590/2586 2591/2587 2592/2588
f 2539/2535 2593/2589 2533/2529
f 2446/2442 2594/2590 2438/2434
f 2553/2549 2595/2591 2461/2457
f 2461/2457 2595/2591 2489/2485
f 2554/2550 2580/2576 2491/2487
f 2497/2493 2596/2592 2523/2519
f 2523/2519 2597/2593 2498/2494
f 2498/2494 2597/2593 2492/2488
f 2534/2530 2583/2579 2598/2594
f 2526/2522 2527/2523 2508/2504
f 2542/2538 2599/2595 2501/2497
f 2501/2497 2599/2595 2558/2554
f 2573/2569 2559/2555 2494/2490
f 99/95 101/97 2589/2585
f 2589/2585 101/97 2591/2587
f 2561/2557 2600/2596 2546/2542
f 2600/2596 2547/2543 2546/2542
f 2479/2475 2517/2513 2551/2547
f 2551/2547 2594/2590 2446/2442
f 2597/2593 2581/2577 2492/2488
f 2598/2594 2601/2597 2525/2521
f 2534/2530 2598/2594 2525/2521
f 2601/2597 2602/2598 2507/2503
f 2525/2521 2601/2597 2507/2503
f 2584/2580 2603/2599 2585/2581
f 2516/2512 2604/2600 2568/2564
f 2339/2335 2431/2427 2538/2534
f 2559/2555 2605/2601 2574/2570
f 2574/2570 2606/2602 2453/2449
f 2453/2449 2606/2602 2517/2513
f 2561/2557 2607/2603 2600/2596
f 2547/2543 2539/2535 2520/2516
f 2539/2535 2608/2604 2593/2589
f 2517/2513 2609/2605 2551/2547
f 2489/2485 2610/2606 2490/2486
f 2490/2486 2610/2606 2521/2517
f 2521/2517 2611/2607 2401/2397
f 2401/2397 2611/2607 2480/2476
f 2581/2577 2565/2561 2511/2507
f 2612/2608 2526/2522 2512/2508
f 2570/2566 2571/2567 2530/2526
f 2613/2609 2614/2610 2615/2611
f 2596/2592 2597/2593 2523/2519
f 2581/2577 2616/2612 2565/2561
f 2616/2612 2617/2613 2565/2561
f 2565/2561 2617/2613 2566/2562
f 2555/2551 2618/2614 2583/2579
f 2557/2553 2619/2615 2536/2532
f 2541/2537 2612/2608 2512/2508
f 2537/2533 2620/2616 2371/2367
f 2371/2367 2620/2616 2529/2525
f 2529/2525 2620/2616 2472/2468
f 2542/2538 2571/2567 2621/2617
f 2558/2554 2622/2618 2573/2569
f 2573/2569 2622/2618 2623/2619
f 2573/2569 2623/2619 2559/2555
f 2502/2498 100/96 2398/2394
f 2613/2609 2624/2620 2614/2610
f 2607/2603 2625/2621 2600/2596
f 2547/2543 2626/2622 2539/2535
f 2539/2535 2626/2622 2608/2604
f 2594/2590 2627/2623 2438/2434
f 2438/2434 2627/2623 2510/2506
f 2618/2614 2628/2624 2583/2579
f 2583/2579 2628/2624 2598/2594
f 2568/2564 2629/2625 2535/2531
f 2536/2532 2619/2615 2569/2565
f 2582/2578 2630/2626 2570/2566
f 2620/2616 2631/2627 2472/2468
f 2621/2617 2632/2628 2542/2538
f 2558/2554 2599/2595 2622/2618
f 2431/2427 2633/2629 2538/2534
f 2559/2555 2623/2619 2605/2601
f 2574/2570 2605/2601 2634/2630
f 2574/2570 2634/2630 2606/2602
f 2502/2498 2635/2631 100/96
f 2625/2621 2636/2632 2600/2596
f 2600/2596 2636/2632 2637/2633
f 2600/2596 2637/2633 2547/2543
f 2613/2609 2638/2634 2624/2620
f 2522/2518 2639/2635 2481/2477
f 2481/2477 2639/2635 2564/2560
f 2640/2636 2581/2577 2597/2593
f 2598/2594 2628/2624 2601/2597
f 2604/2600 2641/2637 2629/2625
f 2604/2600 2629/2625 2568/2564
f 2535/2531 2629/2625 2557/2553
f 2569/2565 2619/2615 2642/2638
f 2570/2566 2630/2626 2571/2567
f 2571/2567 2630/2626 2643/2639
f 2472/2468 2631/2627 2431/2427
f 2431/2427 2631/2627 2644/2640
f 2571/2567 2643/2639 2621/2617
f 2542/2538 2632/2628 2599/2595
f 2606/2602 2645/2641 2517/2513
f 101/97 2646/2642 2591/2587
f 2625/2621 2647/2643 2636/2632
f 2626/2622 2648/2644 2608/2604
f 2510/2506 2627/2623 2540/2536
f 2497/2493 2580/2576 2649/2645
f 2497/2493 2649/2645 2596/2592
f 2514/2510 2513/2509 2650/2646
f 2569/2565 2642/2638 2541/2537
f 2637/2633 2626/2622 2547/2543
f 2595/2591 2651/2647 2489/2485
f 2489/2485 2651/2647 2610/2606
f 2554/2550 2652/2648 2580/2576
f 2617/2613 2653/2649 2566/2562
f 2566/2562 2653/2649 2582/2578
f 2654/2650 2655/2651 2618/2614
f 2555/2551 2654/2650 2618/2614
f 2618/2614 2655/2651 2628/2624
f 2612/2608 2656/2652 2526/2522
f 2644/2640 2657/2653 2431/2427
f 2632/2628 2658/2654 2599/2595
f 2599/2595 2659/2655 2622/2618
f 2622/2618 2660/2656 2623/2619
f 2660/2656 2661/2657 2623/2619
f 2623/2619 2661/2657 2605/2601
f 2634/2630 2605/2601 2661/2657
f 2661/2657 2662/2658 2634/2630
f 2502/2498 2572/2568 2635/2631
f 2634/2630 2663/2659 2606/2602
f 2664/2660 2665/2661 2666/2662
f 2564/2560 2652/2648 2554/2550
f 2596/2592 2667/2663 2597/2593
f 2668/2664 2669/2665 2670/2666
f 2526/2522 2671/2667 2527/2523
f 2621/2617 2643/2639 2632/2628
f 2431/2427 2657/2653 2633/2629
f 2634/2630 2662/2658 2663/2659
f 2637/2633 2672/2668 2626/2622
f 2597/2593 2667/2663 2640/2636
f 2581/2577 2673/2669 2616/2612
f 2617/2613 2616/2612 2674/2670
f 2617/2613 2674/2670 2653/2649
f 2582/2578 2675/2671 2630/2626
f 2641/2637 2676/2672 2629/2625
f 2541/2537 2642/2638 2612/2608
f 2556/2552 2677/2673 2528/2524
f 2630/2626 2678/2674 2643/2639
f 2663/2659 2645/2641 2606/2602
f 2517/2513 2645/2641 2609/2605
f 2636/2632 2679/2675 2637/2633
f 2609/2605 2680/2676 2551/2547
f 2594/2590 2680/2676 2627/2623
f 2640/2636 2681/2677 2581/2577
f 2653/2649 2675/2671 2582/2578
f 2655/2651 2682/2678 2628/2624
f 2628/2624 2682/2678 2683/2679
f 2628/2624 2683/2679 2601/2597
f 2601/2597 2683/2679 2602/2598
f 2668/2664 2684/2680 2669/2665
f 2675/2671 2678/2674 2630/2626
f 2647/2643 2679/2675 2636/2632
f 2627/2623 2685/2681 2540/2536
f 2540/2536 2685/2681 2686/2682
f 2540/2536 2686/2682 2505/2501
f 2686/2682 2687/2683 2552/2548
f 2505/2501 2686/2682 2552/2548
f 2552/2548 2687/2683 2688/2684
f 2552/2548 2688/2684 2689/2685
f 2595/2591 2690/2686 2651/2647
f 2651/2647 2691/2687 2610/2606
f 2610/2606 2691/2687 2521/2517
f 2521/2517 2691/2687 2611/2607
f 2611/2607 2692/2688 2480/2476
f 2563/2559 2693/2689 2522/2518
f 2522/2518 2693/2689 2639/2635
f 2639/2635 2694/2690 2564/2560
f 2649/2645 2695/2691 2596/2592
f 2695/2691 2667/2663 2596/2592
f 2683/2679 2696/2692 2602/2598
f 2671/2667 2697/2693 2513/2509
f 2527/2523 2671/2667 2513/2509
f 2514/2510 2698/2694 2556/2552
f 2676/2672 2699/2695 2629/2625
f 2612/2608 2700/2696 2656/2652
f 2528/2524 2677/2673 2587/2583
f 2537/2533 2701/2697 2620/2616
f 2659/2655 2660/2656 2622/2618
f 2572/2568 2538/2534 2702/2698
f 2626/2622 2672/2668 2648/2644
f 2551/2547 2680/2676 2594/2590
f 2562/2558 2703/2699 2563/2559
f 2563/2559 2703/2699 2693/2689
f 2564/2560 2694/2690 2652/2648
f 2652/2648 2704/2700 2580/2576
f 2580/2576 2704/2700 2649/2645
f 2673/2669 2705/2701 2616/2612
f 2697/2693 2650/2646 2513/2509
f 2698/2694 2677/2673 2556/2552
f 2699/2695 2706/2702 2629/2625
f 2644/2640 2631/2627 2657/2653
f 2645/2641 2663/2659 2707/2703
f 2647/2643 2708/2704 2679/2675
f 2609/2605 2645/2641 2709/2705
f 2709/2705 2680/2676 2609/2605
f 2639/2635 2710/2706 2694/2690
f 2581/2577 2681/2677 2673/2669
f 2674/2670 2711/2707 2653/2649
f 2653/2649 2711/2707 2675/2671
f 2655/2651 2712/2708 2682/2678
f 2650/2646 2698/2694 2514/2510
f 2629/2625 2706/2702 2557/2553
f 2619/2615 2713/2709 2642/2638
f 2642/2638 2700/2696 2612/2608
f 2678/2674 2714/2710 2643/2639
f 2643/2639 2714/2710 2632/2628
f 2658/2654 2715/2711 2599/2595
f 2599/2595 2715/2711 2659/2655
f 2707/2703 2709/2705 2645/2641
f 2679/2675 2708/2704 2637/2633
f 2637/2633 2708/2704 2672/2668
f 2562/2558 2716/2712 2703/2699
f 2682/2678 2712/2708 2683/2679
f 2650/2646 2717/2713 2698/2694
f 2557/2553 2706/2702 2713/2709
f 2557/2553 2713/2709 2619/2615
f 2678/2674 2718/2714 2714/2710
f 2632/2628 2714/2710 2715/2711
f 2632/2628 2715/2711 2658/2654
f 2659/2655 2719/2715 2660/2656
f 2661/2657 2660/2656 2662/2658
f 2672/2668 2720/2716 2648/2644
f 2680/2676 2721/2717 2627/2623
f 2694/2690 2722/2718 2652/2648
f 2722/2718 2723/2719 2652/2648
f 2652/2648 2723/2719 2704/2700
f 2649/2645 2704/2700 2695/2691
f 2616/2612 2705/2701 2674/2670
f 2724/2720 2725/2721 2726/2722
f 2650/2646 2697/2693 2717/2713
f 2668/2664 2727/2723 2684/2680
f 2656/2652 2728/2724 2526/2522
f 2526/2522 2728/2724 2671/2667
f 2675/2671 2729/2725 2678/2674
f 2729/2725 2718/2714 2678/2674
f 2662/2658 2660/2656 2663/2659
f 101/97 2730/2726 2646/2642
f 2647/2643 2731/2727 2708/2704
f 2708/2704 2732/2728 2733/2729
f 2708/2704 2733/2729 2672/2668
f 2672/2668 2733/2729 2720/2716
f 2709/2705 2734/2730 2680/2676
f 2711/2707 2729/2725 2675/2671
f 2654/2650 2735/2731 2655/2651
f 2655/2651 2735/2731 2712/2708
f 2712/2708 2736/2732 2683/2679
f 2683/2679 2736/2732 2696/2692
f 2633/2629 2737/2733 2538/2534
f 2572/2568 2702/2698 2635/2631
f 2635/2631 2738/2734 2739/2735
f 2635/2631 2739/2735 100/96
f 100/96 2739/2735 101/97
f 2731/2727 2740/2736 2708/2704
f 2740/2736 2732/2728 2708/2704
f 2703/2699 2741/2737 2693/2689
f 2693/2689 2741/2737 2639/2635
f 2640/2636 2667/2663 2742/2738
f 2640/2636 2743/2739 2681/2677
f 2681/2677 2743/2739 2673/2669
f 2673/2669 2744/2740 2705/2701
f 2705/2701 2745/2741 2674/2670
f 2736/2732 2746/2742 2696/2692
f 2696/2692 2746/2742 2701/2697
f 2713/2709 2747/2743 2642/2638
f 2671/2667 2728/2724 2697/2693
f 2714/2710 2748/2744 2715/2711
f 2633/2629 2657/2653 2749/2745
f 2633/2629 2749/2745 2737/2733
f 2538/2534 2737/2733 2702/2698
f 2702/2698 2738/2734 2635/2631
f 2739/2735 2750/2746 101/97
f 2707/2703 2751/2747 2709/2705
f 2734/2730 2721/2717 2680/2676
f 2685/2681 2752/2748 2686/2682
f 2651/2647 2753/2749 2691/2687
f 2640/2636 2742/2738 2743/2739
f 2735/2731 2754/2750 2712/2708
f 2712/2708 2754/2750 2736/2732
f 2746/2742 2755/2751 2701/2697
f 2676/2672 2756/2752 2699/2695
f 2642/2638 2747/2743 2700/2696
f 2701/2697 2755/2751 2620/2616
f 2715/2711 2757/2753 2659/2655
f 2659/2655 2757/2753 2719/2715
f 2719/2715 2758/2754 2660/2656
f 2660/2656 2759/2755 2663/2659
f 2663/2659 2751/2747 2707/2703
f 101/97 2750/2746 2730/2726
f 2721/2717 2760/2756 2627/2623
f 2627/2623 2760/2756 2685/2681
f 2752/2748 2761/2757 2686/2682
f 2686/2682 2761/2757 2687/2683
f 2753/2749 2762/2758 2691/2687
f 2691/2687 2762/2758 2611/2607
f 2611/2607 2762/2758 2692/2688
f 2639/2635 2763/2759 2710/2706
f 2723/2719 2764/2760 2704/2700
f 2704/2700 2764/2760 2695/2691
f 2695/2691 2764/2760 2742/2738
f 2695/2691 2742/2738 2667/2663
f 2743/2739 2744/2740 2673/2669
f 2705/2701 2744/2740 2745/2741
f 2674/2670 2745/2741 2711/2707
f 2765/2761 2756/2752 2676/2672
f 2718/2714 2766/2762 2748/2744
f 2718/2714 2748/2744 2714/2710
f 2660/2656 2758/2754 2759/2755
f 2663/2659 2759/2755 2751/2747
f 2751/2747 2734/2730 2709/2705
f 2731/2727 2767/2763 2740/2736
f 2761/2757 2768/2764 2687/2683
f 2687/2683 2768/2764 2688/2684
f 2717/2713 2769/2765 2698/2694
f 2706/2702 2770/2766 2713/2709
f 2698/2694 2769/2765 2771/2767
f 2698/2694 2771/2767 2677/2673
f 2729/2725 2772/2768 2718/2714
f 2620/2616 2773/2769 2631/2627
f 2631/2627 2774/2770 2657/2653
f 2767/2763 2775/2771 2740/2736
f 2740/2736 2775/2771 2732/2728
f 2768/2764 2776/2772 2688/2684
f 2690/2686 2777/2773 2651/2647
f 2762/2758 2778/2774 2692/2688
f 2710/2706 2779/2775 2694/2690
f 2723/2719 2722/2718 2764/2760
f 2744/2740 2780/2776 2745/2741
f 2745/2741 2780/2776 2711/2707
f 2711/2707 2780/2776 2729/2725
f 2728/2724 2781/2777 2697/2693
f 2772/2768 2766/2762 2718/2714
f 2748/2744 2757/2753 2715/2711
f 2732/2728 2782/2778 2733/2729
f 2733/2729 2783/2779 2720/2716
f 2734/2730 2784/2780 2721/2717
f 2763/2759 2779/2775 2710/2706
f 2764/2760 2785/2781 2742/2738
f 2785/2781 2743/2739 2742/2738
f 2729/2725 2780/2776 2786/2782
f 2786/2782 2787/2783 2729/2725
f 2729/2725 2787/2783 2772/2768
f 2706/2702 2699/2695 2770/2766
f 2773/2769 2774/2770 2631/2627
f 2766/2762 2788/2784 2748/2744
f 2719/2715 2789/2785 2758/2754
f 2789/2785 2790/2786 2758/2754
f 2758/2754 2790/2786 2759/2755
f 2759/2755 2790/2786 2791/2787
f 2759/2755 2791/2787 2751/2747
f 2751/2747 2791/2787 2734/2730
f 2732/2728 2775/2771 2782/2778
f 2733/2729 2782/2778 2783/2779
f 2716/2712 2792/2788 2703/2699
f 2703/2699 2792/2788 2741/2737
f 2764/2760 2793/2789 2785/2781
f 2743/2739 2794/2790 2744/2740
f 2744/2740 2794/2790 2780/2776
f 2654/2650 2795/2791 2735/2731
f 2735/2731 2795/2791 2754/2750
f 2754/2750 2796/2792 2736/2732
f 2796/2792 2797/2793 2746/2742
f 2736/2732 2796/2792 2746/2742
f 2770/2766 2798/2794 2713/2709
f 2713/2709 2798/2794 2747/2743
f 2747/2743 2799/2795 2700/2696
f 2734/2730 2791/2787 2784/2780
f 2760/2756 2800/2796 2685/2681
f 2685/2681 2800/2796 2752/2748
f 2694/2690 2801/2797 2722/2718
f 2722/2718 2793/2789 2764/2760
f 2795/2791 2802/2798 2754/2750
f 2754/2750 2802/2798 2796/2792
f 2717/2713 2803/2799 2769/2765
f 2700/2696 2804/2800 2656/2652
f 2656/2652 2804/2800 2728/2724
f 2757/2753 2805/2801 2806/2802
f 2757/2753 2806/2802 2719/2715
f 2790/2786 2807/2803 2791/2787
f 2767/2763 2808/2804 2775/2771
f 2775/2771 2808/2804 2782/2778
f 2779/2775 2809/2805 2694/2690
f 2694/2690 2809/2805 2801/2797
f 2722/2718 2810/2806 2793/2789
f 2793/2789 2811/2807 2785/2781
f 2785/2781 2812/2808 2743/2739
f 2743/2739 2813/2809 2794/2790
f 2654/2650 2814/2810 2795/2791
f 2787/2783 2815/2811 2772/2768
f 2771/2767 2816/2812 2677/2673
f 2677/2673 2816/2812 2587/2583
f 2772/2768 2817/2813 2766/2762
f 2788/2784 2818/2814 2748/2744
f 2748/2744 2805/2801 2757/2753
f 2719/2715 2806/2802 2819/2815
f 2719/2715 2819/2815 2789/2785
f 2767/2763 2820/2816 2808/2804
f 2791/2787 2821/2817 2784/2780
f 2784/2780 2760/2756 2721/2717
f 2777/2773 2822/2818 2651/2647
f 2822/2818 2823/2819 2753/2749
f 2651/2647 2822/2818 2753/2749
f 2753/2749 2823/2819 2762/2758
f 2756/2752 2824/2820 2699/2695
f 2770/2766 2825/2821 2798/2794
f 2700/2696 2799/2795 2804/2800
f 2728/2724 2826/2822 2781/2777
f 2755/2751 2827/2823 2828/2824
f 2755/2751 2828/2824 2620/2616
f 2620/2616 2828/2824 2773/2769
f 2774/2770 2829/2825 2657/2653
f 2805/2801 2830/2826 2806/2802
f 2750/2746 2831/2827 2730/2726
f 2752/2748 2832/2828 2761/2757
f 2761/2757 2832/2828 2768/2764
f 2823/2819 2833/2829 2762/2758
f 2722/2718 2801/2797 2810/2806
f 2812/2808 2813/2809 2743/2739
f 2813/2809 2834/2830 2794/2790
f 2794/2790 2835/2831 2780/2776
f 2697/2693 2781/2777 2803/2799
f 2772/2768 2815/2811 2817/2813
f 2817/2813 2788/2784 2766/2762
f 2748/2744 2818/2814 2805/2801
f 2789/2785 2836/2832 2790/2786
f 2702/2698 2837/2833 2738/2734
f 2807/2803 2821/2817 2791/2787
f 2834/2830 2835/2831 2794/2790
f 2780/2776 2835/2831 2786/2782
f 2787/2783 2838/2834 2815/2811
f 2798/2794 2839/2835 2747/2743
f 2804/2800 2826/2822 2728/2724
f 2817/2813 2840/2836 2788/2784
f 2737/2733 2837/2833 2702/2698
f 2790/2786 2836/2832 2807/2803
f 2808/2804 2841/2837 2782/2778
f 2800/2796 2842/2838 2752/2748
f 2752/2748 2842/2838 2832/2828
f 2792/2788 2843/2839 2741/2737
f 2843/2839 2844/2840 2639/2635
f 2741/2737 2843/2839 2639/2635
f 2639/2635 2844/2840 2763/2759
f 2793/2789 2845/2841 2811/2807
f 2835/2831 2846/2842 2786/2782
f 2786/2782 2846/2842 2787/2783
f 2846/2842 2838/2834 2787/2783
f 2795/2791 2847/2843 2802/2798
f 2847/2843 2848/2844 2802/2798
f 2802/2798 2848/2844 2796/2792
f 2765/2761 2849/2845 2756/2752
f 2756/2752 2850/2846 2824/2820
f 2825/2821 2851/2847 2798/2794
f 2851/2847 2839/2835 2798/2794
f 2749/2745 2852/2848 2737/2733
f 2819/2815 2853/2849 2789/2785
f 2789/2785 2853/2849 2836/2832
f 2808/2804 2854/2850 2841/2837
f 2821/2817 2855/2851 2784/2780
f 2833/2829 2856/2852 2762/2758
f 2762/2758 2856/2852 2778/2774
f 2716/2712 2857/2853 2792/2788
f 2810/2806 2858/2854 2793/2789
f 2785/2781 2811/2807 2812/2808
f 2814/2810 2859/2855 2795/2791
f 2795/2791 2859/2855 2847/2843
f 2848/2844 2860/2856 2796/2792
f 2796/2792 2860/2856 2861/2857
f 2796/2792 2861/2857 2797/2793
f 2849/2845 2850/2846 2756/2752
f 2770/2766 2862/2858 2825/2821
f 2747/2743 2839/2835 2799/2795
f 2799/2795 2863/2859 2804/2800
f 2815/2811 2864/2860 2817/2813
f 2805/2801 2865/2861 2830/2826
f 2808/2804 2820/2816 2866/2862
f 2808/2804 2866/2862 2854/2850
f 2782/2778 2841/2837 2783/2779
f 2699/2695 2867/2863 2770/2766
f 2804/2800 2863/2859 2826/2822
f 2788/2784 2868/2864 2818/2814
f 2657/2653 2869/2865 2749/2745
f 2869/2865 2852/2848 2749/2745
f 2819/2815 2870/2866 2853/2849
f 2836/2832 2871/2867 2807/2803
f 2807/2803 2871/2867 2821/2817
f 2784/2780 2855/2851 2760/2756
f 2760/2756 2872/2868 2800/2796
f 2800/2796 2872/2868 2842/2838
f 2838/2834 2864/2860 2815/2811
f 2699/2695 2824/2820 2867/2863
f 2863/2859 2873/2869 2826/2822
f 2826/2822 2874/2870 2781/2777
f 2840/2836 2868/2864 2788/2784
f 2738/2734 2875/2871 2739/2735
f 2855/2851 2876/2872 2760/2756
f 2760/2756 2876/2872 2872/2868
f 2822/2818 2877/2873 2823/2819
f 2823/2819 2877/2873 2833/2829
f 2810/2806 2801/2797 2858/2854
f 2858/2854 2845/2841 2793/2789
f 2845/2841 2878/2874 2811/2807
f 2811/2807 2878/2874 2812/2808
f 2834/2830 2846/2842 2835/2831
f 2879/2875 2880/2876 2881/2877
f 2839/2835 2863/2859 2799/2795
f 2874/2870 2882/2878 2781/2777
f 2781/2777 2882/2878 2803/2799
f 2771/2767 2883/2879 2816/2812
f 2817/2813 2864/2860 2840/2836
f 2868/2864 2884/2880 2818/2814
f 2818/2814 2884/2880 2865/2861
f 2818/2814 2865/2861 2805/2801
f 2657/2653 2829/2825 2869/2865
f 2806/2802 2885/2881 2819/2815
f 2819/2815 2885/2881 2870/2866
f 2737/2733 2852/2848 2837/2833
f 2738/2734 2837/2833 2875/2871
f 2871/2867 2886/2882 2821/2817
f 2821/2817 2886/2882 2855/2851
f 2832/2828 2887/2883 2768/2764
f 2768/2764 2887/2883 2776/2772
f 2792/2788 2888/2884 2843/2839
f 2843/2839 2888/2884 2844/2840
f 2812/2808 2889/2885 2813/2809
f 2846/2842 2890/2886 2838/2834
f 2850/2846 2867/2863 2824/2820
f 2830/2826 2885/2881 2806/2802
f 2842/2838 2891/2887 2832/2828
f 2832/2828 2891/2887 2887/2883
f 2877/2873 2892/2888 2833/2829
f 2833/2829 2892/2888 2856/2852
f 2844/2840 2893/2889 2763/2759
f 2763/2759 2893/2889 2779/2775
f 2878/2874 2889/2885 2812/2808
f 2889/2885 2894/2890 2813/2809
f 2838/2834 2890/2886 2864/2860
f 2803/2799 2895/2891 2769/2765
f 2865/2861 2896/2892 2830/2826
f 2866/2862 2897/2893 2854/2850
f 2841/2837 2898/2894 2899/2895
f 2841/2837 2899/2895 2783/2779
f 2856/2852 2900/2896 2778/2774
f 2858/2854 2901/2897 2845/2841
f 2902/2898 2889/2885 2878/2874
f 2813/2809 2894/2890 2834/2830
f 2882/2878 2895/2891 2803/2799
f 2770/2766 2903/2899 2862/2858
f 2769/2765 2883/2879 2771/2767
f 2904/2900 2840/2836 2864/2860
f 2830/2826 2905/2901 2885/2881
f 2739/2735 2906/2902 2750/2746
f 2854/2850 2897/2893 2841/2837
f 2809/2805 2907/2903 2801/2797
f 2801/2797 2901/2897 2858/2854
f 2845/2841 2908/2904 2878/2874
f 2894/2890 2909/2905 2834/2830
f 2849/2845 2910/2906 2850/2846
f 2850/2846 2910/2906 2867/2863
f 2853/2849 2911/2907 2836/2832
f 2871/2867 2836/2832 2886/2882
f 2820/2816 2912/2908 2913/2909
f 2820/2816 2913/2909 2866/2862
f 2777/2773 2914/2910 2822/2818
f 2822/2818 2914/2910 2877/2873
f 2779/2775 2915/2911 2809/2805
f 2809/2805 2915/2911 2907/2903
f 2801/2797 2907/2903 2901/2897
f 2916/2912 2890/2886 2846/2842
f 2890/2886 2904/2900 2864/2860
f 2825/2821 2917/2913 2851/2847
f 2826/2822 2918/2914 2874/2870
f 2919/2915 2868/2864 2840/2836
f 2868/2864 2920/2916 2884/2880
f 2830/2826 2896/2892 2905/2901
f 2750/2746 2906/2902 2831/2827
f 2841/2837 2897/2893 2898/2894
f 2857/2853 2921/2917 2792/2788
f 2792/2788 2921/2917 2888/2884
f 2901/2897 2922/2918 2845/2841
f 2922/2918 2908/2904 2845/2841
f 2908/2904 2923/2919 2878/2874
f 2878/2874 2923/2919 2902/2898
f 2894/2890 2924/2920 2909/2905
f 2834/2830 2909/2905 2846/2842
f 2839/2835 2925/2921 2863/2859
f 2826/2822 2926/2922 2918/2914
f 2904/2900 2919/2915 2840/2836
f 2865/2861 2884/2880 2896/2892
f 2870/2866 2927/2923 2853/2849
f 2928/2924 2913/2909 2912/2908
f 2928/2924 2929/2925 2913/2909
f 2921/2917 2930/2926 2888/2884
f 2888/2884 2930/2926 2844/2840
f 2889/2885 2931/2927 2894/2890
f 2909/2905 2932/2928 2846/2842
f 2814/2810 2933/2929 2859/2855
f 2859/2855 2934/2930 2847/2843
f 2847/2843 2935/2931 2848/2844
f 2848/2844 2935/2931 2936/2932
f 2848/2844 2936/2932 2860/2856
f 2860/2856 2936/2932 2937/2933
f 2860/2856 2937/2933 2861/2857
f 2867/2863 2903/2899 2770/2766
f 2825/2821 2862/2858 2917/2913
f 2925/2921 2873/2869 2863/2859
f 2816/2812 2938/2934 2587/2583
f 2890/2886 2919/2915 2904/2900
f 2885/2881 2939/2935 2870/2866
f 2927/2923 2940/2936 2853/2849
f 2913/2909 2941/2937 2866/2862
f 2866/2862 2941/2937 2897/2893
f 2930/2926 2942/2938 2844/2840
f 2844/2840 2942/2938 2893/2889
f 2908/2904 2943/2939 2923/2919
f 2902/2898 2931/2927 2889/2885
f 2846/2842 2932/2928 2916/2912
f 2910/2906 2944/2940 2867/2863
f 2873/2869 2926/2922 2826/2822
f 2874/2870 2945/2941 2946/2942
f 2874/2870 2946/2942 2882/2878
f 2895/2891 2883/2879 2769/2765
f 2773/2769 2947/2943 2774/2770
f 2836/2832 2911/2907 2886/2882
f 2911/2907 2948/2944 2886/2882
f 2929/2925 2941/2937 2913/2909
f 2941/2937 2949/2945 2897/2893
f 2887/2883 2950/2946 2776/2772
f 2777/2773 2951/2947 2914/2910
f 2931/2927 2924/2920 2894/2890
f 2847/2843 2934/2930 2935/2931
f 2849/2845 2952/2948 2910/2906
f 2851/2847 2953/2949 2839/2835
f 2919/2915 2954/2950 2920/2916
f 2919/2915 2920/2916 2868/2864
f 2884/2880 2955/2951 2896/2892
f 2956/2952 2957/2953 2958/2954
f 2948/2944 2959/2955 2886/2882
f 2886/2882 2959/2955 2855/2851
f 2855/2851 2960/2956 2876/2872
f 2891/2887 2961/2957 2887/2883
f 2887/2883 2961/2957 2950/2946
f 2892/2888 2962/2958 2856/2852
f 2856/2852 2962/2958 2900/2896
f 2922/2918 2943/2939 2908/2904
f 2902/2898 2963/2959 2931/2927
f 2909/2905 2924/2920 2932/2928
f 2916/2912 2964/2960 2890/2886
f 2933/2929 2965/2961 2859/2855
f 2964/2960 2966/2962 2890/2886
f 2859/2855 2965/2961 2934/2930
f 2966/2962 2919/2915 2890/2886
f 2952/2948 2967/2963 2910/2906
f 2910/2906 2967/2963 2944/2940
f 2917/2913 2953/2949 2851/2847
f 2839/2835 2953/2949 2925/2921
f 2918/2914 2945/2941 2874/2870
f 2773/2769 2968/2964 2947/2943
f 2774/2770 2969/2965 2829/2825
f 2920/2916 2970/2966 2884/2880
f 2884/2880 2970/2966 2955/2951
f 2905/2901 2971/2967 2885/2881
f 2885/2881 2971/2967 2939/2935
f 2870/2866 2939/2935 2927/2923
f 2853/2849 2940/2936 2911/2907
f 2957/2953 2972/2968 2958/2954
f 2929/2925 2973/2969 2941/2937
f 2949/2945 2898/2894 2897/2893
f 2959/2955 2974/2970 2855/2851
f 2876/2872 2975/2971 2872/2868
f 2842/2838 2976/2972 2891/2887
f 2891/2887 2976/2972 2961/2957
f 2893/2889 2977/2973 2779/2775
f 2966/2962 2978/2974 2919/2915
f 2882/2878 2946/2942 2895/2891
f 2895/2891 2979/2975 2883/2879
f 2828/2824 2968/2964 2773/2769
f 2978/2974 2954/2950 2919/2915
f 2896/2892 2971/2967 2905/2901
f 2973/2969 2980/2976 2941/2937
f 2960/2956 2975/2971 2876/2872
f 2914/2910 2981/2977 2877/2873
f 2877/2873 2981/2977 2962/2958
f 2877/2873 2962/2958 2892/2888
f 2779/2775 2977/2973 2915/2911
f 2923/2919 2963/2959 2902/2898
f 2916/2912 2982/2978 2964/2960
f 2774/2770 2947/2943 2969/2965
f 2829/2825 2969/2965 2869/2865
f 2837/2833 2983/2979 2875/2871
f 2974/2970 2960/2956 2855/2851
f 2975/2971 2984/2980 2872/2868
f 2872/2868 2984/2980 2842/2838
f 2921/2917 2985/2981 2930/2926
f 2942/2938 2986/2982 2893/2889
f 2893/2889 2986/2982 2977/2973
f 2922/2918 2987/2983 2943/2939
f 2931/2927 2988/2984 2924/2920
f 2932/2928 2982/2978 2916/2912
f 2935/2931 2989/2985 2936/2932
f 2936/2932 2989/2985 2937/2933
f 2944/2940 2990/2986 2867/2863
f 2867/2863 2990/2986 2903/2899
f 2954/2950 2970/2966 2920/2916
f 2896/2892 2955/2951 2971/2967
f 2980/2976 2991/2987 2941/2937
f 2907/2903 2992/2988 2901/2897
f 2901/2897 2992/2988 2922/2918
f 2943/2939 2993/2989 2923/2919
f 2963/2959 2988/2984 2931/2927
f 2924/2920 2994/2990 2932/2928
f 2964/2960 2995/2991 2966/2962
f 2933/2929 2996/2992 2965/2961
f 2965/2961 2996/2992 2934/2930
f 2989/2985 2997/2993 2937/2933
f 2953/2949 2998/2994 2925/2921
f 2970/2966 2999/2995 2955/2951
f 2852/2848 2983/2979 2837/2833
f 2911/2907 3000/2996 2948/2944
f 2991/2987 2949/2945 2941/2937
f 2984/2980 3001/2997 2842/2838
f 2842/2838 3001/2997 2976/2972
f 3002/2998 2987/2983 2922/2918
f 2994/2990 2982/2978 2932/2928
f 2997/2993 3003/2999 3004/3000
f 2903/2899 2990/2986 3005/3001
f 2903/2899 3005/3001 2862/2858
f 2883/2879 3006/3002 2816/2812
f 2816/2812 3006/3002 2938/2934
f 2954/2950 3007/3003 2970/2966
f 2869/2865 3008/3004 2852/2848
f 2852/2848 3008/3004 2983/2979
f 2911/2907 2940/2936 3000/2996
f 2875/2871 3009/3005 2739/2735
f 2739/2735 3009/3005 2906/2902
f 2957/2953 3010/3006 2972/2968
f 2973/2969 3011/3007 2980/2976
f 2949/2945 3012/3008 2898/2894
f 3013/3009 2985/2981 2857/2853
f 3013/3009 2857/2853 3014/3010
f 2985/2981 3015/3011 2930/2926
f 2930/2926 3015/3011 2942/2938
f 2915/2911 3016/3012 2907/2903
f 2987/2983 2993/2989 2943/2939
f 2988/2984 2994/2990 2924/2920
f 2982/2978 2995/2991 2964/2960
f 2934/2930 3017/3013 2935/2931
f 2935/2931 3017/3013 2989/2985
f 2883/2879 3018/3014 3006/3002
f 2966/2962 3019/3015 2978/2974
f 2954/2950 2978/2974 3020/3016
f 2955/2951 2999/2995 2971/2967
f 3021/3017 3022/3018 2971/2967
f 2971/2967 3022/3018 2939/2935
f 3023/3019 2927/2923 2939/2935
f 2927/2923 3024/3020 2940/2936
f 2948/2944 3025/3021 2959/2955
f 2957/2953 3026/3022 3010/3006
f 3011/3007 2991/2987 2980/2976
f 2949/2945 2991/2987 3012/3008
f 3025/3021 2974/2970 2959/2955
f 3015/3011 3027/3023 2942/2938
f 2942/2938 3027/3023 3028/3024
f 2942/2938 3028/3024 2986/2982
f 2986/2982 3028/3024 2977/2973
f 2907/2903 3016/3012 2992/2988
f 2992/2988 3002/2998 2922/2918
f 2993/2989 3029/3025 2963/2959
f 2923/2919 2993/2989 2963/2959
f 3030/3026 3031/3027 3032/3028
f 3017/3013 3033/3029 2989/2985
f 2989/2985 3033/3029 2997/2993
f 2862/2858 3005/3001 2917/2913
f 3034/3030 2968/2964 3004/3000
f 3019/3015 3020/3016 2978/2974
f 3004/3000 2968/2964 2828/2824
f 2954/2950 3035/3031 3007/3003
f 3007/3003 2999/2995 2970/2966
f 2999/2995 3021/3017 2971/2967
f 3022/3018 3023/3019 2939/2935
f 2875/2871 2983/2979 3009/3005
f 2976/2972 3036/3032 2961/2957
f 2961/2957 3036/3032 2950/2946
f 3013/3009 3037/3033 2985/2981
f 2985/2981 3037/3033 3038/3034
f 2985/2981 3038/3034 3015/3011
f 3015/3011 3038/3034 3027/3023
f 2963/2959 3029/3025 2988/2984
f 2995/2991 3039/3035 2966/2962
f 3033/3029 3040/3036 2997/2993
f 2997/2993 3040/3036 3003/2999
f 2967/2963 3041/3037 2944/2940
f 2873/2869 2925/2921 2926/2922
f 2945/2941 2918/2914 3042/3038
f 2946/2942 2979/2975 2895/2891
f 2969/2965 3043/3039 2869/2865
f 3024/3020 3000/2996 2940/2936
f 3000/2996 3044/3040 2948/2944
f 2988/2984 3045/3041 2994/2990
f 2996/2992 3046/3042 2934/2930
f 2934/2930 3046/3042 3017/3013
f 3017/3013 3047/3043 3033/3029
f 2944/2940 3048/3044 2990/2986
f 2998/2994 3049/3045 2925/2921
f 2945/2941 3050/3046 2946/2942
f 2979/2975 3018/3014 2883/2879
f 2999/2995 3051/3047 3021/3017
f 3008/3004 3052/3048 2983/2979
f 2948/2944 3044/3040 3025/3021
f 2962/2958 3053/3049 2900/2896
f 2994/2990 3054/3050 2982/2978
f 2966/2962 3039/3035 3019/3015
f 2945/2941 3042/3038 3050/3046
f 2954/2950 3020/3016 3035/3031
f 2947/2943 3055/3051 2969/2965
f 3043/3039 3008/3004 2869/2865
f 3023/3019 3024/3020 2927/2923
f 2983/2979 3056/3052 3009/3005
f 3057/3053 3025/3021 3044/3040
f 3012/3008 3058/3054 2898/2894
f 2898/2894 3058/3054 2899/2895
f 3059/3055 2960/2956 2974/2970
f 2981/2977 3053/3049 2962/2958
f 2993/2989 3060/3056 3029/3025
f 2988/2984 3029/3025 3061/3057
f 2988/2984 3061/3057 3045/3041
f 2982/2978 3054/3050 2995/2991
f 3062/3058 3063/3059 3031/3027
f 3030/3026 3062/3058 3031/3027
f 3033/3029 3064/3060 3040/3036
f 3040/3036 3065/3061 3003/2999
f 2952/2948 3066/3062 2967/2963
f 3005/3001 3067/3063 2917/2913
f 2926/2922 3068/3064 2918/2914
f 3007/3003 3069/3065 2999/2995
f 3070/3066 3071/3067 3013/3009
f 3027/3023 3072/3068 3028/3024
f 3028/3024 3072/3068 3073/3069
f 3028/3024 3073/3069 2977/2973
f 2977/2973 3073/3069 2915/2911
f 3073/3069 3074/3070 2915/2911
f 2915/2911 3074/3070 3016/3012
f 2987/2983 3002/2998 3075/3071
f 2987/2983 3060/3056 2993/2989
f 3029/3025 3060/3056 3076/3072
f 2994/2990 3045/3041 3054/3050
f 3054/3050 3077/3073 2995/2991
f 3077/3073 3039/3035 2995/2991
f 3066/3062 3041/3037 2967/2963
f 2925/2921 3049/3045 3078/3074
f 2925/2921 3078/3074 2926/2922
f 2979/2975 3006/3002 3018/3014
f 3019/3015 3079/3075 3020/3016
f 3035/3031 3069/3065 3007/3003
f 3021/3017 3080/3076 3022/3018
f 3022/3018 3081/3077 3023/3019
f 3000/2996 3024/3020 3082/3078
f 3082/3078 3044/3040 3000/2996
f 2906/2902 3009/3005 3083/3079
f 3011/3007 3084/3080 2991/2987
f 3084/3080 3012/3008 2991/2987
f 3025/3021 3057/3053 2974/2970
f 3059/3055 3085/3081 2960/2956
f 2960/2956 3085/3081 2975/2971
f 3053/3049 3086/3082 2900/2896
f 3087/3083 3088/3084 3089/3085
f 3070/3066 3090/3086 3071/3067
f 3064/3060 3091/3087 3040/3036
f 3040/3036 3091/3087 3065/3061
f 2990/2986 3092/3088 3005/3001
f 2917/2913 3067/3063 2953/2949
f 2926/2922 3078/3074 3068/3064
f 3068/3064 3042/3038 2918/2914
f 3050/3046 2979/2975 2946/2942
f 3051/3047 3080/3076 3021/3017
f 3022/3018 3080/3076 3081/3077
f 2983/2979 3052/3048 3056/3052
f 2974/2970 3057/3053 3059/3055
f 3001/2997 3093/3089 2976/2972
f 2976/2972 3093/3089 3036/3032
f 2951/2947 3094/3090 2914/2910
f 2914/2910 3094/3090 2981/2977
f 3016/3012 3095/3091 2992/2988
f 2992/2988 3095/3091 3002/2998
f 2987/2983 3075/3071 3060/3056
f 3029/3025 3076/3072 3061/3057
f 3045/3041 3096/3092 3054/3050
f 3039/3035 3079/3075 3019/3015
f 3041/3037 3048/3044 2944/2940
f 2990/2986 3048/3044 3092/3088
f 2969/2965 3055/3051 3043/3039
f 3069/3065 3097/3093 2999/2995
f 2999/2995 3097/3093 3051/3047
f 3008/3004 29/25 3052/3048
f 3023/3019 3098/3094 3024/3020
f 3058/3054 3099/3095 2899/2895
f 3088/3084 3100/3096 3089/3085
f 3060/3056 3101/3097 3076/3072
f 3039/3035 3102/3098 3079/3075
f 3046/3042 3103/3099 3104/3100
f 2998/2994 3105/3101 3049/3045
f 3042/3038 3068/3064 3050/3046
f 3034/3030 3106/3102 2968/2964
f 3035/3031 3020/3016 3069/3065
f 3051/3047 3107/3103 3080/3076
f 3044/3040 3108/3104 3057/3053
f 2906/2902 3109/3105 2831/2827
f 3110/3106 3111/3107 3011/3007
f 3011/3007 3111/3107 3084/3080
f 2975/2971 3112/3108 3113/3109
f 2975/2971 3113/3109 2984/2980
f 2984/2980 3113/3109 3001/2997
f 3037/3033 3114/3110 3038/3034
f 3002/2998 3095/3091 3075/3071
f 3046/3042 3115/3111 3103/3099
f 3103/3099 3116/3112 3104/3100
f 3116/3112 3117/3113 3047/3043
f 3104/3100 3116/3112 3047/3043
f 3005/3001 3092/3088 3067/3063
f 2953/2949 3067/3063 2998/2994
f 3050/3046 3118/3114 2979/2975
f 2979/2975 3118/3114 3006/3002
f 2968/2964 3119/3115 2947/2943
f 3079/3075 3120/3116 3020/3016
f 3020/3016 3120/3116 3069/3065
f 3023/3019 3081/3077 3098/3094
f 2906/2902 3083/3079 3109/3105
f 3085/3081 3112/3108 2975/2971
f 3047/3043 3117/3113 3064/3060
f 3105/3101 3078/3074 3049/3045
f 3050/3046 3121/3117 3118/3114
f 3119/3115 3122/3118 2947/2943
f 3107/3103 3081/3077 3080/3076
f 3098/3094 3123/3119 3024/3020
f 3123/3119 3082/3078 3024/3020
f 3110/3106 3124/3120 3111/3107
f 3113/3109 3125/3121 3001/2997
f 3001/2997 3125/3121 3093/3089
f 3093/3089 3126/3122 3036/3032
f 3036/3032 3126/3122 3127/3123
f 3128/3124 3129/3125 2951/2947
f 2951/2947 3129/3125 3094/3090
f 2981/2977 3130/3126 3053/3049
f 3130/3126 3131/3127 3053/3049
f 3053/3049 3131/3127 3086/3082
f 3054/3050 3132/3128 3077/3073
f 3062/3058 3133/3129 3063/3059
f 3041/3037 3134/3130 3048/3044
f 3078/3074 3135/3131 3068/3064
f 3068/3064 3135/3131 3136/3132
f 3068/3064 3136/3132 3050/3046
f 3050/3046 3136/3132 3137/3133
f 3137/3133 3121/3117 3050/3046
f 3121/3117 3138/3134 3118/3114
f 3069/3065 3120/3116 3139/3135
f 3051/3047 3097/3093 3107/3103
f 3043/3039 3140/3136 3008/3004
f 3008/3004 3140/3136 29/25
f 3141/3137 3098/3094 3081/3077
f 3082/3078 3108/3104 3044/3040
f 3057/3053 3142/3138 3059/3055
f 3094/3090 3130/3126 2981/2977
f 3114/3110 3143/3139 3038/3034
f 3143/3139 3144/3140 3027/3023
f 3038/3034 3143/3139 3027/3023
f 3027/3023 3144/3140 3072/3068
f 3133/3129 3145/3141 3063/3059
f 3117/3113 3146/3142 3064/3060
f 3064/3060 3146/3142 3091/3087
f 3066/3062 3134/3130 3041/3037
f 3067/3063 3105/3101 2998/2994
f 3118/3114 3147/3143 3006/3002
f 3106/3102 3148/3144 2968/2964
f 2968/2964 3148/3144 3119/3115
f 3122/3118 3055/3051 2947/2943
f 3069/3065 3139/3135 3097/3093
f 3084/3080 3149/3145 3012/3008
f 3058/3054 3150/3146 3099/3095
f 3090/3086 3151/3147 3071/3067
f 3074/3070 3152/3148 3016/3012
f 3016/3012 3153/3149 3095/3091
f 3075/3071 3154/3150 3060/3056
f 3060/3056 3154/3150 3101/3097
f 3101/3097 3155/3151 3076/3072
f 3076/3072 3155/3151 3061/3057
f 3061/3057 3156/3152 3045/3041
f 3045/3041 3156/3152 3096/3092
f 3096/3092 3157/3153 3054/3050
f 3077/3073 3132/3128 3039/3035
f 3039/3035 3132/3128 3102/3098
f 3091/3087 3106/3102 3065/3061
f 3006/3002 3147/3143 2938/2934
f 3079/3075 3158/3154 3159/3155
f 3079/3075 3159/3155 3120/3116
f 3098/3094 3141/3137 3123/3119
f 3108/3104 3082/3078 3160/3156
f 3111/3107 3149/3145 3084/3080
f 3149/3145 3161/3157 3012/3008
f 3012/3008 3161/3157 3150/3146
f 3012/3008 3150/3146 3058/3054
f 3057/3053 3108/3104 3142/3138
f 3142/3138 3162/3158 3059/3055
f 3059/3055 3162/3158 3085/3081
f 3114/3110 3163/3159 3143/3139
f 3072/3068 3144/3140 3073/3069
f 3095/3091 3153/3149 3075/3071
f 3156/3152 3157/3153 3096/3092
f 3133/3129 3164/3160 3145/3141
f 3103/3099 3165/3161 3116/3112
f 3092/3088 3105/3101 3067/3063
f 3138/3134 3147/3143 3118/3114
f 3081/3077 3166/3162 3141/3137
f 29/25 16/12 3167/3163
f 29/25 3167/3163 3052/3048
f 3056/3052 3167/3163 3009/3005
f 3124/3120 3168/3164 3111/3107
f 3085/3081 3162/3158 3112/3108
f 3169/3165 3152/3148 3074/3070
f 3152/3148 3153/3149 3016/3012
f 3101/3097 3154/3150 3170/3166
f 3155/3151 3156/3152 3061/3057
f 3054/3050 3157/3153 3132/3128
f 3133/3129 3171/3167 3164/3160
f 3172/3168 3165/3161 3103/3099
f 3115/3111 3172/3168 3103/3099
f 3165/3161 3173/3169 3116/3112
f 3146/3142 3174/3170 3091/3087
f 3079/3075 3102/3098 3158/3154
f 3091/3087 3174/3170 3106/3102
f 3134/3130 3175/3171 3048/3044
f 3092/3088 3176/3172 3105/3101
f 3136/3132 3177/3173 3137/3133
f 3121/3117 3137/3133 3138/3134
f 3147/3143 3178/3174 2938/2934
f 3119/3115 3179/3175 3122/3118
f 3122/3118 3179/3175 3180/3176
f 3122/3118 3180/3176 3055/3051
f 3055/3051 3180/3176 3181/3177
f 3120/3116 3159/3155 3139/3135
f 3055/3051 3181/3177 3043/3039
f 3043/3039 3181/3177 3140/3136
f 3140/3136 3181/3177 3182/3178
f 3140/3136 17/13 29/25
f 3107/3103 3166/3162 3081/3077
f 3052/3048 3167/3163 3056/3052
f 3123/3119 3160/3156 3082/3078
f 3009/3005 3167/3163 3083/3079
f 3161/3157 3183/3179 3150/3146
f 3150/3146 3184/3180 3099/3095
f 3112/3108 3185/3181 3113/3109
f 3113/3109 3185/3181 3125/3121
f 3143/3139 3186/3182 3144/3140
f 3144/3140 3169/3165 3073/3069
f 3073/3069 3169/3165 3074/3070
f 3157/3153 3187/3183 3132/3128
f 3173/3169 3188/3184 3116/3112
f 3188/3184 3189/3185 3146/3142
f 3117/3113 3188/3184 3146/3142
f 3146/3142 3189/3185 3174/3170
f 3092/3088 3190/3186 3176/3172
f 3106/3102 3174/3170 3148/3144
f 3148/3144 3191/3187 3119/3115
f 3119/3115 3191/3187 3192/3188
f 3119/3115 3192/3188 3179/3175
f 3179/3175 3192/3188 3193/3189
f 3179/3175 3193/3189 3180/3176
f 3193/3189 3194/3190 3180/3176
f 3195/3191 3196/3192 3197/3193
f 3180/3176 3194/3190 3181/3177
f 3181/3177 3194/3190 3198/3194
f 3198/3194 3199/3195 3181/3177
f 3139/3135 3200/3196 3097/3093
f 3181/3177 3199/3195 3182/3178
f 3199/3195 3201/3197 3182/3178
f 3182/3178 3201/3197 18/14
f 3182/3178 18/14 3140/3136
f 3140/3136 18/14 17/13
f 3150/3146 3183/3179 3184/3180
f 3162/3158 3202/3198 3112/3108
f 3112/3108 3202/3198 3185/3181
f 3185/3181 3203/3199 3125/3121
f 3125/3121 3203/3199 3093/3089
f 3094/3090 3204/3200 3130/3126
f 3186/3182 3205/3201 3144/3140
f 3144/3140 3205/3201 3169/3165
f 3075/3071 3206/3202 3154/3150
f 3132/3128 3207/3203 3102/3098
f 3172/3168 3208/3204 3165/3161
f 3165/3161 3208/3204 3173/3169
f 3066/3062 3209/3205 3134/3130
f 3134/3130 3209/3205 3175/3171
f 3078/3074 3210/3206 3135/3131
f 3192/3188 3211/3207 3193/3189
f 3212/3208 3213/3209 3214/3210
f 3215/3211 3216/3212 3217/3213
f 3212/3208 3218/3214 3213/3209
f 3219/3215 3220/3216 3221/3217
f 3219/3215 3221/3217 3213/3209
f 3213/3209 3221/3217 3214/3210
f 3222/3218 3223/3219 3221/3217
f 3220/3216 3222/3218 3221/3217
f 3221/3217 3223/3219 3214/3210
f 3224/3220 3225/3221 3220/3216
f 3220/3216 3225/3221 3222/3218
f 3223/3219 3226/3222 3214/3210
f 3224/3220 3227/3223 3225/3221
f 3227/3223 3228/3224 3225/3221
f 3227/3223 3229/3225 3228/3224
f 3225/3221 3228/3224 3230/3226
f 3225/3221 3230/3226 3222/3218
f 3222/3218 3230/3226 3223/3219
f 3230/3226 3231/3227 3223/3219
f 3223/3219 3231/3227 3226/3222
f 3229/3225 3232/3228 3228/3224
f 3228/3224 3232/3228 3230/3226
f 3229/3225 3233/3229 3232/3228
f 3231/3227 3234/3230 3226/3222
f 3230/3226 3235/3231 3231/3227
f 3231/3227 3235/3231 3234/3230
f 3236/3232 3237/3233 3230/3226
f 3232/3228 3236/3232 3230/3226
f 3230/3226 3237/3233 3235/3231
f 3236/3232 3238/3234 3237/3233
f 3238/3234 3239/3235 3235/3231
f 3237/3233 3238/3234 3235/3231
f 3235/3231 3239/3235 3240/3236
f 3235/3231 3240/3236 3234/3230
f 3239/3235 21/17 3240/3236
f 3238/3234 19/15 21/17
f 3239/3235 3238/3234 21/17
f 3097/3093 3241/3237 3107/3103
f 3242/3238 3243/3239 3244/3240
f 16/12 28/24 3167/3163
f 3166/3162 3245/3241 3141/3137
f 3141/3137 3245/3241 3123/3119
f 3203/3199 3246/3242 3093/3089
f 3093/3089 3246/3242 3126/3122
f 3130/3126 3204/3200 3131/3127
f 3170/3166 3247/3243 3101/3097
f 3172/3168 3248/3244 3208/3204
f 3189/3185 3249/3245 3174/3170
f 3048/3044 3175/3171 3190/3186
f 3048/3044 3190/3186 3092/3088
f 3135/3131 3177/3173 3136/3132
f 3137/3133 3250/3246 3138/3134
f 3250/3246 3251/3247 3138/3134
f 3138/3134 3251/3247 3147/3143
f 3174/3170 3249/3245 3148/3144
f 3191/3187 3252/3248 3192/3188
f 3192/3188 3252/3248 3253/3249
f 3192/3188 3253/3249 3211/3207
f 3254/3250 3217/3213 3255/3251
f 3256/3252 3254/3250 3255/3251
f 3255/3251 3217/3213 3216/3212
f 3257/3253 3258/3254 3259/3255
f 3259/3255 3258/3254 3219/3215
f 3259/3255 3219/3215 3218/3214
f 3260/3256 3261/3257 3262/3258
f 3262/3258 3261/3257 3258/3254
f 3258/3254 3220/3216 3219/3215
f 3263/3259 3264/3260 3261/3257
f 3260/3256 3263/3259 3261/3257
f 3261/3257 3264/3260 3224/3220
f 3261/3257 3224/3220 3258/3254
f 3258/3254 3224/3220 3220/3216
f 3264/3260 3265/3261 3224/3220
f 3265/3261 3227/3223 3224/3220
f 3263/3259 3266/3262 3264/3260
f 3266/3262 3227/3223 3265/3261
f 3264/3260 3266/3262 3265/3261
f 3263/3259 3267/3263 3266/3262
f 3267/3263 3268/3264 3266/3262
f 3268/3264 3229/3225 3227/3223
f 3266/3262 3268/3264 3227/3223
f 3267/3263 3269/3265 3268/3264
f 3268/3264 3233/3229 3229/3225
f 3269/3265 3270/3266 3268/3264
f 3268/3264 3270/3266 3233/3229
f 3233/3229 3271/3267 3232/3228
f 3270/3266 3272/3268 3233/3229
f 3233/3229 3272/3268 3271/3267
f 3270/3266 3273/3269 3272/3268
f 3271/3267 3236/3232 3232/3228
f 3273/3269 3274/3270 3272/3268
f 3272/3268 3274/3270 3271/3267
f 3273/3269 3275/3271 3274/3270
f 3274/3270 3276/3272 3271/3267
f 3271/3267 3276/3272 3277/3273
f 3271/3267 3277/3273 3236/3232
f 3275/3271 3278/3274 3274/3270
f 3274/3270 3278/3274 3276/3272
f 3236/3232 3277/3273 3238/3234
f 3097/3093 3200/3196 3241/3237
f 3276/3272 3279/3275 3280/3276
f 3276/3272 3280/3276 3277/3273
f 3277/3273 3280/3276 3238/3234
f 3275/3271 3281/3277 3278/3274
f 3278/3274 3281/3277 3276/3272
f 3276/3272 3281/3277 3279/3275
f 3280/3276 19/15 3238/3234
f 3275/3271 15/11 14/10
f 3275/3271 14/10 3281/3277
f 3281/3277 14/10 25/21
f 3281/3277 25/21 3279/3275
f 3279/3275 25/21 20/16
f 3279/3275 20/16 3280/3276
f 3280/3276 20/16 19/15
f 3160/3156 3282/3278 3108/3104
f 3162/3158 3283/3279 3202/3198
f 3284/3280 3285/3281 3129/3125
f 3285/3281 3286/3282 3094/3090
f 3129/3125 3285/3281 3094/3090
f 3094/3090 3286/3282 3204/3200
f 3204/3200 3287/3283 3131/3127
f 3131/3127 3287/3283 3086/3082
f 3101/3097 3247/3243 3155/3151
f 3156/3152 3288/3284 3157/3153
f 3248/3244 3289/3285 3208/3204
f 3289/3285 3290/3286 3173/3169
f 3208/3204 3289/3285 3173/3169
f 3173/3169 3290/3286 3188/3184
f 3188/3184 3290/3286 3291/3287
f 3188/3184 3291/3287 3189/3185
f 3189/3185 3291/3287 3249/3245
f 3066/3062 3292/3288 3209/3205
f 3190/3186 3293/3289 3176/3172
f 3176/3172 3293/3289 3105/3101
f 3105/3101 3294/3290 3295/3291
f 3105/3101 3295/3291 3078/3074
f 3078/3074 3295/3291 3210/3206
f 3135/3131 3210/3206 3177/3173
f 3177/3173 3296/3292 3137/3133
f 3251/3247 3178/3174 3147/3143
f 3249/3245 3297/3293 3298/3294
f 3249/3245 3298/3294 3148/3144
f 3148/3144 3298/3294 3299/3295
f 3148/3144 3299/3295 3300/3296
f 3148/3144 3300/3296 3191/3187
f 3191/3187 3300/3296 3301/3297
f 3191/3187 3301/3297 3252/3248
f 3302/3298 3303/3299 3304/3300
f 3305/3301 3302/3298 3304/3300
f 3306/3302 3307/3303 3308/3304
f 3306/3302 3308/3304 3309/3305
f 3309/3305 3308/3304 3310/3306
f 3309/3305 3310/3306 3311/3307
f 3159/3155 3158/3154 3312/3308
f 3159/3155 3313/3309 3139/3135
f 3107/3103 3241/3237 3166/3162
f 3314/3310 3315/3311 3316/3312
f 3315/3311 3317/3313 3316/3312
f 3166/3162 3318/3314 3245/3241
f 28/24 30/26 3319/3315
f 28/24 3319/3315 3167/3163
f 3123/3119 3245/3241 3320/3316
f 3167/3163 3319/3315 3083/3079
f 3320/3316 3160/3156 3123/3119
f 3083/3079 3319/3315 3321/3317
f 3083/3079 3321/3317 3322/3318
f 3083/3079 3322/3318 3109/3105
f 3149/3145 3323/3319 3161/3157
f 3161/3157 3323/3319 3324/3320
f 3161/3157 3324/3320 3183/3179
f 3108/3104 3325/3321 3142/3138
f 3142/3138 3326/3322 3162/3158
f 3327/3323 3185/3181 3328/3324
f 3287/3283 3329/3325 3086/3082
f 3088/3084 3330/3326 3100/3096
f 3163/3159 3331/3327 3143/3139
f 3143/3139 3331/3327 3186/3182
f 3186/3182 3332/3328 3205/3201
f 3153/3149 3206/3202 3075/3071
f 3206/3202 3333/3329 3154/3150
f 3157/3153 3334/3330 3187/3183
f 3248/3244 3335/3331 3289/3285
f 3289/3285 3335/3331 3290/3286
f 3290/3286 3335/3331 3291/3287
f 3291/3287 3297/3293 3249/3245
f 3336/3332 3337/3333 3338/3334
f 3338/3334 3337/3333 3339/3335
f 3175/3171 3340/3336 3190/3186
f 3137/3133 3296/3292 3250/3246
f 3338/3334 3339/3335 3341/3337
f 3339/3335 3342/3338 3341/3337
f 3341/3337 3342/3338 3343/3339
f 3342/3338 3344/3340 3345/3341
f 3342/3338 3345/3341 3343/3339
f 3346/3342 3347/3343 3348/3344
f 3349/3345 3350/3346 3302/3298
f 3349/3345 3302/3298 3351/3347
f 3344/3340 3352/3348 3345/3341
f 3353/3349 3354/3350 3350/3346
f 3350/3346 3354/3350 3303/3299
f 3350/3346 3303/3299 3302/3298
f 3355/3351 3309/3305 3356/3352
f 3357/3353 3355/3351 3356/3352
f 3358/3354 3359/3355 26/22
f 27/23 3358/3354 26/22
f 26/22 3359/3355 24/20
f 3241/3237 3318/3314 3166/3162
f 3358/3354 3360/3356 3359/3355
f 3359/3355 3360/3356 24/20
f 3358/3354 3361/3357 3360/3356
f 3362/3358 3363/3359 3360/3356
f 3361/3357 3362/3358 3360/3356
f 3360/3356 3363/3359 24/20
f 22/18 3364/3360 23/19
f 3364/3360 3365/3361 23/19
f 3361/3357 3366/3362 3362/3358
f 24/20 3367/3363 3364/3360
f 24/20 3364/3360 22/18
f 3366/3362 3368/3364 3362/3358
f 3362/3358 3368/3364 3363/3359
f 3363/3359 3367/3363 24/20
f 3366/3362 3369/3365 3368/3364
f 3364/3360 3370/3366 3365/3361
f 3369/3365 3371/3367 3368/3364
f 3371/3367 3372/3368 3363/3359
f 3368/3364 3371/3367 3363/3359
f 3363/3359 3372/3368 3367/3363
f 3364/3360 3367/3363 3370/3366
f 3367/3363 3373/3369 3370/3366
f 3372/3368 3373/3369 3367/3363
f 3369/3365 3374/3370 3371/3367
f 3160/3156 3320/3316 3375/3371
f 3371/3367 3376/3372 3372/3368
f 3372/3368 3376/3372 3373/3369
f 3371/3367 3374/3370 3376/3372
f 3373/3369 3377/3373 3370/3366
f 3370/3366 3378/3374 3365/3361
f 3374/3370 3379/3375 3376/3372
f 3376/3372 3379/3375 3377/3373
f 3376/3372 3377/3373 3373/3369
f 3374/3370 3380/3376 3379/3375
f 3370/3366 3377/3373 3381/3377
f 3370/3366 3381/3377 3378/3374
f 3380/3376 3382/3378 3383/3379
f 3380/3376 3383/3379 3379/3375
f 3379/3375 3383/3379 3377/3373
f 3382/3378 3384/3380 3383/3379
f 3384/3380 3385/3381 3383/3379
f 3383/3379 3385/3381 3386/3382
f 3383/3379 3386/3382 3377/3373
f 3377/3373 3386/3382 3381/3377
f 3384/3380 3387/3383 3385/3381
f 3387/3383 3388/3384 3385/3381
f 3385/3381 3388/3384 3389/3385
f 3385/3381 3389/3385 3386/3382
f 3386/3382 3389/3385 3381/3377
f 3381/3377 3389/3385 3390/3386
f 3381/3377 3390/3386 3391/3387
f 3381/3377 3391/3387 3378/3374
f 3168/3164 3392/3388 3111/3107
f 3111/3107 3392/3388 3149/3145
f 3392/3388 3323/3319 3149/3145
f 3183/3179 3324/3320 3184/3180
f 3162/3158 3326/3322 3283/3279
f 3283/3279 3185/3181 3202/3198
f 3203/3199 3393/3389 3246/3242
f 3163/3159 3394/3390 3331/3327
f 3331/3327 3395/3391 3186/3182
f 3186/3182 3395/3391 3332/3328
f 3152/3148 3396/3392 3153/3149
f 3397/3393 3398/3394 3399/3395
f 3400/3396 3401/3397 3397/3393
f 3397/3393 3401/3397 3398/3394
f 3398/3394 3402/3398 3399/3395
f 3401/3397 3403/3399 3398/3394
f 3398/3394 3403/3399 3402/3398
f 3404/3400 3405/3401 3403/3399
f 3403/3399 3406/3402 3402/3398
f 3405/3401 3406/3402 3403/3399
f 3404/3400 3407/3403 3405/3401
f 3406/3402 3408/3404 3402/3398
f 3407/3403 3409/3405 3405/3401
f 3409/3405 3410/3406 3405/3401
f 3405/3401 3410/3406 3406/3402
f 3406/3402 3410/3406 3408/3404
f 3409/3405 3411/3407 3410/3406
f 3411/3407 3412/3408 3410/3406
f 3412/3408 3413/3409 3408/3404
f 3410/3406 3412/3408 3408/3404
f 3411/3407 3414/3410 3412/3408
f 3412/3408 3415/3411 3413/3409
f 3414/3410 3416/3412 3412/3408
f 3412/3408 3416/3412 3415/3411
f 3157/3153 3288/3284 3334/3330
f 3414/3410 3417/3413 3416/3412
f 3418/3414 3419/3415 3420/3416
f 3417/3413 3421/3417 3416/3412
f 3187/3183 3207/3203 3132/3128
f 3422/3418 3423/3419 3424/3420
f 3425/3421 3426/3422 3427/3423
f 3426/3422 3428/3424 3422/3418
f 3427/3423 3426/3422 3422/3418
f 3422/3418 3428/3424 3423/3419
f 3425/3421 3429/3425 3426/3422
f 3428/3424 3336/3332 3423/3419
f 3430/3426 3431/3427 3432/3428
f 3429/3425 3433/3429 3426/3422
f 3426/3422 3337/3333 3428/3424
f 3428/3424 3337/3333 3336/3332
f 3433/3429 3434/3430 3435/3431
f 3433/3429 3436/3432 3434/3430
f 3433/3429 3435/3431 3437/3433
f 3433/3429 3437/3433 3426/3422
f 3426/3422 3437/3433 3339/3335
f 3426/3422 3339/3335 3337/3333
f 3292/3288 3438/3434 3209/3205
f 3209/3205 3438/3434 3175/3171
f 3175/3171 3438/3434 3340/3336
f 3293/3289 3294/3290 3105/3101
f 3177/3173 3210/3206 3296/3292
f 3251/3247 3439/3435 3178/3174
f 3439/3435 3440/3436 3178/3174
f 3102/3098 3207/3203 3158/3154
f 3430/3426 3348/3344 3431/3427
f 3437/3433 3342/3338 3339/3335
f 3348/3344 3441/3437 3431/3427
f 3442/3438 3443/3439 3434/3430
f 3434/3430 3443/3439 3444/3440
f 3434/3430 3444/3440 3435/3431
f 3435/3431 3444/3440 3437/3433
f 3445/3441 3446/3442 3442/3438
f 3442/3438 3446/3442 3443/3439
f 3444/3440 3344/3340 3437/3433
f 3437/3433 3344/3340 3342/3338
f 3445/3441 3447/3443 3446/3442
f 3446/3442 3448/3444 3443/3439
f 3443/3439 3448/3444 3444/3440
f 3447/3443 3449/3445 3446/3442
f 3446/3442 3449/3445 3448/3444
f 3159/3155 3312/3308 3313/3309
f 3139/3135 3313/3309 3200/3196
f 3160/3156 3375/3371 3282/3278
f 3282/3278 3325/3321 3108/3104
f 3450/3446 3451/3447 3452/3448
f 3453/3449 3454/3450 3455/3451
f 3323/3319 3392/3388 3456/3452
f 3456/3452 3324/3320 3323/3319
f 3185/3181 3457/3453 3328/3324
f 3246/3242 3458/3454 3126/3122
f 3330/3326 3459/3455 3100/3096
f 3284/3280 3460/3456 3285/3281
f 3286/3282 3461/3457 3204/3200
f 3204/3200 3461/3457 3287/3283
f 3331/3327 3394/3390 3395/3391
f 3462/3458 3463/3459 3400/3396
f 3464/3460 3465/3461 3466/3462
f 3400/3396 3467/3463 3462/3458
f 3468/3464 3469/3465 3470/3466
f 3471/3467 3468/3464 3470/3466
f 3470/3466 3469/3465 3463/3459
f 3463/3459 3469/3465 3400/3396
f 3468/3464 3472/3468 3469/3465
f 3469/3465 3472/3468 3473/3469
f 3469/3465 3473/3469 3400/3396
f 3400/3396 3403/3399 3401/3397
f 3468/3464 3474/3470 3472/3468
f 3473/3469 3404/3400 3400/3396
f 3400/3396 3404/3400 3403/3399
f 3472/3468 3474/3470 3473/3469
f 3473/3469 3474/3470 3407/3403
f 3473/3469 3407/3403 3404/3400
f 3474/3470 3475/3471 3407/3403
f 3474/3470 3476/3472 3475/3471
f 3477/3473 3409/3405 3407/3403
f 3407/3403 3475/3471 3477/3473
f 3475/3471 3478/3474 3477/3473
f 3476/3472 3478/3474 3475/3471
f 3247/3243 3156/3152 3155/3151
f 3477/3473 3411/3407 3409/3405
f 3478/3474 3479/3475 3477/3473
f 3477/3473 3479/3475 3411/3407
f 3476/3472 3480/3476 3478/3474
f 3480/3476 3481/3477 3478/3474
f 3478/3474 3481/3477 3479/3475
f 3479/3475 3414/3410 3411/3407
f 3480/3476 3482/3478 3481/3477
f 3481/3477 3483/3479 3479/3475
f 3483/3479 3417/3413 3479/3475
f 3479/3475 3417/3413 3414/3410
f 3482/3478 3484/3480 3481/3477
f 3482/3478 3485/3481 3484/3480
f 3481/3477 3484/3480 3483/3479
f 3484/3480 3486/3482 3483/3479
f 3417/3413 3487/3483 3421/3417
f 3487/3483 3488/3484 3415/3411
f 3421/3417 3487/3483 3415/3411
f 3485/3481 3489/3485 3484/3480
f 3484/3480 3489/3485 3486/3482
f 3486/3482 3490/3486 3483/3479
f 3483/3479 3487/3483 3417/3413
f 3490/3486 3491/3487 3483/3479
f 3487/3483 3492/3488 3488/3484
f 3489/3485 3493/3489 3486/3482
f 3493/3489 3490/3486 3486/3482
f 3483/3479 3494/3490 3487/3483
f 3494/3490 3495/3491 3487/3483
f 3487/3483 3495/3491 3492/3488
f 3483/3479 3491/3487 3494/3490
f 3485/3481 3496/3492 3489/3485
f 3490/3486 3497/3493 3491/3487
f 3491/3487 3497/3493 3498/3494
f 3491/3487 3498/3494 3494/3490
f 3494/3490 3498/3494 3499/3495
f 3494/3490 3499/3495 3495/3491
f 3495/3491 3499/3495 3500/3496
f 3493/3489 3497/3493 3490/3486
f 3429/3425 3425/3421 3497/3493
f 3497/3493 3425/3421 3498/3494
f 3498/3494 3425/3421 3427/3423
f 3498/3494 3427/3423 3499/3495
f 3499/3495 3501/3497 3500/3496
f 3493/3489 3436/3432 3497/3493
f 3497/3493 3436/3432 3429/3425
f 3489/3485 3502/3498 3493/3489
f 3493/3489 3502/3498 3436/3432
f 3496/3492 3503/3499 3489/3485
f 3489/3485 3503/3499 3502/3498
f 3436/3432 3433/3429 3429/3425
f 3503/3499 3504/3500 3502/3498
f 3502/3498 3434/3430 3436/3432
f 3292/3288 3505/3501 3438/3434
f 3190/3186 3506/3502 3293/3289
f 3294/3290 3507/3503 3295/3291
f 3210/3206 3508/3504 3296/3292
f 3502/3498 3504/3500 3442/3438
f 3502/3498 3442/3438 3434/3430
f 3318/3314 3509/3505 3245/3241
f 3510/3506 3511/3507 3512/3508
f 3512/3508 3511/3507 3513/3509
f 3512/3508 3513/3509 3454/3450
f 3456/3452 3514/3510 3324/3320
f 3324/3320 3514/3510 3184/3180
f 3283/3279 3515/3511 3185/3181
f 3515/3511 3516/3512 3185/3181
f 3185/3181 3516/3512 3457/3453
f 3286/3282 3517/3513 3461/3457
f 3394/3390 3518/3514 3395/3391
f 3395/3391 3518/3514 3332/3328
f 3332/3328 3396/3392 3169/3165
f 3169/3165 3396/3392 3152/3148
f 3464/3460 3519/3515 3465/3461
f 3520/3516 3521/3517 3522/3518
f 3505/3501 3523/3519 3524/3520
f 3505/3501 3524/3520 3438/3434
f 3438/3434 3524/3520 3340/3336
f 3506/3502 3525/3521 3293/3289
f 3293/3289 3526/3522 3294/3290
f 3526/3522 3507/3503 3294/3290
f 3295/3291 3508/3504 3210/3206
f 3296/3292 3527/3523 3250/3246
f 3250/3246 3527/3523 3528/3524
f 3528/3524 3529/3525 3250/3246
f 3529/3525 3439/3435 3251/3247
f 3207/3203 3312/3308 3158/3154
f 3530/3526 3531/3527 3532/3528
f 3533/3529 3531/3527 3534/3530
f 3535/3531 3536/3532 3537/3533
f 3537/3533 3538/3534 3533/3529
f 3539/3535 3540/3536 3541/3537
f 3542/3538 3539/3535 3541/3537
f 3541/3537 3540/3536 3535/3531
f 3543/3539 3544/3540 3545/3541
f 3546/3542 3539/3535 3542/3538
f 3328/3324 3457/3453 3393/3389
f 3393/3389 3547/3543 3246/3242
f 3246/3242 3547/3543 3458/3454
f 3460/3456 3548/3544 3517/3513
f 3517/3513 3548/3544 3549/3545
f 3517/3513 3549/3545 3461/3457
f 3549/3545 3550/3546 3461/3457
f 3461/3457 3550/3546 3287/3283
f 3287/3283 3550/3546 3329/3325
f 3394/3390 3551/3547 3518/3514
f 3518/3514 3552/3548 3332/3328
f 3553/3549 3554/3550 3519/3515
f 3333/3329 3555/3551 3154/3150
f 3154/3150 3555/3551 3170/3166
f 3187/3183 3334/3330 3207/3203
f 3556/3552 3312/3308 3207/3203
f 3557/3553 3558/3554 3559/3555
f 3505/3501 3560/3556 3523/3519
f 3524/3520 3561/3557 3340/3336
f 3340/3336 3561/3557 3190/3186
f 3190/3186 3561/3557 3506/3502
f 3293/3289 3525/3521 3526/3522
f 3296/3292 3562/3558 3527/3523
f 3563/3559 3564/3560 3565/3561
f 3563/3559 3565/3561 3566/3562
f 3566/3562 3565/3561 3560/3556
f 3566/3562 3560/3556 3567/3563
f 3568/3564 3569/3565 3570/3566
f 3570/3566 3569/3565 3571/3567
f 3571/3567 3572/3568 3573/3569
f 3570/3566 3571/3567 3573/3569
f 3572/3568 3574/3570 3573/3569
f 3573/3569 3574/3570 3575/3571
f 3575/3571 3574/3570 3576/3572
f 3575/3571 3576/3572 3577/3573
f 3577/3573 3576/3572 3564/3560
f 3578/3574 3579/3575 3580/3576
f 3457/3453 3581/3577 3393/3389
f 3393/3389 3581/3577 3547/3543
f 3551/3547 3582/3578 3518/3514
f 3518/3514 3582/3578 3583/3579
f 3518/3514 3583/3579 3552/3548
f 3153/3149 3396/3392 3206/3202
f 3333/3329 3206/3202 3584/3580
f 3553/3549 3585/3581 3554/3550
f 3247/3243 3586/3582 3587/3583
f 3156/3152 3588/3584 3288/3284
f 3288/3284 3588/3584 3589/3585
f 3288/3284 3589/3585 3334/3330
f 3334/3330 3590/3586 3207/3203
f 3528/3524 3591/3587 3529/3525
f 3529/3525 3591/3587 3592/3588
f 3529/3525 3592/3588 3439/3435
f 3439/3435 3592/3588 3593/3589
f 3439/3435 3593/3589 3440/3436
f 3440/3436 3593/3589 3594/3590
f 3595/3591 3596/3592 3523/3519
f 3560/3556 3595/3591 3523/3519
f 3523/3519 3596/3592 3524/3520
f 3524/3520 3596/3592 3561/3557
f 3526/3522 3597/3593 3507/3503
f 3507/3503 3597/3593 3295/3291
f 3295/3291 3597/3593 3508/3504
f 3508/3504 3597/3593 3562/3558
f 3508/3504 3562/3558 3296/3292
f 3598/3594 3599/3595 3565/3561
f 3564/3560 3598/3594 3565/3561
f 3565/3561 3599/3595 3560/3556
f 3568/3564 3600/3596 3569/3565
f 3569/3565 3600/3596 3601/3597
f 3569/3565 3601/3597 3571/3567
f 3572/3568 3602/3598 3603/3599
f 3572/3568 3603/3599 3574/3570
f 3574/3570 3603/3599 3604/3600
f 3574/3570 3604/3600 3576/3572
f 3605/3601 3606/3602 3607/3603
f 3605/3601 3607/3603 3608/3604
f 3605/3601 3609/3605 3606/3602
f 3610/3606 3579/3575 3611/3607
f 3579/3575 3612/3608 3611/3607
f 3613/3609 3614/3610 3615/3611
f 3613/3609 3615/3611 3606/3602
f 3615/3611 3614/3610 3616/3612
f 3606/3602 3615/3611 3607/3603
f 3578/3574 3617/3613 3579/3575
f 3578/3574 3618/3614 3617/3613
f 3619/3615 3620/3616 3621/3617
f 3618/3614 3622/3618 3617/3613
f 3623/3619 3624/3620 3625/3621
f 3626/3622 3627/3623 3628/3624
f 3626/3622 3628/3624 3629/3625
f 3625/3621 3630/3626 3631/3627
f 3629/3625 3628/3624 3632/3628
f 3631/3627 3630/3626 3633/3629
f 3632/3628 3634/3630 3629/3625
f 3629/3625 3634/3630 3635/3631
f 3312/3308 3636/3632 3313/3309
f 3313/3309 3637/3633 3200/3196
f 3241/3237 3638/3634 3318/3314
f 3245/3241 3509/3505 3320/3316
f 3325/3321 3639/3635 3142/3138
f 3326/3322 3515/3511 3283/3279
f 3516/3512 3640/3636 3457/3453
f 3581/3577 3641/3637 3547/3543
f 3547/3543 3641/3637 3642/3638
f 3547/3543 3642/3638 3458/3454
f 3460/3456 3643/3639 3548/3544
f 3550/3546 3644/3640 3329/3325
f 3330/3326 3645/3641 3646/3642
f 3330/3326 3646/3642 3459/3455
f 3647/3643 3648/3644 3649/3645
f 3247/3243 3587/3583 3156/3152
f 3334/3330 3589/3585 3590/3586
f 3650/3646 3651/3647 3652/3648
f 3653/3649 3654/3650 3655/3651
f 3592/3588 3656/3652 3593/3589
f 3657/3653 3658/3654 3596/3592
f 3596/3592 3658/3654 3561/3557
f 3561/3557 3658/3654 3659/3655
f 3561/3557 3659/3655 3506/3502
f 3506/3502 3659/3655 3525/3521
f 3525/3521 3659/3655 3660/3656
f 3525/3521 3660/3656 3526/3522
f 3526/3522 3660/3656 3597/3593
f 3597/3593 3660/3656 3661/3657
f 3661/3657 3662/3658 3562/3558
f 3597/3593 3661/3657 3562/3558
f 3662/3658 3663/3659 3562/3558
f 3562/3558 3663/3659 3527/3523
f 3664/3660 3665/3661 3666/3662
f 3664/3660 3666/3662 3667/3663
f 3668/3664 3669/3665 3670/3666
f 3668/3664 3670/3666 3665/3661
f 3665/3661 3670/3666 3666/3662
f 3671/3667 3672/3668 3609/3605
f 3673/3669 3674/3670 3669/3665
f 3669/3665 3674/3670 3675/3671
f 3669/3665 3675/3671 3670/3666
f 3675/3671 3676/3672 3670/3666
f 3673/3669 3616/3612 3674/3670
f 3675/3671 3677/3673 3676/3672
f 3678/3674 3623/3619 3614/3610
f 3614/3610 3623/3619 3679/3675
f 3614/3610 3679/3675 3616/3612
f 3679/3675 3680/3676 3616/3612
f 3680/3676 3681/3677 3616/3612
f 3616/3612 3681/3677 3674/3670
f 3674/3670 3681/3677 3682/3678
f 3674/3670 3682/3678 3675/3671
f 3675/3671 3682/3678 3677/3673
f 3683/3679 3684/3680 3685/3681
f 3678/3674 3686/3682 3624/3620
f 3678/3674 3624/3620 3623/3619
f 3687/3683 3628/3624 3627/3623
f 3688/3684 3687/3683 3627/3623
f 3632/3628 3689/3685 3634/3630
f 3689/3685 3690/3686 3634/3630
f 3691/3687 3692/3688 3681/3677
f 3634/3630 3690/3686 3693/3689
f 3681/3677 3692/3688 3682/3678
f 3682/3678 3692/3688 3694/3690
f 3693/3689 3690/3686 3695/3691
f 3682/3678 3694/3690 3677/3673
f 3690/3686 3696/3692 3695/3691
f 3677/3673 3694/3690 3697/3693
f 3695/3691 3696/3692 3698/3694
f 3698/3694 3696/3692 3699/3695
f 3700/3696 3697/3693 3701/3697
f 3698/3694 3699/3695 3702/3698
f 3700/3696 3701/3697 3703/3699
f 3702/3698 3699/3695 3704/3700
f 3704/3700 3705/3701 3702/3698
f 3701/3697 3706/3702 3707/3703
f 3703/3699 3701/3697 3707/3703
f 3702/3698 3705/3701 3708/3704
f 3708/3704 3705/3701 3709/3705
f 3709/3705 3710/3706 3708/3704
f 3706/3702 3711/3707 3707/3703
f 3708/3704 3710/3706 3712/3708
f 3707/3703 3711/3707 3713/3709
f 3712/3708 3710/3706 3714/3710
f 3713/3709 3711/3707 3715/3711
f 3712/3708 3714/3710 3716/3712
f 3716/3712 3714/3710 3717/3713
f 3200/3196 3638/3634 3241/3237
f 3639/3635 3326/3322 3142/3138
f 3515/3511 3718/3714 3640/3636
f 3515/3511 3640/3636 3516/3512
f 3457/3453 3719/3715 3581/3577
f 3643/3639 3720/3716 3548/3544
f 3548/3544 3720/3716 3549/3545
f 3551/3547 3721/3717 3582/3578
f 3582/3578 3722/3718 3583/3579
f 3583/3579 3722/3718 3723/3719
f 3583/3579 3723/3719 3552/3548
f 3723/3719 3724/3720 3552/3548
f 3725/3721 3726/3722 3727/3723
f 3727/3723 3728/3724 3729/3725
f 3729/3725 3728/3724 3730/3726
f 3730/3726 3728/3724 3731/3727
f 3732/3728 3726/3722 3725/3721
f 3726/3722 3728/3724 3727/3723
f 3728/3724 3733/3729 3731/3727
f 3734/3730 3735/3731 3728/3724
f 3728/3724 3735/3731 3733/3729
f 3732/3728 3736/3732 3726/3722
f 3726/3722 3734/3730 3728/3724
f 3736/3732 3737/3733 3726/3722
f 3726/3722 3738/3734 3734/3730
f 3735/3731 3739/3735 3733/3729
f 3555/3551 3586/3582 3170/3166
f 3735/3731 3740/3736 3739/3735
f 3738/3734 3735/3731 3734/3730
f 3737/3733 3738/3734 3726/3722
f 3735/3731 3741/3737 3740/3736
f 3738/3734 3741/3737 3735/3731
f 3170/3166 3586/3582 3247/3243
f 3737/3733 3742/3738 3738/3734
f 3741/3737 3743/3739 3740/3736
f 3738/3734 3744/3740 3741/3737
f 3743/3739 3745/3741 3740/3736
f 3740/3736 3745/3741 3739/3735
f 3742/3738 3744/3740 3738/3734
f 3745/3741 3746/3742 3739/3735
f 3744/3740 3747/3743 3741/3737
f 3741/3737 3747/3743 3743/3739
f 3156/3152 3587/3583 3588/3584
f 3743/3739 3748/3744 3745/3741
f 3744/3740 3749/3745 3747/3743
f 3745/3741 3748/3744 3746/3742
f 3749/3745 3750/3746 3747/3743
f 3747/3743 3748/3744 3743/3739
f 3747/3743 3751/3747 3748/3744
f 3750/3746 3751/3747 3747/3743
f 3749/3745 3752/3748 3750/3746
f 3748/3744 3753/3749 3746/3742
f 3754/3750 3751/3747 3750/3746
f 3750/3746 3752/3748 3754/3750
f 3755/3751 3756/3752 3757/3753
f 3757/3753 3756/3752 3758/3754
f 3758/3754 3756/3752 3759/3755
f 3758/3754 3759/3755 3760/3756
f 3760/3756 3759/3755 3761/3757
f 3762/3758 3763/3759 3764/3760
f 3763/3759 3765/3761 3766/3762
f 3764/3760 3763/3759 3766/3762
f 3766/3762 3765/3761 3767/3763
f 3765/3761 3768/3764 3767/3763
f 3767/3763 3768/3764 3769/3765
f 3768/3764 3770/3766 3769/3765
f 3770/3766 3771/3767 3772/3768
f 3769/3765 3770/3766 3772/3768
f 3773/3769 3774/3770 3755/3751
f 3755/3751 3774/3770 3756/3752
f 3774/3770 3775/3771 3756/3752
f 3775/3771 3776/3772 3759/3755
f 3756/3752 3775/3771 3759/3755
f 3759/3755 3776/3772 3761/3757
f 3776/3772 3777/3773 3761/3757
f 3761/3757 3777/3773 3778/3774
f 3777/3773 3779/3775 3778/3774
f 3778/3774 3779/3775 3780/3776
f 3779/3775 3781/3777 3780/3776
f 3780/3776 3781/3777 3782/3778
f 3782/3778 3781/3777 3783/3779
f 3782/3778 3783/3779 3784/3780
f 3784/3780 3783/3779 3785/3781
f 3784/3780 3785/3781 3786/3782
f 3786/3782 3785/3781 3787/3783
f 3786/3782 3787/3783 3788/3784
f 3788/3784 3787/3783 3789/3785
f 3788/3784 3789/3785 3790/3786
f 3788/3784 3790/3786 3791/3787
f 3791/3787 3790/3786 3792/3788
f 3790/3786 3793/3789 3792/3788
f 3793/3789 3794/3790 3792/3788
f 3792/3788 3794/3790 3795/3791
f 3795/3791 3794/3790 3796/3792
f 3795/3791 3796/3792 3797/3793
f 3752/3748 3798/3794 3754/3750
f 3751/3747 3799/3795 3748/3744
f 3773/3769 3800/3796 3774/3770
f 3800/3796 3801/3797 3774/3770
f 3774/3770 3801/3797 3775/3771
f 3775/3771 3802/3798 3776/3772
f 3776/3772 3802/3798 3777/3773
f 3777/3773 3803/3799 3779/3775
f 3779/3775 3803/3799 3781/3777
f 3790/3786 3804/3800 3793/3789
f 3793/3789 3805/3801 3794/3790
f 3794/3790 3805/3801 3806/3802
f 3794/3790 3806/3802 3796/3792
f 3796/3792 3806/3802 3807/3803
f 3807/3803 3806/3802 3808/3804
f 3807/3803 3808/3804 3809/3805
f 3807/3803 3809/3805 3810/3806
f 3809/3805 3811/3807 3810/3806
f 3810/3806 3811/3807 3812/3808
f 3810/3806 3812/3808 3813/3809
f 3813/3809 3812/3808 3814/3810
f 3812/3808 3815/3811 3814/3810
f 3814/3810 3815/3811 3816/3812
f 3816/3812 3817/3813 3814/3810
f 3814/3810 3817/3813 3818/3814
f 3817/3813 3819/3815 3818/3814
f 3818/3814 3819/3815 3820/3816
f 3821/3817 3822/3818 3798/3794
f 3752/3748 3821/3817 3798/3794
f 3773/3769 3823/3819 3800/3796
f 3775/3771 3801/3797 3802/3798
f 3802/3798 3824/3820 3777/3773
f 3777/3773 3824/3820 3803/3799
f 3803/3799 3825/3821 3781/3777
f 3825/3821 3826/3822 3781/3777
f 3781/3777 3826/3822 3783/3779
f 3783/3779 3826/3822 3827/3823
f 3783/3779 3827/3823 3785/3781
f 3785/3781 3827/3823 3828/3824
f 3785/3781 3828/3824 3787/3783
f 3789/3785 3829/3825 3790/3786
f 3817/3813 3830/3826 3819/3815
f 3819/3815 3830/3826 3831/3827
f 3819/3815 3831/3827 3820/3816
f 3820/3816 3831/3827 3832/3828
f 3832/3828 3831/3827 3833/3829
f 3748/3744 3799/3795 3753/3749
f 3800/3796 3823/3819 3834/3830
f 3800/3796 3834/3830 3801/3797
f 3801/3797 3834/3830 3835/3831
f 3801/3797 3835/3831 3802/3798
f 3835/3831 3836/3832 3802/3798
f 3802/3798 3836/3832 3824/3820
f 3836/3832 3837/3833 3824/3820
f 3824/3820 3837/3833 3803/3799
f 3837/3833 3825/3821 3803/3799
f 3828/3824 3838/3834 3787/3783
f 3787/3783 3838/3834 3789/3785
f 3838/3834 3829/3825 3789/3785
f 3793/3789 3839/3835 3805/3801
f 3808/3804 3840/3836 3809/3805
f 3809/3805 3840/3836 3811/3807
f 3816/3812 3841/3837 3817/3813
f 3831/3827 3842/3838 3833/3829
f 3798/3794 3843/3839 3754/3750
f 3754/3750 3843/3839 3751/3747
f 3823/3819 3844/3840 3834/3830
f 3834/3830 3844/3840 3845/3841
f 3834/3830 3845/3841 3835/3831
f 3835/3831 3845/3841 3836/3832
f 3836/3832 3845/3841 3846/3842
f 3836/3832 3846/3842 3837/3833
f 3846/3842 3847/3843 3837/3833
f 3847/3843 3848/3844 3837/3833
f 3837/3833 3848/3844 3825/3821
f 3825/3821 3848/3844 3826/3822
f 3826/3822 3848/3844 3849/3845
f 3826/3822 3849/3845 3827/3823
f 3827/3823 3849/3845 3828/3824
f 3828/3824 3849/3845 3850/3846
f 3828/3824 3850/3846 3838/3834
f 3838/3834 3850/3846 3851/3847
f 3838/3834 3851/3847 3829/3825
f 3851/3847 3852/3848 3829/3825
f 3790/3786 3829/3825 3804/3800
f 3829/3825 3853/3849 3804/3800
f 3804/3800 3853/3849 3793/3789
f 3854/3850 3806/3802 3805/3801
f 3840/3836 3855/3851 3811/3807
f 3811/3807 3855/3851 3812/3808
f 3815/3811 3812/3808 3856/3852
f 3841/3837 3857/3853 3817/3813
f 3817/3813 3857/3853 3830/3826
f 3831/3827 3858/3854 3842/3838
f 3843/3839 3859/3855 3751/3747
f 3751/3747 3859/3855 3799/3795
f 3799/3795 3860/3856 3753/3749
f 3852/3848 3861/3857 3829/3825
f 3853/3849 3839/3835 3793/3789
f 3806/3802 3854/3850 3862/3858
f 3815/3811 3841/3837 3816/3812
f 3857/3853 3863/3859 3830/3826
f 3831/3827 3864/3860 3858/3854
f 3858/3854 3843/3839 3842/3838
f 3798/3794 3865/3861 3843/3839
f 3861/3857 3866/3862 3829/3825
f 3839/3835 3854/3850 3805/3801
f 3808/3804 3867/3863 3840/3836
f 3840/3836 3867/3863 3855/3851
f 3830/3826 3864/3860 3831/3827
f 3866/3862 3853/3849 3829/3825
f 3806/3802 3868/3864 3808/3804
f 3856/3852 3812/3808 3869/3865
f 3815/3811 3856/3852 3870/3866
f 3870/3866 3841/3837 3815/3811
f 3841/3837 3870/3866 3857/3853
f 3870/3866 3871/3867 3857/3853
f 3871/3867 3863/3859 3857/3853
f 3863/3859 3872/3868 3873/3869
f 3863/3859 3873/3869 3830/3826
f 3830/3826 3873/3869 3864/3860
f 3866/3862 3874/3870 3853/3849
f 3808/3804 3868/3864 3875/3871
f 3808/3804 3875/3871 3867/3863
f 3867/3863 3876/3872 3855/3851
f 3855/3851 3869/3865 3812/3808
f 3799/3795 3877/3873 3860/3856
f 3878/3874 3879/3875 3880/3876
f 3880/3876 3879/3875 3866/3862
f 3879/3875 3874/3870 3866/3862
f 3806/3802 3862/3858 3868/3864
f 3875/3871 3876/3872 3867/3863
f 3869/3865 3881/3877 3856/3852
f 3858/3854 3882/3878 3843/3839
f 3843/3839 3882/3878 3859/3855
f 3883/3879 3884/3880 3885/3881
f 3885/3881 3884/3880 3886/3882
f 3886/3882 3884/3880 3887/3883
f 3887/3883 3884/3880 3879/3875
f 3887/3883 3879/3875 3878/3874
f 3874/3870 3888/3884 3853/3849
f 3853/3849 3888/3884 3839/3835
f 3839/3835 3888/3884 3854/3850
f 3855/3851 3889/3885 3869/3865
f 3856/3852 3881/3877 3870/3866
f 3871/3867 3872/3868 3863/3859
f 3872/3868 3890/3886 3873/3869
f 3864/3860 3891/3887 3858/3854
f 3859/3855 3877/3873 3799/3795
f 3676/3672 3892/3888 3893/3889
f 3893/3889 3892/3888 3894/3890
f 3893/3889 3894/3890 3895/3891
f 3894/3890 3896/3892 3895/3891
f 3896/3892 3897/3893 3895/3891
f 3895/3891 3897/3893 3898/3894
f 3898/3894 3897/3893 3899/3895
f 3898/3894 3899/3895 3900/3896
f 3900/3896 3899/3895 3901/3897
f 3901/3897 3899/3895 3902/3898
f 3901/3897 3902/3898 3883/3879
f 3902/3898 3903/3899 3884/3880
f 3883/3879 3902/3898 3884/3880
f 3884/3880 3903/3899 3879/3875
f 3854/3850 3888/3884 3862/3858
f 3862/3858 3904/3900 3868/3864
f 3875/3871 3868/3864 3904/3900
f 3855/3851 3876/3872 3889/3885
f 3858/3854 3891/3887 3882/3878
f 3892/3888 3905/3901 3894/3890
f 3894/3890 3905/3901 3906/3902
f 3894/3890 3906/3902 3896/3892
f 3896/3892 3906/3902 3907/3903
f 3896/3892 3907/3903 3897/3893
f 3907/3903 3908/3904 3897/3893
f 3897/3893 3908/3904 3899/3895
f 3908/3904 3909/3905 3899/3895
f 3909/3905 3910/3906 3899/3895
f 3899/3895 3910/3906 3902/3898
f 3902/3898 3910/3906 3911/3907
f 3902/3898 3911/3907 3903/3899
f 3903/3899 3912/3908 3879/3875
f 3879/3875 3912/3908 3874/3870
f 3875/3871 3904/3900 3889/3885
f 3875/3871 3889/3885 3876/3872
f 3870/3866 3913/3909 3871/3867
f 3859/3855 3914/3910 3877/3873
f 3911/3907 3912/3908 3903/3899
f 3874/3870 3915/3911 3888/3884
f 3915/3911 3916/3912 3888/3884
f 3888/3884 3916/3912 3917/3913
f 3888/3884 3917/3913 3862/3858
f 3862/3858 3917/3913 3918/3914
f 3862/3858 3918/3914 3904/3900
f 3881/3877 3913/3909 3870/3866
f 3871/3867 3913/3909 3872/3868
f 3873/3869 3890/3886 3891/3887
f 3873/3869 3891/3887 3864/3860
f 3891/3887 3919/3915 3882/3878
f 3677/3673 3920/3916 3892/3888
f 3676/3672 3677/3673 3892/3888
f 3920/3916 3921/3917 3892/3888
f 3892/3888 3921/3917 3905/3901
f 3905/3901 3921/3917 3906/3902
f 3921/3917 3922/3918 3906/3902
f 3906/3902 3922/3918 3907/3903
f 3907/3903 3922/3918 3923/3919
f 3907/3903 3923/3919 3908/3904
f 3923/3919 3924/3920 3908/3904
f 3924/3920 3925/3921 3909/3905
f 3908/3904 3924/3920 3909/3905
f 3909/3905 3925/3921 3910/3906
f 3925/3921 3926/3922 3910/3906
f 3910/3906 3926/3922 3911/3907
f 3912/3908 3915/3911 3874/3870
f 3918/3914 3927/3923 3904/3900
f 3927/3923 3928/3924 3904/3900
f 3904/3900 3928/3924 3889/3885
f 3889/3885 3929/3925 3869/3865
f 3881/3877 3869/3865 3930/3926
f 3930/3926 3931/3927 3913/3909
f 3881/3877 3930/3926 3913/3909
f 3913/3909 3931/3927 3872/3868
f 3872/3868 3932/3928 3890/3886
f 3890/3886 3933/3929 3891/3887
f 3882/3878 3934/3930 3859/3855
f 3859/3855 3934/3930 3914/3910
f 3923/3919 3935/3931 3924/3920
f 3924/3920 3935/3931 3925/3921
f 3935/3931 3936/3932 3925/3921
f 3925/3921 3936/3932 3926/3922
f 3926/3922 3936/3932 3937/3933
f 3926/3922 3937/3933 3911/3907
f 3911/3907 3937/3933 3915/3911
f 3911/3907 3915/3911 3912/3908
f 3889/3885 3928/3924 3929/3925
f 3929/3925 3930/3926 3869/3865
f 3931/3927 3932/3928 3872/3868
f 3890/3886 3932/3928 3933/3929
f 3919/3915 3938/3934 3882/3878
f 3882/3878 3938/3934 3934/3930
f 3914/3910 3939/3935 3877/3873
f 3696/3692 3690/3686 3940/3936
f 3696/3692 3940/3936 3699/3695
f 3699/3695 3940/3936 3704/3700
f 3705/3701 3941/3937 3709/3705
f 3709/3705 3941/3937 3710/3706
f 3941/3937 3942/3938 3710/3706
f 3937/3933 3943/3939 3915/3911
f 3943/3939 3944/3940 3915/3911
f 3944/3940 3916/3912 3915/3911
f 3917/3913 3945/3941 3918/3914
f 3918/3914 3945/3941 3927/3923
f 3945/3941 3946/3942 3927/3923
f 3927/3923 3946/3942 3928/3924
f 3928/3924 3946/3942 3947/3943
f 3928/3924 3947/3943 3929/3925
f 3947/3943 3948/3944 3929/3925
f 3929/3925 3948/3944 3930/3926
f 3930/3926 3948/3944 3931/3927
f 3931/3927 3948/3944 3949/3945
f 3931/3927 3949/3945 3950/3946
f 3931/3927 3950/3946 3932/3928
f 3932/3928 3950/3946 3933/3929
f 3933/3929 3950/3946 3891/3887
f 3891/3887 3950/3946 3951/3947
f 3891/3887 3951/3947 3919/3915
f 3919/3915 3951/3947 3938/3934
f 3951/3947 3952/3948 3938/3934
f 3687/3683 3953/3949 3954/3950
f 3953/3949 3955/3951 3954/3950
f 3687/3683 3954/3950 3628/3624
f 3632/3628 3628/3624 3689/3685
f 3710/3706 3942/3938 3714/3710
f 3942/3938 3956/3952 3714/3710
f 3956/3952 3957/3953 3717/3713
f 3714/3710 3956/3952 3717/3713
f 3956/3952 3958/3954 3957/3953
f 3943/3939 3959/3955 3944/3940
f 3958/3954 3960/3956 3957/3953
f 3944/3940 3959/3955 3961/3957
f 3957/3953 3960/3956 3962/3958
f 3944/3940 3961/3957 3916/3912
f 3961/3957 3963/3959 3916/3912
f 3962/3958 3960/3956 3964/3960
f 3960/3956 3965/3961 3964/3960
f 3916/3912 3963/3959 3917/3913
f 3963/3959 3966/3962 3945/3941
f 3917/3913 3963/3959 3945/3941
f 3964/3960 3965/3961 3967/3963
f 3967/3963 3965/3961 3968/3964
f 3945/3941 3966/3962 3946/3942
f 3946/3942 3966/3962 3969/3965
f 3967/3963 3968/3964 3970/3966
f 3970/3966 3968/3964 3971/3967
f 3946/3942 3969/3965 3947/3943
f 3969/3965 3972/3968 3947/3943
f 3970/3966 3971/3967 3973/3969
f 3947/3943 3972/3968 3948/3944
f 3973/3969 3971/3967 3974/3970
f 3972/3968 3975/3971 3948/3944
f 3973/3969 3974/3970 3976/3972
f 3948/3944 3975/3971 3949/3945
f 3949/3945 3975/3971 3950/3946
f 3974/3970 3977/3973 3976/3972
f 3950/3946 3975/3971 3978/3974
f 3976/3972 3977/3973 3979/3975
f 3977/3973 3980/3976 3979/3975
f 3950/3946 3978/3974 3951/3947
f 3979/3975 3980/3976 3981/3977
f 3877/3873 3939/3935 3860/3856
f 3934/3930 3982/3978 3914/3910
f 3914/3910 3982/3978 3939/3935
f 3934/3930 3983/3979 3982/3978
f 3984/3980 3985/3981 3986/3982
f 3939/3935 3987/3983 3860/3856
f 3984/3980 3983/3979 3934/3930
f 3984/3980 3986/3982 3983/3979
f 3939/3935 3982/3978 3987/3983
f 3987/3983 3988/3984 3860/3856
f 3989/3985 3987/3983 3982/3978
f 3313/3309 3636/3632 3637/3633
f 3983/3979 3989/3985 3982/3978
f 3989/3985 3990/3986 3987/3983
f 3987/3983 3990/3986 3991/3987
f 3991/3987 3992/3988 3987/3983
f 3987/3983 3992/3988 3988/3984
f 3983/3979 3986/3982 3993/3989
f 3983/3979 3994/3990 3995/3991
f 3983/3979 3993/3989 3994/3990
f 3983/3979 3995/3991 3989/3985
f 3989/3985 3996/3992 3990/3986
f 3992/3988 3997/3993 3988/3984
f 3990/3986 3998/3994 3991/3987
f 3991/3987 3998/3994 3992/3988
f 3995/3991 3996/3992 3989/3985
f 3990/3986 3996/3992 3999/3995
f 3995/3991 4000/3996 3996/3992
f 3990/3986 3999/3995 3998/3994
f 3994/3990 4001/3997 4000/3996
f 3994/3990 4000/3996 3995/3991
f 3994/3990 3993/3989 4001/3997
f 3993/3989 4002/3998 4001/3997
f 3638/3634 4003/3999 3318/3314
f 4003/3999 3509/3505 3318/3314
f 4000/3996 4004/4000 3996/3992
f 3999/3995 4005/4001 3998/3994
f 3996/3992 4005/4001 3999/3995
f 3992/3988 4006/4002 3997/3993
f 3996/3992 4004/4000 4005/4001
f 4000/3996 4007/4003 4004/4000
f 3998/3994 4008/4004 3992/3988
f 3992/3988 4008/4004 4006/4002
f 4001/3997 4007/4003 4000/3996
f 4009/4005 4010/4006 4011/4007
f 4005/4001 4012/4008 3998/3994
f 3998/3994 4012/4008 4008/4004
f 4013/4009 4005/4001 4004/4000
f 4006/4002 4014/4010 4015/4011
f 4007/4003 4013/4009 4004/4000
f 4016/4012 4017/4013 4001/3997
f 4001/3997 4017/4013 4007/4003
f 3509/3505 4018/4014 3320/3316
f 4007/4003 4019/4015 4013/4009
f 4008/4004 4020/4016 4006/4002
f 4006/4002 4020/4016 4014/4010
f 4013/4009 4019/4015 4005/4001
f 4005/4001 4021/4017 4012/4008
f 4005/4001 4019/4015 4021/4017
f 4016/4012 4022/4018 4017/4013
f 4009/4005 4011/4007 4023/4019
f 3320/3316 4024/4020 3375/3371
f 4017/4013 4025/4021 4007/4003
f 4007/4003 4025/4021 4019/4015
f 4012/4008 4026/4022 4008/4004
f 4008/4004 4026/4022 4020/4016
f 4021/4017 4026/4022 4012/4008
f 4023/4019 4011/4007 4027/4023
f 4026/4022 4028/4024 4020/4016
f 4017/4013 4029/4025 4025/4021
f 4019/4015 4028/4024 4021/4017
f 4021/4017 4028/4024 4026/4022
f 4022/4018 4029/4025 4017/4013
f 4020/4016 4030/4026 4014/4010
f 3282/3278 4031/4027 3325/3321
f 4022/4018 4032/4028 4029/4025
f 4023/4019 4027/4023 4033/4029
f 4029/4025 4034/4030 4025/4021
f 4025/4021 4035/4031 4019/4015
f 4019/4015 4035/4031 4028/4024
f 4028/4024 4036/4032 4020/4016
f 4020/4016 4036/4032 4030/4026
f 4027/4023 4037/4033 4033/4029
f 4034/4030 4035/4031 4025/4021
f 4028/4024 4038/4034 4036/4032
f 4028/4024 4035/4031 4038/4034
f 4033/4029 4037/4033 4039/4035
f 4029/4025 4040/4036 4034/4030
f 4032/4028 4041/4037 4029/4025
f 4032/4028 4042/4038 4041/4037
f 4029/4025 4041/4037 4040/4036
f 4034/4030 4040/4036 4043/4039
f 4034/4030 4043/4039 4035/4031
f 4039/4035 4044/4040 4045/4041
f 4035/4031 4043/4039 4038/4034
f 3326/3322 3718/3714 3515/3511
f 4041/4037 4046/4042 4040/4036
f 4041/4037 4047/4043 4046/4042
f 4046/4042 4043/4039 4040/4036
f 4043/4039 4048/4044 4038/4034
f 4048/4044 4049/4045 4038/4034
f 4038/4034 4050/4046 4036/4032
f 4051/4047 4052/4048 4053/4049
f 4046/4042 4054/4050 4043/4039
f 4043/4039 4054/4050 4048/4044
f 4038/4034 4049/4045 4050/4046
f 4051/4047 4053/4049 4055/4051
f 4055/4051 4053/4049 4056/4052
f 4048/4044 4057/4053 4049/4045
f 4057/4053 4050/4046 4049/4045
f 4058/4054 4059/4055 4050/4046
f 4054/4050 4060/4056 4048/4044
f 4055/4051 4061/4057 4062/4058
f 4048/4044 4060/4056 4057/4053
f 4061/4057 4063/4059 4062/4058
f 4060/4056 4064/4060 4057/4053
f 4065/4061 4066/4062 4064/4060
f 4060/4056 4065/4061 4064/4060
f 4064/4060 4058/4054 4057/4053
f 3719/3715 4067/4063 3581/3577
f 4067/4063 4068/4064 3641/3637
f 3581/3577 4067/4063 3641/3637
f 4069/4065 4070/4066 4071/4067
f 4069/4065 4071/4067 4072/4068
f 3720/3716 4073/4069 3549/3545
f 3549/3545 4073/4069 4074/4070
f 3549/3545 4074/4070 3550/3546
f 3550/3546 4074/4070 3644/3640
f 3582/3578 3721/3717 3722/3718
f 4075/4071 3396/3392 3724/3720
f 3396/3392 4076/4072 3206/3202
f 4077/4073 4078/4074 4079/4075
f 4079/4075 4078/4074 4080/4076
f 4079/4075 4080/4076 4081/4077
f 4082/4078 3727/3723 4077/4073
f 3727/3723 4078/4074 4077/4073
f 4080/4076 3730/3726 4083/4079
f 4080/4076 4083/4079 4081/4077
f 4081/4077 4083/4079 4084/4080
f 4085/4081 3725/3721 4082/4078
f 4082/4078 3725/3721 3727/3723
f 3730/3726 3731/3727 4083/4079
f 4085/4081 4086/4082 3725/3721
f 4087/4083 4088/4084 4089/4085
f 4089/4085 4088/4084 4090/4086
f 4083/4079 4091/4087 4084/4080
f 4086/4082 4092/4088 3732/3728
f 4089/4085 4090/4086 4093/4089
f 4083/4079 4094/4090 4091/4087
f 4093/4089 4090/4086 4095/4091
f 4092/4088 4096/4092 3736/3732
f 4092/4088 3736/3732 3732/3728
f 4093/4089 4095/4091 4097/4093
f 4095/4091 4098/4094 4097/4093
f 4099/4095 3737/3733 4096/4092
f 4096/4092 3737/3733 3736/3732
f 4098/4094 4100/4096 4101/4097
f 4099/4095 4102/4098 3737/3733
f 4101/4097 4100/4096 4103/4099
f 4102/4098 3742/3738 3737/3733
f 4104/4100 4105/4101 4106/4102
f 4104/4100 4107/4103 4105/4101
f 4102/4098 4108/4104 3742/3738
f 4103/4099 4100/4096 4109/4105
f 4108/4104 3744/3740 3742/3738
f 4109/4105 4100/4096 4110/4106
f 4109/4105 4110/4106 4111/4107
f 4112/4108 4113/4109 4108/4104
f 4111/4107 4114/4110 4115/4111
f 4113/4109 3749/3745 4108/4104
f 4108/4104 3749/3745 3744/3740
f 4107/4103 4116/4112 4105/4101
f 4116/4112 4117/4113 4105/4101
f 4114/4110 4118/4114 4115/4111
f 4113/4109 4119/4115 3749/3745
f 4115/4111 4118/4114 4120/4116
f 4119/4115 3752/3748 3749/3745
f 4120/4116 4118/4114 4121/4117
f 4119/4115 3821/3817 3752/3748
f 4120/4116 4121/4117 4122/4118
f 4121/4117 4123/4119 4122/4118
f 4124/4120 4125/4121 4126/4122
f 4127/4123 4128/4124 4129/4125
f 4122/4118 4123/4119 4130/4126
f 3590/3586 4131/4127 3207/3203
f 3833/3829 4132/4128 4133/4129
f 3822/3818 4134/4130 3798/3794
f 4135/4131 4136/4132 4137/4133
f 4132/4128 3842/3838 3865/3861
f 4132/4128 3865/3861 4134/4130
f 4134/4130 3865/3861 3798/3794
f 4131/4127 3556/3552 3207/3203
f 3865/3861 3842/3838 3843/3839
f 4116/4112 4138/4134 4139/4135
f 4116/4112 4139/4135 4117/4113
f 3955/3951 4140/4136 3954/3950
f 3954/3950 4140/4136 3628/3624
f 3689/3685 4141/4137 3690/3686
f 3690/3686 4142/4138 3940/3936
f 3940/3936 4143/4139 3704/3700
f 4144/4140 4145/4141 3941/3937
f 3942/3938 3941/3937 4145/4141
f 4145/4141 4146/4142 3942/3938
f 3942/3938 4146/4142 3956/3952
f 4146/4142 3958/3954 3956/3952
f 3958/3954 4147/4143 3960/3956
f 3960/3956 4147/4143 4148/4144
f 3960/3956 4148/4144 3965/3961
f 4148/4144 4149/4145 3965/3961
f 3965/3961 4149/4145 3968/3964
f 3968/3964 4149/4145 4150/4146
f 4150/4146 4151/4147 3968/3964
f 3968/3964 4151/4147 3971/3967
f 4151/4147 4152/4148 3971/3967
f 4152/4148 4153/4149 3971/3967
f 3971/3967 4153/4149 3974/3970
f 3974/3970 4153/4149 4154/4150
f 3974/3970 4154/4150 4155/4151
f 3974/3970 4155/4151 3977/3973
f 3977/3973 4155/4151 4156/4152
f 4156/4152 4157/4153 3977/3973
f 4157/4153 4158/4154 3977/3973
f 3977/3973 4158/4154 3980/3976
f 4158/4154 4159/4155 3980/3976
f 3981/3977 3980/3976 4160/4156
f 3980/3976 4159/4155 4161/4157
f 3980/3976 4162/4158 4160/4156
f 3980/3976 4161/4157 4162/4158
f 3952/3948 4163/4159 3938/3934
f 4163/4159 3985/3981 3938/3934
f 4161/4157 4164/4160 4165/4161
f 4162/4158 4161/4157 4165/4161
f 3938/3934 3985/3981 3934/3930
f 4138/4134 4166/4162 4139/4135
f 3985/3981 3984/3980 3934/3930
f 3312/3308 3556/3552 3636/3632
f 4167/4163 4168/4164 4169/4165
f 4167/4163 4169/4165 4170/4166
f 4166/4162 4171/4167 4139/4135
f 4166/4162 4172/4168 4171/4167
f 4170/4166 4169/4165 4173/4169
f 4170/4166 4173/4169 4174/4170
f 4172/4168 4175/4171 4171/4167
f 3637/3633 3638/3634 3200/3196
f 4176/4172 4177/4173 4174/4170
f 4173/4169 4178/4174 4176/4172
f 4172/4168 4179/4175 4175/4171
f 4176/4172 4010/4006 4177/4173
f 4176/4172 4178/4174 4010/4006
f 4178/4174 4180/4176 4011/4007
f 4010/4006 4178/4174 4011/4007
f 3320/3316 4018/4014 4024/4020
f 4011/4007 4180/4176 4181/4177
f 4011/4007 4181/4177 4027/4023
f 3375/3371 4024/4020 3282/3278
f 4024/4020 4031/4027 3282/3278
f 4027/4023 4181/4177 4182/4178
f 4027/4023 4182/4178 4037/4033
f 4037/4033 4182/4178 4183/4179
f 4037/4033 4183/4179 4039/4035
f 4039/4035 4183/4179 4184/4180
f 4039/4035 4184/4180 4185/4181
f 4039/4035 4185/4181 4044/4040
f 3326/3322 4186/4182 3718/3714
f 4185/4181 4187/4183 4044/4040
f 4188/4184 4189/4185 4052/4048
f 4188/4184 4052/4048 4051/4047
f 4190/4186 4050/4046 4059/4055
f 4053/4049 4191/4187 4056/4052
f 3718/3714 4192/4188 3640/3636
f 4056/4052 4061/4057 4055/4051
f 4056/4052 4191/4187 4193/4189
f 4056/4052 4193/4189 4061/4057
f 4061/4057 4193/4189 4194/4190
f 4195/4191 4196/4192 4197/4193
f 4196/4192 4198/4194 4199/4195
f 4197/4193 4196/4192 4199/4195
f 3640/3636 4200/4196 4201/4197
f 3640/3636 4201/4197 3719/3715
f 3719/3715 4201/4197 4067/4063
f 4070/4066 4202/4198 4071/4067
f 4071/4067 4202/4198 4203/4199
f 4204/4200 4205/4201 4206/4202
f 3645/3641 4207/4203 3646/3642
f 3721/3717 4208/4204 4209/4205
f 3721/3717 4209/4205 3722/3718
f 3722/3718 4209/4205 4210/4206
f 3722/3718 4210/4206 3723/3719
f 3723/3719 4210/4206 3724/3720
f 3724/3720 4211/4207 4075/4071
f 4076/4072 3584/3580 3206/3202
f 4212/4208 4213/4209 4214/4210
f 4087/4083 4215/4211 4216/4212
f 4087/4083 4216/4212 4088/4084
f 4216/4212 4217/4213 4090/4086
f 4088/4084 4216/4212 4090/4086
f 4090/4086 4217/4213 4095/4091
f 4098/4094 4095/4091 4218/4214
f 4218/4214 4219/4215 4098/4094
f 4098/4094 4219/4215 4100/4096
f 4219/4215 4220/4216 4110/4106
f 4100/4096 4219/4215 4110/4106
f 4220/4216 4111/4107 4110/4106
f 4111/4107 4220/4216 4114/4110
f 4114/4110 4220/4216 4221/4217
f 4114/4110 4221/4217 4118/4114
f 4118/4114 4221/4217 4222/4218
f 4118/4114 4222/4218 4223/4219
f 4223/4219 4224/4220 4121/4117
f 4118/4114 4223/4219 4121/4117
f 4121/4117 4224/4220 4225/4221
f 4121/4117 4225/4221 4123/4119
f 4130/4126 4225/4221 4226/4222
f 4130/4126 4226/4222 4227/4223
f 4135/4131 4228/4224 4136/4132
f 4140/4136 4229/4225 3628/3624
f 4229/4225 4230/4226 3628/3624
f 3628/3624 4230/4226 3689/3685
f 3689/3685 4230/4226 4141/4137
f 3704/3700 4143/4139 3705/3701
f 4143/4139 4231/4227 3705/3701
f 3705/3701 4231/4227 4144/4140
f 3705/3701 4144/4140 3941/3937
f 4147/4143 4232/4228 4148/4144
f 4159/4155 4233/4229 4161/4157
f 4168/4164 4234/4230 4235/4231
f 4168/4164 4235/4231 4169/4165
f 4235/4231 4236/4232 4169/4165
f 4169/4165 4236/4232 4173/4169
f 4236/4232 4237/4233 4173/4169
f 4237/4233 4238/4234 4173/4169
f 4173/4169 4238/4234 4178/4174
f 4238/4234 4239/4235 4178/4174
f 4178/4174 4239/4235 4180/4176
f 4180/4176 4239/4235 4240/4236
f 4180/4176 4240/4236 4181/4177
f 3639/3635 4241/4237 3326/3322
f 4189/4185 4242/4238 4052/4048
f 4186/4182 4243/4239 3718/3714
f 4052/4048 4242/4238 4053/4049
f 3718/3714 4243/4239 4192/4188
f 4053/4049 4244/4240 4191/4187
f 4245/4241 4246/4242 4247/4243
f 4245/4241 4247/4243 4248/4244
f 4193/4189 4249/4245 4194/4190
f 4194/4190 4250/4246 4063/4059
f 4061/4057 4194/4190 4063/4059
f 4063/4059 4250/4246 4251/4247
f 4063/4059 4252/4248 4195/4191
f 4201/4197 4253/4249 4067/4063
f 4067/4063 4253/4249 4068/4064
f 4207/4203 4254/4250 3646/3642
f 4210/4206 4255/4251 3724/3720
f 3724/3720 4255/4251 4211/4207
f 4075/4071 4256/4252 3396/3392
f 3396/3392 4256/4252 4076/4072
f 4212/4208 4257/4253 4213/4209
f 4216/4212 4258/4254 4217/4213
f 4259/4255 4260/4256 4095/4091
f 4217/4213 4259/4255 4095/4091
f 3584/3580 3555/3551 3333/3329
f 4095/4091 4260/4256 4218/4214
f 4218/4214 4261/4257 4219/4215
f 4219/4215 4261/4257 4262/4258
f 3586/3582 4263/4259 3587/3583
f 4220/4216 4219/4215 4264/4260
f 4220/4216 4264/4260 4221/4217
f 4221/4217 4265/4261 4266/4262
f 4221/4217 4266/4262 4222/4218
f 4267/4263 4268/4264 4269/4265
f 4225/4221 4270/4266 4226/4222
f 4271/4267 4228/4224 4272/4268
f 4233/4229 4273/4269 4274/4270
f 3690/3686 4141/4137 4142/4138
f 4145/4141 4275/4271 4146/4142
f 4275/4271 4276/4272 4146/4142
f 4149/4145 4277/4273 4150/4146
f 4150/4146 4277/4273 4278/4274
f 4150/4146 4279/4275 4151/4147
f 4151/4147 4280/4276 4152/4148
f 4152/4148 4280/4276 4153/4149
f 4280/4276 4281/4277 4153/4149
f 4153/4149 4281/4277 4154/4150
f 4154/4150 4282/4278 4155/4151
f 4159/4155 4273/4269 4233/4229
f 4283/4279 4284/4280 4168/4164
f 4168/4164 4284/4280 4234/4230
f 4234/4230 4284/4280 4285/4281
f 4234/4230 4285/4281 4235/4231
f 4237/4233 4286/4282 4238/4234
f 3509/3505 4003/3999 4018/4014
f 4181/4177 4287/4283 4182/4178
f 3325/3321 4031/4027 3639/3635
f 3326/3322 4241/4237 4186/4182
f 4183/4179 4288/4284 4184/4180
f 4184/4180 4288/4284 4185/4181
f 4242/4238 4244/4240 4053/4049
f 4243/4239 4289/4285 4192/4188
f 4244/4240 4290/4286 4191/4187
f 4252/4248 4291/4287 4196/4192
f 4196/4192 4291/4287 4198/4194
f 4198/4194 4292/4288 4199/4195
f 4200/4196 4293/4289 4201/4197
f 4063/4059 4251/4247 4252/4248
f 4201/4197 4293/4289 4253/4249
f 4294/4290 4202/4198 4070/4066
f 4202/4198 4295/4291 4203/4199
f 4203/4199 4295/4291 4204/4200
f 4295/4291 4296/4292 4204/4200
f 4204/4200 4296/4292 4205/4201
f 4209/4205 4208/4204 4297/4293
f 4209/4205 4297/4293 4210/4206
f 4210/4206 4297/4293 4255/4251
f 4255/4251 4298/4294 4211/4207
f 4211/4207 4298/4294 4299/4295
f 4211/4207 4299/4295 4075/4071
f 4300/4296 4216/4212 4215/4211
f 4258/4254 4259/4255 4217/4213
f 3584/3580 4301/4297 3555/3551
f 4262/4258 4302/4298 4219/4215
f 4219/4215 4302/4298 4303/4299
f 4219/4215 4303/4299 4264/4260
f 4221/4217 4264/4260 4265/4261
f 4304/4300 4223/4219 4222/4218
f 4305/4301 4306/4302 4307/4303
f 4304/4300 4308/4304 4223/4219
f 4309/4305 4310/4306 4311/4307
f 4310/4306 4312/4308 4311/4307
f 4307/4303 4313/4309 4314/4310
f 4312/4308 4315/4311 4316/4312
f 4312/4308 4316/4312 4317/4313
f 4312/4308 4317/4313 4311/4307
f 4311/4307 4317/4313 4318/4314
f 4308/4304 4224/4220 4223/4219
f 4315/4311 4319/4315 4316/4312
f 4316/4312 4319/4315 4317/4313
f 4315/4311 4320/4316 4319/4315
f 4321/4317 4322/4318 4323/4319
f 4324/4320 4325/4321 4317/4313
f 4319/4315 4324/4320 4317/4313
f 4317/4313 4325/4321 4318/4314
f 4326/4322 4327/4323 4320/4316
f 4320/4316 4327/4323 4319/4315
f 4319/4315 4327/4323 4324/4320
f 4325/4321 4328/4324 4318/4314
f 4329/4325 4330/4326 4331/4327
f 4327/4323 4332/4328 4324/4320
f 4332/4328 4333/4329 4325/4321
f 4324/4320 4332/4328 4325/4321
f 4325/4321 4333/4329 4328/4324
f 4326/4322 4334/4330 4335/4331
f 4326/4322 4335/4331 4327/4323
f 4331/4327 4330/4326 4336/4332
f 4327/4323 4335/4331 4332/4328
f 4334/4330 4337/4333 4335/4331
f 4336/4332 4330/4326 4338/4334
f 4336/4332 4338/4334 4339/4335
f 4337/4333 4340/4336 4335/4331
f 4335/4331 4340/4336 4332/4328
f 4332/4328 4340/4336 4333/4329
f 4341/4337 4131/4127 3590/3586
f 3955/3951 4342/4338 4140/4136
f 4230/4226 4229/4225 4343/4339
f 4230/4226 4344/4340 4141/4137
f 3940/3936 4142/4138 4143/4139
f 4143/4139 4345/4341 4231/4227
f 4231/4227 4346/4342 4144/4140
f 4145/4141 4144/4140 4347/4343
f 3958/3954 4146/4142 4348/4344
f 3958/3954 4348/4344 4147/4143
f 4232/4228 4277/4273 4148/4144
f 4148/4144 4277/4273 4149/4145
f 4150/4146 4278/4274 4279/4275
f 4279/4275 4280/4276 4151/4147
f 4281/4277 4349/4345 4154/4150
f 4154/4150 4349/4345 4282/4278
f 4282/4278 4156/4152 4155/4151
f 4156/4152 4350/4346 4157/4153
f 4157/4153 4350/4346 4158/4154
f 4159/4155 4351/4347 4273/4269
f 4283/4279 4352/4348 4284/4280
f 4238/4234 4353/4349 4239/4235
f 4018/4014 4354/4350 4024/4020
f 4240/4236 4355/4351 4181/4177
f 4287/4283 4356/4352 4182/4178
f 4182/4178 4356/4352 4183/4179
f 4185/4181 4357/4353 4187/4183
f 4189/4185 4358/4354 4242/4238
f 4359/4355 4289/4285 4243/4239
f 4186/4182 4359/4355 4243/4239
f 4360/4356 4361/4357 4200/4196
f 4192/4188 4360/4356 4200/4196
f 4200/4196 4361/4357 4293/4289
f 4293/4289 4362/4358 4253/4249
f 4294/4290 4363/4359 4202/4198
f 4296/4292 4364/4360 4205/4201
f 4207/4203 4365/4361 4366/4362
f 4207/4203 4366/4362 4254/4250
f 4208/4204 4367/4363 4368/4364
f 4208/4204 4368/4364 4297/4293
f 4297/4293 4368/4364 4369/4365
f 4297/4293 4369/4365 4255/4251
f 4255/4251 4369/4365 4298/4294
f 4075/4071 4299/4295 4256/4252
f 4301/4297 4370/4366 3555/3551
f 3555/3551 4371/4367 3586/3582
f 4263/4259 4372/4368 3587/3583
f 3587/3583 4372/4368 3588/3584
f 4265/4261 4373/4369 4266/4262
f 4374/4370 4375/4371 4306/4302
f 4306/4302 4313/4309 4307/4303
f 4375/4371 4376/4372 4313/4309
f 4306/4302 4375/4371 4313/4309
f 4377/4373 4314/4310 4313/4309
f 4377/4373 4378/4374 4314/4310
f 3589/3585 4341/4337 3590/3586
f 4314/4310 4378/4374 4321/4317
f 4321/4317 4379/4375 4322/4318
f 4331/4327 4380/4376 4329/4325
f 4381/4377 4268/4264 4267/4263
f 4329/4325 4382/4378 4330/4326
f 4274/4270 4273/4269 4383/4379
f 4342/4338 4384/4380 4140/4136
f 4140/4136 4384/4380 4229/4225
f 4229/4225 4384/4380 4343/4339
f 4230/4226 4343/4339 4344/4340
f 4344/4340 4142/4138 4141/4137
f 4345/4341 4346/4342 4231/4227
f 4346/4342 4347/4343 4144/4140
f 4348/4344 4385/4381 4147/4143
f 4147/4143 4386/4382 4232/4228
f 4282/4278 4387/4383 4156/4152
f 4158/4154 4388/4384 4159/4155
f 4285/4281 4389/4385 4235/4231
f 3636/3632 4390/4386 3637/3633
f 4390/4386 4391/4387 3637/3633
f 3637/3633 4391/4387 3638/3634
f 3638/3634 4391/4387 4003/3999
f 4003/3999 4354/4350 4018/4014
f 4024/4020 4392/4388 4031/4027
f 4031/4027 4241/4237 3639/3635
f 4241/4237 4393/4389 4186/4182
f 4183/4179 4356/4352 4288/4284
f 4186/4182 4393/4389 4359/4355
f 4242/4238 4394/4390 4244/4240
f 4289/4285 4395/4391 4360/4356
f 4290/4286 4396/4392 4191/4187
f 4360/4356 4397/4393 4361/4357
f 4191/4187 4396/4392 4193/4189
f 4194/4190 4249/4245 4250/4246
f 4397/4393 4362/4358 4293/4289
f 4361/4357 4397/4393 4293/4289
f 4251/4247 4250/4246 4398/4394
f 4251/4247 4398/4394 4252/4248
f 4363/4359 4399/4395 4202/4198
f 4399/4395 4400/4396 4295/4291
f 4202/4198 4399/4395 4295/4291
f 4400/4396 4401/4397 4295/4291
f 4295/4291 4401/4397 4296/4292
f 4369/4365 4368/4364 4402/4398
f 4369/4365 4402/4398 4298/4294
f 4298/4294 4402/4398 4299/4295
f 4299/4295 4403/4399 4256/4252
f 4256/4252 4404/4400 4076/4072
f 4404/4400 4405/4401 4076/4072
f 4076/4072 4406/4402 3584/3580
f 4260/4256 4407/4403 4261/4257
f 3586/3582 4371/4367 4263/4259
f 4302/4298 4408/4404 4303/4299
f 4303/4299 4408/4404 4409/4405
f 4264/4260 4303/4299 4410/4406
f 4373/4369 4411/4407 4266/4262
f 4375/4371 4412/4408 4376/4372
f 4377/4373 4376/4372 4413/4409
f 4377/4373 4413/4409 4378/4374
f 4414/4410 4415/4411 4379/4375
f 4414/4410 4413/4409 4415/4411
f 4414/4410 4379/4375 4378/4374
f 4416/4412 4417/4413 4415/4411
f 4416/4412 4418/4414 4417/4413
f 4415/4411 4417/4413 4322/4318
f 4415/4411 4322/4318 4379/4375
f 4417/4413 4380/4376 4322/4318
f 4417/4413 4418/4414 4380/4376
f 4418/4414 4419/4415 4329/4325
f 4380/4376 4418/4414 4329/4325
f 4329/4325 4419/4415 4382/4378
f 4338/4334 4382/4378 4420/4416
f 3556/3552 4131/4127 4421/4417
f 4142/4138 4345/4341 4143/4139
f 4347/4343 4275/4271 4145/4141
f 4275/4271 4422/4418 4276/4272
f 4276/4272 4348/4344 4146/4142
f 4147/4143 4385/4381 4386/4382
f 4232/4228 4386/4382 4423/4419
f 4232/4228 4423/4419 4277/4273
f 4277/4273 4424/4420 4278/4274
f 4278/4274 4424/4420 4279/4275
f 4280/4276 4425/4421 4426/4422
f 4426/4422 4281/4277 4280/4276
f 4273/4269 4351/4347 4427/4423
f 4284/4280 4352/4348 4428/4424
f 4284/4280 4428/4424 4285/4281
f 4286/4282 4429/4425 4238/4234
f 4238/4234 4429/4425 4430/4426
f 4430/4426 4353/4349 4238/4234
f 4353/4349 4240/4236 4239/4235
f 4431/4427 4355/4351 4240/4236
f 4355/4351 4287/4283 4181/4177
f 4241/4237 4432/4428 4393/4389
f 4288/4284 4433/4429 4185/4181
f 4393/4389 4434/4430 4359/4355
f 4185/4181 4433/4429 4357/4353
f 4434/4430 4395/4391 4289/4285
f 4434/4430 4289/4285 4359/4355
f 4395/4391 4435/4431 4360/4356
f 4246/4242 4436/4432 4247/4243
f 4360/4356 4435/4431 4397/4393
f 4396/4392 4437/4433 4249/4245
f 4193/4189 4396/4392 4249/4245
f 4252/4248 4398/4394 4291/4287
f 4438/4434 4439/4435 4363/4359
f 4363/4359 4439/4435 4399/4395
f 4296/4292 4401/4397 4364/4360
f 4440/4436 4441/4437 4368/4364
f 4367/4363 4440/4436 4368/4364
f 4368/4364 4441/4437 4442/4438
f 4368/4364 4442/4438 4402/4398
f 4299/4295 4402/4398 4403/4399
f 4403/4399 4443/4439 4256/4252
f 4256/4252 4443/4439 4404/4400
f 4076/4072 4405/4401 4406/4402
f 4300/4296 4444/4440 4216/4212
f 3584/3580 4406/4402 4301/4297
f 4445/4441 4262/4258 4261/4257
f 4262/4258 4408/4404 4302/4298
f 4264/4260 4410/4406 4265/4261
f 4410/4406 4373/4369 4265/4261
f 4446/4442 4447/4443 4448/4444
f 4449/4445 4450/4446 4413/4409
f 4449/4445 4413/4409 4376/4372
f 4450/4446 4415/4411 4413/4409
f 4450/4446 4451/4447 4452/4448
f 4450/4446 4452/4448 4416/4412
f 4416/4412 4452/4448 4453/4449
f 4416/4412 4453/4449 4418/4414
f 4454/4450 4419/4415 4418/4414
f 4454/4450 4455/4451 4419/4415
f 4455/4451 4456/4452 4419/4415
f 4456/4452 4382/4378 4419/4415
f 4456/4452 4457/4453 4382/4378
f 4382/4378 4457/4453 4420/4416
f 4341/4337 4458/4454 4131/4127
f 4131/4127 4459/4455 4421/4417
f 4427/4423 4460/4456 4273/4269
f 4273/4269 4460/4456 4383/4379
f 4342/4338 4461/4457 4462/4458
f 4342/4338 4462/4458 4384/4380
f 4384/4380 4462/4458 4463/4459
f 4384/4380 4463/4459 4343/4339
f 4343/4339 4463/4459 4344/4340
f 4463/4459 4464/4460 4344/4340
f 4344/4340 4464/4460 4142/4138
f 4142/4138 4464/4460 4345/4341
f 4346/4342 4465/4461 4347/4343
f 4423/4419 4466/4462 4277/4273
f 4277/4273 4466/4462 4424/4420
f 4424/4420 4425/4421 4279/4275
f 4279/4275 4425/4421 4280/4276
f 4426/4422 4349/4345 4281/4277
f 4349/4345 4467/4463 4282/4278
f 4282/4278 4467/4463 4387/4383
f 4350/4346 4388/4384 4158/4154
f 4388/4384 4468/4464 4159/4155
f 3556/3552 4421/4417 3636/3632
f 4428/4424 4389/4385 4285/4281
f 4236/4232 4469/4465 4237/4233
f 4237/4233 4469/4465 4286/4282
f 4470/4466 4429/4425 4286/4282
f 4240/4236 4353/4349 4471/4467
f 4431/4427 4240/4236 4471/4467
f 4354/4350 4472/4468 4024/4020
f 4024/4020 4472/4468 4392/4388
f 4355/4351 4473/4469 4287/4283
f 4392/4388 4474/4470 4031/4027
f 4287/4283 4475/4471 4356/4352
f 4031/4027 4474/4470 4241/4237
f 4432/4428 4476/4472 4393/4389
f 4393/4389 4476/4472 4477/4473
f 4393/4389 4477/4473 4434/4430
f 4434/4430 4478/4474 4435/4431
f 4434/4430 4435/4431 4395/4391
f 4242/4238 4358/4354 4394/4390
f 4394/4390 4290/4286 4244/4240
f 4479/4475 4439/4435 4438/4434
f 4435/4431 4480/4476 4397/4393
f 4366/4362 4481/4477 4482/4478
f 4291/4287 4483/4479 4198/4194
f 4198/4194 4483/4479 4484/4480
f 4198/4194 4484/4480 4292/4288
f 4399/4395 4485/4481 4400/4396
f 4400/4396 4485/4481 4401/4397
f 4485/4481 4486/4482 4401/4397
f 4401/4397 4486/4482 4487/4483
f 4440/4436 4488/4484 4441/4437
f 4442/4438 4489/4485 4403/4399
f 4402/4398 4442/4438 4403/4399
f 4489/4485 4443/4439 4403/4399
f 4406/4402 4490/4486 4301/4297
f 4258/4254 4491/4487 4259/4255
f 4407/4403 4445/4441 4261/4257
f 3555/3551 4370/4366 4492/4488
f 3555/3551 4492/4488 4371/4367
f 4445/4441 4408/4404 4262/4258
f 4409/4405 4410/4406 4303/4299
f 3588/3584 4493/4489 3589/3585
f 4493/4489 4341/4337 3589/3585
f 4373/4369 4494/4490 4411/4407
f 4446/4442 4495/4491 4447/4443
f 4495/4491 4496/4492 4447/4443
f 4449/4445 4497/4493 4450/4446
f 4450/4446 4497/4493 4451/4447
f 4452/4448 4455/4451 4453/4449
f 4453/4449 4455/4451 4454/4450
f 4498/4494 4499/4495 4500/4496
f 4457/4453 4501/4497 4420/4416
f 4458/4454 4459/4455 4131/4127
f 4502/4498 4503/4499 4504/4500
f 4505/4501 4506/4502 4507/4503
f 4505/4501 4507/4503 4508/4504
f 4463/4459 4509/4505 4510/4506
f 4463/4459 4510/4506 4464/4460
f 4510/4506 4511/4507 4464/4460
f 4464/4460 4511/4507 4345/4341
f 4511/4507 4512/4508 4345/4341
f 4345/4341 4512/4508 4346/4342
f 4346/4342 4512/4508 4465/4461
f 4465/4461 4275/4271 4347/4343
f 4387/4383 4350/4346 4156/4152
f 4159/4155 4468/4464 4351/4347
f 4389/4385 4513/4509 4235/4231
f 4235/4231 4513/4509 4236/4232
f 4513/4509 4469/4465 4236/4232
f 4390/4386 4514/4510 4391/4387
f 4469/4465 4470/4466 4286/4282
f 4003/3999 4391/4387 4515/4511
f 4003/3999 4515/4511 4354/4350
f 4241/4237 4474/4470 4516/4512
f 4241/4237 4516/4512 4432/4428
f 4432/4428 4517/4513 4476/4472
f 4356/4352 4518/4514 4288/4284
f 4288/4284 4518/4514 4433/4429
f 4478/4474 4434/4430 4477/4473
f 4479/4475 4519/4515 4439/4435
f 4439/4435 4520/4516 4399/4395
f 4520/4516 4521/4517 4485/4481
f 4399/4395 4520/4516 4485/4481
f 4521/4517 4522/4518 4486/4482
f 4485/4481 4521/4517 4486/4482
f 4486/4482 4522/4518 4487/4483
f 4481/4477 4523/4519 4482/4478
f 4437/4433 4524/4520 4249/4245
f 4249/4245 4524/4520 4250/4246
f 4524/4520 4525/4521 4250/4246
f 4250/4246 4525/4521 4398/4394
f 4526/4522 4527/4523 4291/4287
f 4398/4394 4526/4522 4291/4287
f 4291/4287 4527/4523 4483/4479
f 4441/4437 4488/4484 4528/4524
f 4441/4437 4528/4524 4442/4438
f 4442/4438 4528/4524 4489/4485
f 4489/4485 4529/4525 4443/4439
f 4443/4439 4530/4526 4404/4400
f 4530/4526 4531/4527 4405/4401
f 4404/4400 4530/4526 4405/4401
f 4532/4528 4533/4529 4300/4296
f 4259/4255 4407/4403 4260/4256
f 4408/4404 4445/4441 4534/4530
f 4263/4259 4535/4531 4372/4368
f 4409/4405 4536/4532 4410/4406
f 4372/4368 4493/4489 3588/3584
f 4410/4406 4536/4532 4373/4369
f 4493/4489 4537/4533 4341/4337
f 4495/4491 4538/4534 4496/4492
f 4539/4535 4540/4536 4451/4447
f 4497/4493 4539/4535 4451/4447
f 4451/4447 4540/4536 4452/4448
f 4452/4448 4540/4536 4455/4451
f 4341/4337 4537/4533 4458/4454
f 4455/4451 4540/4536 4541/4537
f 4455/4451 4541/4537 4456/4452
f 4501/4497 4457/4453 4456/4452
f 4541/4537 4542/4538 4501/4497
f 4456/4452 4541/4537 4501/4497
f 4543/4539 4544/4540 4545/4541
f 4546/4542 4547/4543 4548/4544
f 4465/4461 4549/4545 4550/4546
f 4465/4461 4550/4546 4275/4271
f 4275/4271 4550/4546 4422/4418
f 4422/4418 4550/4546 4551/4547
f 4422/4418 4551/4547 4276/4272
f 4276/4272 4551/4547 4348/4344
f 4551/4547 4552/4548 4348/4344
f 4348/4344 4552/4548 4385/4381
f 4385/4381 4552/4548 4553/4549
f 4385/4381 4553/4549 4386/4382
f 4386/4382 4553/4549 4423/4419
f 4553/4549 4554/4550 4423/4419
f 4423/4419 4554/4550 4466/4462
f 4466/4462 4554/4550 4555/4551
f 4466/4462 4555/4551 4424/4420
f 4555/4551 4556/4552 4424/4420
f 4424/4420 4556/4552 4425/4421
f 4425/4421 4556/4552 4426/4422
f 4556/4552 4557/4553 4426/4422
f 4426/4422 4557/4553 4349/4345
f 4349/4345 4557/4553 4467/4463
f 4352/4348 4558/4554 4428/4424
f 4421/4417 4390/4386 3636/3632
f 4355/4351 4431/4427 4473/4469
f 4287/4283 4473/4469 4475/4471
f 4559/4555 4516/4512 4474/4470
f 4356/4352 4475/4471 4560/4556
f 4516/4512 4561/4557 4432/4428
f 4561/4557 4517/4513 4432/4428
f 4517/4513 4562/4558 4476/4472
f 4563/4559 4478/4474 4477/4473
f 4563/4559 4477/4473 4476/4472
f 4563/4559 4564/4560 4478/4474
f 4564/4560 4565/4561 4435/4431
f 4478/4474 4564/4560 4435/4431
f 4433/4429 4566/4562 4357/4353
f 4358/4354 4567/4563 4568/4564
f 4565/4561 4569/4565 4480/4476
f 4435/4431 4565/4561 4480/4476
f 4358/4354 4568/4564 4394/4390
f 4394/4390 4568/4564 4290/4286
f 4480/4476 4569/4565 4570/4566
f 4520/4516 4571/4567 4521/4517
f 4290/4286 4572/4568 4396/4392
f 4398/4394 4525/4521 4526/4522
f 4488/4484 4573/4569 4528/4524
f 4489/4485 4528/4524 4574/4570
f 4489/4485 4574/4570 4529/4525
f 4574/4570 4575/4571 4529/4525
f 4529/4525 4530/4526 4443/4439
f 4575/4571 4576/4572 4529/4525
f 4529/4525 4576/4572 4530/4526
f 4405/4401 4531/4527 4406/4402
f 4300/4296 4533/4529 4444/4440
f 4258/4254 4444/4440 4491/4487
f 4259/4255 4491/4487 4407/4403
f 4577/4573 4578/4574 4445/4441
f 4445/4441 4578/4574 4534/4530
f 4408/4404 4534/4530 4409/4405
f 4536/4532 4579/4575 4373/4369
f 4373/4369 4579/4575 4494/4490
f 4495/4491 4494/4490 4580/4576
f 4495/4491 4580/4576 4538/4534
f 4581/4577 4582/4578 4539/4535
f 4539/4535 4583/4579 4540/4536
f 4584/4580 4585/4581 4541/4537
f 4540/4536 4584/4580 4541/4537
f 4541/4537 4585/4581 4542/4538
f 4586/4582 4545/4541 4544/4540
f 4554/4550 4587/4583 4588/4584
f 4554/4550 4588/4584 4555/4551
f 4555/4551 4588/4584 4589/4585
f 4555/4551 4589/4585 4556/4552
f 4556/4552 4589/4585 4590/4586
f 4556/4552 4590/4586 4557/4553
f 4557/4553 4590/4586 4591/4587
f 4557/4553 4591/4587 4467/4463
f 4467/4463 4591/4587 4592/4588
f 4467/4463 4592/4588 4387/4383
f 4592/4588 4593/4589 4387/4383
f 4387/4383 4593/4589 4350/4346
f 4350/4346 4593/4589 4388/4384
f 4388/4384 4351/4347 4468/4464
f 4351/4347 4594/4590 4427/4423
f 4514/4510 4595/4591 4391/4387
f 4391/4387 4596/4592 4515/4511
f 4430/4426 4471/4467 4353/4349
f 4515/4511 4597/4593 4354/4350
f 4354/4350 4597/4593 4598/4594
f 4354/4350 4598/4594 4472/4468
f 4598/4594 4599/4595 4472/4468
f 4472/4468 4599/4595 4392/4388
f 4392/4388 4559/4555 4474/4470
f 4475/4471 4600/4596 4560/4556
f 4561/4557 4601/4597 4517/4513
f 4601/4597 4562/4558 4517/4513
f 4356/4352 4560/4556 4518/4514
f 4563/4559 4602/4598 4564/4560
f 4518/4514 4603/4599 4433/4429
f 4433/4429 4603/4599 4566/4562
f 4604/4600 4605/4601 4520/4516
f 4520/4516 4605/4601 4606/4602
f 4520/4516 4606/4602 4571/4567
f 4568/4564 4572/4568 4290/4286
f 4571/4567 4607/4603 4522/4518
f 4521/4517 4571/4567 4522/4518
f 4522/4518 4607/4603 4608/4604
f 4572/4568 4609/4605 4396/4392
f 4396/4392 4609/4605 4437/4433
f 4437/4433 4609/4605 4524/4520
f 4573/4569 4610/4606 4528/4524
f 4528/4524 4610/4606 4611/4607
f 4528/4524 4611/4607 4574/4570
f 4576/4572 4612/4608 4530/4526
f 4530/4526 4612/4608 4531/4527
f 4612/4608 4613/4609 4531/4527
f 4531/4527 4613/4609 4614/4610
f 4531/4527 4614/4610 4406/4402
f 4406/4402 4614/4610 4490/4486
f 4257/4253 4615/4611 4616/4612
f 4617/4613 4370/4366 4301/4297
f 4490/4486 4617/4613 4301/4297
f 4407/4403 4618/4614 4445/4441
f 4445/4441 4618/4614 4577/4573
f 4371/4367 4492/4488 4263/4259
f 4263/4259 4492/4488 4535/4531
f 4534/4530 4536/4532 4409/4405
f 4372/4368 4535/4531 4493/4489
f 4579/4575 4619/4615 4494/4490
f 4494/4490 4619/4615 4620/4616
f 4494/4490 4620/4616 4580/4576
f 4580/4576 4620/4616 4621/4617
f 4621/4617 4620/4616 4622/4618
f 4623/4619 4584/4580 4583/4579
f 4624/4620 4625/4621 4626/4622
f 4537/4533 4627/4623 4458/4454
f 4628/4624 4629/4625 4630/4626
f 4594/4590 4631/4627 4427/4423
f 4631/4627 4632/4628 4460/4456
f 4427/4423 4631/4627 4460/4456
f 4633/4629 4634/4630 4558/4554
f 4593/4589 4594/4590 4388/4384
f 4388/4384 4594/4590 4351/4347
f 4634/4630 4428/4424 4558/4554
f 4634/4630 4635/4631 4428/4424
f 4428/4424 4635/4631 4636/4632
f 4428/4424 4636/4632 4389/4385
f 4389/4385 4636/4632 4637/4633
f 4389/4385 4638/4634 4513/4509
f 4513/4509 4638/4634 4639/4635
f 4513/4509 4639/4635 4469/4465
f 4639/4635 4470/4466 4469/4465
f 4429/4425 4640/4636 4430/4426
f 4595/4591 4596/4592 4391/4387
f 4596/4592 4597/4593 4515/4511
f 4640/4636 4641/4637 4430/4426
f 4430/4426 4641/4637 4471/4467
f 4471/4467 4642/4638 4431/4427
f 4642/4638 4643/4639 4431/4427
f 4431/4427 4643/4639 4473/4469
f 4473/4469 4643/4639 4644/4640
f 4473/4469 4644/4640 4475/4471
f 4475/4471 4644/4640 4600/4596
f 4559/4555 4645/4641 4516/4512
f 4516/4512 4645/4641 4561/4557
f 4645/4641 4646/4642 4561/4557
f 4600/4596 4647/4643 4560/4556
f 4561/4557 4646/4642 4601/4597
f 4601/4597 4602/4598 4562/4558
f 4601/4597 4648/4644 4649/4645
f 4601/4597 4649/4645 4602/4598
f 4560/4556 4647/4643 4650/4646
f 4560/4556 4650/4646 4518/4514
f 4649/4645 4651/4647 4564/4560
f 4602/4598 4649/4645 4564/4560
f 4651/4647 4652/4648 4565/4561
f 4564/4560 4651/4647 4565/4561
f 4518/4514 4650/4646 4603/4599
f 4565/4561 4652/4648 4569/4565
f 4604/4600 4653/4649 4605/4601
f 4654/4650 4655/4651 4567/4563
f 4606/4602 4607/4603 4571/4567
f 4567/4563 4655/4651 4568/4564
f 4655/4651 4656/4652 4572/4568
f 4568/4564 4655/4651 4572/4568
f 4572/4568 4656/4652 4657/4653
f 4572/4568 4657/4653 4609/4605
f 4609/4605 4657/4653 4658/4654
f 4609/4605 4658/4654 4524/4520
f 4658/4654 4659/4655 4524/4520
f 4524/4520 4659/4655 4525/4521
f 4659/4655 4660/4656 4525/4521
f 4525/4521 4660/4656 4526/4522
f 4660/4656 4661/4657 4527/4523
f 4526/4522 4660/4656 4527/4523
f 4527/4523 4661/4657 4484/4480
f 4527/4523 4484/4480 4483/4479
f 4574/4570 4611/4607 4662/4658
f 4574/4570 4662/4658 4575/4571
f 4575/4571 4662/4658 4663/4659
f 4575/4571 4663/4659 4576/4572
f 4576/4572 4664/4660 4612/4608
f 4576/4572 4663/4659 4664/4660
f 4664/4660 4613/4609 4612/4608
f 4613/4609 4665/4661 4614/4610
f 4614/4610 4665/4661 4490/4486
f 4490/4486 4665/4661 4617/4613
f 4615/4611 4666/4662 4616/4612
f 4533/4529 4667/4663 4444/4440
f 4667/4663 4668/4664 4444/4440
f 4444/4440 4668/4664 4491/4487
f 4491/4487 4668/4664 4407/4403
f 4407/4403 4668/4664 4669/4665
f 4407/4403 4669/4665 4618/4614
f 4370/4366 4670/4666 4492/4488
f 4618/4614 4669/4665 4671/4667
f 4618/4614 4671/4667 4577/4573
f 4671/4667 4672/4668 4577/4573
f 4492/4488 4670/4666 4673/4669
f 4577/4573 4672/4668 4578/4574
f 4673/4669 4674/4670 4492/4488
f 4578/4574 4672/4668 4534/4530
f 4492/4488 4674/4670 4535/4531
f 4675/4671 4676/4672 4534/4530
f 4534/4530 4676/4672 4536/4532
f 4536/4532 4676/4672 4677/4673
f 4535/4531 4674/4670 4493/4489
f 4674/4670 4678/4674 4493/4489
f 4536/4532 4677/4673 4579/4575
f 4677/4673 4679/4675 4619/4615
f 4579/4575 4677/4673 4619/4615
f 4619/4615 4679/4675 4620/4616
f 4620/4616 4679/4675 4680/4676
f 4620/4616 4680/4676 4622/4618
f 4622/4618 4680/4676 4681/4677
f 4622/4618 4681/4677 4682/4678
f 4458/4454 4627/4623 4683/4679
f 4682/4678 4681/4677 4684/4680
f 4681/4677 4685/4681 4686/4682
f 4684/4680 4681/4677 4686/4682
f 4458/4454 4683/4679 4459/4455
f 4686/4682 4685/4681 4687/4683
f 4685/4681 4688/4684 4687/4683
f 4459/4455 4683/4679 4689/4685
f 4687/4683 4688/4684 4690/4686
f 4691/4687 4692/4688 4690/4686
f 4690/4686 4692/4688 4693/4689
f 4693/4689 4692/4688 4694/4690
f 4693/4689 4694/4690 4633/4629
f 4633/4629 4694/4690 4634/4630
f 4459/4455 4689/4685 4421/4417
f 4634/4630 4694/4690 4695/4691
f 4634/4630 4695/4691 4635/4631
f 4689/4685 4696/4692 4421/4417
f 4695/4691 4636/4632 4635/4631
f 4697/4693 4698/4694 4699/4695
f 4421/4417 4696/4692 4390/4386
f 4389/4385 4637/4633 4638/4634
f 4390/4386 4696/4692 4514/4510
f 4639/4635 4700/4696 4470/4466
f 4470/4466 4640/4636 4429/4425
f 4471/4467 4641/4637 4642/4638
f 4644/4640 4643/4639 4701/4697
f 4392/4388 4599/4595 4702/4698
f 4392/4388 4702/4698 4559/4555
f 4644/4640 4701/4697 4600/4596
f 4701/4697 4703/4699 4600/4596
f 4559/4555 4704/4700 4645/4641
f 4704/4700 4646/4642 4645/4641
f 4600/4596 4703/4699 4647/4643
f 4648/4644 4601/4597 4646/4642
f 4648/4644 4705/4701 4706/4702
f 4706/4702 4651/4647 4649/4645
f 4648/4644 4706/4702 4649/4645
f 4647/4643 4703/4699 4707/4703
f 4647/4643 4707/4703 4650/4646
f 4708/4704 4709/4705 4710/4706
f 4650/4646 4707/4703 4603/4599
f 4711/4707 4712/4708 4713/4709
f 4655/4651 4714/4710 4656/4652
f 4714/4710 4715/4711 4657/4653
f 4656/4652 4714/4710 4657/4653
f 4716/4712 4717/4713 4718/4714
f 4715/4711 4719/4715 4658/4654
f 4657/4653 4715/4711 4658/4654
f 4658/4654 4719/4715 4659/4655
f 4719/4715 4720/4716 4660/4656
f 4659/4655 4719/4715 4660/4656
f 4660/4656 4720/4716 4661/4657
f 4610/4606 4721/4717 4611/4607
f 4721/4717 4722/4718 4662/4658
f 4611/4607 4721/4717 4662/4658
f 4662/4658 4722/4718 4723/4719
f 4662/4658 4723/4719 4663/4659
f 4663/4659 4723/4719 4724/4720
f 4663/4659 4724/4720 4664/4660
f 4725/4721 4665/4661 4613/4609
f 4664/4660 4725/4721 4613/4609
f 4724/4720 4726/4722 4725/4721
f 4664/4660 4724/4720 4725/4721
f 4725/4721 4727/4723 4665/4661
f 4665/4661 4727/4723 4617/4613
f 4617/4613 4727/4723 4370/4366
f 4727/4723 4728/4724 4370/4366
f 4729/4725 4730/4726 4731/4727
f 4728/4724 4670/4666 4370/4366
f 4668/4664 4732/4728 4669/4665
f 4733/4729 4734/4730 4735/4731
f 4669/4665 4732/4728 4736/4732
f 4671/4667 4736/4732 4672/4668
f 4736/4732 4737/4733 4672/4668
f 4672/4668 4737/4733 4676/4672
f 4673/4669 4738/4734 4674/4670
f 4676/4672 4739/4735 4677/4673
f 4674/4670 4738/4734 4740/4736
f 4674/4670 4740/4736 4678/4674
f 4740/4736 4741/4737 4678/4674
f 4739/4735 4742/4738 4679/4675
f 4677/4673 4739/4735 4679/4675
f 4679/4675 4743/4739 4680/4676
f 4741/4737 4627/4623 4678/4674
f 4743/4739 4744/4740 4680/4676
f 4680/4676 4744/4740 4681/4677
f 4627/4623 4745/4741 4683/4679
f 4681/4677 4744/4740 4746/4742
f 4681/4677 4746/4742 4685/4681
f 4685/4681 4746/4742 4688/4684
f 4683/4679 4745/4741 4689/4685
f 4688/4684 4746/4742 4691/4687
f 4688/4684 4691/4687 4690/4686
f 4691/4687 4747/4743 4692/4688
f 4747/4743 4748/4744 4694/4690
f 4692/4688 4747/4743 4694/4690
f 4694/4690 4749/4745 4695/4691
f 4695/4691 4749/4745 4636/4632
f 4689/4685 4750/4746 4696/4692
f 4749/4745 4751/4747 4636/4632
f 4751/4747 4752/4748 4637/4633
f 4636/4632 4751/4747 4637/4633
f 4696/4692 4750/4746 4514/4510
f 4637/4633 4700/4696 4638/4634
f 4637/4633 4752/4748 4700/4696
f 4700/4696 4639/4635 4638/4634
f 4700/4696 4752/4748 4753/4749
f 4750/4746 4754/4750 4514/4510
f 4700/4696 4753/4749 4755/4751
f 4700/4696 4755/4751 4470/4466
f 4470/4466 4755/4751 4640/4636
f 4640/4636 4755/4751 4756/4752
f 4640/4636 4756/4752 4641/4637
f 4641/4637 4756/4752 4642/4638
f 4756/4752 4757/4753 4643/4639
f 4642/4638 4756/4752 4643/4639
f 4643/4639 4757/4753 4701/4697
f 4599/4595 4758/4754 4702/4698
f 4759/4755 4760/4756 4761/4757
f 4702/4698 4758/4754 4762/4758
f 4702/4698 4762/4758 4559/4555
f 4704/4700 4763/4759 4764/4760
f 4704/4700 4764/4760 4705/4701
f 4705/4701 4646/4642 4704/4700
f 4705/4701 4764/4760 4765/4761
f 4765/4761 4766/4762 4706/4702
f 4705/4701 4765/4761 4706/4702
f 4766/4762 4767/4763 4651/4647
f 4706/4702 4766/4762 4651/4647
f 4768/4764 4769/4765 4770/4766
f 4770/4766 4769/4765 4653/4649
f 4723/4719 4722/4718 4771/4767
f 4723/4719 4771/4767 4772/4768
f 4723/4719 4772/4768 4724/4720
f 4724/4720 4772/4768 4773/4769
f 4724/4720 4773/4769 4726/4722
f 4726/4722 4773/4769 4774/4770
f 4726/4722 4774/4770 4725/4721
f 4725/4721 4775/4771 4727/4723
f 4774/4770 4776/4772 4775/4771
f 4725/4721 4774/4770 4775/4771
f 4775/4771 4728/4724 4727/4723
f 4776/4772 4777/4773 4775/4771
f 4775/4771 4777/4773 4728/4724
f 4728/4724 4778/4774 4670/4666
f 4670/4666 4778/4774 4673/4669
f 4673/4669 4778/4774 4779/4775
f 4673/4669 4779/4775 4738/4734
f 4780/4776 4740/4736 4738/4734
f 4780/4776 4781/4777 4782/4778
f 4780/4776 4782/4778 4740/4736
f 4740/4736 4782/4778 4741/4737
f 4741/4737 4782/4778 4783/4779
f 4741/4737 4784/4780 4627/4623
f 4741/4737 4783/4779 4784/4780
f 4784/4780 4745/4741 4627/4623
f 4784/4780 4783/4779 4785/4781
f 4786/4782 4787/4783 4788/4784
f 4784/4780 4789/4785 4745/4741
f 4784/4780 4785/4781 4789/4785
f 4789/4785 4689/4685 4745/4741
f 4785/4781 4790/4786 4789/4785
f 4789/4785 4791/4787 4689/4685
f 4789/4785 4790/4786 4791/4787
f 4791/4787 4750/4746 4689/4685
f 4790/4786 4792/4788 4791/4787
f 4791/4787 4754/4750 4750/4746
f 4791/4787 4792/4788 4754/4750
f 4792/4788 4793/4789 4596/4592
f 4754/4750 4792/4788 4596/4592
f 4596/4592 4793/4789 4597/4593
f 4597/4593 4793/4789 4794/4790
f 4597/4593 4794/4790 4795/4791
f 4795/4791 4794/4790 4599/4595
f 4794/4790 4796/4792 4599/4595
f 4599/4595 4796/4792 4758/4754
f 4758/4754 4796/4792 4797/4793
f 4797/4793 4796/4792 4798/4794
f 4797/4793 4762/4758 4758/4754
f 4797/4793 4763/4759 4762/4758
f 4797/4793 4798/4794 4763/4759
f 4798/4794 4799/4795 4764/4760
f 4763/4759 4798/4794 4764/4760
f 4799/4795 4800/4796 4765/4761
f 4764/4760 4799/4795 4765/4761
f 4800/4796 4801/4797 4765/4761
f 4765/4761 4801/4797 4766/4762
f 4801/4797 4767/4763 4766/4762
f 4771/4767 4802/4798 4772/4768
f 4772/4768 4802/4798 4773/4769
f 4773/4769 4802/4798 4803/4799
f 4773/4769 4803/4799 4774/4770
f 4774/4770 4803/4799 4804/4800
f 4774/4770 4804/4800 4776/4772
f 4776/4772 4804/4800 4805/4801
f 4776/4772 4805/4801 4777/4773
f 4777/4773 4805/4801 4806/4802
f 4807/4803 4778/4774 4728/4724
f 4777/4773 4807/4803 4728/4724
f 4777/4773 4806/4802 4807/4803
f 4807/4803 4806/4802 4808/4804
f 4807/4803 4809/4805 4778/4774
f 4807/4803 4808/4804 4809/4805
f 4809/4805 4779/4775 4778/4774
f 4808/4804 4810/4806 4809/4805
f 4809/4805 4781/4777 4779/4775
f 4809/4805 4810/4806 4781/4777
f 4810/4806 4811/4807 4781/4777
f 4781/4777 4811/4807 4782/4778
f 4811/4807 4812/4808 4782/4778
f 4782/4778 4812/4808 4783/4779
f 4812/4808 4813/4809 4783/4779
f 4783/4779 4813/4809 4785/4781
f 4813/4809 4814/4810 4785/4781
f 4785/4781 4814/4810 4790/4786
f 4814/4810 4815/4811 4790/4786
f 4790/4786 4815/4811 4792/4788
f 4792/4788 4815/4811 4816/4812
f 4792/4788 4816/4812 4793/4789
f 4793/4789 4816/4812 4817/4813
f 4793/4789 4817/4813 4794/4790
f 4817/4813 4818/4814 4794/4790
f 4794/4790 4818/4814 4796/4792
f 4796/4792 4818/4814 4798/4794
f 4818/4814 4819/4815 4798/4794
f 4819/4815 4820/4816 4798/4794
f 4820/4816 4821/4817 4799/4795
f 4798/4794 4820/4816 4799/4795
f 4821/4817 4801/4797 4800/4796
f 4799/4795 4821/4817 4800/4796
f 4822/4818 4823/4819 4824/4820
f 4803/4799 4825/4821 4804/4800
f 4804/4800 4825/4821 4826/4822
f 4804/4800 4826/4822 4805/4801
f 4805/4801 4826/4822 4827/4823
f 4805/4801 4827/4823 4806/4802
f 4806/4802 4827/4823 4828/4824
f 4806/4802 4828/4824 4808/4804
f 4828/4824 4829/4825 4808/4804
f 4808/4804 4829/4825 4810/4806
f 4829/4825 4830/4826 4810/4806
f 4810/4806 4830/4826 4811/4807
f 4830/4826 4831/4827 4811/4807
f 4811/4807 4831/4827 4812/4808
f 4812/4808 4831/4827 4832/4828
f 4812/4808 4832/4828 4813/4809
f 4813/4809 4832/4828 4833/4829
f 4833/4829 4834/4830 4814/4810
f 4813/4809 4833/4829 4814/4810
f 4814/4810 4834/4830 4835/4831
f 4814/4810 4835/4831 4815/4811
f 4815/4811 4835/4831 4836/4832
f 4815/4811 4836/4832 4816/4812
f 4816/4812 4836/4832 4837/4833
f 4816/4812 4837/4833 4817/4813
f 4817/4813 4837/4833 4818/4814
f 4818/4814 4837/4833 4838/4834
f 4818/4814 4838/4834 4819/4815
f 4839/4835 4840/4836 4841/4837
f 4839/4835 4841/4837 4842/4838
f 4842/4838 4841/4837 4843/4839
f 4844/4840 4845/4841 4846/4842
f 4844/4840 4846/4842 4847/4843
f 4848/4844 4849/4845 4850/4846
f 4827/4823 4851/4847 4828/4824
f 4851/4847 4852/4848 4828/4824
f 4828/4824 4852/4848 4829/4825
f 4852/4848 4853/4849 4829/4825
f 4829/4825 4853/4849 4830/4826
f 4854/4850 4855/4851 4856/4852
f 4856/4852 4855/4851 4857/4853
f 4857/4853 4855/4851 4858/4854
f 109/105 106/102 108/104
f 213/209 4859/4855 210/206
f 210/206 4859/4855 217/213
f 218/214 217/213 4860/4856
f 218/214 4860/4856 4861/4857
f 4860/4856 4862/4858 4861/4857
f 4861/4857 4862/4858 4863/4859
f 4863/4859 4862/4858 4864/4860
f 4864/4860 4862/4858 4865/4861
f 4864/4860 4865/4861 4866/4862
f 4865/4861 4867/4863 4866/4862
f 4866/4862 4867/4863 4868/4864
f 4868/4864 4867/4863 4869/4865
f 4868/4864 4869/4865 232/228
f 232/228 4869/4865 230/226
f 267/263 4870/4866 268/264
f 4871/4867 4872/4868 4873/4869
f 4871/4867 4873/4869 211/207
f 211/207 210/206 4874/4870
f 210/206 218/214 4874/4870
f 4874/4870 218/214 4875/4871
f 4875/4871 218/214 4861/4857
f 4875/4871 4861/4857 4876/4872
f 4876/4872 4861/4857 4877/4873
f 4861/4857 4863/4859 4877/4873
f 4863/4859 4864/4860 4877/4873
f 4877/4873 4864/4860 4878/4874
f 4864/4860 4866/4862 4879/4875
f 4878/4874 4864/4860 4879/4875
f 4879/4875 4866/4862 4880/4876
f 4880/4876 4866/4862 4868/4864
f 4880/4876 4868/4864 4881/4877
f 4881/4877 4868/4864 232/228
f 4881/4877 232/228 4882/4878
f 232/228 238/234 4883/4879
f 4882/4878 232/228 4883/4879
f 4883/4879 238/234 4884/4880
f 299/295 254/250 256/252
f 261/257 262/258 307/303
f 4885/4881 4886/4882 4871/4867
f 4871/4867 4886/4882 4872/4868
f 4871/4867 211/207 4874/4870
f 4887/4883 4874/4870 4875/4871
f 4888/4884 4877/4873 4878/4874
f 4889/4885 4880/4876 4881/4877
f 4890/4886 4882/4878 4883/4879
f 4890/4886 4883/4879 4891/4887
f 4891/4887 4883/4879 4884/4880
f 4891/4887 4884/4880 4892/4888
f 4893/4889 4894/4890 4885/4881
f 4895/4891 4885/4881 4871/4867
f 4896/4892 4871/4867 4874/4870
f 4897/4893 4876/4872 4877/4873
f 4897/4893 4877/4873 4898/4894
f 4898/4894 4877/4873 4888/4884
f 4899/4895 4888/4884 4878/4874
f 4878/4874 4879/4875 4899/4895
f 4899/4895 4879/4875 4900/4896
f 4879/4875 4880/4876 4900/4896
f 4900/4896 4880/4876 4889/4885
f 4889/4885 4881/4877 4901/4897
f 4901/4897 4881/4877 4902/4898
f 4881/4877 4882/4878 4902/4898
f 4882/4878 4890/4886 4902/4898
f 4891/4887 4892/4888 4903/4899
f 4903/4899 4892/4888 4904/4900
f 341/337 300/296 395/391
f 395/391 300/296 338/334
f 4905/4901 4894/4890 4893/4889
f 4893/4889 4885/4881 4895/4891
f 4895/4891 4871/4867 4896/4892
f 311/307 348/344 350/346
f 311/307 350/346 352/348
f 312/308 311/307 352/348
f 313/309 312/308 352/348
f 4906/4902 4874/4870 4887/4883
f 313/309 352/348 354/350
f 314/310 313/309 354/350
f 314/310 354/350 356/352
f 314/310 356/352 358/354
f 315/311 314/310 358/354
f 4897/4893 4887/4883 4875/4871
f 315/311 358/354 361/357
f 316/312 315/311 361/357
f 4897/4893 4875/4871 4876/4872
f 316/312 361/357 362/358
f 317/313 316/312 362/358
f 317/313 362/358 364/360
f 318/314 317/313 364/360
f 318/314 364/360 365/361
f 319/315 318/314 365/361
f 319/315 365/361 368/364
f 320/316 319/315 368/364
f 320/316 368/364 371/367
f 321/317 320/316 371/367
f 321/317 371/367 373/369
f 321/317 373/369 375/371
f 322/318 321/317 375/371
f 322/318 375/371 377/373
f 323/319 322/318 377/373
f 324/320 323/319 377/373
f 324/320 377/373 379/375
f 325/321 324/320 379/375
f 4890/4886 4891/4887 4907/4903
f 325/321 379/375 381/377
f 326/322 325/321 381/377
f 382/378 326/322 381/377
f 4891/4887 4903/4899 4907/4903
f 396/392 391/387 434/430
f 434/430 391/387 392/388
f 4908/4904 4905/4901 4909/4905
f 4909/4905 4905/4901 4893/4889
f 4893/4889 4895/4891 4910/4906
f 4909/4905 4893/4889 4910/4906
f 346/342 403/399 405/401
f 347/343 346/342 405/401
f 347/343 405/401 349/345
f 348/344 347/343 349/345
f 4906/4902 4896/4892 4874/4870
f 4911/4907 4887/4883 4897/4893
f 4912/4908 4897/4893 4898/4894
f 4898/4894 4888/4884 4913/4909
f 4914/4910 4888/4884 4899/4895
f 4902/4898 4890/4886 4915/4911
f 4915/4911 4890/4886 4907/4903
f 4915/4911 4907/4903 4916/4912
f 382/378 381/377 420/416
f 382/378 420/416 422/418
f 383/379 382/378 422/418
f 423/419 383/379 422/418
f 4916/4912 4907/4903 4903/4899
f 4903/4899 4904/4900 4917/4913
f 4917/4913 4904/4900 513/509
f 394/390 396/392 520/516
f 433/429 394/390 520/516
f 520/516 396/392 434/430
f 4918/4914 4908/4904 4909/4905
f 401/397 439/435 441/437
f 402/398 401/397 441/437
f 402/398 441/437 403/399
f 4910/4906 4895/4891 4896/4892
f 4910/4906 4896/4892 4919/4915
f 4896/4892 4906/4902 4919/4915
f 4914/4910 4899/4895 4920/4916
f 4920/4916 4899/4895 4900/4896
f 4920/4916 4900/4896 4921/4917
f 4921/4917 4900/4896 4922/4918
f 4922/4918 4900/4896 4889/4885
f 4922/4918 4889/4885 4923/4919
f 4923/4919 4889/4885 4901/4897
f 423/419 422/418 457/453
f 459/455 423/419 457/453
f 459/455 457/453 458/454
f 466/462 433/429 520/516
f 520/516 434/430 467/463
f 4924/4920 4918/4914 4925/4921
f 4926/4922 4924/4920 4925/4921
f 4925/4921 4918/4914 4909/4905
f 525/521 470/466 472/468
f 472/468 474/470 4927/4923
f 4928/4924 4929/4925 4930/4926
f 4925/4921 4909/4905 4910/4906
f 4931/4927 474/470 481/477
f 401/397 438/434 479/475
f 401/397 479/475 439/435
f 494/490 481/477 490/486
f 551/547 550/546 4932/4928
f 494/490 493/489 559/555
f 4919/4915 4906/4902 4933/4929
f 4933/4929 4906/4902 4934/4930
f 559/555 493/489 498/494
f 559/555 498/494 501/497
f 4906/4902 4887/4883 4934/4930
f 4935/4931 4897/4893 4912/4908
f 4936/4932 4912/4908 4898/4894
f 4898/4894 4913/4909 4936/4932
f 4913/4909 4888/4884 4937/4933
f 4937/4933 4888/4884 4914/4910
f 4938/4934 4901/4897 4902/4898
f 4902/4898 4915/4911 4938/4934
f 4938/4934 4915/4911 4939/4935
f 4939/4935 4915/4911 4916/4912
f 4903/4899 4917/4913 4916/4912
f 459/455 458/454 460/456
f 4917/4913 513/509 515/511
f 521/517 467/463 819/815
f 819/815 467/463 522/518
f 522/518 468/464 822/818
f 4940/4936 4941/4937 4942/4938
f 4941/4937 4928/4924 4942/4938
f 4942/4938 4928/4924 4943/4939
f 4943/4939 4928/4924 4930/4926
f 533/529 4944/4940 4940/4936
f 530/526 533/529 4940/4936
f 4944/4940 4941/4937 4940/4936
f 4930/4926 4945/4941 4946/4942
f 4947/4943 4930/4926 4946/4942
f 4946/4942 4945/4941 4948/4944
f 438/434 477/473 478/474
f 544/540 537/533 536/532
f 540/536 539/535 4949/4945
f 548/544 546/542 545/541
f 4949/4945 539/535 551/547
f 4949/4945 551/547 4950/4946
f 4950/4946 551/547 4932/4928
f 4932/4928 4951/4947 4950/4946
f 4950/4946 4951/4947 4952/4948
f 4951/4947 4953/4949 4952/4948
f 4952/4948 4953/4949 4954/4950
f 4954/4950 4953/4949 4955/4951
f 4954/4950 4955/4951 4956/4952
f 4955/4951 4957/4953 671/667
f 4956/4952 4955/4951 671/667
f 4958/4954 4897/4893 4935/4931
f 4959/4955 4913/4909 4937/4933
f 4916/4912 4917/4913 4960/4956
f 460/456 509/505 510/506
f 4960/4956 4917/4913 515/511
f 605/601 521/517 818/814
f 818/814 521/517 819/815
f 819/815 522/518 821/817
f 821/817 522/518 822/818
f 4961/4957 4926/4922 4925/4921
f 4962/4958 4940/4936 4942/4938
f 4963/4959 538/534 4964/4960
f 477/473 527/523 609/605
f 477/473 609/605 478/474
f 4964/4960 538/534 540/536
f 4964/4960 540/536 4965/4961
f 4966/4962 4925/4921 4910/4906
f 4965/4961 540/536 4949/4945
f 4965/4961 4949/4945 4967/4963
f 4966/4962 4910/4906 4919/4915
f 4967/4963 4949/4945 4968/4964
f 4949/4945 4950/4946 4968/4964
f 4969/4965 4919/4915 4933/4929
f 4968/4964 4950/4946 4970/4966
f 4950/4946 4952/4948 4970/4966
f 4970/4966 4952/4948 4971/4967
f 4952/4948 4954/4950 4971/4967
f 619/615 571/567 617/613
f 4954/4950 4956/4952 4971/4967
f 4971/4967 4956/4952 4972/4968
f 4911/4907 4897/4893 4973/4969
f 4972/4968 4956/4952 4974/4970
f 4973/4969 4897/4893 4958/4954
f 4974/4970 4956/4952 671/667
f 4958/4954 4935/4931 4975/4971
f 860/856 859/855 861/857
f 852/848 889/885 853/849
f 855/851 629/625 631/627
f 631/627 632/628 634/630
f 858/854 857/853 859/855
f 634/630 637/633 4976/4972
f 861/857 859/855 862/858
f 4976/4972 637/633 639/635
f 4976/4972 639/635 4977/4973
f 639/635 642/638 4977/4973
f 863/859 4978/4974 865/861
f 865/861 4978/4974 4979/4975
f 4974/4970 671/667 4980/4976
f 4935/4931 4912/4908 4936/4932
f 4935/4931 4936/4932 4981/4977
f 671/667 670/666 4980/4976
f 4936/4932 4913/4909 4981/4977
f 4981/4977 4913/4909 4959/4955
f 675/671 688/684 706/702
f 4982/4978 670/666 691/687
f 691/687 4983/4979 4982/4978
f 4937/4933 4914/4910 4984/4980
f 4982/4978 4983/4979 980/976
f 4914/4910 4920/4916 4984/4980
f 980/976 4983/4979 745/741
f 989/985 746/742 756/752
f 4923/4919 4901/4897 4938/4934
f 756/752 765/761 988/984
f 988/984 765/761 4985/4981
f 765/761 779/775 4986/4982
f 4985/4981 765/761 4986/4982
f 4986/4982 779/775 788/784
f 4986/4982 788/784 4987/4983
f 4987/4983 788/784 799/795
f 791/787 802/798 799/795
f 799/795 802/798 1011/1007
f 510/506 599/595 811/807
f 1075/1071 821/817 823/819
f 4988/4984 605/601 818/814
f 4989/4985 4926/4922 4961/4957
f 4990/4986 4942/4938 4943/4939
f 527/523 827/823 609/605
f 530/526 4940/4936 4991/4987
f 4991/4987 4940/4936 4962/4958
f 4992/4988 4968/4964 4993/4989
f 4993/4989 4968/4964 4994/4990
f 4994/4990 4968/4964 4970/4966
f 4994/4990 4970/4966 4995/4991
f 4995/4991 4970/4966 4971/4967
f 4996/4992 4934/4930 4887/4883
f 4996/4992 4887/4883 4911/4907
f 621/617 619/615 617/613
f 4995/4991 4971/4967 4997/4993
f 4997/4993 4971/4967 4972/4968
f 4997/4993 4972/4968 4974/4970
f 1032/1028 4998/4994 4999/4995
f 4999/4995 4998/4994 5000/4996
f 4998/4994 5001/4997 5000/4996
f 5000/4996 5001/4997 5002/4998
f 5001/4997 5003/4999 5002/4998
f 5002/4998 5003/4999 5004/5000
f 5004/5000 5003/4999 5005/5001
f 5005/5001 5003/4999 5006/5002
f 5005/5001 5006/5002 5007/5003
f 5007/5003 5006/5002 5008/5004
f 5006/5002 5009/5005 5008/5004
f 5008/5004 5009/5005 5010/5006
f 5010/5006 5009/5005 5011/5007
f 5011/5007 5009/5005 5012/5008
f 5009/5005 5013/5009 5012/5008
f 5012/5008 5013/5009 5014/5010
f 5014/5010 5013/5009 5015/5011
f 5015/5011 5016/5012 5014/5010
f 5014/5010 5016/5012 5017/5013
f 5017/5013 5016/5012 856/852
f 5017/5013 856/852 5018/5014
f 5018/5014 856/852 5019/5015
f 856/852 858/854 5019/5015
f 5019/5015 858/854 860/856
f 5019/5015 860/856 5020/5016
f 5020/5016 860/856 5021/5017
f 5021/5017 860/856 861/857
f 5021/5017 861/857 5022/5018
f 861/857 863/859 5022/5018
f 5022/5018 863/859 5023/5019
f 863/859 864/860 5023/5019
f 5023/5019 864/860 5024/5020
f 5024/5020 864/860 865/861
f 5024/5020 865/861 5025/5021
f 5026/5022 5027/5023 5028/5024
f 5026/5022 5028/5024 1031/1027
f 5028/5024 1032/1028 1031/1027
f 865/861 4979/4975 5025/5021
f 4979/4975 5029/5025 5030/5026
f 5025/5021 4979/4975 5030/5026
f 4997/4993 4974/4970 5031/5027
f 4974/4970 4980/4976 5031/5027
f 5031/5027 4980/4976 670/666
f 5031/5027 670/666 5032/5028
f 5032/5028 670/666 4982/4978
f 5033/5029 4959/4955 4937/4933
f 5033/5029 4937/4933 5034/5030
f 5032/5028 4982/4978 5035/5031
f 5035/5031 4982/4978 980/976
f 978/974 729/725 976/972
f 5035/5031 980/976 5036/5032
f 980/976 744/740 5036/5032
f 4984/4980 4920/4916 4921/4917
f 744/740 982/978 5036/5032
f 5036/5032 982/978 5037/5033
f 982/978 985/981 5037/5033
f 5037/5033 985/981 5038/5034
f 985/981 5039/5035 5038/5034
f 5038/5034 5039/5035 5040/5036
f 5039/5035 5041/5037 5040/5036
f 5041/5037 5042/5038 5040/5036
f 5040/5036 5042/5038 5043/5039
f 5043/5039 5042/5038 996/992
f 5044/5040 4916/4912 4960/4956
f 995/991 994/990 5045/5041
f 1063/1059 1009/1005 1062/1058
f 812/808 510/506 811/807
f 812/808 811/807 1012/1008
f 4988/4984 818/814 5046/5042
f 5046/5042 818/814 820/816
f 5046/5042 820/816 5047/5043
f 5047/5043 820/816 821/817
f 5047/5043 821/817 1075/1071
f 1075/1071 823/819 1076/1072
f 5048/5044 4989/4985 4961/4957
f 4961/4957 4925/4921 4966/4962
f 4962/4958 4942/4938 4990/4986
f 5049/5045 4943/4939 4930/4926
f 5049/5045 4930/4926 5050/5046
f 5050/5046 4930/4926 4947/4943
f 4947/4943 4946/4942 5051/5047
f 5051/5047 4946/4942 5052/5048
f 830/826 530/526 1189/1185
f 1024/1020 535/531 5053/5049
f 1024/1020 610/606 536/532
f 4967/4963 4968/4964 4992/4988
f 4994/4990 4995/4991 5054/5050
f 4995/4991 4997/4993 5054/5050
f 5054/5050 4997/4993 5055/5051
f 1030/1026 1032/1028 4999/4995
f 5056/5052 5004/5000 5005/5001
f 5007/5003 5008/5004 5057/5053
f 5018/5014 5019/5015 5058/5054
f 5059/5055 5024/5020 5025/5021
f 5055/5051 4997/4993 5060/5056
f 5026/5022 1031/1027 1030/1026
f 5060/5056 4997/4993 5031/5027
f 5060/5056 5031/5027 5061/5057
f 5031/5027 5032/5028 5061/5057
f 5061/5057 5032/5028 5062/5058
f 5032/5028 5035/5031 5062/5058
f 5062/5058 5035/5031 5063/5059
f 5035/5031 5036/5032 5063/5059
f 5064/5060 4984/4980 4921/4917
f 5063/5059 5036/5032 5065/5061
f 5065/5061 5036/5032 5037/5033
f 4923/4919 4921/4917 4922/4918
f 5065/5061 5037/5033 5038/5034
f 4923/4919 4938/4934 5066/5062
f 5065/5061 5038/5034 5067/5063
f 5066/5062 4938/4934 4939/4935
f 5038/5034 5040/5036 5067/5063
f 4916/4912 5068/5064 4939/4935
f 5040/5036 5043/5039 5067/5063
f 5067/5063 5043/5039 5069/5065
f 5068/5064 4916/4912 5044/5040
f 5069/5065 5043/5039 5070/5066
f 5043/5039 996/992 5070/5066
f 5044/5040 4960/4956 5071/5067
f 5070/5066 996/992 995/991
f 5070/5066 995/991 1217/1213
f 995/991 5045/5041 1217/1213
f 1217/1213 5045/5041 5072/5068
f 812/808 1012/1008 1065/1061
f 4960/4956 515/511 1072/1068
f 4960/4956 1072/1068 1071/1067
f 5047/5043 1075/1071 1074/1070
f 5073/5069 4961/4957 4966/4962
f 5050/5046 4947/4943 5074/5070
f 1189/1185 530/526 4991/4987
f 5074/5070 4947/4943 5051/5047
f 1030/1026 4999/4995 5075/5071
f 4999/4995 5000/4996 5076/5072
f 5076/5072 5000/4996 5002/4998
f 5077/5073 5005/5001 5007/5003
f 5078/5074 5008/5004 5010/5006
f 5010/5006 5011/5007 5079/5075
f 5011/5007 5012/5008 5079/5075
f 5079/5075 5012/5008 5080/5076
f 5080/5076 5012/5008 5081/5077
f 5081/5077 5012/5008 5014/5010
f 5081/5077 5014/5010 5082/5078
f 5082/5078 5014/5010 5083/5079
f 5014/5010 5017/5013 5083/5079
f 5083/5079 5017/5013 5018/5014
f 5083/5079 5018/5014 5084/5080
f 5084/5080 5018/5014 5058/5054
f 5058/5054 5019/5015 5085/5081
f 5019/5015 5020/5016 5085/5081
f 5085/5081 5020/5016 5086/5082
f 5086/5082 5020/5016 5021/5017
f 5086/5082 5021/5017 5022/5018
f 5086/5082 5022/5018 5087/5083
f 5087/5083 5022/5018 5023/5019
f 5087/5083 5023/5019 5088/5084
f 5088/5084 5023/5019 5089/5085
f 5089/5085 5023/5019 5024/5020
f 5089/5085 5024/5020 5059/5055
f 4958/4954 4975/4971 5090/5086
f 5091/5087 5026/5022 1030/1026
f 5092/5088 5060/5056 5061/5057
f 1037/1033 1038/1034 967/963
f 5061/5057 5062/5058 5093/5089
f 5094/5090 4937/4933 4984/4980
f 5093/5089 5062/5058 5095/5091
f 5095/5091 5062/5058 5063/5059
f 5095/5091 5063/5059 5065/5061
f 5095/5091 5065/5061 5096/5092
f 5096/5092 5065/5061 5097/5093
f 5097/5093 5065/5061 5067/5063
f 5097/5093 5067/5063 5098/5094
f 5066/5062 4939/4935 5068/5064
f 5098/5094 5067/5063 5069/5065
f 5069/5065 5070/5066 5099/5095
f 5099/5095 5070/5066 5100/5096
f 5070/5066 1217/1213 5100/5096
f 1215/1211 1217/1213 5072/5068
f 812/808 1065/1061 1108/1104
f 1066/1062 812/808 1108/1104
f 1071/1067 1070/1066 5101/5097
f 5102/5098 5046/5042 5103/5099
f 5103/5099 5046/5042 5047/5043
f 5103/5099 5047/5043 5104/5100
f 5104/5100 5047/5043 1074/1070
f 1074/1070 1076/1072 5105/5101
f 5106/5102 5048/5044 4961/4957
f 826/822 1078/1074 1079/1075
f 5107/5103 4962/4958 4990/4986
f 4991/4987 4962/4958 5107/5103
f 5108/5104 4964/4960 4965/4961
f 4965/4961 4967/4963 5109/5105
f 4967/4963 4992/4988 5110/5106
f 5111/5107 4919/4915 4969/4965
f 5110/5106 4992/4988 5112/5108
f 4992/4988 4993/4989 5112/5108
f 5113/5109 4993/4989 4994/4990
f 4933/4929 4934/4930 4996/4992
f 5054/5050 5055/5051 5114/5110
f 5115/5111 1030/1026 5075/5071
f 4999/4995 5076/5072 5075/5071
f 5116/5112 5007/5003 5057/5053
f 5057/5053 5008/5004 5117/5113
f 5058/5054 5085/5081 5118/5114
f 5118/5114 5085/5081 5086/5082
f 5119/5115 4958/4954 5090/5086
f 5091/5087 1030/1026 5115/5111
f 5059/5055 5025/5021 5030/5026
f 5034/5030 4937/4933 5120/5116
f 5120/5116 4937/4933 5094/5090
f 5094/5090 4984/4980 5064/5060
f 5064/5060 4921/4917 5121/5117
f 5095/5091 5096/5092 5122/5118
f 5121/5117 4921/4917 4923/4919
f 5122/5118 5096/5092 5097/5093
f 5123/5119 5069/5065 5099/5095
f 1106/1102 1061/1057 1148/1144
f 1066/1062 1108/1104 1149/1145
f 5124/5120 4960/4956 1071/1067
f 5104/5100 1074/1070 5125/5121
f 5125/5121 1074/1070 5105/5101
f 5126/5122 5106/5102 4961/4957
f 4990/4986 4943/4939 5127/5123
f 5127/5123 4943/4939 5049/5045
f 5108/5104 4965/4961 5109/5105
f 4966/4962 4919/4915 5111/5107
f 5128/5124 4969/4965 4933/4929
f 5115/5111 5075/5071 5129/5125
f 5076/5072 5002/4998 5004/5000
f 5056/5052 5005/5001 5130/5126
f 5130/5126 5005/5001 5077/5073
f 5077/5073 5007/5003 5116/5112
f 5116/5112 5057/5053 5117/5113
f 5117/5113 5008/5004 5078/5074
f 5078/5074 5010/5006 5079/5075
f 5079/5075 5080/5076 5131/5127
f 5131/5127 5080/5076 5132/5128
f 5080/5076 5081/5077 5132/5128
f 5132/5128 5081/5077 5133/5129
f 5081/5077 5082/5078 5134/5130
f 5082/5078 5083/5079 5135/5131
f 5084/5080 5058/5054 5136/5132
f 5059/5055 5030/5026 5137/5133
f 5138/5134 5060/5056 5092/5088
f 5139/5135 5092/5088 5061/5057
f 5140/5136 5061/5057 5093/5089
f 5121/5117 4923/4919 5141/5137
f 5122/5118 5097/5093 5142/5138
f 5141/5137 4923/4919 5066/5062
f 5143/5139 5066/5062 5068/5064
f 5144/5140 5099/5095 5100/5096
f 1215/1211 5072/5068 5145/5141
f 5071/5067 4960/4956 5124/5120
f 1150/1146 1066/1062 1149/1145
f 1071/1067 5101/5097 5146/5142
f 5102/5098 5103/5099 1255/1251
f 1255/1251 5103/5099 5104/5100
f 1119/1115 1186/1182 1120/1116
f 5107/5103 4990/4986 5127/5123
f 5050/5046 5074/5070 5147/5143
f 5147/5143 5074/5070 5051/5047
f 5147/5143 5051/5047 5148/5144
f 5051/5047 5052/5048 5149/5145
f 5148/5144 5051/5047 5149/5145
f 1024/1020 5053/5049 1226/1222
f 5109/5105 4967/4963 5150/5146
f 5112/5108 4993/4989 5113/5109
f 1195/1191 618/614 1156/1152
f 4996/4992 4911/4907 5151/5147
f 5114/5110 5055/5051 5152/5148
f 4911/4907 4973/4969 5151/5147
f 4973/4969 4958/4954 5151/5147
f 5151/5147 4958/4954 5119/5115
f 5153/5149 5115/5111 5129/5125
f 5129/5125 5075/5071 5154/5150
f 5154/5150 5075/5071 5076/5072
f 5076/5072 5004/5000 5056/5052
f 5155/5151 5056/5052 5130/5126
f 5078/5074 5079/5075 5156/5152
f 5156/5152 5079/5075 5131/5127
f 5134/5130 5082/5078 5135/5131
f 5135/5131 5083/5079 5084/5080
f 5135/5131 5084/5080 5136/5132
f 5157/5153 5136/5132 5058/5054
f 5157/5153 5058/5054 5118/5114
f 5158/5154 5118/5114 5086/5082
f 5158/5154 5086/5082 5159/5155
f 5159/5155 5086/5082 5087/5083
f 5087/5083 5088/5084 5089/5085
f 5055/5051 5060/5056 5138/5134
f 5138/5134 5092/5088 5139/5135
f 5140/5136 5093/5089 5160/5156
f 5093/5089 5095/5091 5160/5156
f 5161/5157 5064/5060 5121/5117
f 5095/5091 5122/5118 5160/5156
f 5161/5157 5121/5117 5141/5137
f 5162/5158 5141/5137 5066/5062
f 5142/5138 5097/5093 5163/5159
f 5163/5159 5097/5093 5098/5094
f 5066/5062 5143/5139 5162/5158
f 5163/5159 5098/5094 5123/5119
f 5143/5139 5068/5064 1394/1390
f 1394/1390 5068/5064 5044/5040
f 5098/5094 5069/5065 5123/5119
f 5123/5119 5099/5095 5144/5140
f 1216/1212 1215/1211 5145/5141
f 1150/1146 1149/1145 1218/1214
f 5124/5120 1071/1067 5146/5142
f 1224/1220 1117/1113 5164/5160
f 1255/1251 5104/5100 1253/1249
f 1253/1249 5104/5100 5125/5121
f 5125/5121 5105/5101 5165/5161
f 5166/5162 5106/5102 5126/5122
f 5126/5122 4961/4957 5073/5069
f 1257/1253 1189/1185 4991/4987
f 5150/5146 4967/4963 5110/5106
f 5128/5124 4933/4929 5167/5163
f 5167/5163 4933/4929 4996/4992
f 5113/5109 4994/4990 5168/5164
f 4994/4990 5054/5050 5168/5164
f 5168/5164 5054/5050 5114/5110
f 5152/5148 5055/5051 5169/5165
f 5117/5113 5078/5074 5156/5152
f 5133/5129 5081/5077 5170/5166
f 5081/5077 5134/5130 5170/5166
f 5171/5167 5157/5153 5118/5114
f 5171/5167 5118/5114 5158/5154
f 5159/5155 5087/5083 5172/5168
f 5087/5083 5089/5085 5172/5168
f 5172/5168 5089/5085 5173/5169
f 5173/5169 5089/5085 5174/5170
f 5174/5170 5089/5085 5059/5055
f 5055/5051 5138/5134 5169/5165
f 5119/5115 5090/5086 5175/5171
f 5153/5149 5091/5087 5115/5111
f 5139/5135 5061/5057 5140/5136
f 5176/5172 5120/5116 5094/5090
f 5176/5172 5094/5090 5177/5173
f 5140/5136 5160/5156 5178/5174
f 5094/5090 5064/5060 5179/5175
f 5177/5173 5094/5090 5179/5175
f 5179/5175 5064/5060 5161/5157
f 5178/5174 5160/5156 5180/5176
f 5160/5156 5122/5118 5180/5176
f 5161/5157 5141/5137 5181/5177
f 5182/5178 5122/5118 5142/5138
f 5181/5177 5141/5137 5162/5158
f 5142/5138 5163/5159 5183/5179
f 5182/5178 5142/5138 5183/5179
f 5162/5158 5143/5139 5184/5180
f 5163/5159 5123/5119 5185/5181
f 5184/5180 5143/5139 1394/1390
f 5185/5181 5123/5119 5186/5182
f 5144/5140 5100/5096 5187/5183
f 5187/5183 5100/5096 1217/1213
f 1178/1174 1150/1146 1218/1214
f 1253/1249 5125/5121 5188/5184
f 5188/5184 5125/5121 5165/5161
f 1224/1220 5164/5160 1290/1286
f 5189/5185 5166/5162 5126/5122
f 5190/5186 5107/5103 5127/5123
f 5127/5123 5049/5045 5191/5187
f 5191/5187 5049/5045 5050/5046
f 1257/1253 4991/4987 5190/5186
f 4991/4987 5107/5103 5190/5186
f 5073/5069 4966/4962 5111/5107
f 5111/5107 4969/4965 5128/5124
f 5112/5108 5113/5109 5168/5164
f 4996/4992 5151/5147 5167/5163
f 5151/5147 5119/5115 5192/5188
f 5076/5072 5056/5052 5193/5189
f 5194/5190 5076/5072 5193/5189
f 5077/5073 5116/5112 5195/5191
f 5196/5192 5077/5073 5195/5191
f 5195/5191 5116/5112 5117/5113
f 5197/5193 5117/5113 5198/5194
f 5198/5194 5117/5113 5156/5152
f 5198/5194 5156/5152 5199/5195
f 5199/5195 5156/5152 5200/5196
f 5200/5196 5156/5152 5131/5127
f 5200/5196 5131/5127 5132/5128
f 5170/5166 5134/5130 5135/5131
f 5135/5131 5136/5132 5201/5197
f 5201/5197 5136/5132 5157/5153
f 5201/5197 5157/5153 5171/5167
f 5158/5154 5159/5155 5171/5167
f 5192/5188 5119/5115 5175/5171
f 5154/5150 5076/5072 5194/5190
f 5193/5189 5056/5052 5155/5151
f 5155/5151 5130/5126 5196/5192
f 5130/5126 5077/5073 5196/5192
f 5174/5170 5059/5055 5137/5133
f 5169/5165 5138/5134 5139/5135
f 5122/5118 5182/5178 5180/5176
f 5163/5159 5185/5181 5183/5179
f 1394/1390 5044/5040 1392/1388
f 5186/5182 5123/5119 5202/5198
f 5123/5119 5144/5140 5202/5198
f 5187/5183 1217/1213 1216/1212
f 1216/1212 5145/5141 5203/5199
f 1284/1280 1178/1174 1218/1214
f 5124/5120 5146/5142 5204/5200
f 5204/5200 5146/5142 1407/1403
f 1290/1286 5205/5201 5206/5202
f 5207/5203 1290/1286 5206/5202
f 5208/5204 1253/1249 5188/5184
f 5209/5205 5190/5186 5127/5123
f 5209/5205 5127/5123 5191/5187
f 1257/1253 5190/5186 5209/5205
f 5050/5046 5147/5143 5148/5144
f 5050/5046 5148/5144 5210/5206
f 5210/5206 5148/5144 5149/5145
f 1258/1254 1226/1222 1296/1292
f 5211/5207 5108/5104 5109/5105
f 5109/5105 5150/5146 5212/5208
f 1300/1296 1191/1187 1299/1295
f 5150/5146 5110/5106 5212/5208
f 5212/5208 5110/5106 5112/5108
f 5212/5208 5112/5108 5213/5209
f 5214/5210 5111/5107 5128/5124
f 5214/5210 5128/5124 5215/5211
f 5213/5209 5112/5108 5216/5212
f 5216/5212 5112/5108 5168/5164
f 5128/5124 5167/5163 5217/5213
f 5217/5213 5167/5163 5151/5147
f 5216/5212 5168/5164 5218/5214
f 5217/5213 5151/5147 5219/5215
f 5218/5214 5168/5164 5114/5110
f 5114/5110 5152/5148 5218/5214
f 5218/5214 5152/5148 5220/5216
f 5220/5216 5152/5148 5169/5165
f 5151/5147 5192/5188 5221/5217
f 5199/5195 5200/5196 5222/5218
f 5200/5196 5132/5128 5222/5218
f 5132/5128 5133/5129 5222/5218
f 5133/5129 5170/5166 5222/5218
f 5222/5218 5170/5166 5223/5219
f 5170/5166 5135/5131 5223/5219
f 5223/5219 5135/5131 5224/5220
f 5224/5220 5135/5131 5201/5197
f 5224/5220 5201/5197 5225/5221
f 5201/5197 5171/5167 5225/5221
f 5225/5221 5171/5167 5226/5222
f 5226/5222 5171/5167 5159/5155
f 5226/5222 5159/5155 5227/5223
f 5159/5155 5172/5168 5227/5223
f 5227/5223 5172/5168 5173/5169
f 5227/5223 5173/5169 5228/5224
f 5173/5169 5174/5170 5228/5224
f 5228/5224 5174/5170 5229/5225
f 5230/5226 5153/5149 5231/5227
f 5231/5227 5153/5149 5232/5228
f 5153/5149 5129/5125 5232/5228
f 5129/5125 5154/5150 5233/5229
f 5233/5229 5154/5150 5234/5230
f 5234/5230 5154/5150 5235/5231
f 5235/5231 5154/5150 5194/5190
f 5235/5231 5194/5190 5236/5232
f 5236/5232 5194/5190 5193/5189
f 5236/5232 5193/5189 5237/5233
f 5237/5233 5193/5189 5155/5151
f 5237/5233 5155/5151 5238/5234
f 5155/5151 5196/5192 5239/5235
f 5238/5234 5155/5151 5239/5235
f 5239/5235 5196/5192 5197/5193
f 5197/5193 5196/5192 5195/5191
f 5195/5191 5117/5113 5197/5193
f 5174/5170 5137/5133 5240/5236
f 5229/5225 5174/5170 5240/5236
f 5169/5165 5139/5135 5241/5237
f 5139/5135 5140/5136 5241/5237
f 1310/1306 1233/1229 1312/1308
f 5242/5238 5243/5239 5244/5240
f 5242/5238 5244/5240 5245/5241
f 5244/5240 5246/5242 5245/5241
f 5246/5242 5247/5243 5248/5244
f 5245/5241 5246/5242 5248/5244
f 1274/1270 975/971 1474/1470
f 5241/5237 5140/5136 5249/5245
f 5249/5245 5140/5136 5178/5174
f 5249/5245 5178/5174 5180/5176
f 5249/5245 5180/5176 5250/5246
f 5250/5246 5180/5176 5182/5178
f 5250/5246 5182/5178 5183/5179
f 1383/1379 1380/1376 1388/1384
f 1387/1383 1383/1379 1388/1384
f 5184/5180 1394/1390 1393/1389
f 5251/5247 5184/5180 1393/1389
f 5044/5040 5071/5067 5252/5248
f 5202/5198 5144/5140 5187/5183
f 5204/5200 1407/1403 1406/1402
f 1408/1404 1290/1286 5207/5203
f 5253/5249 5166/5162 1694/1690
f 1694/1690 5166/5162 5189/5185
f 5189/5185 5126/5122 5254/5250
f 5255/5251 1257/1253 5209/5205
f 5256/5252 5257/5253 5258/5254
f 5209/5205 5191/5187 5259/5255
f 5259/5255 5191/5187 5050/5046
f 5259/5255 5050/5046 5210/5206
f 1411/1407 5260/5256 5256/5252
f 5210/5206 5149/5145 5261/5257
f 5211/5207 5109/5105 5262/5258
f 5262/5258 5109/5105 5212/5208
f 5263/5259 1412/1408 5264/5260
f 1301/1297 1300/1296 1414/1410
f 5262/5258 5212/5208 5265/5261
f 5212/5208 5213/5209 5265/5261
f 5266/5262 5215/5211 5128/5124
f 5265/5261 5213/5209 5216/5212
f 5265/5261 5216/5212 5267/5263
f 5266/5262 5128/5124 5217/5213
f 5267/5263 5216/5212 5268/5264
f 5216/5212 5218/5214 5268/5264
f 5268/5264 5218/5214 5269/5265
f 5269/5265 5218/5214 5220/5216
f 5219/5215 5151/5147 5270/5266
f 5269/5265 5220/5216 5271/5267
f 5220/5216 5169/5165 5271/5267
f 5270/5266 5151/5147 5221/5217
f 5272/5268 5273/5269 5274/5270
f 5275/5271 5222/5218 5223/5219
f 5223/5219 5224/5220 5276/5272
f 5275/5271 5223/5219 5276/5272
f 5276/5272 5224/5220 5277/5273
f 5224/5220 5225/5221 5277/5273
f 5225/5221 5226/5222 5277/5273
f 5277/5273 5226/5222 5278/5274
f 5278/5274 5226/5222 5279/5275
f 5279/5275 5226/5222 5227/5223
f 5280/5276 5230/5226 5231/5227
f 5232/5228 5129/5125 5233/5229
f 5233/5229 5234/5230 5281/5277
f 5282/5278 5238/5234 5283/5279
f 5283/5279 5238/5234 5239/5235
f 5283/5279 5239/5235 5284/5280
f 5239/5235 5197/5193 5284/5280
f 5284/5280 5197/5193 5285/5281
f 5197/5193 5198/5194 5286/5282
f 5197/5193 5286/5282 5285/5281
f 5286/5282 5198/5194 5287/5283
f 5198/5194 5199/5195 5287/5283
f 5288/5284 5289/5285 1431/1427
f 5199/5195 5222/5218 5287/5283
f 5289/5285 5273/5269 5272/5268
f 1431/1427 5289/5285 5272/5268
f 5227/5223 5228/5224 5290/5286
f 5291/5287 5292/5288 5293/5289
f 5290/5286 5228/5224 5229/5225
f 5290/5286 5229/5225 5294/5290
f 5234/5230 5295/5291 5296/5292
f 5281/5277 5234/5230 5296/5292
f 5296/5292 5295/5291 1533/1529
f 5297/5293 5298/5294 5299/5295
f 5300/5296 5297/5293 5299/5295
f 5298/5294 5301/5297 5302/5298
f 5299/5295 5298/5294 5302/5298
f 5302/5298 5301/5297 5303/5299
f 5302/5298 5303/5299 5304/5300
f 5304/5300 5303/5299 1422/1418
f 1422/1418 5303/5299 1420/1416
f 5305/5301 5306/5302 5307/5303
f 5308/5304 5306/5302 5305/5301
f 5305/5301 5307/5303 1435/1431
f 5300/5296 5299/5295 5309/5305
f 5310/5306 5300/5296 5309/5305
f 1533/1529 5295/5291 1534/1530
f 1534/1530 5311/5307 1535/1531
f 5309/5305 5299/5295 5312/5308
f 5311/5307 5313/5309 5314/5310
f 1535/1531 5311/5307 5314/5310
f 5312/5308 5299/5295 5315/5311
f 5315/5311 5299/5295 5316/5312
f 5299/5295 5302/5298 5317/5313
f 5316/5312 5299/5295 5317/5313
f 5317/5313 5302/5298 5304/5300
f 5317/5313 5304/5300 5318/5314
f 5318/5314 5304/5300 5319/5315
f 5319/5315 5304/5300 1422/1418
f 5319/5315 1422/1418 5320/5316
f 5320/5316 1422/1418 1424/1420
f 5320/5316 1424/1420 5321/5317
f 1424/1420 1426/1422 5321/5317
f 1426/1422 1428/1424 5321/5317
f 5322/5318 1432/1428 1433/1429
f 5316/5312 5317/5313 5323/5319
f 5321/5317 1428/1424 5324/5320
f 5324/5320 1428/1424 5325/5321
f 5325/5321 1428/1424 1429/1425
f 1429/1425 1432/1428 5326/5322
f 5326/5322 1432/1428 5322/5318
f 5327/5323 1433/1429 5328/5324
f 5329/5325 5330/5326 5331/5327
f 5332/5328 5317/5313 5318/5314
f 5332/5328 5318/5314 5333/5329
f 5333/5329 5318/5314 5319/5315
f 5333/5329 5319/5315 5334/5330
f 5319/5315 5320/5316 5334/5330
f 5334/5330 5320/5316 5321/5317
f 5334/5330 5321/5317 5324/5320
f 5325/5321 1429/1425 5335/5331
f 5335/5331 1429/1425 5326/5322
f 5322/5318 1433/1429 5327/5323
f 5327/5323 5328/5324 5336/5332
f 5305/5301 1435/1431 1437/1433
f 5337/5333 5312/5308 5315/5311
f 5331/5327 5330/5326 5338/5334
f 5323/5319 5317/5313 5332/5328
f 1446/1442 5322/5318 5327/5323
f 5336/5332 5328/5324 1438/1434
f 5339/5335 5305/5301 1437/1433
f 5271/5267 5169/5165 5241/5237
f 5337/5333 5315/5311 5340/5336
f 5331/5327 5338/5334 1639/1635
f 5315/5311 5316/5312 5341/5337
f 5340/5336 5315/5311 5341/5337
f 5341/5337 5316/5312 5323/5319
f 5323/5319 5332/5328 5341/5337
f 5341/5337 5332/5328 5342/5338
f 5332/5328 5333/5329 5342/5338
f 5343/5339 5334/5330 5324/5320
f 5343/5339 5324/5320 5325/5321
f 5343/5339 5325/5321 5344/5340
f 5325/5321 5335/5331 5344/5340
f 5344/5340 5335/5331 5326/5322
f 5344/5340 5326/5322 5345/5341
f 5345/5341 5326/5322 5346/5342
f 5326/5322 5322/5318 5346/5342
f 5346/5342 5322/5318 1446/1442
f 5347/5343 5336/5332 1438/1434
f 5347/5343 1438/1434 1440/1436
f 5340/5336 5341/5337 5348/5344
f 5340/5336 5348/5344 5349/5345
f 5337/5333 5340/5336 5349/5345
f 5350/5346 5351/5347 5352/5348
f 5348/5344 5341/5337 5353/5349
f 5352/5348 5351/5347 5354/5350
f 5352/5348 5354/5350 5355/5351
f 5353/5349 5341/5337 5342/5338
f 5355/5351 5354/5350 5356/5352
f 5353/5349 5342/5338 5357/5353
f 5354/5350 5358/5354 5356/5352
f 5342/5338 5333/5329 5357/5353
f 5356/5352 5358/5354 5359/5355
f 5357/5353 5333/5329 5334/5330
f 5357/5353 5334/5330 5360/5356
f 5358/5354 5361/5357 5359/5355
f 5360/5356 5334/5330 5343/5339
f 5359/5355 5361/5357 5362/5358
f 5360/5356 5343/5339 5363/5359
f 5361/5357 5364/5360 5362/5358
f 5362/5358 5364/5360 5365/5361
f 5363/5359 5343/5339 5344/5340
f 5365/5361 5364/5360 5366/5362
f 5363/5359 5344/5340 5367/5363
f 5366/5362 5364/5360 5368/5364
f 5366/5362 5368/5364 5369/5365
f 5367/5363 5344/5340 5345/5341
f 5368/5364 5370/5366 5369/5365
f 5369/5365 5370/5366 5371/5367
f 5370/5366 5372/5368 5371/5367
f 5371/5367 5372/5368 1642/1638
f 5346/5342 1446/1442 1448/1444
f 1642/1638 5372/5368 5373/5369
f 1443/1439 1442/1438 5374/5370
f 1445/1441 1444/1440 5375/5371
f 5271/5267 5241/5237 5376/5372
f 5377/5373 1446/1442 5327/5323
f 5378/5374 1439/1435 1443/1439
f 5374/5370 1442/1438 5379/5375
f 5379/5375 1442/1438 1445/1441
f 5380/5376 5381/5377 5382/5378
f 5382/5378 5381/5377 5383/5379
f 5383/5379 5381/5377 5384/5380
f 5327/5323 5336/5332 5377/5373
f 1440/1436 1439/1435 5378/5374
f 5378/5374 1443/1439 5374/5370
f 1445/1441 5375/5371 5385/5381
f 5385/5381 5375/5371 5380/5376
f 5336/5332 5347/5343 5386/5382
f 5347/5343 1440/1436 5386/5382
f 5374/5370 5379/5375 5387/5383
f 5377/5373 5336/5332 5388/5384
f 5389/5385 5377/5373 5388/5384
f 5390/5386 5391/5387 1653/1649
f 1451/1447 5377/5373 5389/5385
f 5379/5375 1445/1441 5385/5381
f 5382/5378 5383/5379 5392/5388
f 1453/1449 1452/1448 1472/1468
f 1449/1445 1451/1447 5389/5385
f 5386/5382 1440/1436 5393/5389
f 1440/1436 5378/5374 5393/5389
f 5393/5389 5378/5374 5394/5390
f 5378/5374 5374/5370 5394/5390
f 5394/5390 5374/5370 5387/5383
f 5395/5391 5396/5392 5397/5393
f 5397/5393 5396/5392 5398/5394
f 5398/5394 5396/5392 5399/5395
f 5398/5394 5399/5395 5400/5396
f 5400/5396 5399/5395 5401/5397
f 5401/5397 5399/5395 5402/5398
f 5401/5397 5402/5398 5403/5399
f 5402/5398 5404/5400 5403/5399
f 5403/5399 5404/5400 5405/5401
f 5405/5401 5404/5400 5406/5402
f 5406/5402 5404/5400 5407/5403
f 5408/5404 5409/5405 5389/5385
f 5409/5405 1449/1445 5389/5385
f 5336/5332 5386/5382 5388/5384
f 5387/5383 5379/5375 5410/5406
f 5411/5407 5412/5408 5395/5391
f 5411/5407 5395/5391 5413/5409
f 5414/5410 5415/5411 5416/5412
f 5413/5409 5395/5391 5397/5393
f 5417/5413 5397/5393 5398/5394
f 5418/5414 5398/5394 5400/5396
f 5418/5414 5400/5396 5419/5415
f 5419/5415 5400/5396 5401/5397
f 5419/5415 5401/5397 5420/5416
f 5420/5416 5401/5397 5421/5417
f 5401/5397 5403/5399 5421/5417
f 5403/5399 5405/5401 5422/5418
f 5421/5417 5403/5399 5422/5418
f 5406/5402 5407/5403 5423/5419
f 5407/5403 5408/5404 5423/5419
f 5394/5390 5387/5383 5424/5420
f 5424/5420 5387/5383 5410/5406
f 5413/5409 5397/5393 5425/5421
f 5425/5421 5397/5393 5417/5413
f 5398/5394 5418/5414 5417/5413
f 5418/5414 5419/5415 5426/5422
f 5419/5415 5420/5416 5426/5422
f 5426/5422 5420/5416 1475/1471
f 5420/5416 5421/5417 1475/1471
f 1475/1471 5421/5417 5427/5423
f 1475/1471 5427/5423 1476/1472
f 1476/1472 5427/5423 1479/1475
f 5427/5423 5421/5417 5428/5424
f 1479/1475 5427/5423 5428/5424
f 1479/1475 5428/5424 1482/1478
f 5428/5424 5421/5417 5422/5418
f 5422/5418 5405/5401 5429/5425
f 5429/5425 5405/5401 5430/5426
f 5430/5426 5405/5401 5406/5402
f 5430/5426 5406/5402 5423/5419
f 5423/5419 5408/5404 5431/5427
f 5431/5427 5408/5404 5389/5385
f 5389/5385 5388/5384 5431/5427
f 5388/5384 5386/5382 5432/5428
f 5432/5428 5386/5382 5393/5389
f 5432/5428 5393/5389 5433/5429
f 5393/5389 5394/5390 5424/5420
f 5433/5429 5393/5389 5424/5420
f 5434/5430 5435/5431 5436/5432
f 5436/5432 5435/5431 5437/5433
f 5411/5407 5413/5409 5438/5434
f 5438/5434 5413/5409 5425/5421
f 5438/5434 5425/5421 5439/5435
f 5439/5435 5425/5421 5440/5436
f 5425/5421 5417/5413 5440/5436
f 5417/5413 5418/5414 5441/5437
f 5440/5436 5417/5413 5441/5437
f 5418/5414 5426/5422 5441/5437
f 5441/5437 5426/5422 1477/1473
f 5426/5422 1475/1471 1477/1473
f 1482/1478 5428/5424 1485/1481
f 5428/5424 5422/5418 1485/1481
f 1485/1481 5422/5418 5429/5425
f 5430/5426 5423/5419 5431/5427
f 5416/5412 5442/5438 5242/5238
f 5439/5435 5440/5436 5443/5439
f 5440/5436 5441/5437 5443/5439
f 1263/1259 5444/5440 1264/1260
f 1264/1260 5444/5440 5445/5441
f 1264/1260 5445/5441 1265/1261
f 5445/5441 5446/5442 1265/1261
f 1265/1261 5446/5442 1266/1262
f 1266/1262 5446/5442 5447/5443
f 1266/1262 5447/5443 1267/1263
f 1268/1264 5448/5444 1269/1265
f 5448/5444 5449/5445 1269/1265
f 1269/1265 5449/5445 5450/5446
f 1269/1265 5450/5446 1270/1266
f 5450/5446 5451/5447 1270/1266
f 1270/1266 5451/5447 1271/1267
f 5430/5426 5431/5427 5452/5448
f 5452/5448 5431/5427 5453/5449
f 5453/5449 5431/5427 5454/5450
f 5431/5427 5388/5384 5454/5450
f 5454/5450 5388/5384 5432/5428
f 5454/5450 5432/5428 5455/5451
f 5455/5451 5432/5428 5433/5429
f 5455/5451 5433/5429 5456/5452
f 5433/5429 1486/1482 5456/5452
f 5456/5452 1486/1482 1488/1484
f 5416/5412 5242/5238 5245/5241
f 1165/1161 1318/1314 1491/1487
f 1165/1161 1491/1487 1327/1323
f 1497/1493 5457/5453 1329/1325
f 5457/5453 5458/5454 1330/1326
f 1329/1325 5457/5453 1330/1326
f 1330/1326 5458/5454 1331/1327
f 5376/5372 5241/5237 5459/5455
f 5459/5455 5241/5237 5249/5245
f 5248/5244 5247/5243 5460/5456
f 5460/5456 5247/5243 5461/5457
f 5459/5455 5249/5245 5462/5458
f 5463/5459 5461/5457 5464/5460
f 5462/5458 5249/5245 5465/5461
f 5465/5461 5249/5245 5250/5246
f 5463/5459 5464/5460 5466/5462
f 5466/5462 5464/5460 5467/5463
f 5466/5462 5467/5463 5468/5464
f 5465/5461 5250/5246 5469/5465
f 5468/5464 5467/5463 5470/5466
f 5250/5246 5183/5179 5469/5465
f 5469/5465 5183/5179 5471/5467
f 5183/5179 5185/5181 5471/5467
f 5470/5466 1506/1502 5472/5468
f 5471/5467 5185/5181 5473/5469
f 5474/5470 1506/1502 1508/1504
f 1508/1504 1507/1503 5475/5471
f 5473/5469 5185/5181 5186/5182
f 5473/5469 5186/5182 5202/5198
f 5071/5067 5124/5120 5476/5472
f 1402/1398 1284/1280 1520/1516
f 1406/1402 1405/1401 5477/5473
f 5206/5202 5478/5474 5479/5475
f 5480/5476 5481/5477 5482/5478
f 5256/5252 5258/5254 5483/5479
f 5483/5479 5258/5254 5484/5480
f 5258/5254 5485/5481 5484/5480
f 1411/1407 5256/5252 5486/5482
f 5486/5482 5256/5252 5483/5479
f 5483/5479 5484/5480 5487/5483
f 5484/5480 5485/5481 5488/5484
f 5487/5483 5484/5480 5488/5484
f 5488/5484 5485/5481 5489/5485
f 5488/5484 5489/5485 5490/5486
f 5491/5487 1411/1407 5486/5482
f 5486/5482 5483/5479 5487/5483
f 5492/5488 5111/5107 5493/5489
f 1412/1408 1411/1407 5491/5487
f 5491/5487 5486/5482 5487/5483
f 5491/5487 5487/5483 5494/5490
f 5494/5490 5487/5483 5495/5491
f 5487/5483 5488/5484 5496/5492
f 5496/5492 5488/5484 5490/5486
f 1412/1408 5491/5487 5497/5493
f 5495/5491 5487/5483 5496/5492
f 5264/5260 1412/1408 5497/5493
f 5493/5489 5111/5107 5498/5494
f 5499/5495 5497/5493 5491/5487
f 5499/5495 5491/5487 5500/5496
f 5500/5496 5491/5487 5494/5490
f 5264/5260 5497/5493 5499/5495
f 5501/5497 5264/5260 5499/5495
f 5496/5492 5490/5486 5502/5498
f 5500/5496 5494/5490 5503/5499
f 5503/5499 5494/5490 5495/5491
f 5214/5210 5215/5211 5504/5500
f 5505/5501 5500/5496 5503/5499
f 5505/5501 5503/5499 5506/5502
f 5503/5499 5495/5491 5506/5502
f 5506/5502 5495/5491 5496/5492
f 5499/5495 5500/5496 5505/5501
f 5507/5503 5264/5260 5501/5497
f 5506/5502 5496/5492 5508/5504
f 5508/5504 5496/5492 5502/5498
f 5509/5505 5499/5495 5505/5501
f 5501/5497 5499/5495 5509/5505
f 5507/5503 5501/5497 5510/5506
f 5510/5506 5501/5497 5509/5505
f 5509/5505 5505/5501 5506/5502
f 5511/5507 5509/5505 5506/5502
f 5511/5507 5506/5502 5512/5508
f 5508/5504 5502/5498 5513/5509
f 5512/5508 5506/5502 5508/5504
f 5512/5508 5508/5504 5514/5510
f 5514/5510 5508/5504 5513/5509
f 5511/5507 5512/5508 5515/5511
f 5507/5503 5510/5506 5516/5512
f 5516/5512 5510/5506 5509/5505
f 5517/5513 5507/5503 5516/5512
f 5509/5505 5511/5507 5515/5511
f 5514/5510 5513/5509 5518/5514
f 5512/5508 5514/5510 5519/5515
f 5519/5515 5514/5510 5518/5514
f 5515/5511 5512/5508 5520/5516
f 5520/5516 5512/5508 5519/5515
f 5516/5512 5509/5505 5515/5511
f 5521/5517 5515/5511 5520/5516
f 5522/5518 5515/5511 5521/5517
f 5516/5512 5515/5511 5522/5518
f 5523/5519 5524/5520 5517/5513
f 5521/5517 5520/5516 1527/1523
f 5520/5516 5519/5515 5525/5521
f 1527/1523 5520/5516 5525/5521
f 5525/5521 5519/5515 5518/5514
f 5525/5521 5518/5514 5526/5522
f 5523/5519 5517/5513 5527/5523
f 5527/5523 5517/5513 5516/5512
f 5527/5523 5516/5512 5522/5518
f 5522/5518 5521/5517 5528/5524
f 1529/1525 5521/5517 1527/1523
f 5527/5523 5522/5518 5529/5525
f 5523/5519 5527/5523 5530/5526
f 5530/5526 5527/5523 5529/5525
f 5529/5525 5522/5518 5528/5524
f 5528/5524 5521/5517 1529/1525
f 1527/1523 5525/5521 1528/1524
f 1418/1414 1417/1413 5531/5527
f 5529/5525 5528/5524 5532/5528
f 5532/5528 5528/5524 1529/1525
f 5533/5529 5525/5521 5526/5522
f 5534/5530 5269/5265 5271/5267
f 1528/1524 5525/5521 5533/5529
f 1528/1524 5533/5529 5535/5531
f 1418/1414 5531/5527 5536/5532
f 1419/1415 1418/1414 5536/5532
f 5280/5276 5231/5227 5537/5533
f 5537/5533 5231/5227 5232/5228
f 5537/5533 5232/5228 5538/5534
f 5539/5535 5272/5268 5274/5270
f 5539/5535 5274/5270 5540/5536
f 5540/5536 5541/5537 5542/5538
f 5542/5538 5541/5537 5543/5539
f 5541/5537 5544/5540 5543/5539
f 5543/5539 5544/5540 5545/5541
f 5545/5541 5292/5288 5291/5287
f 5546/5542 5232/5228 5547/5543
f 5538/5534 5232/5228 5546/5542
f 5547/5543 5232/5228 5233/5229
f 5547/5543 5233/5229 5548/5544
f 5547/5543 5548/5544 5549/5545
f 5546/5542 5547/5543 5549/5545
f 5233/5229 5281/5277 5548/5544
f 5548/5544 5281/5277 5296/5292
f 5549/5545 5548/5544 5296/5292
f 5296/5292 1533/1529 5550/5546
f 5549/5545 5296/5292 5550/5546
f 5550/5546 1533/1529 1536/1532
f 1636/1632 5551/5547 1634/1630
f 1423/1419 5552/5548 1425/1421
f 5552/5548 5553/5549 1427/1423
f 1425/1421 5552/5548 1427/1423
f 5553/5549 5288/5284 1430/1426
f 1427/1423 5553/5549 1430/1426
f 1430/1426 5288/5284 1431/1427
f 1433/1429 1431/1427 5328/5324
f 5328/5324 1431/1427 5272/5268
f 5328/5324 5272/5268 5539/5535
f 5554/5550 5539/5535 5540/5536
f 5554/5550 5540/5536 1441/1437
f 1441/1437 5540/5536 5542/5538
f 1441/1437 5542/5538 1444/1440
f 1444/1440 5542/5538 5555/5551
f 5542/5538 5543/5539 5555/5551
f 5555/5551 5543/5539 5556/5552
f 5556/5552 5543/5539 5557/5553
f 5557/5553 5543/5539 5545/5541
f 5557/5553 5545/5541 5558/5554
f 5558/5554 5545/5541 5291/5287
f 5558/5554 5291/5287 5559/5555
f 5559/5555 5291/5287 5560/5556
f 5560/5556 5291/5287 5293/5289
f 5560/5556 5293/5289 5561/5557
f 5561/5557 5293/5289 5308/5304
f 5562/5558 1536/1532 1535/1531
f 5563/5559 5564/5560 5565/5561
f 5564/5560 5329/5325 5566/5562
f 5565/5561 5564/5560 5566/5562
f 1427/1423 1430/1426 1429/1425
f 5328/5324 5539/5535 1438/1434
f 1438/1434 5539/5535 5554/5550
f 5556/5552 5557/5553 5567/5563
f 5567/5563 5557/5553 5558/5554
f 5561/5557 5308/5304 5305/5301
f 5534/5530 5271/5267 5568/5564
f 1439/1435 1438/1434 5554/5550
f 1439/1435 5554/5550 1443/1439
f 1443/1439 5554/5550 1441/1437
f 1442/1438 1441/1437 1444/1440
f 1444/1440 5555/5551 5375/5371
f 5381/5377 5555/5551 5556/5552
f 5556/5552 5567/5563 5381/5377
f 5558/5554 5559/5555 5569/5565
f 5570/5566 5560/5556 5561/5557
f 1435/1431 1532/1528 1436/1432
f 5329/5325 5331/5327 5571/5567
f 5381/5377 5567/5563 5384/5380
f 5570/5566 5561/5557 5572/5568
f 5561/5557 5305/5301 5339/5335
f 5571/5567 5331/5327 5573/5569
f 5384/5380 5567/5563 5558/5554
f 5572/5568 5561/5557 5339/5335
f 5331/5327 1639/1635 1638/1634
f 5573/5569 5331/5327 1638/1634
f 5375/5371 5555/5551 5380/5376
f 5555/5551 5381/5377 5380/5376
f 5384/5380 5558/5554 5569/5565
f 5569/5565 5559/5555 5560/5556
f 5569/5565 5560/5556 5570/5566
f 1639/1635 5338/5334 5574/5570
f 1639/1635 5574/5570 1640/1636
f 5575/5571 5350/5346 5352/5348
f 5575/5571 5352/5348 5576/5572
f 5355/5351 5356/5352 5577/5573
f 5577/5573 5356/5352 5578/5574
f 5578/5574 5356/5352 5359/5355
f 5578/5574 5359/5355 5362/5358
f 5579/5575 5362/5358 5365/5361
f 5579/5575 5365/5361 5366/5362
f 5580/5576 5569/5565 5570/5566
f 5581/5577 5570/5566 5572/5568
f 5339/5335 1437/1433 1539/1535
f 1539/1535 1437/1433 1538/1534
f 1540/1536 1539/1535 1538/1534
f 5271/5267 5376/5372 5568/5564
f 1642/1638 5373/5369 1643/1639
f 1643/1639 5373/5369 5582/5578
f 1643/1639 5582/5578 1645/1641
f 5384/5380 5569/5565 5583/5579
f 5583/5579 5569/5565 5580/5576
f 5584/5580 5570/5566 5581/5577
f 5581/5577 5572/5568 5585/5581
f 5585/5581 5572/5568 5339/5335
f 5585/5581 5339/5335 1539/1535
f 1447/1443 1446/1442 5377/5373
f 5586/5582 1447/1443 5377/5373
f 5587/5583 5588/5584 5589/5585
f 5580/5576 5570/5566 5584/5580
f 5385/5381 5380/5376 5382/5378
f 5581/5577 5585/5581 5590/5586
f 5590/5586 5585/5581 5591/5587
f 5591/5587 5585/5581 1539/1535
f 1450/1446 5586/5582 5377/5373
f 5587/5583 5589/5585 5390/5386
f 5592/5588 5385/5381 5382/5378
f 5392/5388 5384/5380 5583/5579
f 5584/5580 5583/5579 5580/5576
f 1450/1446 5377/5373 1451/1447
f 5587/5583 5390/5386 1655/1651
f 5392/5388 5383/5379 5384/5380
f 5584/5580 5581/5577 5593/5589
f 5593/5589 5581/5577 5590/5586
f 5591/5587 1539/1535 1542/1538
f 5568/5564 5376/5372 5594/5590
f 5390/5386 1653/1649 1655/1651
f 5595/5591 5392/5388 5583/5579
f 5583/5579 5584/5580 5596/5592
f 5584/5580 5593/5589 5597/5593
f 1453/1449 1472/1468 1546/1542
f 5595/5591 5583/5579 5596/5592
f 5593/5589 5590/5586 5434/5430
f 5434/5430 5590/5586 5591/5587
f 5434/5430 5591/5587 1542/1538
f 5598/5594 5415/5411 5414/5410
f 5598/5594 5414/5410 5599/5595
f 5379/5375 5385/5381 5410/5406
f 5410/5406 5385/5381 5600/5596
f 5600/5596 5385/5381 5592/5588
f 5382/5378 5392/5388 5595/5591
f 5601/5597 5595/5591 5596/5592
f 5596/5592 5584/5580 5597/5593
f 5434/5430 1542/1538 5435/5431
f 5435/5431 1542/1538 1541/1537
f 5435/5431 1541/1537 1548/1544
f 5602/5598 5592/5588 5382/5378
f 5602/5598 5382/5378 5603/5599
f 5596/5592 5597/5593 5604/5600
f 5600/5596 5592/5588 5602/5598
f 5603/5599 5382/5378 5595/5591
f 5601/5597 5596/5592 5604/5600
f 5597/5593 5593/5589 5605/5601
f 5605/5601 5593/5589 5434/5430
f 5605/5601 5434/5430 5436/5432
f 5437/5433 5435/5431 1548/1544
f 5599/5595 5414/5410 5416/5412
f 5599/5595 5416/5412 5606/5602
f 5433/5429 5424/5420 1486/1482
f 1486/1482 5424/5420 1487/1483
f 5424/5420 5410/5406 1487/1483
f 5604/5600 5597/5593 5605/5601
f 5410/5406 5600/5596 1487/1483
f 1487/1483 5600/5596 5607/5603
f 5607/5603 5600/5596 5602/5598
f 5607/5603 5602/5598 5603/5599
f 5607/5603 5603/5599 5608/5604
f 5608/5604 5603/5599 5595/5591
f 5608/5604 5595/5591 5609/5605
f 5595/5591 5601/5597 5609/5605
f 5609/5605 5601/5597 5604/5600
f 5609/5605 5604/5600 1493/1489
f 1493/1489 5604/5600 5605/5601
f 5605/5601 5436/5432 1494/1490
f 1493/1489 5605/5601 1494/1490
f 1494/1490 5436/5432 5437/5433
f 5437/5433 1548/1544 1498/1494
f 1494/1490 5437/5433 1498/1494
f 5606/5602 5416/5412 5245/5241
f 5608/5604 5609/5605 5610/5606
f 5610/5606 5609/5605 1493/1489
f 5606/5602 5245/5241 5460/5456
f 5460/5456 5245/5241 5248/5244
f 5594/5590 5376/5372 5459/5455
f 5594/5590 5459/5455 5611/5607
f 5460/5456 5461/5457 5612/5608
f 5611/5607 5459/5455 5462/5458
f 5612/5608 5461/5457 5463/5459
f 5611/5607 5462/5458 5613/5609
f 5462/5458 5465/5461 5613/5609
f 5613/5609 5465/5461 5614/5610
f 5465/5461 5469/5465 5614/5610
f 5614/5610 5469/5465 5615/5611
f 1504/1500 1276/1272 1368/1364
f 5468/5464 5470/5466 5616/5612
f 5616/5612 5470/5466 5472/5468
f 5469/5465 5471/5467 5615/5611
f 5615/5611 5471/5467 5617/5613
f 5472/5468 1506/1502 5618/5614
f 5618/5614 1506/1502 5474/5470
f 5471/5467 5473/5469 5617/5613
f 5617/5613 5473/5469 5619/5615
f 5473/5469 5202/5198 5619/5615
f 5202/5198 5187/5183 5620/5616
f 5619/5615 5202/5198 5620/5616
f 5187/5183 1216/1212 5621/5617
f 5620/5616 5187/5183 5621/5617
f 5621/5617 1216/1212 5203/5199
f 5621/5617 5203/5199 5622/5618
f 5476/5472 5124/5120 5204/5200
f 5207/5203 5206/5202 5623/5619
f 5623/5619 5206/5202 5479/5475
f 1694/1690 5189/5185 5254/5250
f 5073/5069 5111/5107 5492/5488
f 5498/5494 5111/5107 5214/5210
f 1577/1573 1576/1572 5624/5620
f 1577/1573 5624/5620 1699/1695
f 5624/5620 5625/5621 1699/1695
f 1699/1695 5625/5621 1697/1693
f 1697/1693 5625/5621 5626/5622
f 5627/5623 5214/5210 5504/5500
f 5628/5624 5629/5625 5630/5626
f 5628/5624 5630/5626 5631/5627
f 5631/5627 5630/5626 5632/5628
f 5632/5628 5633/5629 5631/5627
f 5633/5629 5634/5630 5631/5627
f 5631/5627 5634/5630 5635/5631
f 5634/5630 5636/5632 5635/5631
f 1617/1613 1610/1606 1615/1611
f 5635/5631 5636/5632 5637/5633
f 1530/1526 5530/5526 5529/5525
f 1529/1525 1528/1524 5535/5531
f 5529/5525 5532/5528 5638/5634
f 1530/1526 5529/5525 5638/5634
f 5532/5528 1529/1525 5639/5635
f 5639/5635 1529/1525 5535/5531
f 1531/1527 1530/1526 5638/5634
f 5637/5633 5640/5636 5641/5637
f 5642/5638 5532/5528 5639/5635
f 5639/5635 5535/5531 5643/5639
f 5643/5639 5535/5531 5533/5529
f 5638/5634 5532/5528 5642/5638
f 5642/5638 5639/5635 5644/5640
f 5644/5640 5639/5635 5643/5639
f 5640/5636 5565/5561 5641/5637
f 5565/5561 5566/5562 5571/5567
f 5641/5637 5565/5561 5571/5567
f 1531/1527 5638/5634 5645/5641
f 1537/1533 1531/1527 5645/5641
f 5645/5641 5638/5634 5642/5638
f 5643/5639 5533/5529 5646/5642
f 5566/5562 5329/5325 5571/5567
f 5647/5643 5642/5638 5644/5640
f 5573/5569 1638/1634 5648/5644
f 5648/5644 1638/1634 1641/1637
f 1538/1534 1436/1432 1537/1533
f 5649/5645 5644/5640 5643/5639
f 5650/5646 5575/5571 5576/5572
f 5650/5646 5576/5572 1810/1806
f 5352/5348 5355/5351 5651/5647
f 5576/5572 5352/5348 5651/5647
f 5578/5574 5362/5358 5652/5648
f 5652/5648 5362/5358 5653/5649
f 5362/5358 5579/5575 5653/5649
f 5579/5575 5366/5362 5654/5650
f 5366/5362 5369/5365 5655/5651
f 5655/5651 5369/5365 5371/5367
f 5655/5651 5371/5367 1642/1638
f 5655/5651 1642/1638 1644/1640
f 1538/1534 1537/1533 5656/5652
f 5656/5652 1537/1533 5645/5641
f 5642/5638 5647/5643 5657/5653
f 5647/5643 5644/5640 5649/5645
f 1540/1536 1538/1534 5656/5652
f 5656/5652 5645/5641 5658/5654
f 5658/5654 5645/5641 5657/5653
f 5657/5653 5645/5641 5642/5638
f 5657/5653 5647/5643 5649/5645
f 5659/5655 5649/5645 5643/5639
f 5660/5656 5587/5583 5661/5657
f 1541/1537 1540/1536 5656/5652
f 1541/1537 5656/5652 5662/5658
f 5662/5658 5656/5652 5658/5654
f 5657/5653 5649/5645 5663/5659
f 5587/5583 1655/1651 5661/5657
f 5643/5639 5646/5642 5664/5660
f 5663/5659 5649/5645 5659/5655
f 5661/5657 1655/1651 1654/1650
f 5658/5654 5657/5653 5665/5661
f 5665/5661 5657/5653 5663/5659
f 5598/5594 5599/5595 5666/5662
f 1547/1543 1541/1537 5662/5658
f 5659/5655 5643/5639 5667/5663
f 5667/5663 5643/5639 5664/5660
f 1547/1543 5662/5658 5668/5664
f 5662/5658 5658/5654 5668/5664
f 5668/5664 5658/5654 5665/5661
f 5665/5661 5663/5659 5669/5665
f 5599/5595 5606/5602 5670/5666
f 5666/5662 5599/5595 5670/5666
f 1549/1545 1547/1543 5668/5664
f 5669/5665 5663/5659 5659/5655
f 5659/5655 5667/5663 5671/5667
f 5606/5602 5460/5456 5670/5666
f 1549/1545 5668/5664 5672/5668
f 5668/5664 5665/5661 5673/5669
f 5673/5669 5665/5661 5669/5665
f 5670/5666 5460/5456 5674/5670
f 1550/1546 1549/1545 5675/5671
f 5675/5671 1549/1545 5672/5668
f 5672/5668 5668/5664 5673/5669
f 1550/1546 5675/5671 1658/1654
f 5676/5672 1550/1546 1658/1654
f 5677/5673 5669/5665 5659/5655
f 5678/5674 5667/5663 5664/5660
f 5667/5663 5678/5674 5671/5667
f 1657/1653 5676/5672 1658/1654
f 5678/5674 5664/5660 5679/5675
f 5671/5667 5678/5674 5680/5676
f 5460/5456 5612/5608 5674/5670
f 5680/5676 5678/5674 5681/5677
f 5682/5678 5678/5674 5679/5675
f 5681/5677 5678/5674 5682/5678
f 5683/5679 5611/5607 5613/5609
f 5684/5680 5612/5608 5463/5459
f 5683/5679 5613/5609 5614/5610
f 5685/5681 5683/5679 5614/5610
f 5682/5678 5686/5682 5681/5677
f 5684/5680 5463/5459 5466/5462
f 5687/5683 5684/5680 5466/5462
f 5681/5677 5686/5682 5688/5684
f 5687/5683 5466/5462 5468/5464
f 5689/5685 5685/5681 5614/5610
f 5688/5684 5686/5682 5690/5686
f 5689/5685 5614/5610 5615/5611
f 5616/5612 5687/5683 5468/5464
f 5688/5684 5690/5686 5691/5687
f 1505/1501 1504/1500 1556/1552
f 1505/1501 1556/1552 1666/1662
f 5616/5612 5472/5468 5692/5688
f 5689/5685 5615/5611 5617/5613
f 5692/5688 5472/5468 5618/5614
f 1557/1553 1505/1501 1666/1662
f 5689/5685 5617/5613 5693/5689
f 5691/5687 5690/5686 5694/5690
f 5618/5614 5474/5470 5695/5691
f 1557/1553 1666/1662 5696/5692
f 5693/5689 5617/5613 5619/5615
f 1392/1388 5044/5040 5697/5693
f 5693/5689 5619/5615 5620/5616
f 5044/5040 5252/5248 5697/5693
f 1679/1675 1677/1673 1681/1677
f 5698/5694 5699/5695 1688/1684
f 5700/5696 5698/5694 1688/1684
f 1518/1514 1683/1679 1569/1565
f 5252/5248 5071/5067 5476/5472
f 1402/1398 1520/1516 1708/1704
f 1571/1567 1402/1398 1708/1704
f 1408/1404 5207/5203 5701/5697
f 5701/5697 5207/5203 5623/5619
f 1409/1405 1525/1521 1714/1710
f 1717/1713 1700/1696 1577/1573
f 1717/1713 1577/1573 5702/5698
f 1577/1573 1699/1695 5702/5698
f 5702/5698 1699/1695 1698/1694
f 5703/5699 1697/1693 5626/5622
f 5214/5210 5627/5623 5704/5700
f 5498/5494 5214/5210 5704/5700
f 5705/5701 5628/5624 5631/5627
f 5705/5701 5631/5627 5706/5702
f 5706/5702 5631/5627 5635/5631
f 1195/1191 1156/1152 1719/1715
f 5706/5702 5635/5631 5707/5703
f 5707/5703 5635/5631 5637/5633
f 5707/5703 5637/5633 5708/5704
f 5708/5704 5637/5633 5641/5637
f 5571/5567 5573/5569 5709/5705
f 5709/5705 5573/5569 5648/5644
f 5709/5705 5648/5644 5710/5706
f 5710/5706 5648/5644 1641/1637
f 5710/5706 1641/1637 5711/5707
f 1810/1806 5576/5572 5651/5647
f 5654/5650 5366/5362 5712/5708
f 5366/5362 5655/5651 5712/5708
f 1812/1808 5650/5646 1810/1806
f 5713/5709 5650/5646 1812/1808
f 5598/5594 5666/5662 5714/5710
f 5715/5711 5598/5594 5714/5710
f 5714/5710 5666/5662 5670/5666
f 5714/5710 5670/5666 5716/5712
f 5716/5712 5670/5666 5717/5713
f 5717/5713 5670/5666 5674/5670
f 5677/5673 5659/5655 5671/5667
f 5675/5671 5672/5668 5718/5714
f 5672/5668 5673/5669 5718/5714
f 1658/1654 5675/5671 5718/5714
f 5719/5715 5673/5669 5669/5665
f 5677/5673 5671/5667 5680/5676
f 5718/5714 5673/5669 5719/5715
f 5719/5715 5669/5665 5677/5673
f 5717/5713 5674/5670 5720/5716
f 5720/5716 5674/5670 5612/5608
f 1659/1655 1658/1654 5718/5714
f 1659/1655 5718/5714 5721/5717
f 5719/5715 5677/5673 5722/5718
f 5723/5719 5677/5673 5680/5676
f 5723/5719 5680/5676 5681/5677
f 5724/5720 5718/5714 5719/5715
f 5724/5720 5719/5715 5722/5718
f 5722/5718 5677/5673 5723/5719
f 5612/5608 5684/5680 5725/5721
f 5720/5716 5612/5608 5725/5721
f 5721/5717 5718/5714 5724/5720
f 1659/1655 5721/5717 5726/5722
f 5726/5722 5721/5717 5724/5720
f 5725/5721 5684/5680 5727/5723
f 5726/5722 5724/5720 5728/5724
f 5729/5725 5724/5720 5722/5718
f 5730/5726 5723/5719 5681/5677
f 5729/5725 5722/5718 5731/5727
f 5731/5727 5722/5718 5723/5719
f 5731/5727 5723/5719 5730/5726
f 1662/1658 1659/1655 5726/5722
f 5728/5724 5724/5720 5729/5725
f 1662/1658 5726/5722 5732/5728
f 5732/5728 5726/5722 5728/5724
f 5684/5680 5687/5683 5727/5723
f 5733/5729 5729/5725 5731/5727
f 5728/5724 5729/5725 5733/5729
f 5730/5726 5681/5677 5688/5684
f 5734/5730 5730/5726 5688/5684
f 5731/5727 5730/5726 5734/5730
f 5727/5723 5687/5683 5735/5731
f 5736/5732 5733/5729 5731/5727
f 5736/5732 5731/5727 5737/5733
f 1662/1658 5732/5728 5738/5734
f 5738/5734 5732/5728 5728/5724
f 5737/5733 5731/5727 5734/5730
f 5738/5734 5728/5724 5739/5735
f 5739/5735 5728/5724 5733/5729
f 5687/5683 5616/5612 5735/5731
f 5740/5736 5734/5730 5688/5684
f 1671/1667 1662/1658 5738/5734
f 5740/5736 5688/5684 5691/5687
f 5739/5735 5733/5729 5736/5732
f 5736/5732 5737/5733 5741/5737
f 5737/5733 5734/5730 5740/5736
f 5735/5731 5616/5612 5742/5738
f 5742/5738 5616/5612 5692/5688
f 5739/5735 5736/5732 5741/5737
f 5743/5739 5738/5734 5739/5735
f 1671/1667 5738/5734 5743/5739
f 5742/5738 5692/5688 5744/5740
f 5745/5741 5739/5735 5741/5737
f 5741/5737 5737/5733 5746/5742
f 5746/5742 5737/5733 5740/5736
f 5746/5742 5740/5736 5691/5687
f 5692/5688 5618/5614 5744/5740
f 5747/5743 5743/5739 5739/5735
f 5748/5744 5741/5737 5746/5742
f 5744/5740 5618/5614 5749/5745
f 5746/5742 5691/5687 5750/5746
f 5750/5746 5691/5687 5694/5690
f 5739/5735 5745/5741 5747/5743
f 1672/1668 1671/1667 5743/5739
f 5751/5747 5746/5742 5750/5746
f 5745/5741 5741/5737 5748/5744
f 5748/5744 5746/5742 5751/5747
f 5752/5748 1392/1388 5697/5693
f 5745/5741 5748/5744 5753/5749
f 5753/5749 5748/5744 5751/5747
f 5751/5747 5750/5746 5700/5696
f 5700/5696 5750/5746 5694/5690
f 5754/5750 5747/5743 5745/5741
f 5700/5696 5694/5690 5698/5694
f 1673/1669 1672/1668 5743/5739
f 5743/5739 5747/5743 5755/5751
f 5755/5751 5747/5743 5754/5750
f 1673/1669 5743/5739 5755/5751
f 5754/5750 5745/5741 5753/5749
f 5756/5752 5751/5747 5700/5696
f 1677/1673 1673/1669 5755/5751
f 5757/5753 5754/5750 5753/5749
f 5753/5749 5751/5747 5756/5752
f 1677/1673 5755/5751 5758/5754
f 5758/5754 5755/5751 5754/5750
f 5758/5754 5754/5750 5757/5753
f 1680/1676 1677/1673 5758/5754
f 1680/1676 5758/5754 5757/5753
f 1680/1676 5757/5753 5759/5755
f 5757/5753 5753/5749 5759/5755
f 5753/5749 5756/5752 5760/5756
f 5759/5755 5753/5749 5760/5756
f 5760/5756 5756/5752 5700/5696
f 5760/5756 5700/5696 1688/1684
f 1680/1676 5759/5755 1684/1680
f 1684/1680 5759/5755 1685/1681
f 1685/1681 5759/5755 5760/5756
f 1685/1681 5760/5756 1688/1684
f 5476/5472 5204/5200 5761/5757
f 5761/5757 5204/5200 1406/1402
f 1406/1402 5477/5473 1786/1782
f 5623/5619 5479/5475 5762/5758
f 1713/1709 1408/1404 5701/5697
f 1695/1691 1694/1690 5763/5759
f 5763/5759 1694/1690 5254/5250
f 1717/1713 5702/5698 5764/5760
f 5764/5760 5702/5698 5765/5761
f 5703/5699 5626/5622 5766/5762
f 5767/5763 5629/5625 5628/5624
f 5706/5702 5707/5703 5768/5764
f 1727/1723 5769/5765 5770/5766
f 1728/1724 1727/1723 5770/5766
f 1726/1722 1728/1724 5771/5767
f 5772/5768 1726/1722 5771/5767
f 1728/1724 5770/5766 5771/5767
f 5771/5767 5770/5766 5773/5769
f 5770/5766 5774/5770 5773/5769
f 5774/5770 5775/5771 5776/5772
f 5773/5769 5774/5770 5776/5772
f 5772/5768 5771/5767 5777/5773
f 5777/5773 5771/5767 5778/5774
f 5778/5774 5771/5767 5773/5769
f 5778/5774 5773/5769 5779/5775
f 5779/5775 5773/5769 5776/5772
f 5779/5775 5776/5772 5780/5776
f 5776/5772 5781/5777 5782/5778
f 5780/5776 5776/5772 5782/5778
f 5783/5779 1726/1722 5772/5768
f 5651/5647 5355/5351 5784/5780
f 5784/5780 5355/5351 5785/5781
f 5785/5781 5355/5351 5577/5573
f 5785/5781 5577/5573 5578/5574
f 5786/5782 5777/5773 5778/5774
f 5778/5774 5779/5775 5787/5783
f 5779/5775 5780/5776 5787/5783
f 5780/5776 5782/5778 5788/5784
f 5787/5783 5780/5776 5788/5784
f 5789/5785 5790/5786 5587/5583
f 5783/5779 5772/5768 5791/5787
f 5791/5787 5772/5768 5777/5773
f 5787/5783 5788/5784 5792/5788
f 5792/5788 5788/5784 5793/5789
f 5792/5788 5793/5789 5794/5790
f 5786/5782 5778/5774 5795/5791
f 5795/5791 5778/5774 5787/5783
f 5787/5783 5792/5788 5796/5792
f 5797/5793 5787/5783 5796/5792
f 5796/5792 5792/5788 5794/5790
f 5796/5792 5794/5790 5798/5794
f 1740/1736 1739/1735 1769/1765
f 5791/5787 5777/5773 5786/5782
f 5795/5791 5787/5783 5797/5793
f 5797/5793 5796/5792 5799/5795
f 5797/5793 5799/5795 5800/5796
f 5800/5796 5799/5795 5801/5797
f 5802/5798 5783/5779 5791/5787
f 5795/5791 5797/5793 5803/5799
f 5803/5799 5797/5793 5800/5796
f 5800/5796 5801/5797 5804/5800
f 5803/5799 5800/5796 5805/5801
f 5805/5801 5800/5796 5804/5800
f 5805/5801 5804/5800 5806/5802
f 5661/5657 1654/1650 5807/5803
f 5802/5798 5791/5787 5808/5804
f 5808/5804 5791/5787 5786/5782
f 5809/5805 5786/5782 5795/5791
f 5803/5799 5805/5801 5810/5806
f 5808/5804 5786/5782 5809/5805
f 5809/5805 5795/5791 5811/5807
f 5795/5791 5803/5799 5812/5808
f 5811/5807 5795/5791 5812/5808
f 5812/5808 5803/5799 5810/5806
f 5812/5808 5810/5806 5813/5809
f 5814/5810 5812/5808 5813/5809
f 5811/5807 5812/5808 5815/5811
f 5808/5804 5809/5805 5816/5812
f 5809/5805 5811/5807 5816/5812
f 5815/5811 5812/5808 5814/5810
f 5816/5812 5811/5807 5817/5813
f 5817/5813 5811/5807 5815/5811
f 5817/5813 5815/5811 5818/5814
f 5814/5810 5813/5809 5819/5815
f 5820/5816 5802/5798 5808/5804
f 5818/5814 5815/5811 5814/5810
f 5820/5816 5808/5804 5821/5817
f 5821/5817 5808/5804 5816/5812
f 5816/5812 5817/5813 5822/5818
f 5817/5813 5818/5814 5823/5819
f 5823/5819 5818/5814 5824/5820
f 5822/5818 5817/5813 5823/5819
f 5824/5820 5818/5814 5825/5821
f 5825/5821 5818/5814 5814/5810
f 5821/5817 5816/5812 5822/5818
f 5825/5821 5814/5810 5819/5815
f 5826/5822 5820/5816 5821/5817
f 5825/5821 5819/5815 5827/5823
f 5828/5824 5826/5822 5821/5817
f 5828/5824 5821/5817 5829/5825
f 5821/5817 5822/5818 5830/5826
f 5829/5825 5821/5817 5830/5826
f 5822/5818 5823/5819 5831/5827
f 5830/5826 5822/5818 5831/5827
f 5831/5827 5823/5819 5832/5828
f 5823/5819 5824/5820 5833/5829
f 5832/5828 5823/5819 5833/5829
f 5833/5829 5824/5820 5825/5821
f 5825/5821 5827/5823 5834/5830
f 5833/5829 5825/5821 5835/5831
f 5835/5831 5825/5821 5834/5830
f 5836/5832 5828/5824 5829/5825
f 5837/5833 5833/5829 5835/5831
f 5832/5828 5833/5829 5837/5833
f 5835/5831 5834/5830 5838/5834
f 5829/5825 5830/5826 5839/5835
f 5839/5835 5830/5826 5831/5827
f 5839/5835 5831/5827 5832/5828
f 5836/5832 5829/5825 5840/5836
f 5840/5836 5829/5825 5839/5835
f 5837/5833 5835/5831 5841/5837
f 5841/5837 5835/5831 5838/5834
f 5842/5838 5832/5828 5837/5833
f 5843/5839 5840/5836 5839/5835
f 5840/5836 5843/5839 5836/5832
f 5836/5832 5843/5839 5844/5840
f 5839/5835 5832/5828 5842/5838
f 5845/5841 5842/5838 5837/5833
f 5845/5841 5837/5833 5846/5842
f 5844/5840 5843/5839 5847/5843
f 5847/5843 5843/5839 5839/5835
f 5846/5842 5837/5833 5841/5837
f 5847/5843 5839/5835 5848/5844
f 5848/5844 5839/5835 5842/5838
f 5849/5845 5844/5840 5847/5843
f 5848/5844 5842/5838 5845/5841
f 5846/5842 5841/5837 5850/5846
f 5850/5846 5841/5837 5838/5834
f 5850/5846 5838/5834 5851/5847
f 5849/5845 5847/5843 5852/5848
f 5852/5848 5847/5843 5848/5844
f 5852/5848 5848/5844 5853/5849
f 5848/5844 5845/5841 5854/5850
f 5853/5849 5848/5844 5854/5850
f 5854/5850 5845/5841 5846/5842
f 5855/5851 5856/5852 5857/5853
f 5852/5848 5853/5849 5858/5854
f 5858/5854 5853/5849 5854/5850
f 5859/5855 5846/5842 5850/5846
f 5850/5846 5851/5847 5860/5856
f 5861/5857 5852/5848 5858/5854
f 5857/5853 5856/5852 5862/5858
f 5857/5853 5862/5858 5863/5859
f 5854/5850 5846/5842 5859/5855
f 5859/5855 5850/5846 5864/5860
f 5864/5860 5850/5846 5860/5856
f 5858/5854 5854/5850 5865/5861
f 5865/5861 5854/5850 5859/5855
f 5861/5857 5858/5854 5866/5862
f 5865/5861 5859/5855 5864/5860
f 5864/5860 5860/5856 5867/5863
f 5868/5864 5861/5857 5866/5862
f 5862/5858 5869/5865 5870/5866
f 5863/5859 5862/5858 5870/5866
f 5858/5854 5865/5861 5871/5867
f 5871/5867 5865/5861 5864/5860
f 5866/5862 5858/5854 5871/5867
f 5870/5866 5869/5865 5872/5868
f 5871/5867 5864/5860 5873/5869
f 5873/5869 5864/5860 5874/5870
f 5874/5870 5864/5860 5867/5863
f 5868/5864 5866/5862 5875/5871
f 5872/5868 5869/5865 5876/5872
f 5868/5864 5875/5871 5877/5873
f 5878/5874 5879/5875 5880/5876
f 5866/5862 5871/5867 5875/5871
f 5877/5873 5875/5871 5881/5877
f 5875/5871 5871/5867 5882/5878
f 5881/5877 5875/5871 5882/5878
f 5871/5867 5873/5869 5882/5878
f 5881/5877 5882/5878 5883/5879
f 5882/5878 5873/5869 5874/5870
f 5883/5879 5882/5878 5874/5870
f 5884/5880 5885/5881 5886/5882
f 5874/5870 5867/5863 5887/5883
f 5885/5881 5888/5884 5889/5885
f 5886/5882 5885/5881 5889/5885
f 5890/5886 5749/5745 5618/5614
f 5890/5886 5618/5614 5891/5887
f 5891/5887 5618/5614 5695/5691
f 1706/1702 1392/1388 5752/5748
f 5761/5757 1406/1402 1787/1783
f 5493/5489 5498/5494 5892/5888
f 1716/1712 1717/1713 5764/5760
f 5893/5889 1716/1712 5764/5760
f 5765/5761 5702/5698 1698/1694
f 5765/5761 1698/1694 1752/1748
f 1752/1748 1697/1693 5703/5699
f 5767/5763 5628/5624 5894/5890
f 5628/5624 5705/5701 5895/5891
f 5894/5890 5628/5624 5895/5891
f 5895/5891 5705/5701 5896/5892
f 5896/5892 5705/5701 5706/5702
f 5896/5892 5706/5702 5897/5893
f 5706/5702 5768/5764 5897/5893
f 5768/5764 5707/5703 5898/5894
f 5707/5703 5708/5704 5899/5895
f 5708/5704 5641/5637 5899/5895
f 5899/5895 5641/5637 5900/5896
f 5900/5896 5641/5637 5571/5567
f 1725/1721 1721/1717 1720/1716
f 1721/1717 1725/1721 5901/5897
f 1754/1750 1721/1717 5901/5897
f 5571/5567 5709/5705 5902/5898
f 5900/5896 5571/5567 5902/5898
f 5579/5575 5654/5650 5903/5899
f 5655/5651 1644/1640 5904/5900
f 5904/5900 1644/1640 5905/5901
f 94/90 92/88 1851/1847
f 1851/1847 92/88 1738/1734
f 5587/5583 5660/5656 5906/5902
f 1770/1766 1740/1736 1769/1765
f 1770/1766 1769/1765 1768/1764
f 5906/5902 5660/5656 5661/5657
f 5907/5903 5908/5904 5909/5905
f 5910/5906 5911/5907 5912/5908
f 5910/5906 5912/5908 5913/5909
f 5912/5908 5914/5910 5915/5911
f 5915/5911 5914/5910 5855/5851
f 5915/5911 5855/5851 5916/5912
f 5916/5912 5855/5851 5857/5853
f 5872/5868 5876/5872 5917/5913
f 5918/5914 5878/5874 5880/5876
f 5876/5872 5919/5915 5920/5916
f 5917/5913 5876/5872 5920/5916
f 5921/5917 5918/5914 5922/5918
f 5922/5918 5918/5914 5923/5919
f 5918/5914 5880/5876 5924/5920
f 5918/5914 5924/5920 5925/5921
f 5918/5914 5925/5921 5923/5919
f 5923/5919 5925/5921 5926/5922
f 5925/5921 5924/5920 5884/5880
f 5925/5921 5884/5880 5927/5923
f 5925/5921 5927/5923 5928/5924
f 5926/5922 5925/5921 5928/5924
f 5927/5923 5884/5880 5886/5882
f 5928/5924 5927/5923 5886/5882
f 5886/5882 5889/5885 5929/5925
f 5886/5882 5929/5925 5930/5926
f 5931/5927 5891/5887 5695/5691
f 1785/1781 1571/1567 1708/1704
f 5623/5619 5762/5758 5932/5928
f 1713/1709 5701/5697 1825/1821
f 5254/5250 5126/5122 5073/5069
f 5933/5929 5764/5760 5765/5761
f 5933/5929 5765/5761 5934/5930
f 5934/5930 5765/5761 1752/1748
f 1752/1748 5703/5699 5766/5762
f 5897/5893 5768/5764 5898/5894
f 5898/5894 5707/5703 5899/5895
f 5935/5931 5899/5895 5900/5896
f 5936/5932 1793/1789 1754/1750
f 5937/5933 5938/5934 5939/5935
f 1754/1750 1793/1789 1755/1751
f 5936/5932 1754/1750 5901/5897
f 1757/1753 5938/5934 1758/1754
f 5939/5935 5938/5934 1757/1753
f 1761/1757 1756/1752 1796/1792
f 1761/1757 1796/1792 1762/1758
f 1762/1758 1796/1792 1800/1796
f 5935/5931 5900/5896 5902/5898
f 5935/5931 5902/5898 5940/5936
f 5902/5898 5941/5937 5940/5936
f 1811/1807 1810/1806 5651/5647
f 5785/5781 5578/5574 5942/5938
f 5942/5938 5578/5574 5652/5648
f 5653/5649 5579/5575 5903/5899
f 1757/1753 1760/1756 5908/5904
f 5909/5905 5943/5939 5944/5940
f 5943/5939 5945/5941 5944/5940
f 5944/5940 5945/5941 5910/5906
f 5910/5906 5945/5941 5911/5907
f 5913/5909 5912/5908 5915/5911
f 5916/5912 5857/5853 5863/5859
f 5695/5691 5474/5470 5946/5942
f 5701/5697 5623/5619 5947/5943
f 5947/5943 5623/5619 5932/5928
f 5254/5250 5073/5069 5492/5488
f 5766/5762 5934/5930 1752/1748
f 5948/5944 5949/5945 5950/5946
f 5951/5947 5948/5944 5950/5946
f 5950/5946 5949/5945 5952/5948
f 5950/5946 5952/5948 5953/5949
f 5894/5890 5895/5891 5896/5892
f 5896/5892 5897/5893 5954/5950
f 5955/5951 5956/5952 5957/5953
f 5898/5894 5899/5895 5958/5954
f 5959/5955 5960/5956 5961/5957
f 5959/5955 5961/5957 5962/5958
f 5963/5959 5962/5958 5964/5960
f 5959/5955 5962/5958 5963/5959
f 5963/5959 5964/5960 5965/5961
f 5965/5961 5966/5962 5967/5963
f 1791/1787 5960/5956 5959/5955
f 5957/5953 5956/5952 5937/5933
f 5957/5953 5937/5933 5939/5935
f 1792/1788 5959/5955 5968/5964
f 5968/5964 5959/5955 1797/1793
f 1797/1793 5959/5955 5963/5959
f 5963/5959 5965/5961 5969/5965
f 5965/5961 5967/5963 5970/5966
f 5969/5965 5965/5961 5970/5966
f 1791/1787 5959/5955 1792/1788
f 1797/1793 5963/5959 1798/1794
f 5969/5965 1798/1794 5963/5959
f 1798/1794 5969/5965 5971/5967
f 5971/5967 5969/5965 5972/5968
f 5972/5968 5969/5965 5970/5966
f 5973/5969 5972/5968 5970/5966
f 5973/5969 5970/5966 5974/5970
f 5975/5971 5785/5781 5942/5938
f 5654/5650 5712/5708 5976/5972
f 5789/5785 5587/5583 5906/5902
f 94/90 1851/1847 93/89
f 1770/1766 1768/1764 1813/1809
f 5977/5973 5661/5657 5807/5803
f 5978/5974 5916/5912 5863/5859
f 5978/5974 5863/5859 5979/5975
f 5863/5859 5870/5866 5979/5975
f 5928/5924 5886/5882 5980/5976
f 5980/5976 5886/5882 5930/5926
f 5752/5748 5697/5693 5981/5977
f 1825/1821 5701/5697 5982/5978
f 5982/5978 5701/5697 5947/5943
f 5953/5949 5952/5948 5983/5979
f 5953/5949 5983/5979 5984/5980
f 5984/5980 5983/5979 5985/5981
f 5983/5979 5986/5982 5985/5981
f 5985/5981 5986/5982 5987/5983
f 5987/5983 5986/5982 5988/5984
f 5951/5947 5950/5946 5989/5985
f 5989/5985 5950/5946 5953/5949
f 5984/5980 5985/5981 5990/5986
f 5991/5987 5951/5947 5989/5985
f 5992/5988 5993/5989 5994/5990
f 5989/5985 5953/5949 5995/5991
f 5953/5949 5984/5980 5995/5991
f 5995/5991 5984/5980 5990/5986
f 5990/5986 5985/5981 5987/5983
f 5990/5986 5987/5983 5996/5992
f 5996/5992 5987/5983 5988/5984
f 5996/5992 5988/5984 5997/5993
f 5991/5987 5989/5985 5998/5994
f 5992/5988 5994/5990 5999/5995
f 5989/5985 5995/5991 6000/5996
f 5998/5994 5989/5985 6000/5996
f 5995/5991 5990/5986 6000/5996
f 6000/5996 5990/5986 6001/5997
f 6001/5997 5990/5986 5996/5992
f 6001/5997 5996/5992 6002/5998
f 6002/5998 5996/5992 5997/5993
f 6003/5999 5998/5994 6000/5996
f 6002/5998 5997/5993 6004/6000
f 5991/5987 5998/5994 6005/6001
f 6005/6001 5998/5994 6003/5999
f 6003/5999 6000/5996 6006/6002
f 6000/5996 6001/5997 6002/5998
f 6006/6002 6000/5996 6002/5998
f 6007/6003 5991/5987 6005/6001
f 5994/5990 6008/6004 5999/5995
f 5999/5995 6008/6004 6009/6005
f 6005/6001 6003/5999 6010/6006
f 6010/6006 6003/5999 6011/6007
f 6011/6007 6003/5999 6006/6002
f 6011/6007 6006/6002 6012/6008
f 6012/6008 6006/6002 6002/5998
f 6013/6009 6002/5998 6004/6000
f 6012/6008 6002/5998 6013/6009
f 6013/6009 6004/6000 6014/6010
f 6007/6003 6005/6001 6010/6006
f 6007/6003 6010/6006 6015/6011
f 6010/6006 6011/6007 6016/6012
f 6016/6012 6011/6007 6012/6008
f 6015/6011 6010/6006 6017/6013
f 6017/6013 6010/6006 6016/6012
f 6018/6014 6007/6003 6015/6011
f 6008/6004 6019/6015 6009/6005
f 6016/6012 6012/6008 6020/6016
f 6020/6016 6012/6008 6013/6009
f 6020/6016 6013/6009 6021/6017
f 6021/6017 6013/6009 6014/6010
f 6022/6018 6016/6012 6020/6016
f 6023/6019 6016/6012 6022/6018
f 6021/6017 6014/6010 6024/6020
f 6017/6013 6016/6012 6025/6021
f 6009/6005 6019/6015 5957/5953
f 6015/6011 6017/6013 6025/6021
f 6025/6021 6016/6012 6023/6019
f 6026/6022 6018/6014 6015/6011
f 6026/6022 6015/6011 6027/6023
f 6019/6015 5955/5951 5957/5953
f 6027/6023 6015/6011 6025/6021
f 6023/6019 6022/6018 6028/6024
f 6028/6024 6022/6018 6020/6016
f 6027/6023 6025/6021 5961/5957
f 5961/5957 6025/6021 5962/5958
f 5962/5958 6025/6021 6023/6019
f 6028/6024 6020/6016 6021/6017
f 6026/6022 6027/6023 5961/5957
f 5962/5958 6023/6019 6028/6024
f 6026/6022 5961/5957 5960/5956
f 5962/5958 6028/6024 5964/5960
f 5965/5961 6021/6017 6024/6020
f 6028/6024 6021/6017 5965/5961
f 5964/5960 6028/6024 5965/5961
f 5965/5961 6024/6020 5966/5962
f 6029/6025 5939/5935 1757/1753
f 1811/1807 5651/5647 6030/6026
f 6031/6027 5652/5648 5653/5649
f 5712/5708 5655/5651 6032/6028
f 6032/6028 5655/5651 5904/5900
f 6029/6025 1757/1753 5908/5904
f 6029/6025 5908/5904 5907/5903
f 5870/5866 5872/5868 6033/6029
f 6033/6029 5872/5868 5917/5913
f 6033/6029 5917/5913 6034/6030
f 6034/6030 5917/5913 5920/5916
f 5921/5917 5922/5918 1905/1901
f 1905/1901 5922/5918 5923/5919
f 6035/6031 5923/5919 5926/5922
f 5926/5922 5928/5924 6036/6032
f 5931/5927 5695/5691 6037/6033
f 6037/6033 5695/5691 5946/5942
f 5697/5693 5252/5248 6038/6034
f 6038/6034 5252/5248 5476/5472
f 6039/6035 5761/5757 1787/1783
f 6040/6036 1695/1691 6041/6037
f 6041/6037 1695/1691 5763/5759
f 5492/5488 5493/5489 6042/6038
f 5957/5953 5939/5935 6043/6039
f 5939/5935 6029/6025 6043/6039
f 6030/6026 5651/5647 5784/5780
f 5784/5780 5785/5781 6044/6040
f 5906/5902 5661/5657 6045/6041
f 6045/6041 5661/5657 5977/5973
f 6029/6025 5907/5903 6046/6042
f 6046/6042 5907/5903 5944/5940
f 5944/5940 5907/5903 5909/5905
f 5944/5940 5910/5906 6047/6043
f 5910/5906 5913/5909 6048/6044
f 6048/6044 5913/5909 5915/5911
f 6049/6045 5915/5911 5916/5912
f 5979/5975 5870/5866 6033/6029
f 6034/6030 5920/5916 6050/6046
f 6051/6047 5923/5919 6035/6031
f 6035/6031 5926/5922 6036/6032
f 6052/6048 6036/6032 5928/5924
f 6053/6049 5697/5693 6038/6034
f 6038/6034 5476/5472 6054/6050
f 6054/6050 5476/5472 5761/5757
f 1817/1813 1785/1781 1856/1852
f 5947/5943 5932/5928 6055/6051
f 5493/5489 5892/5888 5993/5989
f 6056/6052 5975/5971 5942/5938
f 5903/5899 5654/5650 5976/5972
f 5976/5972 5712/5708 6032/6028
f 6057/6053 1811/1807 6030/6026
f 6058/6054 6048/6044 5915/5911
f 1905/1901 5923/5919 1903/1899
f 1903/1899 5923/5919 6051/6047
f 6052/6048 5928/5924 5980/5976
f 6059/6055 6060/6056 6061/6057
f 6042/6038 5493/5489 5993/5989
f 5992/5988 5999/5995 6062/6058
f 6062/6058 5999/5995 6009/6005
f 6063/6059 6009/6005 5957/5953
f 6063/6059 5957/5953 6043/6039
f 5942/5938 5652/5648 6031/6027
f 6064/6060 5903/5899 5976/5972
f 6043/6039 6029/6025 6065/6061
f 1656/1652 1473/1469 1888/1884
f 5916/5912 5978/5974 6066/6062
f 5993/5989 5992/5988 6067/6063
f 6067/6063 5992/5988 6062/6058
f 6062/6058 6009/6005 6068/6064
f 6068/6064 6009/6005 6063/6059
f 6031/6027 5653/5649 5903/5899
f 6043/6039 6065/6061 6069/6065
f 5977/5973 5807/5803 6070/6066
f 6065/6061 6029/6025 6046/6042
f 6071/6067 5916/5912 6066/6062
f 6033/6029 6034/6030 6072/6068
f 6072/6068 6034/6030 6050/6046
f 6052/6048 5980/5976 1919/1915
f 1919/1915 5980/5976 5930/5926
f 5931/5927 6037/6033 6073/6069
f 6074/6070 6037/6033 5946/5942
f 6041/6037 5763/5759 6075/6071
f 6075/6071 5763/5759 5254/5250
f 6042/6038 5993/5989 6076/6072
f 6067/6063 6062/6058 6068/6064
f 6068/6064 6063/6059 6077/6073
f 6078/6074 6043/6039 6069/6065
f 5976/5972 6032/6028 6079/6075
f 1887/1883 1831/1827 1852/1848
f 6046/6042 5944/5940 6080/6076
f 6058/6054 5915/5911 6049/6045
f 6071/6067 6049/6045 5916/5912
f 1874/1870 1664/1660 1902/1898
f 6081/6077 6033/6029 6072/6068
f 1919/1915 5930/5926 1920/1916
f 6082/6078 5931/5927 6073/6069
f 6039/6035 1787/1783 6083/6079
f 6083/6079 1787/1783 1868/1864
f 6076/6072 5993/5989 6067/6063
f 6030/6026 5784/5780 6084/6080
f 6084/6080 5784/5780 6085/6081
f 6085/6081 5784/5780 6044/6040
f 6031/6027 5903/5899 6086/6082
f 6064/6060 5976/5972 6087/6083
f 6087/6083 5976/5972 6079/6075
f 6080/6076 5944/5940 6047/6043
f 6088/6084 6033/6029 6081/6077
f 6089/6085 6035/6031 6036/6032
f 1906/1902 1706/1702 5752/5748
f 5254/5250 5492/5488 6042/6038
f 6077/6073 6063/6059 6043/6039
f 6086/6082 5903/5899 6064/6060
f 6057/6053 6030/6026 6084/6080
f 6090/6086 1903/1899 6051/6047
f 6051/6047 6035/6031 6089/6085
f 1915/1911 1825/1821 5982/5978
f 6075/6071 5254/5250 6042/6038
f 6091/6087 6067/6063 6068/6064
f 6068/6064 6077/6073 6092/6088
f 6093/6089 5942/5938 6094/6090
f 5942/5938 6031/6027 6094/6090
f 6095/6091 5904/5900 5905/5901
f 6065/6061 6046/6042 6096/6092
f 6096/6092 6046/6042 6080/6076
f 6097/6093 6080/6076 6047/6043
f 6097/6093 6047/6043 6098/6094
f 6066/6062 5978/5974 6099/6095
f 5978/5974 5979/5975 6099/6095
f 1904/1900 1903/1899 6100/6096
f 6100/6096 1903/1899 6090/6086
f 6089/6085 6036/6032 6101/6097
f 6101/6097 6036/6032 6102/6098
f 6102/6098 6036/6032 6052/6048
f 6102/6098 6052/6048 1919/1915
f 6044/6040 5785/5781 5975/5971
f 6103/6099 6087/6083 6079/6075
f 1887/1883 1852/1848 1929/1925
f 6104/6100 6058/6054 6049/6045
f 6105/6101 6082/6078 6106/6102
f 6106/6102 6082/6078 6073/6069
f 6073/6069 6037/6033 6074/6070
f 6054/6050 5761/5757 6107/6103
f 6107/6103 5761/5757 6039/6035
f 6076/6072 6067/6063 6108/6104
f 6109/6105 6043/6039 6078/6074
f 6056/6052 5942/5938 6093/6089
f 6031/6027 6086/6082 6094/6090
f 6086/6082 6064/6060 6110/6106
f 6110/6106 6064/6060 6087/6083
f 6079/6075 6032/6028 6095/6091
f 6095/6091 6032/6028 5904/5900
f 6098/6094 6047/6043 5910/5906
f 6098/6094 5910/5906 6048/6044
f 6099/6095 5979/5975 6033/6029
f 1912/1908 1904/1900 6111/6107
f 6111/6107 1904/1900 6100/6096
f 6090/6086 6051/6047 6089/6085
f 6102/6098 1919/1915 1941/1937
f 1906/1902 5752/5748 5981/5977
f 6053/6049 6038/6034 6054/6050
f 5982/5978 5947/5943 6112/6108
f 6112/6108 5947/5943 6055/6051
f 6091/6087 6068/6064 6092/6088
f 6113/6109 6057/6053 6084/6080
f 6069/6065 6065/6061 6114/6110
f 6114/6110 6065/6061 6096/6092
f 6096/6092 6080/6076 6097/6093
f 6048/6044 6058/6054 6104/6100
f 6104/6100 6049/6045 6115/6111
f 6049/6045 6071/6067 6115/6111
f 6099/6095 6033/6029 6088/6084
f 6081/6077 6072/6068 6116/6112
f 6117/6113 1912/1908 6111/6107
f 6118/6114 6105/6101 6106/6102
f 6119/6115 6054/6050 6107/6103
f 1915/1911 5982/5978 6120/6116
f 6120/6116 5982/5978 6112/6108
f 6059/6055 6061/6057 6121/6117
f 6122/6118 6041/6037 6075/6071
f 6108/6104 6067/6063 6091/6087
f 1896/1892 1936/1932 1949/1945
f 5975/5971 6056/6052 6123/6119
f 1965/1961 1887/1883 1929/1925
f 6115/6111 6071/6067 6066/6062
f 6088/6084 6081/6077 6124/6120
f 6124/6120 6081/6077 6116/6112
f 6106/6102 6073/6069 6125/6121
f 5697/5693 6053/6049 6126/6122
f 6053/6049 6054/6050 6119/6115
f 6112/6108 6055/6051 6127/6123
f 6128/6124 6129/6125 6122/6118
f 6092/6088 6077/6073 6130/6126
f 6044/6040 5975/5971 6123/6119
f 1941/1937 1956/1952 6131/6127
f 6125/6121 6073/6069 6132/6128
f 6073/6069 6074/6070 6132/6128
f 1976/1972 1906/1902 5981/5977
f 6126/6122 6053/6049 6133/6129
f 6077/6073 6043/6039 6109/6105
f 6134/6130 6109/6105 6078/6074
f 6134/6130 6078/6074 6135/6131
f 6123/6119 6056/6052 6093/6089
f 6136/6132 6110/6106 6087/6083
f 5789/5785 5906/5902 6137/6133
f 5906/5902 6045/6041 6137/6133
f 6097/6093 6098/6094 6138/6134
f 6098/6094 6048/6044 6104/6100
f 6101/6097 6102/6098 6139/6135
f 6139/6135 6102/6098 1941/1937
f 1958/1954 1986/1982 1968/1964
f 6140/6136 1957/1953 1976/1972
f 5981/5977 5697/5693 6141/6137
f 6042/6038 6076/6072 6142/6138
f 6143/6139 6113/6109 6144/6140
f 6113/6109 6084/6080 6145/6141
f 6144/6140 6113/6109 6145/6141
f 6137/6133 6045/6041 6146/6142
f 6096/6092 6097/6093 6147/6143
f 6138/6134 6098/6094 6148/6144
f 6115/6111 6066/6062 6099/6095
f 6149/6145 6090/6086 6089/6085
f 6150/6146 6101/6097 6139/6135
f 6139/6135 1941/1937 6151/6147
f 6151/6147 1941/1937 6131/6127
f 6152/6148 6140/6136 1976/1972
f 6141/6137 5697/5693 6126/6122
f 6133/6129 6053/6049 6119/6115
f 6122/6118 6075/6071 6153/6149
f 1949/1945 1936/1932 2020/2016
f 6154/6150 6079/6075 6095/6091
f 6155/6151 6143/6139 6144/6140
f 2010/2006 1984/1980 1990/1986
f 6045/6041 5977/5973 6146/6142
f 6147/6143 6097/6093 6138/6134
f 6148/6144 6098/6094 6104/6100
f 6156/6152 6104/6100 6115/6111
f 6157/6153 6115/6111 6099/6095
f 6157/6153 6099/6095 6088/6084
f 6117/6113 6111/6107 6158/6154
f 6111/6107 6100/6096 6158/6154
f 6158/6154 6100/6096 6090/6086
f 6089/6085 6101/6097 6150/6146
f 6151/6147 6131/6127 6159/6155
f 6160/6156 6106/6102 6125/6121
f 6160/6156 6125/6121 6161/6157
f 6161/6157 6125/6121 6132/6128
f 6075/6071 6042/6038 6162/6158
f 6163/6159 6091/6087 6164/6160
f 6164/6160 6091/6087 6092/6088
f 6164/6160 6092/6088 6130/6126
f 6078/6074 6069/6065 6135/6131
f 6145/6141 6084/6080 6085/6081
f 6093/6089 6094/6090 6165/6161
f 6165/6161 6094/6090 6166/6162
f 6094/6090 6086/6082 6166/6162
f 6086/6082 6110/6106 6166/6162
f 6136/6132 6087/6083 6103/6099
f 6167/6163 6095/6091 5905/5901
f 6146/6142 5977/5973 6070/6066
f 6156/6152 6115/6111 6168/6164
f 6168/6164 6115/6111 6157/6153
f 6158/6154 6090/6086 6149/6145
f 6139/6135 6151/6147 6169/6165
f 6169/6165 6151/6147 6159/6155
f 6170/6166 1976/1972 5981/5977
f 6170/6166 5981/5977 6171/6167
f 6119/6115 6107/6103 6172/6168
f 1997/1993 1934/1930 2019/2015
f 6153/6149 6075/6071 6162/6158
f 6134/6130 6077/6073 6109/6105
f 6123/6119 6093/6089 6173/6169
f 6157/6153 6088/6084 6174/6170
f 6174/6170 6088/6084 6124/6120
f 6124/6120 6116/6112 6175/6171
f 6176/6172 6117/6113 6158/6154
f 6175/6171 6116/6112 6177/6173
f 6149/6145 6089/6085 6178/6174
f 6178/6174 6089/6085 6150/6146
f 6178/6174 6150/6146 6139/6135
f 6169/6165 6159/6155 6179/6175
f 6180/6176 6160/6156 6161/6157
f 6152/6148 1976/1972 6170/6166
f 6172/6168 6107/6103 6039/6035
f 6083/6079 1868/1864 1983/1979
f 6181/6177 6163/6159 6164/6160
f 6114/6110 6096/6092 6182/6178
f 6182/6178 6096/6092 6147/6143
f 6148/6144 6104/6100 6156/6152
f 6174/6170 6124/6120 6175/6171
f 6176/6172 6158/6154 6183/6179
f 6183/6179 6158/6154 6149/6145
f 6178/6174 6139/6135 6169/6165
f 6180/6176 6161/6157 6184/6180
f 6184/6180 6161/6157 6132/6128
f 6152/6148 6170/6166 6185/6181
f 6186/6182 6152/6148 6185/6181
f 6185/6181 6170/6166 6171/6167
f 6142/6138 6076/6072 6108/6104
f 6130/6126 6077/6073 6187/6183
f 6077/6073 6134/6130 6187/6183
f 6188/6184 6134/6130 6135/6131
f 6189/6185 6103/6099 6079/6075
f 6189/6185 6079/6075 6154/6150
f 6147/6143 6138/6134 6190/6186
f 6190/6186 6138/6134 6148/6144
f 6148/6144 6156/6152 6191/6187
f 6191/6187 6156/6152 6192/6188
f 6192/6188 6156/6152 6168/6164
f 6192/6188 6168/6164 6157/6153
f 6192/6188 6157/6153 6193/6189
f 6193/6189 6157/6153 6194/6190
f 6157/6153 6174/6170 6194/6190
f 6175/6171 6177/6173 6195/6191
f 6196/6192 6176/6172 6183/6179
f 6183/6179 6149/6145 6197/6193
f 6149/6145 6178/6174 6197/6193
f 6178/6174 6169/6165 6198/6194
f 6197/6193 6178/6174 6198/6194
f 6198/6194 6169/6165 6179/6175
f 6184/6180 6132/6128 6199/6195
f 6133/6129 6119/6115 6172/6168
f 6039/6035 6083/6079 6200/6196
f 6200/6196 6083/6079 1983/1979
f 6201/6197 6163/6159 6181/6177
f 6130/6126 6187/6183 6202/6198
f 6085/6081 6044/6040 6203/6199
f 6110/6106 6136/6132 6204/6200
f 6135/6131 6069/6065 6114/6110
f 6205/6201 6114/6110 6182/6178
f 6182/6178 6147/6143 2057/2053
f 2057/2053 6147/6143 2055/2051
f 2055/2051 6147/6143 6190/6186
f 2055/2051 6190/6186 2056/2052
f 2056/2052 6190/6186 6206/6202
f 6206/6202 6190/6186 6148/6144
f 6206/6202 6148/6144 6207/6203
f 6207/6203 6148/6144 6191/6187
f 6191/6187 6192/6188 6208/6204
f 6207/6203 6191/6187 6208/6204
f 6208/6204 6192/6188 6209/6205
f 6209/6205 6192/6188 6193/6189
f 6209/6205 6193/6189 6210/6206
f 6210/6206 6193/6189 6211/6207
f 6211/6207 6193/6189 6194/6190
f 6211/6207 6194/6190 6212/6208
f 6212/6208 6194/6190 6174/6170
f 6174/6170 6175/6171 6195/6191
f 6212/6208 6174/6170 6195/6191
f 6196/6192 6183/6179 6213/6209
f 6213/6209 6183/6179 6197/6193
f 6213/6209 6197/6193 6214/6210
f 6214/6210 6197/6193 6198/6194
f 6214/6210 6198/6194 6215/6211
f 6198/6194 6179/6175 6215/6211
f 6180/6176 6184/6180 6216/6212
f 6215/6211 6179/6175 6217/6213
f 2017/2013 2027/2023 2022/2018
f 6185/6181 6171/6167 6218/6214
f 6171/6167 5981/5977 6219/6215
f 6218/6214 6171/6167 6219/6215
f 6219/6215 5981/5977 6141/6137
f 6126/6122 6133/6129 6220/6216
f 6221/6217 6042/6038 6142/6138
f 6108/6104 6091/6087 6201/6197
f 6091/6087 6163/6159 6201/6197
f 6187/6183 6134/6130 6188/6184
f 6173/6169 6093/6089 6165/6161
f 6182/6178 2057/2053 6222/6218
f 6223/6219 2057/2053 6224/6220
f 6225/6221 2054/2050 2053/2049
f 6225/6221 2053/2049 2062/2058
f 6224/6220 2057/2053 2056/2052
f 6224/6220 2056/2052 6226/6222
f 2056/2052 6206/6202 6227/6223
f 6226/6222 2056/2052 6227/6223
f 6227/6223 6206/6202 6207/6203
f 6227/6223 6207/6203 6228/6224
f 6207/6203 6208/6204 6228/6224
f 2074/2070 2083/2079 2077/2073
f 6229/6225 6210/6206 6211/6207
f 6229/6225 6211/6207 6230/6226
f 2094/2090 2096/2092 2093/2089
f 6216/6212 6184/6180 6199/6195
f 6231/6227 6216/6212 6199/6195
f 6186/6182 6185/6181 6232/6228
f 6232/6228 6185/6181 6218/6214
f 6141/6137 6126/6122 6220/6216
f 1915/1911 6120/6116 6233/6229
f 6233/6229 6120/6116 6112/6108
f 6162/6158 6042/6038 6221/6217
f 6142/6138 6108/6104 6234/6230
f 6164/6160 6130/6126 6202/6198
f 6165/6161 6166/6162 6235/6231
f 6146/6142 6070/6066 6236/6232
f 6237/6233 6238/6234 6239/6235
f 6239/6235 6238/6234 6240/6236
f 6238/6234 6241/6237 6242/6238
f 6240/6236 6238/6234 6242/6238
f 6242/6238 6241/6237 6243/6239
f 6222/6218 2057/2053 6223/6219
f 6222/6218 6223/6219 6244/6240
f 6245/6241 6246/6242 2120/2116
f 6245/6241 2120/2116 2119/2115
f 2132/2128 1915/1911 6233/6229
f 6166/6162 6110/6106 6204/6200
f 6136/6132 6103/6099 6189/6185
f 6247/6243 6114/6110 6205/6201
f 6248/6244 6182/6178 6222/6218
f 2118/2114 2121/2117 6237/6233
f 6242/6238 6243/6239 6249/6245
f 6250/6246 6251/6247 6252/6248
f 6250/6246 6252/6248 6253/6249
f 6253/6249 6252/6248 6254/6250
f 6254/6250 6255/6251 6256/6252
f 6255/6251 6257/6253 6256/6252
f 6257/6253 6258/6254 6256/6252
f 6256/6252 6258/6254 6231/6227
f 6259/6255 6231/6227 6199/6195
f 1970/1966 2043/2039 1923/1919
f 6172/6168 6039/6035 6200/6196
f 6221/6217 6142/6138 6260/6256
f 6142/6138 6261/6257 6260/6256
f 6261/6257 6142/6138 6234/6230
f 6108/6104 6201/6197 6262/6258
f 6181/6177 6164/6160 6263/6259
f 6145/6141 6085/6081 6264/6260
f 6265/6261 6145/6141 6264/6260
f 6203/6199 6044/6040 6123/6119
f 6266/6262 6136/6132 6189/6185
f 6155/6151 6144/6140 6267/6263
f 6267/6263 6144/6140 6145/6141
f 2159/2155 2118/2114 6237/6233
f 2159/2155 6237/6233 6239/6235
f 6268/6264 6269/6265 6270/6266
f 6270/6266 6269/6265 6271/6267
f 65/61 51/47 6272/6268
f 6268/6264 6270/6266 6273/6269
f 6271/6267 6274/6270 6275/6271
f 6275/6271 6274/6270 68/64
f 6276/6272 68/64 67/63
f 6277/6273 6268/6264 6273/6269
f 6272/6268 51/47 6278/6274
f 6273/6269 6270/6266 6279/6275
f 6279/6275 6270/6266 6271/6267
f 6275/6271 68/64 6276/6272
f 6279/6275 6271/6267 6280/6276
f 6280/6276 6271/6267 6275/6271
f 6281/6277 6276/6272 67/63
f 6272/6268 6278/6274 6282/6278
f 6275/6271 6276/6272 6281/6277
f 6281/6277 67/63 6283/6279
f 6273/6269 6279/6275 6284/6280
f 6284/6280 6279/6275 6280/6276
f 6277/6273 6273/6269 6285/6281
f 6285/6281 6273/6269 6284/6280
f 6286/6282 6277/6273 6285/6281
f 6278/6274 6287/6283 6282/6278
f 6288/6284 6275/6271 6281/6277
f 6254/6250 6256/6252 6289/6285
f 6280/6276 6275/6271 6288/6284
f 6284/6280 6280/6276 6290/6286
f 6290/6286 6280/6276 6288/6284
f 6289/6285 6256/6252 6291/6287
f 6286/6282 6285/6281 6292/6288
f 6282/6278 6287/6283 6293/6289
f 6292/6288 6285/6281 6284/6280
f 6288/6284 6281/6277 2146/2142
f 6281/6277 6283/6279 2144/2140
f 2146/2142 6281/6277 2144/2140
f 6292/6288 6284/6280 6294/6290
f 6286/6282 6292/6288 6295/6291
f 6294/6290 6284/6280 6290/6286
f 6290/6286 6288/6284 6296/6292
f 6288/6284 2146/2142 6296/6292
f 6294/6290 6290/6286 6297/6293
f 6297/6293 6290/6286 6296/6292
f 6292/6288 6294/6290 6298/6294
f 6299/6295 6292/6288 6298/6294
f 6292/6288 6299/6295 6295/6291
f 6298/6294 6294/6290 6297/6293
f 6300/6296 6296/6292 2146/2142
f 6297/6293 6296/6292 6300/6296
f 6300/6296 2146/2142 6301/6297
f 6301/6297 2146/2142 2147/2143
f 6295/6291 6299/6295 6302/6298
f 6303/6299 6299/6295 6298/6294
f 6299/6295 6303/6299 6302/6298
f 6303/6299 6298/6294 6304/6300
f 6304/6300 6298/6294 6297/6293
f 6297/6293 6300/6296 6305/6301
f 6300/6296 6301/6297 6306/6302
f 6306/6302 6301/6297 2147/2143
f 6306/6302 2147/2143 2148/2144
f 6305/6301 6300/6296 6306/6302
f 6304/6300 6297/6293 6307/6303
f 6307/6303 6297/6293 6305/6301
f 6302/6298 6303/6299 6308/6304
f 6305/6301 6306/6302 2150/2146
f 2150/2146 6306/6302 2148/2144
f 6309/6305 6305/6301 2150/2146
f 6310/6306 6303/6299 6304/6300
f 6308/6304 6303/6299 6310/6306
f 6310/6306 6304/6300 6307/6303
f 6307/6303 6305/6301 6309/6305
f 6308/6304 6310/6306 6311/6307
f 6310/6306 6307/6303 6312/6308
f 6312/6308 6307/6303 6309/6305
f 6313/6309 6256/6252 6231/6227
f 6314/6310 6310/6306 6312/6308
f 6310/6306 6314/6310 6315/6311
f 6312/6308 6309/6305 6316/6312
f 6316/6312 6309/6305 2150/2146
f 6316/6312 2150/2146 6317/6313
f 2150/2146 2149/2145 6318/6314
f 6317/6313 2150/2146 6318/6314
f 6314/6310 6312/6308 6319/6315
f 6315/6311 6314/6310 6320/6316
f 6320/6316 6314/6310 6319/6315
f 6312/6308 6316/6312 6321/6317
f 6319/6315 6312/6308 6321/6317
f 6316/6312 6317/6313 6322/6318
f 6321/6317 6316/6312 6322/6318
f 6322/6318 6317/6313 6318/6314
f 6322/6318 6318/6314 6323/6319
f 6324/6320 6232/6228 6218/6214
f 6233/6229 6112/6108 6325/6321
f 6325/6321 6112/6108 6127/6123
f 6326/6322 6128/6124 6122/6118
f 1997/1993 2019/2015 2141/2137
f 2154/2150 1997/1993 2141/2137
f 6264/6260 6085/6081 6203/6199
f 6327/6323 6165/6161 6235/6231
f 6204/6200 6136/6132 6328/6324
f 6167/6163 5905/5901 6329/6325
f 6135/6131 6114/6110 6330/6326
f 6267/6263 6145/6141 6265/6261
f 6331/6327 5789/5785 6137/6133
f 6182/6178 6248/6244 6332/6328
f 2159/2155 6239/6235 6333/6329
f 6240/6236 6242/6238 6334/6330
f 6334/6330 6242/6238 6249/6245
f 6248/6244 6222/6218 6244/6240
f 6335/6331 6245/6241 2160/2156
f 6245/6241 2119/2115 2160/2156
f 65/61 6272/6268 52/48
f 6336/6332 6254/6250 6289/6285
f 52/48 6272/6268 6337/6333
f 6338/6334 79/75 2161/2157
f 6283/6279 67/63 6339/6335
f 6272/6268 6282/6278 6337/6333
f 6337/6333 6282/6278 6340/6336
f 6283/6279 6339/6335 6341/6337
f 6340/6336 6282/6278 6293/6289
f 6293/6289 6287/6283 6342/6338
f 2144/2140 6283/6279 6341/6337
f 6340/6336 6293/6289 6343/6339
f 2145/2141 2144/2140 6341/6337
f 2145/2141 6341/6337 6344/6340
f 6345/6341 6293/6289 6342/6338
f 6343/6339 6293/6289 6345/6341
f 6345/6341 6342/6338 6346/6342
f 6343/6339 6345/6341 6347/6343
f 2147/2143 2145/2141 6344/6340
f 2148/2144 2147/2143 6344/6340
f 2148/2144 6344/6340 6348/6344
f 6347/6343 6345/6341 6349/6345
f 6345/6341 6346/6342 6350/6346
f 6351/6347 6345/6341 6350/6346
f 6345/6341 6351/6347 6349/6345
f 2148/2144 6348/6344 6352/6348
f 2149/2145 2148/2144 6352/6348
f 6351/6347 6350/6346 6353/6349
f 6349/6345 6351/6347 6354/6350
f 6355/6351 6351/6347 6353/6349
f 6351/6347 6355/6351 6354/6350
f 6311/6307 6310/6306 6315/6311
f 6356/6352 6311/6307 6357/6353
f 6354/6350 6355/6351 6358/6354
f 6357/6353 6311/6307 6315/6311
f 6318/6314 2149/2145 6352/6348
f 6356/6352 6357/6353 6359/6355
f 6356/6352 6359/6355 6360/6356
f 6359/6355 6357/6353 6315/6311
f 6359/6355 6315/6311 6320/6316
f 6323/6319 6318/6314 6352/6348
f 6323/6319 6352/6348 6361/6357
f 6359/6355 6320/6316 6362/6358
f 6360/6356 6359/6355 6362/6358
f 6363/6359 6364/6360 6365/6361
f 6363/6359 6365/6361 6366/6362
f 6362/6358 6320/6316 6319/6315
f 6362/6358 6319/6315 6367/6363
f 6366/6362 6365/6361 6368/6364
f 6366/6362 6368/6364 6369/6365
f 6367/6363 6319/6315 6321/6317
f 6367/6363 6321/6317 6370/6366
f 6369/6365 6368/6364 6371/6367
f 6369/6365 6371/6367 6372/6368
f 6370/6366 6321/6317 6322/6318
f 6370/6366 6322/6318 6323/6319
f 6370/6366 6323/6319 6373/6369
f 6372/6368 6371/6367 6374/6370
f 6372/6368 6374/6370 2172/2168
f 6373/6369 6323/6319 6361/6357
f 6373/6369 6361/6357 6375/6371
f 2172/2168 6374/6370 6376/6372
f 2172/2168 6376/6372 6377/6373
f 6231/6227 6259/6255 6313/6309
f 6324/6320 6218/6214 2210/2206
f 2210/2206 6218/6214 6219/6215
f 6201/6197 6181/6177 6263/6259
f 6203/6199 6123/6119 6378/6374
f 6379/6375 6155/6151 6267/6263
f 6330/6326 6114/6110 6247/6243
f 2183/2179 6335/6331 2160/2156
f 2025/2021 2201/2197 1992/1988
f 6336/6332 6253/6249 6254/6250
f 6337/6333 6340/6336 6380/6376
f 6340/6336 6343/6339 6381/6377
f 6291/6287 6256/6252 6382/6378
f 6347/6343 6349/6345 6383/6379
f 6382/6378 6256/6252 6313/6309
f 6383/6379 6349/6345 6354/6350
f 6384/6380 6355/6351 6385/6381
f 6358/6354 6355/6351 6384/6380
f 6363/6359 6366/6362 6386/6382
f 6386/6382 6366/6362 6369/6365
f 6386/6382 6369/6365 6387/6383
f 6387/6383 6369/6365 6372/6368
f 2173/2169 2172/2168 6377/6373
f 2173/2169 6377/6373 6388/6384
f 6387/6383 6372/6368 2174/2170
f 2174/2170 6372/6368 2172/2168
f 6325/6321 6127/6123 6389/6385
f 6153/6149 6162/6158 6221/6217
f 6262/6258 6201/6197 6263/6259
f 6189/6185 6154/6150 6167/6163
f 6167/6163 6154/6150 6095/6091
f 6205/6201 6182/6178 6390/6386
f 6390/6386 6182/6178 6332/6328
f 6391/6387 6335/6331 2183/2179
f 2183/2179 2159/2155 6392/6388
f 2159/2155 6333/6329 6392/6388
f 6333/6329 6239/6235 6393/6389
f 6393/6389 6239/6235 6240/6236
f 6394/6390 52/48 6395/6391
f 6395/6391 52/48 6337/6333
f 6380/6376 6340/6336 6381/6377
f 6343/6339 6347/6343 6396/6392
f 6397/6393 6363/6359 6386/6382
f 6397/6393 6386/6382 6398/6394
f 6398/6394 6386/6382 6387/6383
f 6387/6383 2174/2170 6399/6395
f 6399/6395 2174/2170 6400/6396
f 6401/6397 2174/2170 2173/2169
f 6313/6309 6259/6255 6402/6398
f 2210/2206 6219/6215 6403/6399
f 6403/6399 6219/6215 6141/6137
f 6404/6400 6153/6149 6221/6217
f 6263/6259 6164/6160 6405/6401
f 6405/6401 6164/6160 6202/6198
f 6188/6184 6135/6131 6330/6326
f 6328/6324 6136/6132 6266/6262
f 6406/6402 6337/6333 6407/6403
f 6337/6333 6380/6376 6407/6403
f 6408/6404 6291/6287 6382/6378
f 6396/6392 6347/6343 6409/6405
f 6409/6405 6347/6343 6383/6379
f 6383/6379 6354/6350 6410/6406
f 6358/6354 6384/6380 6411/6407
f 6411/6407 6384/6380 6412/6408
f 6398/6394 6387/6383 6399/6395
f 6400/6396 2174/2170 6401/6397
f 6401/6397 2173/2169 6413/6409
f 2173/2169 6388/6384 6413/6409
f 6414/6410 6324/6320 2210/2206
f 6403/6399 6141/6137 6220/6216
f 6326/6322 6122/6118 6415/6411
f 6415/6411 6122/6118 6153/6149
f 6261/6257 6234/6230 6416/6412
f 6234/6230 6108/6104 6416/6412
f 6416/6412 6108/6104 6262/6258
f 6334/6330 6249/6245 6417/6413
f 6418/6414 6250/6246 6253/6249
f 6395/6391 6337/6333 6406/6402
f 6381/6377 6343/6339 6396/6392
f 6396/6392 6409/6405 6419/6415
f 6354/6350 6358/6354 6420/6416
f 6420/6416 6358/6354 6411/6407
f 6411/6407 6412/6408 6421/6417
f 6422/6418 6397/6393 6398/6394
f 6398/6394 6399/6395 6423/6419
f 6424/6420 6398/6394 6423/6419
f 6399/6395 6400/6396 6423/6419
f 6423/6419 6400/6396 6425/6421
f 6425/6421 6400/6396 6401/6397
f 6401/6397 6413/6409 6426/6422
f 6425/6421 6401/6397 6426/6422
f 6426/6422 6413/6409 6427/6423
f 6414/6410 2210/2206 2212/2208
f 6200/6196 1983/1979 6428/6424
f 6428/6424 1983/1979 2178/2174
f 6123/6119 6173/6169 6429/6425
f 6165/6161 6327/6323 6430/6426
f 6391/6387 2183/2179 6431/6427
f 6431/6427 2183/2179 6392/6388
f 6431/6427 6392/6388 2242/2238
f 6333/6329 6393/6389 6432/6428
f 6432/6428 6393/6389 6240/6236
f 6240/6236 6334/6330 2255/2251
f 2255/2251 6334/6330 6417/6413
f 6433/6429 6394/6390 6395/6391
f 6407/6403 6380/6376 6381/6377
f 6410/6406 6354/6350 6420/6416
f 6422/6418 6398/6394 6434/6430
f 6434/6430 6398/6394 6424/6420
f 6424/6420 6423/6419 6435/6431
f 6435/6431 6423/6419 6436/6432
f 6423/6419 6425/6421 6436/6432
f 6436/6432 6425/6421 6437/6433
f 6437/6433 6425/6421 6426/6422
f 6438/6434 6133/6129 6172/6168
f 6172/6168 6200/6196 6439/6435
f 6202/6198 6187/6183 6440/6436
f 6429/6425 6173/6169 6430/6426
f 6430/6426 6173/6169 6165/6161
f 6235/6231 6166/6162 6441/6437
f 6441/6437 6166/6162 6204/6200
f 6267/6263 6265/6261 6442/6438
f 6432/6428 6240/6236 2254/2250
f 2254/2250 6240/6236 2255/2251
f 6443/6439 6407/6403 6381/6377
f 6383/6379 6410/6406 6444/6440
f 6420/6416 6411/6407 6445/6441
f 6446/6442 6411/6407 6421/6417
f 6447/6443 6422/6418 6434/6430
f 6445/6441 6411/6407 6446/6442
f 6447/6443 6434/6430 6448/6444
f 6434/6430 6424/6420 6449/6445
f 6448/6444 6434/6430 6449/6445
f 6449/6445 6424/6420 6435/6431
f 6437/6433 6426/6422 6450/6446
f 6450/6446 6426/6422 6427/6423
f 6450/6446 6427/6423 6451/6447
f 6313/6309 6402/6398 6452/6448
f 6452/6448 6402/6398 6453/6449
f 2211/2207 2210/2206 6403/6399
f 6220/6216 6133/6129 6438/6434
f 6438/6434 6172/6168 6439/6435
f 6454/6450 6221/6217 6260/6256
f 6455/6451 6440/6436 6187/6183
f 6187/6183 6188/6184 6455/6451
f 6455/6451 6188/6184 6330/6326
f 6378/6374 6123/6119 6429/6425
f 6456/6452 6379/6375 6267/6263
f 6390/6386 6332/6328 6457/6453
f 2242/2238 6392/6388 2239/2235
f 2239/2235 6392/6388 6458/6454
f 6458/6454 6392/6388 6333/6329
f 6458/6454 6333/6329 6432/6428
f 6418/6414 6253/6249 6459/6455
f 6460/6456 6461/6457 6462/6458
f 6459/6455 6253/6249 6336/6332
f 6463/6459 6395/6391 6406/6402
f 6464/6460 6406/6402 6407/6403
f 6465/6461 6407/6403 6443/6439
f 6289/6285 6291/6287 6408/6404
f 6381/6377 6396/6392 6466/6462
f 6467/6463 6396/6392 6419/6415
f 6468/6464 6419/6415 6409/6405
f 6469/6465 6382/6378 6313/6309
f 6470/6466 6383/6379 6444/6440
f 6410/6406 6420/6416 6471/6467
f 6471/6467 6420/6416 6445/6441
f 6445/6441 6446/6442 6472/6468
f 6473/6469 6474/6470 6475/6471
f 6472/6468 6446/6442 6476/6472
f 6474/6470 6477/6473 6478/6474
f 6475/6471 6474/6470 6478/6474
f 6475/6471 6478/6474 6479/6475
f 6478/6474 6477/6473 6480/6476
f 81/77 6481/6477 2233/2229
f 6481/6477 2231/2227 2233/2229
f 2234/2230 2233/2229 2232/2228
f 6478/6474 6480/6476 6482/6478
f 6478/6474 6482/6478 6483/6479
f 6479/6475 6478/6474 6483/6479
f 6480/6476 80/76 6482/6478
f 80/76 82/78 2235/2231
f 6482/6478 80/76 2235/2231
f 6483/6479 6482/6478 2235/2231
f 6483/6479 2235/2231 6484/6480
f 2235/2231 82/78 81/77
f 2235/2231 81/77 2233/2229
f 6484/6480 2235/2231 2234/2230
f 6485/6481 2212/2208 2211/2207
f 6486/6482 6403/6399 6220/6216
f 6332/6328 6487/6483 6488/6484
f 6457/6453 6332/6328 6488/6484
f 6431/6427 2242/2238 2241/2237
f 6431/6427 2241/2237 6489/6485
f 6488/6484 6487/6483 6490/6486
f 6489/6485 2241/2237 2240/2236
f 6491/6487 6460/6456 6462/6458
f 6462/6458 6461/6457 6463/6459
f 6463/6459 6461/6457 6433/6429
f 6463/6459 6433/6429 6395/6391
f 6492/6488 6381/6377 6466/6462
f 6466/6462 6396/6392 6467/6463
f 6467/6463 6419/6415 6468/6464
f 6468/6464 6409/6405 6470/6466
f 6409/6405 6383/6379 6470/6466
f 6444/6440 6410/6406 6471/6467
f 6469/6465 6313/6309 6452/6448
f 6445/6441 6472/6468 6493/6489
f 6472/6468 6476/6472 6493/6489
f 6494/6490 6475/6471 6479/6475
f 6495/6491 6475/6471 6494/6490
f 6493/6489 6496/6492 6497/6493
f 2234/2230 2232/2228 6498/6494
f 6494/6490 6479/6475 6499/6495
f 6494/6490 6499/6495 6500/6496
f 6499/6495 6479/6475 6483/6479
f 6499/6495 6483/6479 6501/6497
f 6500/6496 6499/6495 6501/6497
f 6500/6496 6501/6497 6502/6498
f 6501/6497 6483/6479 6503/6499
f 6502/6498 6501/6497 6503/6499
f 6502/6498 6503/6499 6504/6500
f 6503/6499 6483/6479 6484/6480
f 6503/6499 6484/6480 2234/2230
f 6503/6499 2234/2230 6498/6494
f 6503/6499 6498/6494 6505/6501
f 6504/6500 6503/6499 6505/6501
f 6504/6500 6505/6501 6506/6502
f 6485/6481 2211/2207 2292/2288
f 2211/2207 6403/6399 2292/2288
f 6439/6435 6200/6196 6428/6424
f 6325/6321 6389/6385 6507/6503
f 6327/6323 6235/6231 6508/6504
f 6508/6504 6235/6231 6441/6437
f 6204/6200 6328/6324 6509/6505
f 6510/6506 6167/6163 6329/6325
f 6511/6507 6247/6243 6205/6201
f 6511/6507 6205/6201 6390/6386
f 6458/6454 6432/6428 6512/6508
f 6512/6508 6432/6428 2275/2271
f 6432/6428 2254/2250 2256/2252
f 2275/2271 6432/6428 2256/2252
f 2253/2249 2255/2251 6513/6509
f 6514/6510 6515/6511 6418/6414
f 6488/6484 6490/6486 6516/6512
f 6517/6513 6518/6514 6519/6515
f 6520/6516 6517/6513 6519/6515
f 6490/6486 6491/6487 6516/6512
f 6516/6512 6491/6487 6462/6458
f 6336/6332 6289/6285 6521/6517
f 6464/6460 6407/6403 6465/6461
f 6443/6439 6381/6377 6492/6488
f 6445/6441 6493/6489 6522/6518
f 6522/6518 6493/6489 6497/6493
f 6522/6518 6497/6493 6523/6519
f 6524/6520 6494/6490 6525/6521
f 6526/6522 6524/6520 6525/6521
f 6525/6521 6494/6490 6500/6496
f 6502/6498 6504/6500 6527/6523
f 6527/6523 6504/6500 6528/6524
f 6528/6524 6504/6500 6506/6502
f 6529/6525 6485/6481 2292/2288
f 6486/6482 6220/6216 6438/6434
f 6530/6526 6531/6527 6532/6528
f 6442/6438 6265/6261 6264/6260
f 6533/6529 6378/6374 6429/6425
f 6330/6326 6247/6243 6534/6530
f 6534/6530 6247/6243 6511/6507
f 2256/2252 2253/2249 6535/6531
f 2276/2272 2275/2271 2256/2252
f 6535/6531 2253/2249 6513/6509
f 6488/6484 6516/6512 6536/6532
f 6457/6453 6488/6484 6536/6532
f 2258/2254 6537/6533 6538/6534
f 6538/6534 6537/6533 6539/6535
f 6539/6535 6537/6533 6540/6536
f 6539/6535 6540/6536 6541/6537
f 6540/6536 6542/6538 6541/6537
f 2259/2255 2258/2254 6538/6534
f 2259/2255 6538/6534 6543/6539
f 6538/6534 6539/6535 6543/6539
f 6536/6532 6516/6512 6462/6458
f 6463/6459 6406/6402 6544/6540
f 6544/6540 6406/6402 6464/6460
f 6521/6517 6289/6285 6545/6541
f 6545/6541 6289/6285 6408/6404
f 6465/6461 6443/6439 6492/6488
f 6408/6404 6382/6378 6546/6542
f 6466/6462 6467/6463 6547/6543
f 6547/6543 6467/6463 6468/6464
f 6470/6466 6444/6440 6548/6544
f 6548/6544 6444/6440 6471/6467
f 6549/6545 6471/6467 6445/6441
f 6550/6546 6445/6441 6522/6518
f 6525/6521 6500/6496 6551/6547
f 6551/6547 6500/6496 6502/6498
f 6452/6448 6453/6449 6552/6548
f 6529/6525 2292/2288 2294/2290
f 2292/2288 6403/6399 2293/2289
f 6415/6411 6153/6149 6404/6400
f 6405/6401 6202/6198 6440/6436
f 6553/6549 6167/6163 6510/6506
f 6390/6386 6457/6453 6554/6550
f 2287/2283 2256/2252 6535/6531
f 6514/6510 6418/6414 6555/6551
f 6554/6550 6457/6453 6536/6532
f 6555/6551 6418/6414 6459/6455
f 6536/6532 6462/6458 6554/6550
f 6459/6455 6336/6332 6521/6517
f 6547/6543 6468/6464 6556/6552
f 6556/6552 6468/6464 6470/6466
f 6548/6544 6471/6467 6557/6553
f 6551/6547 6502/6498 6558/6554
f 6558/6554 6502/6498 6527/6523
f 6528/6524 6506/6502 6559/6555
f 2293/2289 6403/6399 6486/6482
f 2043/2039 2295/2291 2264/2260
f 6404/6400 6221/6217 6454/6450
f 6560/6556 6328/6324 6266/6262
f 6189/6185 6167/6163 6553/6549
f 6331/6327 6137/6133 6561/6557
f 6535/6531 6513/6509 6562/6558
f 6554/6550 6462/6458 6463/6459
f 6557/6553 6471/6467 6563/6559
f 6549/6545 6445/6441 6550/6546
f 6526/6522 6525/6521 6551/6547
f 6527/6523 6528/6524 6564/6560
f 6564/6560 6528/6524 6559/6555
f 6565/6561 2294/2290 2293/2289
f 6566/6562 6404/6400 6454/6450
f 6260/6256 6261/6257 6567/6563
f 2180/2176 2250/2246 2219/2215
f 6509/6505 6328/6324 6560/6556
f 6266/6262 6189/6185 6568/6564
f 6568/6564 6189/6185 6553/6549
f 6554/6550 6511/6507 6390/6386
f 2287/2283 6535/6531 6569/6565
f 6569/6565 6535/6531 6562/6558
f 6570/6566 6544/6540 6464/6460
f 6570/6566 6464/6460 6465/6461
f 6556/6552 6470/6466 6571/6567
f 6470/6466 6548/6544 6571/6567
f 6572/6568 6469/6465 6452/6448
f 6573/6569 6526/6522 6551/6547
f 6452/6448 6552/6548 6572/6568
f 6572/6568 6552/6548 6574/6570
f 6327/6323 6508/6504 6575/6571
f 6441/6437 6204/6200 6509/6505
f 6267/6263 6442/6438 6576/6572
f 6561/6557 6137/6133 6146/6142
f 6561/6557 6146/6142 6577/6573
f 6577/6573 6146/6142 6236/6232
f 6463/6459 6544/6540 6578/6574
f 6492/6488 6466/6462 6579/6575
f 6466/6462 6547/6543 6580/6576
f 6580/6576 6547/6543 6581/6577
f 6581/6577 6547/6543 6556/6552
f 6522/6518 6523/6519 6582/6578
f 6583/6579 6526/6522 6573/6569
f 6558/6554 6527/6523 6564/6560
f 6565/6561 2293/2289 6584/6580
f 6585/6581 6486/6482 6438/6434
f 2132/2128 6233/6229 6586/6582
f 6233/6229 6325/6321 6587/6583
f 6586/6582 6233/6229 6587/6583
f 6587/6583 6325/6321 6507/6503
f 6567/6563 6261/6257 6416/6412
f 6455/6451 6330/6326 6534/6530
f 6430/6426 6327/6323 6575/6571
f 6588/6584 6456/6452 6267/6263
f 6589/6585 2287/2283 6569/6565
f 6545/6541 6408/6404 6590/6586
f 6591/6587 6465/6461 6492/6488
f 6581/6577 6556/6552 6571/6567
f 6571/6567 6548/6544 6557/6553
f 6563/6559 6471/6467 6549/6545
f 6550/6546 6522/6518 6592/6588
f 6592/6588 6522/6518 6582/6578
f 6593/6589 6564/6560 6559/6555
f 6594/6590 6439/6435 6428/6424
f 6594/6590 6428/6424 6595/6591
f 6595/6591 6428/6424 2178/2174
f 6260/6256 6567/6563 6596/6592
f 6597/6593 6416/6412 6262/6258
f 6262/6258 6263/6259 6598/6594
f 6442/6438 6264/6260 6599/6595
f 6599/6595 6264/6260 6203/6199
f 6203/6199 6378/6374 6599/6595
f 6599/6595 6378/6374 6533/6529
f 6600/6596 6560/6556 6266/6262
f 6577/6573 6236/6232 6601/6597
f 6602/6598 6603/6599 2351/2347
f 2350/2346 6602/6598 2351/2347
f 6604/6600 6534/6530 6605/6601
f 2351/2347 6603/6599 6606/6602
f 6605/6601 6534/6530 6511/6507
f 6589/6585 6569/6565 6607/6603
f 6569/6565 6562/6558 6608/6604
f 6607/6603 6569/6565 6608/6604
f 6609/6605 6555/6551 6610/6606
f 6459/6455 6521/6517 6611/6607
f 6611/6607 6521/6517 6545/6541
f 6570/6566 6465/6461 6591/6587
f 6591/6587 6492/6488 6579/6575
f 6551/6547 6558/6554 6612/6608
f 6612/6608 6558/6554 6564/6560
f 6612/6608 6564/6560 6593/6589
f 6613/6609 6565/6561 6584/6580
f 6584/6580 2293/2289 6486/6482
f 6594/6590 6438/6434 6439/6435
f 6595/6591 2178/2174 2342/2338
f 6614/6610 6530/6526 6532/6528
f 6263/6259 6405/6401 6615/6611
f 6440/6436 6455/6451 6616/6612
f 6616/6612 6455/6451 6617/6613
f 6617/6613 6455/6451 6534/6530
f 6533/6529 6429/6425 6618/6614
f 6618/6614 6429/6425 6430/6426
f 2349/2345 5/2 2335/2331
f 2351/2347 6606/6602 2353/2349
f 2353/2349 6606/6602 6619/6615
f 2353/2349 6619/6615 2374/2370
f 6610/6606 6555/6551 6459/6455
f 6554/6550 6463/6459 6620/6616
f 6578/6574 6544/6540 6570/6566
f 6590/6586 6408/6404 6546/6542
f 6621/6617 6579/6575 6622/6618
f 6579/6575 6466/6462 6622/6618
f 6546/6542 6382/6378 6623/6619
f 6382/6378 6469/6465 6623/6619
f 6623/6619 6469/6465 6572/6568
f 6563/6559 6549/6545 6624/6620
f 6613/6609 6584/6580 6625/6621
f 6626/6622 6486/6482 6585/6581
f 6627/6623 6438/6434 6594/6590
f 2361/2357 2132/2128 6586/6582
f 6405/6401 6440/6436 6616/6612
f 6617/6613 6534/6530 6604/6600
f 6576/6572 6442/6438 6599/6595
f 6628/6624 2352/2348 2370/2366
f 6511/6507 6554/6550 6629/6625
f 6630/6626 6609/6605 6610/6606
f 6610/6606 6459/6455 6631/6627
f 6620/6616 6463/6459 6578/6574
f 6622/6618 6466/6462 6580/6576
f 6632/6628 6581/6577 6571/6567
f 6571/6567 6557/6553 6633/6629
f 6573/6569 6551/6547 6634/6630
f 6634/6630 6551/6547 6612/6608
f 6593/6589 6559/6555 6635/6631
f 6572/6568 6574/6570 6636/6632
f 6587/6583 6507/6503 6637/6633
f 6638/6634 6567/6563 6416/6412
f 6638/6634 6416/6412 6639/6635
f 6639/6635 6416/6412 6597/6593
f 6597/6593 6262/6258 6598/6594
f 6598/6594 6263/6259 6615/6611
f 6640/6636 6576/6572 6599/6595
f 6618/6614 6430/6426 6641/6637
f 6508/6504 6441/6437 6509/6505
f 2404/2400 2349/2345 2388/2384
f 2353/2349 2374/2370 2370/2366
f 2370/2366 2374/2370 6642/6638
f 6642/6638 2374/2370 2373/2369
f 6642/6638 2373/2369 6643/6639
f 6642/6638 6643/6639 2407/2403
f 6605/6601 6511/6507 6629/6625
f 6644/6640 6589/6585 6607/6603
f 6644/6640 6607/6603 6645/6641
f 6646/6642 6630/6626 6610/6606
f 6631/6627 6459/6455 6611/6607
f 6591/6587 6579/6575 6621/6617
f 6580/6576 6581/6577 6632/6628
f 6647/6643 6571/6567 6633/6629
f 6549/6545 6550/6546 6624/6620
f 6624/6620 6550/6546 6592/6588
f 6572/6568 6636/6632 6648/6644
f 2476/2472 6584/6580 6486/6482
f 2548/2544 6626/6622 6585/6581
f 6596/6592 6567/6563 6638/6634
f 2370/2366 6642/6638 2424/2420
f 2424/2420 6642/6638 2422/2418
f 6642/6638 2407/2403 2422/2418
f 2422/2418 2407/2403 2406/2402
f 2422/2418 2406/2402 2425/2421
f 2425/2421 2406/2402 2427/2423
f 2427/2423 2406/2402 2410/2406
f 2410/2406 2412/2408 2429/2425
f 2427/2423 2410/2406 2429/2425
f 2412/2408 6646/6642 2430/2426
f 2429/2425 2412/2408 2430/2426
f 6629/6625 6554/6550 6620/6616
f 6646/6642 6610/6606 6631/6627
f 2430/2426 6646/6642 6631/6627
f 6632/6628 6571/6567 6647/6643
f 6557/6553 6563/6559 6649/6645
f 6633/6629 6557/6553 6649/6645
f 6650/6646 6623/6619 6572/6568
f 6651/6647 6625/6621 6584/6580
f 6585/6581 6438/6434 6627/6623
f 6415/6411 6404/6400 6566/6562
f 6260/6256 6596/6592 6652/6648
f 6454/6450 6260/6256 6652/6648
f 6615/6611 6405/6401 6653/6649
f 6616/6612 6617/6613 6654/6650
f 6588/6584 6267/6263 6655/6651
f 6655/6651 6267/6263 6576/6572
f 6628/6624 2370/2366 6656/6652
f 6656/6652 2370/2366 2424/2420
f 2424/2420 2423/2419 6657/6653
f 2423/2419 2428/2424 6657/6653
f 2430/2426 6631/6627 6658/6654
f 6591/6587 6621/6617 6659/6655
f 6660/6656 6591/6587 6659/6655
f 6661/6657 6622/6618 6580/6576
f 6661/6657 6580/6576 6632/6628
f 6546/6542 6623/6619 6662/6658
f 6651/6647 6584/6580 2476/2472
f 2476/2472 6486/6482 6626/6622
f 6639/6635 6597/6593 6598/6594
f 6663/6659 6599/6595 6533/6529
f 6663/6659 6533/6529 6664/6660
f 6600/6596 6266/6262 6568/6564
f 6665/6661 6604/6600 6605/6601
f 6656/6652 2424/2420 6657/6653
f 6620/6616 6578/6574 6666/6662
f 6578/6574 6570/6566 6666/6662
f 6660/6656 6570/6566 6591/6587
f 6667/6663 6621/6617 6622/6618
f 6649/6645 6563/6559 6624/6620
f 6624/6620 6592/6588 6668/6664
f 6668/6664 6592/6588 6582/6578
f 6669/6665 6651/6647 2476/2472
f 2361/2357 6586/6582 6670/6666
f 6586/6582 6587/6583 6671/6667
f 6670/6666 6586/6582 6671/6667
f 6672/6668 6673/6669 6674/6670
f 6653/6649 6405/6401 6654/6650
f 6675/6671 6617/6613 6604/6600
f 6640/6636 6599/6595 6663/6659
f 6641/6637 6430/6426 6575/6571
f 6575/6571 6508/6504 6676/6672
f 6677/6673 6560/6556 6600/6596
f 6553/6549 6510/6506 6678/6674
f 6679/6675 6577/6573 6601/6597
f 6658/6654 2428/2424 2430/2426
f 6658/6654 6631/6627 6611/6607
f 6659/6655 6621/6617 6667/6663
f 6590/6586 6546/6542 6662/6658
f 6661/6657 6632/6628 6680/6676
f 6680/6676 6632/6628 6681/6677
f 6681/6677 6632/6628 6647/6643
f 6682/6678 6647/6643 6633/6629
f 6683/6679 6649/6645 6684/6680
f 6684/6680 6649/6645 6624/6620
f 6684/6680 6624/6620 6668/6664
f 6573/6569 6634/6630 6685/6681
f 6685/6681 6634/6630 6612/6608
f 6686/6682 6612/6608 6593/6589
f 6686/6682 6593/6589 6635/6631
f 2477/2473 2476/2472 6626/6622
f 6566/6562 6454/6450 6687/6683
f 6638/6634 6639/6635 6688/6684
f 6654/6650 6405/6401 6616/6612
f 6689/6685 6576/6572 6640/6636
f 6664/6660 6533/6529 6618/6614
f 6664/6660 6618/6614 6641/6637
f 6641/6637 6575/6571 6690/6686
f 6600/6596 6568/6564 6691/6687
f 6568/6564 6553/6549 6691/6687
f 6655/6651 6576/6572 6689/6685
f 6331/6327 6561/6557 6692/6688
f 6692/6688 6561/6557 6577/6573
f 6692/6688 6577/6573 6679/6675
f 6657/6653 2428/2424 6658/6654
f 6658/6654 6611/6607 6693/6689
f 6693/6689 6611/6607 6545/6541
f 6694/6690 6666/6662 6570/6566
f 6694/6690 6570/6566 6660/6656
f 6667/6663 6622/6618 6695/6691
f 6695/6691 6622/6618 6661/6657
f 6681/6677 6647/6643 6682/6678
f 6662/6658 6623/6619 6650/6646
f 6682/6678 6633/6629 6696/6692
f 6633/6629 6649/6645 6696/6692
f 6668/6664 6582/6578 6697/6693
f 6698/6694 6583/6579 6573/6569
f 6698/6694 6573/6569 6685/6681
f 6699/6695 6612/6608 6686/6682
f 6669/6665 2476/2472 2478/2474
f 6594/6590 6595/6591 6700/6696
f 6700/6696 6595/6591 2342/2338
f 6654/6650 6617/6613 6675/6671
f 6676/6672 6508/6504 6509/6505
f 6701/6697 6588/6584 6655/6651
f 2471/2467 2404/2400 2443/2439
f 6702/6698 6605/6601 6629/6625
f 6629/6625 6620/6616 6703/6699
f 6703/6699 6620/6616 6704/6700
f 6704/6700 6620/6616 6666/6662
f 6695/6691 6661/6657 6680/6676
f 6705/6701 6681/6677 6682/6678
f 6696/6692 6649/6645 6683/6679
f 6685/6681 6612/6608 6699/6695
f 6706/6702 6585/6581 6627/6623
f 2342/2338 2217/2213 6707/6703
f 6708/6704 6600/6596 6691/6687
f 6604/6600 6665/6661 6709/6705
f 6665/6661 6605/6601 6702/6698
f 6710/6706 6545/6541 6590/6586
f 6695/6691 6680/6676 6711/6707
f 6683/6679 6684/6680 6712/6708
f 6712/6708 6684/6680 6668/6664
f 6713/6709 6699/6695 6686/6682
f 2478/2474 2477/2473 6714/6710
f 6714/6710 2477/2473 6626/6622
f 6627/6623 6594/6590 6715/6711
f 6716/6712 6598/6594 6615/6611
f 6691/6687 6553/6549 6678/6674
f 6678/6674 6510/6506 6329/6325
f 6693/6689 6545/6541 6710/6706
f 6666/6662 6694/6690 6717/6713
f 6660/6656 6659/6655 6718/6714
f 6680/6676 6681/6677 6719/6715
f 6711/6707 6680/6676 6719/6715
f 6719/6715 6681/6677 6705/6701
f 6720/6716 6682/6678 6696/6692
f 6713/6709 6686/6682 6635/6631
f 6648/6644 6721/6717 6722/6718
f 6723/6719 6648/6644 6722/6718
f 6724/6720 2478/2474 6714/6710
f 6714/6710 6626/6622 2548/2544
f 6725/6721 6614/6610 6532/6528
f 6687/6683 6454/6450 6652/6648
f 6596/6592 6638/6634 6688/6684
f 6675/6671 6604/6600 6709/6705
f 6575/6571 6676/6672 6726/6722
f 6678/6674 6329/6325 6727/6723
f 6728/6724 6331/6327 6692/6688
f 2471/2467 2443/2439 2500/2496
f 6657/6653 6658/6654 6693/6689
f 6694/6690 6660/6656 6718/6714
f 6719/6715 6705/6701 6729/6725
f 6729/6725 6705/6701 6682/6678
f 6720/6716 6696/6692 6683/6679
f 6730/6726 6698/6694 6685/6681
f 6685/6681 6699/6695 6731/6727
f 6732/6728 6713/6709 6635/6631
f 2532/2528 2380/2376 2504/2500
f 6699/6695 6713/6709 6731/6727
f 6731/6727 6713/6709 6733/6729
f 6672/6668 6674/6670 6734/6730
f 6415/6411 6566/6562 6735/6731
f 6639/6635 6598/6594 6736/6732
f 6663/6659 6664/6660 6737/6733
f 6509/6505 6560/6556 6738/6734
f 6738/6734 6560/6556 6677/6673
f 6728/6724 6692/6688 6739/6735
f 6656/6652 6657/6653 6740/6736
f 6694/6690 6718/6714 6741/6737
f 6710/6706 6590/6586 6662/6658
f 6667/6663 6695/6691 6742/6738
f 6729/6725 6682/6678 6743/6739
f 6743/6739 6682/6678 6720/6716
f 6662/6658 6650/6646 6744/6740
f 6712/6708 6668/6664 6745/6741
f 6668/6664 6697/6693 6746/6742
f 6745/6741 6668/6664 6746/6742
f 6747/6743 6698/6694 6730/6726
f 6730/6726 6685/6681 6748/6744
f 6748/6744 6685/6681 6731/6727
f 6749/6745 6731/6727 6733/6729
f 6572/6568 6648/6644 6723/6719
f 6700/6696 2342/2338 2666/2662
f 6725/6721 6532/6528 6750/6746
f 6751/6747 6415/6411 6735/6731
f 6688/6684 6639/6635 6736/6732
f 6752/6748 6628/6624 2584/2580
f 2584/2580 6628/6624 6656/6652
f 6702/6698 6629/6625 6753/6749
f 6718/6714 6659/6655 6667/6663
f 6742/6738 6695/6691 6711/6707
f 2532/2528 2504/2500 2518/2514
f 6748/6744 6731/6727 6754/6750
f 6754/6750 6731/6727 6749/6745
f 6733/6729 6713/6709 6755/6751
f 6713/6709 6732/6728 6756/6752
f 6755/6751 6713/6709 6756/6752
f 6723/6719 6650/6646 6572/6568
f 6757/6753 6663/6659 6737/6733
f 6737/6733 6664/6660 6641/6637
f 6758/6754 6641/6637 6690/6686
f 6690/6686 6575/6571 6726/6722
f 6676/6672 6509/6505 6759/6755
f 6759/6755 6509/6505 6738/6734
f 6600/6596 6708/6704 6677/6673
f 2586/2582 6752/6748 2584/2580
f 2584/2580 6656/6652 6760/6756
f 6753/6749 6629/6625 6703/6699
f 6703/6699 6704/6700 6761/6757
f 6761/6757 6704/6700 6666/6662
f 6717/6713 6694/6690 6741/6737
f 6711/6707 6719/6715 6762/6758
f 6763/6759 6662/6658 6744/6740
f 6719/6715 6729/6725 6762/6758
f 6743/6739 6720/6716 6764/6760
f 6720/6716 6683/6679 6765/6761
f 6764/6760 6720/6716 6765/6761
f 6683/6679 6712/6708 6765/6761
f 6744/6740 6650/6646 6723/6719
f 6749/6745 6733/6729 6755/6751
f 6723/6719 6722/6718 6766/6762
f 6767/6763 6724/6720 6714/6710
f 6767/6763 6714/6710 6768/6764
f 6768/6764 6714/6710 2550/2546
f 2550/2546 6714/6710 2548/2544
f 6715/6711 6594/6590 6700/6696
f 6735/6731 6566/6562 6687/6683
f 6596/6592 6688/6684 6769/6765
f 6736/6732 6598/6594 6716/6712
f 6737/6733 6641/6637 6758/6754
f 6760/6756 6656/6652 6740/6736
f 6770/6766 6740/6736 6657/6653
f 6771/6767 6693/6689 6710/6706
f 6762/6758 6729/6725 6743/6739
f 6765/6761 6712/6708 6772/6768
f 6772/6768 6712/6708 6745/6741
f 6747/6743 6730/6726 6773/6769
f 6773/6769 6730/6726 6748/6744
f 6754/6750 6749/6745 6774/6770
f 6749/6745 6755/6751 6774/6770
f 6774/6770 6755/6751 6775/6771
f 6755/6751 6756/6752 6776/6772
f 6775/6771 6755/6751 6776/6772
f 2666/2662 2342/2338 6707/6703
f 6670/6666 6671/6667 6777/6773
f 6778/6774 6672/6668 6734/6730
f 6615/6611 6653/6649 6779/6775
f 6779/6775 6653/6649 6654/6650
f 6654/6650 6675/6671 6780/6776
f 6758/6754 6690/6686 6781/6777
f 6781/6777 6690/6686 6726/6722
f 6691/6687 6678/6674 6782/6778
f 6739/6735 6692/6688 6679/6675
f 6657/6653 6693/6689 6771/6767
f 6761/6757 6666/6662 6717/6713
f 6718/6714 6667/6663 6783/6779
f 6783/6779 6667/6663 6742/6738
f 6784/6780 6710/6706 6662/6658
f 6785/6781 6742/6738 6786/6782
f 6786/6782 6742/6738 6711/6707
f 6764/6760 6765/6761 6787/6783
f 6787/6783 6765/6761 6772/6768
f 6747/6743 6773/6769 6788/6784
f 6773/6769 6748/6744 6754/6750
f 6788/6784 6773/6769 6789/6785
f 6789/6785 6773/6769 6754/6750
f 6754/6750 6774/6770 6790/6786
f 6789/6785 6754/6750 6790/6786
f 6790/6786 6774/6770 6791/6787
f 6791/6787 6774/6770 6775/6771
f 6791/6787 6775/6771 6792/6788
f 6792/6788 6775/6771 6776/6772
f 6776/6772 6756/6752 6793/6789
f 6723/6719 6766/6762 6794/6790
f 6768/6764 2550/2546 2549/2545
f 6779/6775 6654/6650 6780/6776
f 6675/6671 6709/6705 6795/6791
f 6708/6704 6691/6687 6796/6792
f 6796/6792 6691/6687 6782/6778
f 6782/6778 6678/6674 6727/6723
f 6797/6793 6701/6697 6655/6651
f 6709/6705 6665/6661 6798/6794
f 6798/6794 6665/6661 6702/6698
f 6799/6795 6657/6653 6771/6767
f 6783/6779 6742/6738 6785/6781
f 6784/6780 6662/6658 6763/6759
f 6786/6782 6711/6707 6762/6758
f 6800/6796 6762/6758 6743/6739
f 6800/6796 6743/6739 6801/6797
f 6802/6798 6743/6739 6764/6760
f 6803/6799 6744/6740 6723/6719
f 6772/6768 6745/6741 6746/6742
f 6772/6768 6746/6742 6804/6800
f 6804/6800 6746/6742 6805/6801
f 6788/6784 6789/6785 6806/6802
f 6806/6802 6789/6785 6807/6803
f 6807/6803 6789/6785 6790/6786
f 6792/6788 6776/6772 6808/6804
f 6808/6804 6776/6772 6793/6789
f 6808/6804 6793/6789 2575/2571
f 6809/6805 6768/6764 2549/2545
f 2562/2558 2361/2357 6670/6666
f 6738/6734 6677/6673 6810/6806
f 6741/6737 6718/6714 6783/6779
f 6786/6782 6762/6758 6800/6796
f 6801/6797 6743/6739 6802/6798
f 6787/6783 6772/6768 6811/6807
f 6772/6768 6804/6800 6812/6808
f 6811/6807 6772/6768 6812/6808
f 6813/6809 6788/6784 6806/6802
f 6806/6802 6807/6803 6814/6810
f 6813/6809 6806/6802 6815/6811
f 6815/6811 6806/6802 6814/6810
f 6814/6810 6807/6803 6790/6786
f 6792/6788 6808/6804 2578/2574
f 6808/6804 2575/2571 2577/2573
f 2578/2574 6808/6804 2577/2573
f 6814/6810 6790/6786 6816/6812
f 6817/6813 6814/6810 6816/6812
f 6814/6810 6817/6813 6818/6814
f 6790/6786 6791/6787 6816/6812
f 6817/6813 6816/6812 6819/6815
f 6816/6812 6791/6787 6820/6816
f 6816/6812 6820/6816 6819/6815
f 6820/6816 6791/6787 6792/6788
f 6820/6816 6792/6788 2578/2574
f 6820/6816 2578/2574 2579/2575
f 6819/6815 6820/6816 2579/2575
f 2548/2544 6585/6581 6821/6817
f 6821/6817 6585/6581 6706/6702
f 6652/6648 6596/6592 6822/6818
f 6823/6819 6736/6732 6716/6712
f 2726/2722 6689/6685 6640/6636
f 6824/6820 6677/6673 6708/6704
f 6824/6820 6708/6704 6796/6792
f 6655/6651 6689/6685 2726/2722
f 2537/2533 2515/2511 2507/2503
f 6601/6597 6825/6821 6826/6822
f 6827/6823 6702/6698 6753/6749
f 6770/6766 6657/6653 6799/6795
f 6753/6749 6703/6699 6828/6824
f 6828/6824 6703/6699 6829/6825
f 6829/6825 6703/6699 6761/6757
f 6761/6757 6717/6713 6830/6826
f 6830/6826 6717/6713 6831/6827
f 6717/6713 6741/6737 6831/6827
f 6831/6827 6741/6737 6832/6828
f 6832/6828 6741/6737 6783/6779
f 6802/6798 6764/6760 6833/6829
f 6833/6829 6764/6760 6787/6783
f 6834/6830 6804/6800 6835/6831
f 6812/6808 6804/6800 6834/6830
f 6815/6811 6814/6810 6818/6814
f 6836/6832 6815/6811 6818/6814
f 6834/6830 6835/6831 6837/6833
f 6836/6832 6818/6814 6838/6834
f 2579/2575 2577/2573 2576/2572
f 2579/2575 2576/2572 6839/6835
f 6840/6836 6818/6814 6817/6813
f 6840/6836 6817/6813 6841/6837
f 6838/6834 6818/6814 6840/6836
f 6842/6838 6843/6839 6844/6840
f 6841/6837 6817/6813 6819/6815
f 6844/6840 6843/6839 6845/6841
f 6841/6837 6819/6815 6846/6842
f 6845/6841 6843/6839 6847/6843
f 6846/6842 6819/6815 2579/2575
f 6845/6841 6847/6843 6848/6844
f 6846/6842 2579/2575 6839/6835
f 6846/6842 6839/6835 6849/6845
f 6848/6844 6847/6843 6850/6846
f 6848/6844 6850/6846 6851/6847
f 6794/6790 6766/6762 6852/6848
f 6706/6702 6627/6623 6715/6711
f 6853/6849 6716/6712 6615/6611
f 6757/6753 6737/6733 6854/6850
f 6854/6850 6737/6733 6758/6754
f 6781/6777 6726/6722 6855/6851
f 6855/6851 6726/6722 6676/6672
f 6810/6806 6677/6673 6824/6820
f 6771/6767 6710/6706 6784/6780
f 6786/6782 6800/6796 6856/6852
f 6811/6807 6812/6808 6857/6853
f 6857/6853 6812/6808 6834/6830
f 6857/6853 6834/6830 6858/6854
f 6834/6830 6837/6833 6858/6854
f 6837/6833 6859/6855 6860/6856
f 6858/6854 6837/6833 6860/6856
f 6861/6857 6862/6858 6842/6838
f 6861/6857 6842/6838 6863/6859
f 6863/6859 6842/6838 6844/6840
f 6863/6859 6844/6840 6864/6860
f 6864/6860 6844/6840 6845/6841
f 6809/6805 2549/2545 2615/2611
f 2615/2611 2549/2545 2548/2544
f 6821/6817 6706/6702 6865/6861
f 2562/2558 6670/6666 6866/6862
f 6866/6862 6670/6666 6777/6773
f 6853/6849 6615/6611 6779/6775
f 6780/6776 6675/6671 6795/6791
f 6795/6791 6709/6705 6798/6794
f 2726/2722 6640/6636 6867/6863
f 6640/6636 6663/6659 6867/6863
f 6867/6863 6663/6659 6757/6753
f 6739/6735 6679/6675 6868/6864
f 2537/2533 2507/2503 2602/2598
f 6679/6675 6601/6597 6869/6865
f 6869/6865 6601/6597 6826/6822
f 6798/6794 6702/6698 6827/6823
f 2603/2599 2584/2580 6760/6756
f 6783/6779 6785/6781 6870/6866
f 6871/6867 6786/6782 6856/6852
f 6856/6852 6800/6796 6801/6797
f 6801/6797 6802/6798 6872/6868
f 6872/6868 6802/6798 6833/6829
f 6873/6869 6858/6854 6874/6870
f 6874/6870 6858/6854 6860/6856
f 2614/2610 6809/6805 2615/2611
f 2615/2611 2548/2544 2613/2609
f 6865/6861 6706/6702 6875/6871
f 6875/6871 6706/6702 6715/6711
f 6822/6818 6596/6592 6769/6765
f 6855/6851 6676/6672 6759/6755
f 6876/6872 6782/6778 6727/6723
f 6868/6864 6679/6675 6869/6865
f 6760/6756 6740/6736 6770/6766
f 6877/6873 6832/6828 6783/6779
f 6785/6781 6786/6782 6878/6874
f 6856/6852 6801/6797 6872/6868
f 6787/6783 6811/6807 6879/6875
f 6879/6875 6811/6807 6880/6876
f 6811/6807 6857/6853 6880/6876
f 6857/6853 6858/6854 6880/6876
f 6880/6876 6858/6854 6873/6869
f 6881/6877 6723/6719 6794/6790
f 6882/6878 6861/6857 6883/6879
f 6883/6879 6861/6857 6863/6859
f 6864/6860 6845/6841 6884/6880
f 6885/6881 6845/6841 6848/6844
f 6885/6881 6848/6844 6851/6847
f 2613/2609 2548/2544 6821/6817
f 6886/6882 6757/6753 6854/6850
f 6877/6873 6783/6779 6887/6883
f 6870/6866 6785/6781 6878/6874
f 6856/6852 6872/6868 6888/6884
f 6889/6885 6787/6783 6879/6875
f 6883/6879 6863/6859 6890/6886
f 6890/6886 6863/6859 6864/6860
f 2638/2634 2613/2609 6821/6817
f 2664/2660 2666/2662 6707/6703
f 6735/6731 6687/6683 6891/6887
f 6827/6823 6753/6749 6892/6888
f 6893/6889 6799/6795 6771/6767
f 6829/6825 6761/6757 6830/6826
f 6830/6826 6831/6827 6877/6873
f 6877/6873 6831/6827 6832/6828
f 6783/6779 6870/6866 6887/6883
f 6871/6867 6856/6852 6888/6884
f 6894/6890 6871/6867 6888/6884
f 6895/6891 6872/6868 6833/6829
f 6833/6829 6787/6783 6889/6885
f 6803/6799 6723/6719 6881/6877
f 6890/6886 6864/6860 6884/6880
f 6884/6880 6845/6841 6885/6881
f 6715/6711 6700/6696 6896/6892
f 6896/6892 6700/6696 2666/2662
f 6897/6893 6854/6850 6758/6754
f 6898/6894 6758/6754 6781/6777
f 6759/6755 6738/6734 6899/6895
f 2670/2666 2603/2599 2668/2664
f 2668/2664 2603/2599 6760/6756
f 6900/6896 6760/6756 6770/6766
f 6893/6889 6771/6767 6784/6780
f 6878/6874 6786/6782 6871/6867
f 6784/6780 6763/6759 6901/6897
f 6888/6884 6872/6868 6902/6898
f 6903/6899 6880/6876 6873/6869
f 6885/6881 6851/6847 6904/6900
f 6852/6848 6905/6901 6906/6902
f 6907/6903 2624/2620 2638/2634
f 6875/6871 6715/6711 6896/6892
f 6751/6747 6735/6731 6908/6904
f 6769/6765 6688/6684 6909/6905
f 6867/6863 6757/6753 6910/6906
f 2724/2720 6867/6863 6910/6906
f 6910/6906 6757/6753 6886/6882
f 6886/6882 6854/6850 6897/6893
f 6897/6893 6758/6754 6898/6894
f 6899/6895 6738/6734 6810/6806
f 6911/6907 6796/6792 6876/6872
f 6796/6792 6782/6778 6876/6872
f 6797/6793 6655/6651 6912/6908
f 6912/6908 6655/6651 2726/2722
f 6913/6909 6829/6825 6830/6826
f 6763/6759 6744/6740 6803/6799
f 6872/6868 6895/6891 6914/6910
f 6882/6878 6883/6879 6915/6911
f 6915/6911 6883/6879 6890/6886
f 6916/6912 6652/6648 6822/6818
f 6688/6684 6736/6732 6909/6905
f 6909/6905 6736/6732 6823/6819
f 2726/2722 6867/6863 2724/2720
f 6917/6913 6797/6793 6912/6908
f 2668/2664 6760/6756 6900/6896
f 6900/6896 6770/6766 6918/6914
f 6918/6914 6770/6766 6799/6795
f 6870/6866 6878/6874 6919/6915
f 6902/6898 6872/6868 6914/6910
f 6895/6891 6833/6829 6889/6885
f 6889/6885 6879/6875 6920/6916
f 6920/6916 6879/6875 6880/6876
f 6903/6899 6873/6869 6921/6917
f 6873/6869 6874/6870 6922/6918
f 6921/6917 6873/6869 6922/6918
f 6923/6919 6882/6878 6915/6911
f 6794/6790 6852/6848 6881/6877
f 6881/6877 6852/6848 6906/6902
f 6896/6892 2666/2662 2665/2661
f 6894/6890 6888/6884 6902/6898
f 6920/6916 6880/6876 6924/6920
f 6924/6920 6880/6876 6903/6899
f 6687/6683 6652/6648 6916/6912
f 6925/6921 6876/6872 6727/6723
f 6926/6922 6868/6864 6869/6865
f 6827/6823 6892/6888 6927/6923
f 6928/6924 6830/6826 6877/6873
f 6929/6925 6877/6873 6887/6883
f 6878/6874 6871/6867 6930/6926
f 6930/6926 6871/6867 6894/6890
f 6890/6886 6884/6880 6931/6927
f 6931/6927 6884/6880 6885/6881
f 6931/6927 6885/6881 6932/6928
f 6907/6903 2638/2634 6933/6929
f 6933/6929 2638/2634 6934/6930
f 2638/2634 6821/6817 6934/6930
f 6865/6861 6875/6871 6935/6931
f 6936/6932 6725/6721 6750/6746
f 6823/6819 6716/6712 6853/6849
f 6937/6933 6855/6851 6759/6755
f 6810/6806 6824/6820 6938/6934
f 6824/6820 6796/6792 6911/6907
f 2676/2672 2641/2637 6939/6935
f 6940/6936 6830/6826 6928/6924
f 6928/6924 6877/6873 6941/6937
f 6887/6883 6870/6866 6919/6915
f 6942/6938 6784/6780 6901/6897
f 6943/6939 6902/6898 6914/6910
f 6943/6939 6914/6910 6895/6891
f 6895/6891 6889/6885 6944/6940
f 6889/6885 6920/6916 6945/6941
f 6945/6941 6920/6916 6946/6942
f 6946/6942 6920/6916 6924/6920
f 6932/6928 6885/6881 6904/6900
f 6908/6904 6735/6731 6891/6887
f 6910/6906 6886/6882 6897/6893
f 6897/6893 6898/6894 6947/6943
f 6898/6894 6781/6777 6947/6943
f 6781/6777 6855/6851 6937/6933
f 6947/6943 6781/6777 6937/6933
f 6759/6755 6899/6895 6937/6933
f 6899/6895 6810/6806 6938/6934
f 6938/6934 6824/6820 6911/6907
f 6795/6791 6798/6794 6827/6823
f 2537/2533 2602/2598 2696/2692
f 6892/6888 6753/6749 6828/6824
f 6941/6937 6877/6873 6929/6925
f 6929/6925 6887/6883 6919/6915
f 6929/6925 6919/6915 6948/6944
f 6919/6915 6878/6874 6930/6926
f 6944/6940 6889/6885 6945/6941
f 6921/6917 6922/6918 6949/6945
f 6950/6946 6923/6919 6915/6911
f 6934/6930 6821/6817 6865/6861
f 6853/6849 6779/6775 6951/6947
f 6910/6906 6897/6893 6947/6943
f 6937/6933 6899/6895 6938/6934
f 6911/6907 6876/6872 6925/6921
f 6952/6948 6868/6864 6926/6922
f 2701/2697 2537/2533 2696/2692
f 6893/6889 6784/6780 6953/6949
f 6894/6890 6902/6898 6954/6950
f 6943/6939 6895/6891 6944/6940
f 6924/6920 6903/6899 6955/6951
f 6955/6951 6903/6899 6921/6917
f 6934/6930 6865/6861 6956/6952
f 2562/2558 6866/6862 6957/6953
f 6957/6953 6866/6862 6777/6773
f 6778/6774 6734/6730 6958/6954
f 6823/6819 6853/6849 6951/6947
f 6959/6955 6947/6943 6937/6933
f 6960/6956 6937/6933 6938/6934
f 6960/6956 6938/6934 6961/6957
f 6938/6934 6911/6907 6962/6958
f 6962/6958 6911/6907 6963/6959
f 6963/6959 6911/6907 6925/6921
f 6918/6914 6799/6795 6964/6960
f 6964/6960 6799/6795 6893/6889
f 6953/6949 6784/6780 6942/6938
f 6954/6950 6902/6898 6943/6939
f 6955/6951 6921/6917 6965/6961
f 6965/6961 6921/6917 6949/6945
f 6935/6931 6875/6871 6896/6892
f 2716/2712 2562/2558 6957/6953
f 6909/6905 6823/6819 6966/6962
f 6967/6963 6779/6775 6780/6776
f 6968/6964 6780/6776 6795/6791
f 2724/2720 6910/6906 6969/6965
f 6970/6966 6910/6906 6971/6967
f 6910/6906 6947/6943 6971/6967
f 6972/6968 6937/6933 6960/6956
f 6961/6957 6938/6934 6962/6958
f 6728/6724 6739/6735 6973/6969
f 6974/6970 6918/6914 6964/6960
f 6975/6971 6829/6825 6913/6909
f 6976/6972 6893/6889 6953/6949
f 6975/6971 6913/6909 6830/6826
f 6975/6971 6830/6826 6940/6936
f 6948/6944 6919/6915 6930/6926
f 6930/6926 6894/6890 6977/6973
f 6977/6973 6894/6890 6954/6950
f 6954/6950 6943/6939 6978/6974
f 6901/6897 6763/6759 6803/6799
f 6943/6939 6944/6940 6978/6974
f 6950/6946 6915/6911 6979/6975
f 6979/6975 6915/6911 6890/6886
f 6957/6953 6777/6773 6980/6976
f 6981/6977 6778/6774 6958/6954
f 6891/6887 6687/6683 6916/6912
f 6823/6819 6951/6947 6982/6978
f 6951/6947 6779/6775 6967/6963
f 6967/6963 6780/6776 6968/6964
f 6971/6967 6947/6943 6959/6955
f 6912/6908 2726/2722 6983/6979
f 6983/6979 2726/2722 2725/2721
f 2727/2723 2668/2664 6900/6896
f 6927/6923 6892/6888 6984/6980
f 6892/6888 6828/6824 6985/6981
f 6828/6824 6829/6825 6985/6981
f 6986/6982 6944/6940 6945/6941
f 6955/6951 6946/6942 6924/6920
f 6979/6975 6890/6886 6987/6983
f 6987/6983 6890/6886 6931/6927
f 6932/6928 6904/6900 6988/6984
f 6989/6985 6907/6903 6933/6929
f 6966/6962 6823/6819 6982/6978
f 2725/2721 2724/2720 6969/6965
f 6990/6986 6918/6914 6974/6970
f 6964/6960 6893/6889 6976/6972
f 6985/6981 6829/6825 6975/6971
f 6901/6897 6803/6799 6991/6987
f 6944/6940 6986/6982 6992/6988
f 6986/6982 6945/6941 6993/6989
f 6945/6941 6946/6942 6993/6989
f 6993/6989 6946/6942 6955/6951
f 6967/6963 6968/6964 6994/6990
f 6995/6991 6925/6921 6727/6723
f 6900/6896 6918/6914 6990/6986
f 6984/6980 6892/6888 6985/6981
f 6929/6925 6948/6944 6996/6992
f 6996/6992 6948/6944 6997/6993
f 6997/6993 6930/6926 6998/6994
f 6930/6926 6977/6973 6998/6994
f 6977/6973 6954/6950 6978/6974
f 6978/6974 6944/6940 6992/6988
f 6999/6995 6978/6974 6992/6988
f 6993/6989 6955/6951 7000/6996
f 6931/6927 6932/6928 7001/6997
f 7002/6998 6769/6765 6909/6905
f 6951/6947 6967/6963 7003/6999
f 6969/6965 6910/6906 6970/6966
f 6959/6955 6937/6933 7004/7000
f 6917/6913 6912/6908 7005/7001
f 7005/7001 6912/6908 6983/6979
f 6739/6735 6868/6864 6952/6948
f 6975/6971 6940/6936 6928/6924
f 6975/6971 6928/6924 7006/7002
f 7006/7002 6928/6924 6941/6937
f 6941/6937 6929/6925 6996/6992
f 6948/6944 6930/6926 6997/6993
f 6977/6973 6978/6974 6999/6995
f 7000/6996 6955/6951 6965/6961
f 6965/6961 6949/6945 7007/7003
f 7008/7004 6950/6946 6979/6975
f 7008/7004 6979/6975 6987/6983
f 6891/6887 6916/6912 7009/7005
f 6822/6818 6769/6765 7002/6998
f 6969/6965 6970/6966 7010/7006
f 6963/6959 6925/6921 6995/6991
f 7011/7007 6795/6791 6827/6823
f 2727/2723 6900/6896 7012/7008
f 7011/7007 6827/6823 6927/6923
f 7006/7002 6941/6937 7013/7009
f 7013/7009 6941/6937 6996/6992
f 7014/7010 6996/6992 6997/6993
f 6992/6988 6986/6982 7015/7011
f 7015/7011 6986/6982 6993/6989
f 6989/6985 6933/6929 7016/7012
f 7017/7013 6989/6985 7016/7012
f 6933/6929 6934/6930 7016/7012
f 6935/6931 6896/6892 7018/7014
f 7018/7014 6896/6892 2665/2661
f 7019/7015 6982/6978 6951/6947
f 6968/6964 6795/6791 7011/7007
f 6985/6981 6975/6971 7020/7016
f 7020/7016 6975/6971 7006/7002
f 7013/7009 6996/6992 7021/7017
f 7021/7017 6996/6992 7014/7010
f 7014/7010 6997/6993 7022/7018
f 7022/7018 6997/6993 6998/6994
f 7023/7019 6999/6995 6992/6988
f 7023/7019 6992/6988 7024/7020
f 7015/7011 6993/6989 7025/7021
f 7018/7014 2665/2661 7026/7022
f 2665/2661 2664/2660 7027/7023
f 7028/7024 6909/6905 6966/6962
f 7019/7015 6951/6947 7003/6999
f 6970/6966 6971/6967 7029/7025
f 7010/7006 6970/6966 7029/7025
f 6971/6967 6959/6955 7029/7025
f 7029/7025 6959/6955 7004/7000
f 7004/7000 6937/6933 6972/6968
f 7030/7026 6972/6968 6960/6956
f 6974/6970 6964/6960 6976/6972
f 7031/7027 6998/6994 6977/6973
f 7023/7019 6977/6973 6999/6995
f 6901/6897 6991/6987 7032/7028
f 7024/7020 6992/6988 7015/7011
f 6991/6987 6803/6799 7033/7029
f 7033/7029 6803/6799 6881/6877
f 7025/7021 6993/6989 7000/6996
f 7034/7030 7000/6996 6965/6961
f 6987/6983 6931/6927 7035/7031
f 6881/6877 6906/6902 7036/7032
f 7036/7032 6906/6902 7037/7033
f 7036/7032 7037/7033 7038/7034
f 7039/7035 6751/6747 7040/7036
f 7040/7036 6751/6747 6908/6904
f 7040/7036 6908/6904 7041/7037
f 7041/7037 6908/6904 7042/7038
f 7003/6999 6967/6963 6994/6990
f 7030/7026 6960/6956 2879/2875
f 2879/2875 6960/6956 6961/6957
f 2827/2823 2755/2751 2746/2742
f 2803/2799 2717/2713 2697/2693
f 7011/7007 6927/6923 7043/7039
f 7012/7008 6900/6896 6990/6986
f 6985/6981 7020/7016 7044/7040
f 6953/6949 6942/6938 7045/7041
f 7022/7018 6998/6994 7031/7027
f 7031/7027 6977/6973 7046/7042
f 7025/7021 7000/6996 7034/7030
f 7001/6997 6932/6928 6988/6984
f 6956/6952 6865/6861 7047/7043
f 7026/7022 2665/2661 7027/7023
f 7042/7038 6908/6904 6891/6887
f 6916/6912 6822/6818 7002/6998
f 7048/7044 7010/7006 7029/7025
f 7049/7045 7029/7025 7004/7000
f 7004/7000 6972/6968 7050/7046
f 7049/7045 7004/7000 7050/7046
f 2827/2823 2746/2742 2797/2793
f 7043/7039 6927/6923 6984/6980
f 7044/7040 7020/7016 7051/7047
f 7052/7048 7006/7002 7013/7009
f 6942/6938 6901/6897 7045/7041
f 7053/7049 7021/7017 7014/7010
f 7054/7050 6901/6897 7032/7028
f 7053/7049 7014/7010 7055/7051
f 7055/7051 7014/7010 7022/7018
f 7046/7042 6977/6973 7023/7019
f 7056/7052 7023/7019 7024/7020
f 7056/7052 7024/7020 7015/7011
f 7035/7031 6931/6927 7001/6997
f 6916/6912 7002/6998 7057/7053
f 7002/6998 6909/6905 7028/7024
f 7028/7024 6966/6962 7058/7054
f 6994/6990 6968/6964 7059/7055
f 7060/7056 6972/6968 7030/7026
f 7061/7057 6962/6958 6963/6959
f 7059/7055 6968/6964 7011/7007
f 7011/7007 7043/7039 7059/7055
f 6990/6986 6974/6970 7062/7058
f 6976/6972 6953/6949 7063/7059
f 7051/7047 7020/7016 7006/7002
f 7013/7009 7021/7017 7052/7048
f 7046/7042 7023/7019 7064/7060
f 7034/7030 6965/6961 7065/7061
f 7065/7061 6965/6961 7007/7003
f 7008/7004 6987/6983 7066/7062
f 7066/7062 6987/6983 7035/7031
f 7067/7063 7016/7012 6934/6930
f 7047/7043 6865/6861 7068/7064
f 7068/7064 6865/6861 6935/6931
f 7068/7064 6935/6931 7018/7014
f 6981/6977 6958/6954 7069/7065
f 7042/7038 6891/6887 7009/7005
f 6966/6962 6982/6978 7058/7054
f 7070/7066 6969/6965 7071/7067
f 6969/6965 7010/7006 7071/7067
f 7050/7046 6972/6968 7060/7056
f 7072/7068 6917/6913 7005/7001
f 6983/6979 2725/2721 7073/7069
f 7062/7058 6974/6970 6976/6972
f 6984/6980 6985/6981 7044/7040
f 7052/7048 7021/7017 7074/7070
f 7045/7041 6901/6897 7054/7050
f 7075/7071 7022/7018 7031/7027
f 7064/7060 7023/7019 7056/7052
f 7076/7072 7064/7060 7056/7052
f 7056/7052 7015/7011 7077/7073
f 7077/7073 7015/7011 7025/7021
f 7077/7073 7025/7021 7078/7074
f 7079/7075 7017/7013 7016/7012
f 7080/7076 7039/7035 7040/7036
f 7057/7053 7009/7005 6916/6912
f 7057/7053 7002/6998 7028/7024
f 2879/2875 6961/6957 6962/6958
f 7061/7057 6963/6959 7081/7077
f 7081/7077 6963/6959 6995/6991
f 6995/6991 6727/6723 7082/7078
f 7083/7079 6728/6724 6973/6969
f 7051/7047 7006/7002 7084/7080
f 7021/7017 7053/7049 7074/7070
f 7055/7051 7022/7018 7075/7071
f 7078/7074 7025/7021 7034/7030
f 7085/7081 7035/7031 7001/6997
f 7001/6997 6988/6984 7086/7082
f 6957/6953 6980/6976 7087/7083
f 7088/7084 6981/6977 7069/7065
f 7071/7067 7010/7006 7089/7085
f 7089/7085 7010/7006 7048/7044
f 7090/7086 7048/7044 7029/7025
f 7090/7086 7029/7025 7049/7045
f 7005/7001 6983/6979 7073/7069
f 7073/7069 2725/2721 7070/7066
f 6984/6980 7044/7040 7091/7087
f 7084/7080 7006/7002 7052/7048
f 7075/7071 7031/7027 7092/7088
f 7092/7088 7031/7027 7046/7042
f 7065/7061 7007/7003 7093/7089
f 7094/7090 7008/7004 7066/7062
f 7095/7091 7001/6997 7086/7082
f 7033/7029 6881/6877 7036/7032
f 7096/7092 7009/7005 7057/7053
f 6982/6978 7019/7015 7097/7093
f 7070/7066 2725/2721 6969/6965
f 2879/2875 6962/6958 2880/2876
f 2880/2876 6962/6958 7061/7057
f 6973/6969 6739/6735 7098/7094
f 7098/7094 6739/6735 6952/6948
f 7043/7039 6984/6980 7091/7087
f 7062/7058 6976/6972 7063/7059
f 7063/7059 6953/6949 7099/7095
f 7099/7095 6953/6949 7045/7041
f 7100/7096 7084/7080 7052/7048
f 7074/7070 7053/7049 7055/7051
f 7092/7088 7046/7042 7101/7097
f 7032/7028 6991/6987 7102/7098
f 7101/7097 7046/7042 7064/7060
f 7103/7099 6991/6987 7033/7029
f 7076/7072 7056/7052 7104/7100
f 7104/7100 7056/7052 7077/7073
f 7078/7074 7034/7030 7105/7101
f 7105/7101 7034/7030 7065/7061
f 7106/7102 7057/7053 7028/7024
f 7097/7093 7019/7015 7003/6999
f 7072/7068 7005/7001 7073/7069
f 7107/7103 6952/6948 6926/6922
f 7108/7104 2727/2723 7012/7008
f 7109/7105 7051/7047 7084/7080
f 7052/7048 7074/7070 7110/7106
f 7074/7070 7055/7051 7110/7106
f 7055/7051 7075/7071 7111/7107
f 7111/7107 7075/7071 7092/7088
f 7101/7097 7064/7060 7112/7108
f 7112/7108 7064/7060 7076/7072
f 7102/7098 6991/6987 7103/7099
f 7113/7109 6956/6952 7047/7043
f 2716/2712 6957/6953 7114/7110
f 2857/2853 2716/2712 7114/7110
f 7114/7110 6957/6953 7087/7083
f 7042/7038 7009/7005 7096/7092
f 7115/7111 7070/7066 7116/7112
f 7070/7066 7071/7067 7116/7112
f 2827/2823 2797/2793 2861/2857
f 7100/7096 7052/7048 7110/7106
f 7110/7106 7055/7051 7117/7113
f 7117/7113 7055/7051 7111/7107
f 7054/7050 7032/7028 7102/7098
f 7111/7107 7092/7088 7101/7097
f 7112/7108 7076/7072 7104/7100
f 7105/7101 7065/7061 7118/7114
f 7118/7114 7065/7061 7093/7089
f 7119/7115 7033/7029 7036/7032
f 7067/7063 6934/6930 7113/7109
f 6934/6930 6956/6952 7113/7109
f 7088/7084 7069/7065 7120/7116
f 7030/7026 2879/2875 7121/7117
f 7012/7008 6990/6986 7122/7118
f 7122/7118 6990/6986 7062/7058
f 7109/7105 7084/7080 7100/7096
f 7077/7073 7078/7074 7123/7119
f 7068/7064 7018/7014 7124/7120
f 7124/7120 7018/7014 7026/7022
f 7041/7037 7042/7038 7125/7121
f 7125/7121 7042/7038 7096/7092
f 7058/7054 6982/6978 7097/7093
f 7003/6999 6994/6990 7126/7122
f 7126/7122 6994/6990 7059/7055
f 7089/7085 7048/7044 7090/7086
f 7127/7123 7049/7045 7050/7046
f 7128/7124 7091/7087 7044/7040
f 7044/7040 7051/7047 7109/7105
f 7101/7097 7112/7108 7129/7125
f 7112/7108 7104/7100 7130/7126
f 7079/7075 7016/7012 7131/7127
f 7131/7127 7016/7012 7067/7063
f 7116/7112 7071/7067 7089/7085
f 7060/7056 7030/7026 7121/7117
f 7121/7117 2879/2875 2881/2877
f 7132/7128 7050/7046 7060/7056
f 7128/7124 7044/7040 7133/7129
f 7133/7129 7044/7040 7109/7105
f 7109/7105 7100/7096 7134/7130
f 7134/7130 7100/7096 7135/7131
f 7135/7131 7100/7096 7110/7106
f 7135/7131 7110/7106 7117/7113
f 7117/7113 7111/7107 7136/7132
f 7111/7107 7101/7097 7129/7125
f 7136/7132 7111/7107 7129/7125
f 7129/7125 7112/7108 7130/7126
f 7130/7126 7104/7100 7137/7133
f 7137/7133 7104/7100 7077/7073
f 7137/7133 7077/7073 7123/7119
f 7078/7074 7105/7101 7123/7119
f 7123/7119 7105/7101 7138/7134
f 7118/7114 7093/7089 7139/7135
f 7140/7136 7080/7076 7040/7036
f 7141/7137 7028/7024 7058/7054
f 7097/7093 7003/6999 7142/7138
f 7081/7077 6995/6991 7143/7139
f 7143/7139 6995/6991 7082/7078
f 7059/7055 7043/7039 7144/7140
f 2828/2824 2827/2823 2861/2857
f 7145/7141 6926/6922 6869/6865
f 7135/7131 7117/7113 7146/7142
f 7146/7142 7117/7113 7136/7132
f 7138/7134 7105/7101 7118/7114
f 7147/7143 7094/7090 7066/7062
f 7057/7053 7106/7102 7148/7144
f 7126/7122 7059/7055 7149/7145
f 7150/7146 7070/7066 7115/7111
f 7072/7068 7073/7069 7151/7147
f 7151/7147 7073/7069 7150/7146
f 7073/7069 7070/7066 7150/7146
f 7107/7103 6926/6922 7145/7141
f 7152/7148 7109/7105 7134/7130
f 7153/7149 7129/7125 7130/7126
f 7036/7032 7038/7034 7154/7150
f 7026/7022 7027/7023 3087/3083
f 7090/7086 7049/7045 7127/7123
f 7122/7118 7062/7058 7155/7151
f 7062/7058 7063/7059 7155/7151
f 7109/7105 7152/7148 7133/7129
f 7099/7095 7045/7041 7156/7152
f 7156/7152 7045/7041 7054/7050
f 7157/7153 7136/7132 7129/7125
f 7153/7149 7130/7126 7158/7154
f 7159/7155 7123/7119 7138/7134
f 7160/7156 7035/7031 7085/7081
f 7068/7064 7124/7120 7161/7157
f 7096/7092 7057/7053 7148/7144
f 7115/7111 7116/7112 7089/7085
f 7127/7123 7050/7046 7162/7158
f 7050/7046 7132/7128 7162/7158
f 7043/7039 7091/7087 7128/7124
f 7152/7148 7134/7130 7163/7159
f 7134/7130 7135/7131 7163/7159
f 7163/7159 7135/7131 7164/7160
f 7164/7160 7146/7142 7165/7161
f 7157/7153 7146/7142 7136/7132
f 7157/7153 7129/7125 7153/7149
f 7166/7162 7137/7133 7123/7119
f 7166/7162 7123/7119 7159/7155
f 7147/7143 7066/7062 7167/7163
f 7167/7163 7066/7062 7035/7031
f 7168/7164 7079/7075 7131/7127
f 7047/7043 7068/7064 7161/7157
f 7106/7102 7028/7024 7169/7165
f 7169/7165 7028/7024 7141/7137
f 7115/7111 7089/7085 7170/7166
f 3032/3028 7072/7068 7151/7147
f 7132/7128 7060/7056 7121/7117
f 7083/7079 6973/6969 7171/7167
f 7171/7167 6973/6969 7098/7094
f 7172/7168 7043/7039 7128/7124
f 7128/7124 7133/7129 7173/7169
f 7173/7169 7133/7129 7152/7148
f 7164/7160 7135/7131 7146/7142
f 7158/7154 7130/7126 7174/7170
f 7174/7170 7130/7126 7137/7133
f 2956/2952 7067/7063 7113/7109
f 3089/3085 7026/7022 3087/3083
f 7175/7171 7125/7121 7096/7092
f 7141/7137 7058/7054 7176/7172
f 7176/7172 7058/7054 7097/7093
f 7089/7085 7090/7086 7177/7173
f 7177/7173 7090/7086 7127/7123
f 7149/7145 7059/7055 7144/7140
f 7098/7094 6952/6948 7107/7103
f 7144/7140 7043/7039 7172/7168
f 7156/7152 7063/7059 7099/7095
f 7174/7170 7137/7133 7166/7162
f 7178/7174 7159/7155 7138/7134
f 7178/7174 7138/7134 7118/7114
f 7167/7163 7035/7031 7160/7156
f 7085/7081 7001/6997 7095/7091
f 7131/7127 7067/7063 2956/2952
f 2958/2954 7131/7127 2956/2952
f 7114/7110 7087/7083 7179/7175
f 7180/7176 7088/7084 7120/7116
f 7142/7138 7003/6999 7126/7122
f 7170/7166 7089/7085 7177/7173
f 7181/7177 7150/7146 7115/7111
f 2880/2876 7061/7057 7182/7178
f 2828/2824 2861/2857 2937/2933
f 6869/6865 6826/6822 7183/7179
f 7012/7008 7122/7118 7184/7180
f 7152/7148 7163/7159 7185/7181
f 7165/7161 7146/7142 7186/7182
f 7186/7182 7146/7142 7157/7153
f 7186/7182 7157/7153 7187/7183
f 7166/7162 7159/7155 7188/7184
f 7178/7174 7118/7114 7189/7185
f 7189/7185 7118/7114 7139/7135
f 7160/7156 7085/7081 7190/7186
f 2857/2853 7114/7110 3014/3010
f 3014/3010 7114/7110 7179/7175
f 7148/7144 7106/7102 7169/7165
f 7176/7172 7097/7093 7191/7187
f 7142/7138 7126/7122 7149/7145
f 7181/7177 7151/7147 7150/7146
f 7192/7188 7177/7173 7127/7123
f 7192/7188 7127/7123 7162/7158
f 7193/7189 7132/7128 7121/7117
f 7121/7117 2881/2877 7194/7190
f 7182/7178 7061/7057 7081/7077
f 3004/3000 2828/2824 2937/2933
f 7108/7104 7012/7008 7184/7180
f 7195/7191 7163/7159 7164/7160
f 7157/7153 7153/7149 7196/7192
f 7187/7183 7157/7153 7196/7192
f 7196/7192 7153/7149 7158/7154
f 7188/7184 7159/7155 7178/7174
f 7189/7185 7139/7135 7197/7193
f 7198/7194 7147/7143 7199/7195
f 7199/7195 7147/7143 7167/7163
f 7119/7115 7036/7032 7200/7196
f 7201/7197 7202/7198 7203/7199
f 7204/7200 7040/7036 7041/7037
f 7041/7037 7125/7121 7205/7201
f 2881/2877 2880/2876 7182/7178
f 7194/7190 2881/2877 7182/7178
f 7206/7202 7108/7104 7184/7180
f 7152/7148 7185/7181 7207/7203
f 7103/7099 7033/7029 7119/7115
f 7208/7204 7047/7043 7161/7157
f 7124/7120 7026/7022 3089/3085
f 7205/7201 7125/7121 7175/7171
f 7209/7205 7096/7092 7148/7144
f 7191/7187 7097/7093 7142/7138
f 7210/7206 7121/7117 7194/7190
f 7143/7139 7082/7078 7211/7207
f 7185/7181 7163/7159 7212/7208
f 7212/7208 7163/7159 7195/7191
f 7213/7209 7164/7160 7165/7161
f 7102/7098 7103/7099 7214/7210
f 7188/7184 7178/7174 7215/7211
f 7215/7211 7178/7174 7189/7185
f 7190/7186 7085/7081 7095/7091
f 7208/7204 7113/7109 7047/7043
f 7204/7200 7041/7037 7216/7212
f 7216/7212 7041/7037 7205/7201
f 7175/7171 7096/7092 7209/7205
f 7191/7187 7142/7138 7217/7213
f 3032/3028 7151/7147 7218/7214
f 7218/7214 7151/7147 7181/7177
f 7115/7111 7170/7166 7219/7215
f 7162/7158 7132/7128 7193/7189
f 7193/7189 7121/7117 7210/7206
f 7081/7077 7143/7139 7220/7216
f 7182/7178 7081/7077 7220/7216
f 7221/7217 7107/7103 7145/7141
f 7172/7168 7128/7124 7222/7218
f 7223/7219 7155/7151 7063/7059
f 7128/7124 7173/7169 7222/7218
f 7063/7059 7156/7152 7223/7219
f 7222/7218 7173/7169 7152/7148
f 7207/7203 7185/7181 7212/7208
f 7224/7220 7156/7152 7054/7050
f 7213/7209 7195/7191 7164/7160
f 7213/7209 7165/7161 7225/7221
f 7165/7161 7186/7182 7225/7221
f 7054/7050 7102/7098 7214/7210
f 7186/7182 7187/7183 7226/7222
f 7196/7192 7158/7154 7227/7223
f 7227/7223 7158/7154 7174/7170
f 7227/7223 7174/7170 7166/7162
f 2957/2953 2956/2952 7113/7109
f 7161/7157 7124/7120 7228/7224
f 7228/7224 7124/7120 3089/3085
f 7180/7176 7120/7116 7229/7225
f 7230/7226 7201/7197 7203/7199
f 7181/7177 7115/7111 7219/7215
f 7219/7215 7170/7166 7177/7173
f 7219/7215 7177/7173 7231/7227
f 7232/7228 7177/7173 7192/7188
f 7222/7218 7152/7148 7233/7229
f 7233/7229 7152/7148 7207/7203
f 7224/7220 7054/7050 7214/7210
f 7234/7230 7186/7182 7226/7222
f 7226/7222 7187/7183 7235/7231
f 7235/7231 7187/7183 7196/7192
f 7214/7210 7103/7099 7236/7232
f 7236/7232 7103/7099 7237/7233
f 7227/7223 7166/7162 7238/7234
f 7238/7234 7166/7162 7239/7235
f 7239/7235 7166/7162 7188/7184
f 7103/7099 7119/7115 7200/7196
f 7200/7196 7036/7032 7154/7150
f 2985/2981 2921/2917 2857/2853
f 7148/7144 7169/7165 7209/7205
f 7240/7236 7169/7165 7241/7237
f 7169/7165 7141/7137 7241/7237
f 7141/7137 7176/7172 7241/7237
f 7241/7237 7176/7172 7242/7238
f 7176/7172 7191/7187 7242/7238
f 7217/7213 7142/7138 7243/7239
f 7220/7216 7143/7139 7211/7207
f 7155/7151 7223/7219 7244/7240
f 7233/7229 7207/7203 7212/7208
f 7196/7192 7227/7223 7245/7241
f 7189/7185 7197/7193 7246/7242
f 7247/7243 7198/7194 7199/7195
f 2957/2953 7113/7109 7248/7244
f 7113/7109 7208/7204 7248/7244
f 7208/7204 7161/7157 7249/7245
f 7249/7245 7161/7157 7250/7246
f 3030/3026 3032/3028 7218/7214
f 7218/7214 7181/7177 7251/7247
f 7231/7227 7177/7173 7232/7228
f 7232/7228 7192/7188 7193/7189
f 7193/7189 7192/7188 7162/7158
f 7149/7145 7144/7140 7252/7248
f 3004/3000 2937/2933 2997/2993
f 7252/7248 7144/7140 7172/7168
f 7184/7180 7122/7118 7253/7249
f 7122/7118 7155/7151 7244/7240
f 7253/7249 7122/7118 7244/7240
f 7254/7250 7172/7168 7222/7218
f 7254/7250 7222/7218 7255/7251
f 7233/7229 7212/7208 7195/7191
f 7195/7191 7213/7209 7225/7221
f 7225/7221 7186/7182 7256/7252
f 7256/7252 7186/7182 7234/7230
f 7234/7230 7226/7222 7235/7231
f 7235/7231 7196/7192 7245/7241
f 7245/7241 7227/7223 7238/7234
f 7188/7184 7215/7211 7257/7253
f 7257/7253 7215/7211 7258/7254
f 7215/7211 7189/7185 7246/7242
f 7247/7243 7199/7195 7259/7255
f 7199/7195 7167/7163 7260/7256
f 7259/7255 7199/7195 7260/7256
f 7260/7256 7167/7163 7160/7156
f 7243/7239 7142/7138 7149/7145
f 7171/7167 7098/7094 7261/7257
f 7261/7257 7098/7094 7107/7103
f 7244/7240 7223/7219 7262/7258
f 7223/7219 7156/7152 7262/7258
f 7263/7259 7222/7218 7233/7229
f 7262/7258 7156/7152 7224/7220
f 7264/7260 7233/7229 7195/7191
f 7195/7191 7225/7221 7265/7261
f 7224/7220 7214/7210 7266/7262
f 7225/7221 7256/7252 7267/7263
f 7239/7235 7188/7184 7257/7253
f 7237/7233 7103/7099 7200/7196
f 7258/7254 7215/7211 7246/7242
f 3026/3022 2957/2953 7248/7244
f 7250/7246 7161/7157 7228/7224
f 7175/7171 7209/7205 7268/7264
f 7269/7265 7251/7247 7181/7177
f 7193/7189 7210/7206 7270/7266
f 7210/7206 7194/7190 7182/7178
f 7261/7257 7107/7103 7221/7217
f 3034/3030 3004/3000 3003/2999
f 7263/7259 7233/7229 7271/7267
f 7271/7267 7233/7229 7264/7260
f 7267/7263 7265/7261 7225/7221
f 7266/7262 7214/7210 7272/7268
f 7256/7252 7234/7230 7273/7269
f 7273/7269 7234/7230 7274/7270
f 7274/7270 7234/7230 7235/7231
f 7274/7270 7235/7231 7245/7241
f 7245/7241 7238/7234 7275/7271
f 7275/7271 7238/7234 7239/7235
f 7276/7272 7239/7235 7257/7253
f 7257/7253 7258/7254 7277/7273
f 7160/7156 7190/7186 7278/7274
f 7279/7275 7248/7244 7208/7204
f 7209/7205 7169/7165 7280/7276
f 7280/7276 7169/7165 7240/7236
f 7281/7277 7219/7215 7231/7227
f 7210/7206 7182/7178 7282/7278
f 7283/7279 7182/7178 7284/7280
f 7284/7280 7182/7178 7220/7216
f 2996/2992 2933/2929 7285/7281
f 7149/7145 7252/7248 7286/7282
f 7145/7141 6869/6865 7183/7179
f 7255/7251 7222/7218 7263/7259
f 7272/7268 7214/7210 7236/7232
f 7274/7270 7245/7241 7287/7283
f 7258/7254 7246/7242 7288/7284
f 7277/7273 7258/7254 7288/7284
f 7190/7186 7095/7091 7278/7274
f 7278/7274 7095/7091 7086/7082
f 3013/3009 3014/3010 3070/3066
f 3070/3066 3014/3010 7179/7175
f 7205/7201 7175/7171 7268/7264
f 7242/7238 7191/7187 7217/7213
f 3030/3026 7218/7214 3062/3058
f 3062/3058 7218/7214 7251/7247
f 7282/7278 7182/7178 7289/7285
f 7220/7216 7211/7207 7290/7286
f 7291/7287 7171/7167 7261/7257
f 7262/7258 7224/7220 7292/7288
f 7264/7260 7195/7191 7293/7289
f 7293/7289 7195/7191 7265/7261
f 7273/7269 7274/7270 7294/7290
f 7294/7290 7274/7270 7287/7283
f 7287/7283 7245/7241 7275/7271
f 7275/7271 7239/7235 7276/7272
f 7180/7176 7229/7225 7295/7291
f 7181/7177 7219/7215 7281/7277
f 7281/7277 7231/7227 7232/7228
f 7232/7228 7193/7189 7296/7292
f 7289/7285 7182/7178 7283/7279
f 7253/7249 7244/7240 7297/7293
f 7297/7293 7244/7240 7262/7258
f 7298/7294 7267/7263 7256/7252
f 7275/7271 7276/7272 7299/7295
f 7257/7253 7277/7273 7300/7296
f 7288/7284 7246/7242 7301/7297
f 7302/7298 7247/7243 7259/7255
f 3026/3022 7248/7244 7279/7275
f 3070/3066 7179/7175 7303/7299
f 7304/7300 7180/7176 7295/7291
f 3047/3043 3017/3013 3104/3100
f 7252/7248 7172/7168 7305/7301
f 7306/7302 7184/7180 7253/7249
f 7305/7301 7172/7168 7254/7250
f 7254/7250 7255/7251 7305/7301
f 7263/7259 7271/7267 7307/7303
f 7265/7261 7267/7263 7298/7294
f 7256/7252 7273/7269 7308/7304
f 7298/7294 7256/7252 7308/7304
f 7309/7305 7287/7283 7275/7271
f 7309/7305 7275/7271 7299/7295
f 7299/7295 7276/7272 7257/7253
f 7300/7296 7277/7273 7288/7284
f 7310/7306 7230/7226 7203/7199
f 7204/7200 7216/7212 7311/7307
f 7311/7307 7216/7212 7205/7201
f 7280/7276 7240/7236 7312/7308
f 7242/7238 7217/7213 7313/7309
f 7313/7309 7217/7213 7243/7239
f 7243/7239 7149/7145 7314/7310
f 7314/7310 7149/7145 7286/7282
f 7269/7265 7181/7177 7281/7277
f 7281/7277 7232/7228 7315/7311
f 7315/7311 7232/7228 7296/7292
f 7296/7292 7193/7189 7270/7266
f 7270/7266 7210/7206 7282/7278
f 3046/3042 2996/2992 7285/7281
f 3046/3042 7285/7281 7316/7312
f 3064/3060 3033/3029 3047/3043
f 3034/3030 3003/2999 3065/3061
f 7317/7313 7206/7202 7184/7180
f 7305/7301 7255/7251 7318/7314
f 7318/7314 7255/7251 7263/7259
f 7318/7314 7263/7259 7319/7315
f 7319/7315 7263/7259 7307/7303
f 7292/7288 7224/7220 7266/7262
f 7293/7289 7265/7261 7320/7316
f 7294/7290 7287/7283 7321/7317
f 7322/7318 7236/7232 7237/7233
f 7299/7295 7257/7253 7323/7319
f 7259/7255 7260/7256 7324/7320
f 7324/7320 7260/7256 7160/7156
f 7279/7275 7208/7204 7249/7245
f 7228/7224 3089/3085 3100/3096
f 3037/3033 3013/3009 3071/3067
f 3017/3013 3046/3042 3104/3100
f 7317/7313 7184/7180 7306/7302
f 7297/7293 7262/7258 7292/7288
f 7271/7267 7264/7260 7325/7321
f 7325/7321 7264/7260 7293/7289
f 7320/7316 7265/7261 7298/7294
f 7320/7316 7298/7294 7326/7322
f 7308/7304 7273/7269 7294/7290
f 7327/7323 7287/7283 7309/7305
f 7323/7319 7257/7253 7300/7296
f 7300/7296 7288/7284 7328/7324
f 7328/7324 7288/7284 7301/7297
f 7302/7298 7259/7255 7329/7325
f 7329/7325 7259/7255 7324/7320
f 3090/3086 3070/3066 7303/7299
f 7296/7292 7270/7266 7282/7278
f 7306/7302 7253/7249 7330/7326
f 7330/7326 7253/7249 7297/7293
f 7307/7303 7271/7267 7325/7321
f 7326/7322 7298/7294 7308/7304
f 7308/7304 7294/7290 7331/7327
f 7321/7317 7287/7283 7327/7323
f 7322/7318 7237/7233 7332/7328
f 7332/7328 7237/7233 7200/7196
f 7333/7329 7160/7156 7278/7274
f 3026/3022 7279/7275 7334/7330
f 7335/7331 7304/7300 7336/7332
f 7336/7332 7304/7300 7295/7291
f 7310/7306 7203/7199 7337/7333
f 7338/7334 7204/7200 7311/7307
f 3062/3058 7251/7247 7339/7335
f 7340/7336 7286/7282 7252/7248
f 7221/7217 7145/7141 7341/7337
f 7342/7338 7292/7288 7266/7262
f 7343/7339 7293/7289 7320/7316
f 7344/7340 7308/7304 7331/7327
f 7331/7327 7294/7290 7321/7317
f 7333/7329 7278/7274 7345/7341
f 7200/7196 7154/7150 7346/7342
f 7250/7246 7228/7224 7347/7343
f 7347/7343 7228/7224 3100/3096
f 7268/7264 7209/7205 7348/7344
f 7240/7236 7241/7237 7242/7238
f 7339/7335 7251/7247 7269/7265
f 7349/7345 7315/7311 7296/7292
f 7350/7346 7220/7216 7290/7286
f 7340/7336 7252/7248 7351/7347
f 7351/7347 7252/7248 7305/7301
f 7352/7348 7318/7314 7319/7315
f 7325/7321 7293/7289 7353/7349
f 7326/7322 7308/7304 7354/7350
f 7354/7350 7308/7304 7344/7340
f 7309/7305 7299/7295 7355/7351
f 7355/7351 7299/7295 7356/7352
f 7356/7352 7299/7295 7323/7319
f 7278/7274 7086/7082 7357/7353
f 7358/7354 7279/7275 7249/7245
f 3114/3110 3037/3033 3071/3067
f 7313/7309 7243/7239 7359/7355
f 7314/7310 7286/7282 7340/7336
f 3115/3111 3046/3042 7316/7312
f 7341/7337 7145/7141 7183/7179
f 7305/7301 7318/7314 7352/7348
f 7353/7349 7293/7289 7343/7339
f 7360/7356 7266/7262 7272/7268
f 7331/7327 7321/7317 7361/7357
f 7321/7317 7327/7323 7355/7351
f 7355/7351 7327/7323 7309/7305
f 7323/7319 7300/7296 7328/7324
f 7362/7358 7250/7246 7347/7343
f 7359/7355 7243/7239 7314/7310
f 7269/7265 7281/7277 7363/7359
f 7363/7359 7281/7277 7315/7311
f 7363/7359 7315/7311 7349/7345
f 7349/7345 7296/7292 7364/7360
f 7284/7280 7220/7216 7350/7346
f 7261/7257 7221/7217 7365/7361
f 7297/7293 7292/7288 7366/7362
f 7292/7288 7342/7338 7366/7362
f 7352/7348 7319/7315 7367/7363
f 7319/7315 7307/7303 7367/7363
f 7367/7363 7307/7303 7325/7321
f 7342/7338 7266/7262 7360/7356
f 7343/7339 7320/7316 7368/7364
f 7320/7316 7326/7322 7368/7364
f 7326/7322 7354/7350 7369/7365
f 7360/7356 7272/7268 7236/7232
f 7370/7366 7331/7327 7361/7357
f 7324/7320 7160/7156 7333/7329
f 7334/7330 7279/7275 7358/7354
f 7249/7245 7250/7246 7362/7358
f 7348/7344 7209/7205 7280/7276
f 7371/7367 7363/7359 7349/7345
f 7364/7360 7296/7292 7372/7368
f 7372/7368 7296/7292 7282/7278
f 7282/7278 7289/7285 7284/7280
f 7372/7368 7282/7278 7284/7280
f 7289/7285 7283/7279 7284/7280
f 7350/7346 7290/7286 7373/7369
f 7374/7370 7291/7287 7261/7257
f 3106/3102 3034/3030 3065/3061
f 3196/3192 7351/7347 7305/7301
f 7368/7364 7326/7322 7369/7365
f 7361/7357 7321/7317 7375/7371
f 7321/7317 7355/7351 7375/7371
f 7375/7371 7355/7351 7376/7372
f 7355/7351 7356/7352 7376/7372
f 7376/7372 7356/7352 7323/7319
f 7376/7372 7323/7319 7377/7373
f 7328/7324 7301/7297 7378/7374
f 7379/7375 7302/7298 7329/7325
f 7310/7306 7337/7333 7380/7376
f 7381/7377 7338/7334 7311/7307
f 7311/7307 7205/7201 7382/7378
f 7383/7379 7240/7236 7242/7238
f 3115/3111 7316/7312 7384/7380
f 7374/7370 7261/7257 7385/7381
f 7385/7381 7261/7257 7365/7361
f 3196/3192 7305/7301 7352/7348
f 7367/7363 7325/7321 7386/7382
f 7386/7382 7325/7321 7353/7349
f 7354/7350 7344/7340 7370/7366
f 7344/7340 7331/7327 7370/7366
f 7323/7319 7328/7324 7387/7383
f 7387/7383 7328/7324 7378/7374
f 7379/7375 7329/7325 7388/7384
f 7388/7384 7329/7325 7324/7320
f 7358/7354 7249/7245 7389/7385
f 7389/7385 7249/7245 7362/7358
f 7390/7386 7335/7331 7336/7332
f 7391/7387 7312/7308 7240/7236
f 7391/7387 7240/7236 7383/7379
f 7383/7379 7242/7238 7313/7309
f 7392/7388 7314/7310 7340/7336
f 3062/3058 7339/7335 7393/7389
f 7371/7367 7349/7345 7394/7390
f 7394/7390 7349/7345 7364/7360
f 7395/7391 7372/7368 7396/7392
f 7372/7368 7284/7280 7396/7392
f 7365/7361 7221/7217 7341/7337
f 7330/7326 7297/7293 7397/7393
f 7297/7293 7366/7362 7397/7393
f 7398/7394 7352/7348 7367/7363
f 7398/7394 7367/7363 7399/7395
f 7399/7395 7367/7363 7386/7382
f 7386/7382 7353/7349 7400/7396
f 7353/7349 7343/7339 3242/3238
f 3242/3238 7343/7339 7368/7364
f 7401/7397 7368/7364 7369/7365
f 7370/7366 7361/7357 7402/7398
f 7403/7399 7370/7366 7402/7398
f 7361/7357 7375/7371 7402/7398
f 7377/7373 7323/7319 7404/7400
f 7404/7400 7323/7319 7387/7383
f 7388/7384 7324/7320 7405/7401
f 7405/7401 7324/7320 7333/7329
f 7345/7341 7278/7274 7357/7353
f 7332/7328 7200/7196 7406/7402
f 7406/7402 7200/7196 7346/7342
f 7390/7386 7336/7332 7407/7403
f 7407/7403 7336/7332 7295/7291
f 7407/7403 7295/7291 7408/7404
f 7408/7404 7295/7291 7409/7405
f 3114/3110 3071/3067 3151/3147
f 3163/3159 3114/3110 3151/3147
f 7205/7201 7268/7264 7382/7378
f 7348/7344 7280/7276 7312/7308
f 3133/3129 3062/3058 7393/7389
f 7339/7335 7269/7265 7363/7359
f 7410/7406 7364/7360 7372/7368
f 7284/7280 7350/7346 7411/7407
f 7411/7407 7350/7346 7373/7369
f 3115/3111 7384/7380 7412/7408
f 3197/3193 3196/3192 7352/7348
f 3197/3193 7352/7348 7398/7394
f 7399/7395 7386/7382 7400/7396
f 7342/7338 7360/7356 7413/7409
f 7400/7396 7353/7349 3242/3238
f 3242/3238 7368/7364 7401/7397
f 7401/7397 7369/7365 7414/7410
f 7414/7410 7369/7365 7354/7350
f 7354/7350 7370/7366 7414/7410
f 7414/7410 7370/7366 7415/7411
f 7415/7411 7370/7366 7403/7399
f 7416/7412 7360/7356 7322/7318
f 7322/7318 7360/7356 7236/7232
f 3163/3159 3151/3147 7417/7413
f 7418/7414 7390/7386 7407/7403
f 7381/7377 7311/7307 7382/7378
f 7382/7378 7268/7264 7419/7415
f 7383/7379 7313/7309 7359/7355
f 7359/7355 7314/7310 7392/7388
f 7393/7389 7339/7335 7363/7359
f 7396/7392 7284/7280 7420/7416
f 7420/7416 7284/7280 7411/7407
f 3172/3168 3115/3111 7412/7408
f 7341/7337 7183/7179 7421/7417
f 7317/7313 7306/7302 7330/7326
f 7351/7347 3196/3192 3195/3191
f 7422/7418 3197/3193 7398/7394
f 7422/7418 7398/7394 7423/7419
f 7398/7394 7399/7395 7423/7419
f 7423/7419 7399/7395 7400/7396
f 7402/7398 7375/7371 7424/7420
f 7375/7371 7376/7372 7424/7420
f 7424/7420 7376/7372 7425/7421
f 7406/7402 7322/7318 7332/7328
f 7406/7402 7346/7342 7426/7422
f 7418/7414 7407/7403 7427/7423
f 7427/7423 7407/7403 7428/7424
f 7428/7424 7407/7403 7408/7404
f 7419/7415 7268/7264 7348/7344
f 3171/3167 3133/3129 7393/7389
f 7394/7390 7364/7360 7410/7406
f 7429/7425 7395/7391 7396/7392
f 7396/7392 7420/7416 7430/7426
f 3188/3184 3117/3113 3116/3112
f 3430/3426 7340/7336 7351/7347
f 3195/3191 3197/3193 7431/7427
f 3197/3193 7422/7418 7431/7427
f 7431/7427 7422/7418 7432/7428
f 7397/7393 7366/7362 7342/7338
f 7432/7428 7422/7418 7433/7429
f 7422/7418 7423/7419 7433/7429
f 7433/7429 7423/7419 7434/7430
f 7423/7419 7400/7396 7434/7430
f 7434/7430 7400/7396 7435/7431
f 7435/7431 7400/7396 7436/7432
f 7436/7432 7400/7396 3242/3238
f 7436/7432 3242/3238 3244/3240
f 3242/3238 7401/7397 3243/3239
f 3243/3239 7401/7397 7437/7433
f 7437/7433 7401/7397 7414/7410
f 7437/7433 7414/7410 7415/7411
f 7437/7433 7415/7411 7438/7434
f 7438/7434 7415/7411 7403/7399
f 7425/7421 7376/7372 7439/7435
f 7376/7372 7377/7373 7439/7435
f 7404/7400 7387/7383 7440/7436
f 7440/7436 7387/7383 7378/7374
f 7388/7384 7405/7401 7441/7437
f 7441/7437 7405/7401 7333/7329
f 3450/3446 7334/7330 7358/7354
f 7442/7438 7362/7358 7347/7343
f 7428/7424 7408/7404 7409/7405
f 7443/7439 7312/7308 7444/7440
f 7312/7308 7391/7387 7444/7440
f 7445/7441 7391/7387 7383/7379
f 7371/7367 7394/7390 7446/7442
f 7394/7390 7410/7406 7446/7442
f 7447/7443 7410/7406 7372/7368
f 7372/7368 7395/7391 7447/7443
f 7420/7416 7411/7407 7448/7444
f 3430/3426 7351/7347 3346/3342
f 7351/7347 3195/3191 3346/3342
f 3216/3212 3215/3211 7449/7445
f 3346/3342 3195/3191 7450/7446
f 3219/3215 3213/3209 3218/3214
f 7450/7446 3195/3191 7451/7447
f 3195/3191 7431/7427 7452/7448
f 7451/7447 3195/3191 7452/7448
f 7431/7427 7432/7428 7452/7448
f 7452/7448 7432/7428 7453/7449
f 7397/7393 7342/7338 7413/7409
f 7432/7428 7433/7429 7454/7450
f 7453/7449 7432/7428 7454/7450
f 7433/7429 7434/7430 7454/7450
f 7454/7450 7434/7430 7455/7451
f 7455/7451 7434/7430 7456/7452
f 7456/7452 7434/7430 7435/7431
f 7456/7452 7435/7431 7457/7453
f 7435/7431 7436/7432 7457/7453
f 7457/7453 7436/7432 3244/3240
f 7457/7453 3244/3240 7458/7454
f 7458/7454 3244/3240 3314/3310
f 3314/3310 3244/3240 3243/3239
f 3243/3239 7437/7433 7459/7455
f 7413/7409 7360/7356 7416/7412
f 7459/7455 7437/7433 7438/7434
f 7438/7434 7403/7399 7460/7456
f 7460/7456 7403/7399 7461/7457
f 7403/7399 7402/7398 7461/7457
f 7402/7398 7424/7420 7461/7457
f 7416/7412 7322/7318 7406/7402
f 7461/7457 7424/7420 7425/7421
f 7439/7435 7377/7373 7462/7458
f 7462/7458 7377/7373 7404/7400
f 7462/7458 7404/7400 7440/7436
f 7440/7436 7378/7374 7463/7459
f 7379/7375 7388/7384 7464/7460
f 7464/7460 7388/7384 7441/7437
f 7441/7437 7333/7329 7465/7461
f 7465/7461 7333/7329 7345/7341
f 7389/7385 7362/7358 7442/7438
f 7428/7424 7409/7405 7466/7462
f 7381/7377 7382/7378 7467/7463
f 7468/7464 7381/7377 7467/7463
f 7348/7344 7312/7308 7443/7439
f 7445/7441 7383/7379 7469/7465
f 7383/7379 7359/7355 7469/7465
f 3171/3167 7393/7389 7470/7466
f 7470/7466 7393/7389 7471/7467
f 7471/7467 7393/7389 7363/7359
f 7363/7359 7371/7367 7471/7467
f 7371/7367 7446/7442 7472/7468
f 7392/7388 7340/7336 3430/3426
f 7473/7469 7474/7470 3164/3160
f 7473/7469 3164/3160 3171/3167
f 7447/7443 7395/7391 7475/7471
f 7475/7471 7395/7391 7429/7425
f 7429/7425 7396/7392 7430/7426
f 7430/7426 7420/7416 7448/7444
f 7411/7407 7373/7369 7476/7472
f 7477/7473 7365/7361 7341/7337
f 7478/7474 7330/7326 7397/7393
f 3255/3251 3216/3212 3304/3300
f 3304/3300 3216/3212 7449/7445
f 3304/3300 7449/7445 3305/3301
f 3311/3307 3310/3306 3254/3250
f 3311/3307 3254/3250 7479/7475
f 7479/7475 3254/3250 3256/3252
f 7450/7446 7451/7447 7480/7476
f 7481/7477 7450/7446 7480/7476
f 3307/3303 7482/7478 3308/3304
f 3262/3258 3258/3254 3257/3253
f 7483/7479 7397/7393 7484/7480
f 7397/7393 7413/7409 7484/7480
f 3314/3310 3243/3239 3315/3311
f 3315/3311 3243/3239 7459/7455
f 3315/3311 7459/7455 7485/7481
f 7486/7482 7413/7409 7416/7412
f 7485/7481 7459/7455 7438/7434
f 7485/7481 7438/7434 7487/7483
f 7438/7434 7460/7456 7488/7484
f 7487/7483 7438/7434 7488/7484
f 7488/7484 7460/7456 7489/7485
f 7489/7485 7460/7456 7461/7457
f 7489/7485 7461/7457 7490/7486
f 7490/7486 7461/7457 7425/7421
f 7425/7421 7439/7435 7490/7486
f 7490/7486 7439/7435 7491/7487
f 7491/7487 7439/7435 7462/7458
f 7491/7487 7462/7458 7492/7488
f 7492/7488 7462/7458 7440/7436
f 7492/7488 7440/7436 7463/7459
f 7492/7488 7463/7459 7493/7489
f 7494/7490 7464/7460 7441/7437
f 3203/3199 3185/3181 3327/3323
f 7443/7439 7444/7440 7495/7491
f 7444/7440 7391/7387 7496/7492
f 7496/7492 7391/7387 7445/7441
f 7469/7465 7359/7355 7497/7493
f 7359/7355 7498/7494 7497/7493
f 7498/7494 7359/7355 7392/7388
f 7473/7469 3171/3167 7470/7466
f 7477/7473 7341/7337 3559/3555
f 7499/7495 7317/7313 7330/7326
f 3430/3426 3346/3342 3348/3344
f 7500/7496 3253/3249 3252/3248
f 3302/3298 7501/7497 3351/3347
f 3347/3343 3346/3342 7450/7446
f 3347/3343 7450/7446 7502/7498
f 3356/3352 3311/3307 3354/3350
f 3311/3307 7479/7475 3354/3350
f 7479/7475 3256/3252 3354/3350
f 3256/3252 3255/3251 3303/3299
f 3354/3350 3256/3252 3303/3299
f 3303/3299 3255/3251 3304/3300
f 7502/7498 7450/7446 7481/7477
f 7502/7498 7481/7477 7503/7499
f 3355/3351 3306/3302 3309/3305
f 3309/3305 3311/3307 3356/3352
f 7484/7480 7413/7409 7504/7500
f 7504/7500 7413/7409 7486/7482
f 3317/3313 3315/3311 7505/7501
f 3315/3311 7485/7481 7505/7501
f 7505/7501 7485/7481 7506/7502
f 7485/7481 7487/7483 7506/7502
f 7506/7502 7487/7483 7507/7503
f 7507/7503 7487/7483 7488/7484
f 7488/7484 7489/7485 7507/7503
f 7507/7503 7489/7485 7508/7504
f 7508/7504 7489/7485 7490/7486
f 7509/7505 7416/7412 7406/7402
f 7508/7504 7490/7486 7510/7506
f 7510/7506 7490/7486 7491/7487
f 7510/7506 7491/7487 7511/7507
f 7491/7487 7492/7488 7511/7507
f 7511/7507 7492/7488 7512/7508
f 7512/7508 7492/7488 7513/7509
f 7492/7488 7493/7489 7513/7509
f 7494/7490 7441/7437 7514/7510
f 7515/7511 7494/7490 7514/7510
f 7514/7510 7441/7437 7465/7461
f 7514/7510 7465/7461 7516/7512
f 7516/7512 7465/7461 7345/7341
f 7516/7512 7345/7341 7517/7513
f 7517/7513 7345/7341 7357/7353
f 7517/7513 7357/7353 7518/7514
f 7519/7515 7406/7402 7426/7422
f 3450/3446 7358/7354 7520/7516
f 3203/3199 3327/3323 3328/3324
f 7495/7491 7444/7440 7521/7517
f 7521/7517 7444/7440 7496/7492
f 7498/7494 7392/7388 7522/7518
f 7522/7518 7392/7388 3432/3428
f 3432/3428 7392/7388 3430/3426
f 7473/7469 7470/7466 7523/7519
f 7470/7466 7471/7467 7524/7520
f 7471/7467 7371/7367 7525/7521
f 7525/7521 7371/7367 7472/7468
f 7472/7468 7446/7442 7526/7522
f 7527/7523 7447/7443 7475/7471
f 7475/7471 7429/7425 7528/7524
f 7528/7524 7429/7425 7430/7426
f 7385/7381 7365/7361 7529/7525
f 7529/7525 7365/7361 7477/7473
f 3559/3555 7341/7337 7421/7417
f 7499/7495 7330/7326 7530/7526
f 7530/7526 7330/7326 7478/7474
f 3441/3437 3348/3344 3347/3343
f 3441/3437 3347/3343 7531/7527
f 3353/3349 3350/3346 7532/7528
f 7532/7528 3350/3346 3349/3345
f 3347/3343 7502/7498 7531/7527
f 7533/7529 3357/3353 3356/3352
f 7533/7529 3356/3352 7534/7530
f 7534/7530 3356/3352 3354/3350
f 7534/7530 3354/3350 3353/3349
f 7478/7474 7397/7393 7483/7479
f 7486/7482 7416/7412 7509/7505
f 7509/7505 7406/7402 7519/7515
f 3451/3447 3450/3446 7520/7516
f 3393/3389 3203/3199 3328/3324
f 3394/3390 3163/3159 7417/7413
f 3394/3390 7417/7413 7535/7531
f 7418/7414 7427/7423 7536/7532
f 7537/7533 7418/7414 7536/7532
f 7427/7423 7428/7424 7538/7534
f 7536/7532 7427/7423 7538/7534
f 7538/7534 7428/7424 7466/7462
f 7467/7463 7382/7378 7539/7535
f 7539/7535 7382/7378 7540/7536
f 3332/3328 3169/3165 3205/3201
f 3400/3396 3397/3393 3467/3463
f 7496/7492 7445/7441 7469/7465
f 3427/3423 3422/3418 3499/3495
f 7541/7537 7473/7469 7523/7519
f 3499/3495 3422/3418 3501/3497
f 7524/7520 7471/7467 7542/7538
f 7542/7538 7471/7467 7525/7521
f 7526/7522 7446/7442 7527/7523
f 7446/7442 7410/7406 7527/7523
f 7410/7406 7447/7443 7527/7523
f 7528/7524 7430/7426 7543/7539
f 7543/7539 7430/7426 7448/7444
f 7448/7444 7411/7407 7544/7540
f 7544/7540 7411/7407 7476/7472
f 3496/3492 7545/7541 3503/3499
f 3503/3499 7545/7541 3504/3500
f 3559/3555 7421/7417 3557/3553
f 7530/7526 7478/7474 7546/7542
f 7545/7541 3445/3441 3504/3500
f 3504/3500 3445/3441 3442/3438
f 7484/7480 7504/7500 7547/7543
f 7547/7543 7504/7500 7548/7544
f 7548/7544 7504/7500 7486/7482
f 7548/7544 7486/7482 7549/7545
f 7549/7545 7486/7482 7509/7505
f 7549/7545 7509/7505 7519/7515
f 7549/7545 7519/7515 7550/7546
f 7550/7546 7519/7515 7426/7422
f 7442/7438 7347/7343 7551/7547
f 7551/7547 7347/7343 3100/3096
f 7551/7547 3100/3096 3459/3455
f 7540/7536 7382/7378 7419/7415
f 7552/7548 7348/7344 7443/7439
f 7443/7439 7495/7491 7553/7549
f 3519/3515 3464/3460 7554/7550
f 7555/7551 7556/7552 7557/7553
f 7555/7551 7557/7553 7558/7554
f 7557/7553 3466/3462 3465/3461
f 7558/7554 7557/7553 3465/3461
f 7559/7555 7560/7556 7561/7557
f 7561/7557 7562/7558 7559/7555
f 7559/7555 7562/7558 7563/7559
f 7562/7558 7564/7560 7563/7559
f 7563/7559 7564/7560 7565/7561
f 7565/7561 7564/7560 7566/7562
f 7566/7562 7564/7560 7567/7563
f 7566/7562 7567/7563 7568/7564
f 3520/3516 7569/7565 3521/3517
f 3521/3517 7569/7565 7570/7566
f 7570/7566 7569/7565 7571/7567
f 7572/7568 7523/7519 7470/7466
f 7572/7568 7470/7466 7524/7520
f 7573/7569 7527/7523 7475/7471
f 7574/7570 7499/7495 7530/7526
f 7575/7571 7546/7542 7478/7474
f 7483/7479 7484/7480 7547/7543
f 7576/7572 7547/7543 7548/7544
f 7576/7572 7548/7544 7577/7573
f 7577/7573 7548/7544 7549/7545
f 7577/7573 7549/7545 7578/7574
f 7549/7545 7550/7546 7578/7574
f 7579/7575 3512/3508 3454/3450
f 7580/7576 7581/7577 3451/3447
f 3455/3451 3454/3450 3513/3509
f 3392/3388 7582/7578 3456/3452
f 7520/7516 7358/7354 7583/7579
f 3285/3281 3460/3456 3517/3513
f 3285/3281 3517/3513 3286/3282
f 7536/7532 7538/7534 7584/7580
f 7584/7580 7538/7534 7585/7581
f 7538/7534 7466/7462 7585/7581
f 7586/7582 7468/7464 7467/7463
f 7419/7415 7348/7344 7587/7583
f 7587/7583 7348/7344 7552/7548
f 7554/7550 7588/7584 7589/7585
f 7590/7586 7554/7550 7589/7585
f 7589/7585 7588/7584 7591/7587
f 7592/7588 7555/7551 7558/7554
f 7558/7554 3465/3461 3519/3515
f 7565/7561 7566/7562 7593/7589
f 7594/7590 7566/7562 7595/7591
f 7566/7562 7568/7564 7595/7591
f 7568/7564 3522/3518 7596/7592
f 7595/7591 7568/7564 7596/7592
f 7596/7592 3522/3518 3521/3517
f 7596/7592 3521/3517 7597/7593
f 7597/7593 3521/3517 7570/7566
f 7570/7566 7571/7567 7598/7594
f 7599/7595 7523/7519 7572/7568
f 7524/7520 7542/7538 7600/7596
f 7542/7538 7525/7521 7600/7596
f 7600/7596 7525/7521 7601/7597
f 7525/7521 7472/7468 7601/7597
f 7601/7597 7472/7468 7526/7522
f 7601/7597 7526/7522 7602/7598
f 7526/7522 7527/7523 7603/7599
f 7602/7598 7526/7522 7603/7599
f 7603/7599 7527/7523 7573/7569
f 7573/7569 7475/7471 7604/7600
f 7475/7471 7528/7524 7604/7600
f 7604/7600 7528/7524 7605/7601
f 7605/7601 7528/7524 7543/7539
f 7543/7539 7448/7444 3650/3646
f 3650/3646 7448/7444 7544/7540
f 7544/7540 7476/7472 7606/7602
f 7607/7603 7385/7381 7529/7525
f 7529/7525 7477/7473 7608/7604
f 7477/7473 3559/3555 3655/3651
f 7608/7604 7477/7473 3655/3651
f 3250/3246 3529/3525 3251/3247
f 7546/7542 7574/7570 7530/7526
f 7574/7570 7546/7542 7609/7605
f 7546/7542 7575/7571 7610/7606
f 7609/7605 7546/7542 7610/7606
f 3534/3530 3530/3526 7611/7607
f 3531/3527 3530/3526 3534/3530
f 3533/3529 3534/3530 7612/7608
f 3534/3530 7611/7607 7613/7609
f 7612/7608 3534/3530 7613/7609
f 3536/3532 3535/3531 3540/3536
f 7614/7610 3537/3533 3533/3529
f 7614/7610 3533/3529 7615/7611
f 3533/3529 7612/7608 7615/7611
f 7615/7611 7612/7608 7616/7612
f 7612/7608 7613/7609 7617/7613
f 7616/7612 7612/7608 7617/7613
f 7617/7613 7613/7609 7611/7607
f 7617/7613 7611/7607 7618/7614
f 3541/3537 3535/3531 7614/7610
f 3535/3531 3537/3533 7614/7610
f 3546/3542 3542/3538 7619/7615
f 3542/3538 3541/3537 7620/7616
f 7619/7615 3542/3538 7620/7616
f 3541/3537 7614/7610 7620/7616
f 7614/7610 7615/7611 7616/7612
f 7614/7610 7616/7612 7621/7617
f 7621/7617 7616/7612 7617/7613
f 7621/7617 7617/7613 7618/7614
f 7619/7615 7620/7616 7622/7618
f 7622/7618 7620/7616 7623/7619
f 7623/7619 7620/7616 7614/7610
f 7623/7619 7614/7610 7621/7617
f 3544/3540 3543/3539 7624/7620
f 7625/7621 3546/3542 7619/7615
f 7624/7620 3543/3539 7626/7622
f 7627/7623 7623/7619 7628/7624
f 7623/7619 7621/7617 7628/7624
f 7621/7617 7618/7614 7629/7625
f 7625/7621 7619/7615 7630/7626
f 7630/7626 7619/7615 7622/7618
f 7630/7626 7622/7618 7631/7627
f 7622/7618 7623/7619 7627/7623
f 7628/7624 7621/7617 7629/7625
f 7629/7625 7618/7614 7632/7628
f 7631/7627 7622/7618 7627/7623
f 7631/7627 7627/7623 7633/7629
f 7634/7630 7627/7623 7628/7624
f 7628/7624 7629/7625 7635/7631
f 7635/7631 7629/7625 7632/7628
f 7635/7631 7632/7628 7636/7632
f 7637/7633 7625/7621 7630/7626
f 7633/7629 7627/7623 7634/7630
f 7630/7626 7631/7627 7633/7629
f 7638/7634 7628/7624 7635/7631
f 7634/7630 7628/7624 7638/7634
f 7637/7633 7630/7626 7639/7635
f 7639/7635 7630/7626 7633/7629
f 7640/7636 7637/7633 7639/7635
f 7639/7635 7633/7629 7641/7637
f 7633/7629 7634/7630 7641/7637
f 7642/7638 7638/7634 7635/7631
f 7634/7630 7638/7634 7642/7638
f 7643/7639 7634/7630 7642/7638
f 7640/7636 7639/7635 7644/7640
f 7644/7640 7639/7635 7641/7637
f 7635/7631 7636/7632 7645/7641
f 7643/7639 7641/7637 7634/7630
f 7646/7642 7640/7636 7644/7640
f 7644/7640 7641/7637 7647/7643
f 7641/7637 7643/7639 7647/7643
f 7647/7643 7643/7639 7648/7644
f 7643/7639 7642/7638 7648/7644
f 7646/7642 7644/7640 7649/7645
f 7649/7645 7644/7640 7647/7643
f 7650/7646 7648/7644 7642/7638
f 7642/7638 7635/7631 7651/7647
f 7651/7647 7635/7631 7645/7641
f 7650/7646 7642/7638 7651/7647
f 7649/7645 7647/7643 7652/7648
f 7652/7648 7647/7643 7648/7644
f 7653/7649 7646/7642 7649/7645
f 7653/7649 7649/7645 7654/7650
f 7654/7650 7649/7645 7652/7648
f 7655/7651 7648/7644 7650/7646
f 7650/7646 7651/7647 7656/7652
f 7656/7652 7651/7647 7645/7641
f 7656/7652 7645/7641 7657/7653
f 7652/7648 7648/7644 7658/7654
f 7658/7654 7648/7644 7655/7651
f 7655/7651 7650/7646 7659/7655
f 7659/7655 7650/7646 7656/7652
f 7660/7656 7661/7657 7662/7658
f 7654/7650 7652/7648 7663/7659
f 7658/7654 7655/7651 7659/7655
f 7653/7649 7654/7650 7664/7660
f 7664/7660 7654/7650 7663/7659
f 7663/7659 7652/7648 7658/7654
f 7659/7655 7656/7652 7665/7661
f 7665/7661 7656/7652 7657/7653
f 7666/7662 7653/7649 7664/7660
f 7661/7657 7667/7663 7662/7658
f 7658/7654 7659/7655 7668/7664
f 7663/7659 7658/7654 7669/7665
f 7669/7665 7658/7654 7668/7664
f 7668/7664 7659/7655 7665/7661
f 7664/7660 7663/7659 3511/3507
f 3511/3507 7663/7659 7669/7665
f 7666/7662 7664/7660 3510/3506
f 3510/3506 7664/7660 3511/3507
f 7662/7658 7667/7663 7580/7576
f 3511/3507 7669/7665 7670/7666
f 7668/7664 7665/7661 7671/7667
f 7671/7667 7665/7661 7657/7653
f 7580/7576 7667/7663 7672/7668
f 7671/7667 7657/7653 7673/7669
f 7670/7666 7669/7665 7668/7664
f 7580/7576 7672/7668 7581/7577
f 3513/3509 3511/3507 7670/7666
f 7580/7576 3451/3447 7674/7670
f 3513/3509 7670/7666 7675/7671
f 7670/7666 7668/7664 7671/7667
f 7675/7671 7670/7666 7671/7667
f 7671/7667 7673/7669 7676/7672
f 7675/7671 7671/7667 7677/7673
f 7677/7673 7671/7667 7676/7672
f 7674/7670 3451/3447 7520/7516
f 7583/7579 7358/7354 7389/7385
f 3551/3547 3394/3390 7535/7531
f 3551/3547 7535/7531 7678/7674
f 7537/7533 7536/7532 7679/7675
f 7680/7676 7537/7533 7679/7675
f 7679/7675 7536/7532 7584/7580
f 7586/7582 7467/7463 7681/7677
f 7681/7677 7467/7463 7539/7535
f 3332/3328 3552/3548 3724/3720
f 3396/3392 3332/3328 3724/3720
f 7682/7678 7443/7439 7553/7549
f 3553/3549 3519/3515 7554/7550
f 3553/3549 7554/7550 7590/7586
f 7589/7585 7591/7587 7683/7679
f 7682/7678 7553/7549 7684/7680
f 7592/7588 7558/7554 3554/3550
f 3554/3550 7558/7554 3519/3515
f 7685/7681 7560/7556 7559/7555
f 7685/7681 7559/7555 7686/7682
f 7686/7682 7559/7555 7687/7683
f 7687/7683 7559/7555 7563/7559
f 7687/7683 7563/7559 7688/7684
f 7563/7559 7565/7561 7688/7684
f 7688/7684 7565/7561 7593/7589
f 7593/7589 7566/7562 7594/7590
f 7595/7591 7596/7592 7689/7685
f 7596/7592 7597/7593 7690/7686
f 7689/7685 7596/7592 7690/7686
f 7597/7593 7570/7566 7691/7687
f 7690/7686 7597/7593 7691/7687
f 7691/7687 7570/7566 7598/7594
f 7599/7595 7572/7568 7692/7688
f 7572/7568 7524/7520 7693/7689
f 7693/7689 7524/7520 7600/7596
f 7693/7689 7600/7596 7694/7690
f 7600/7596 7601/7597 7694/7690
f 3655/3651 3559/3555 3558/3554
f 7695/7691 7574/7570 7609/7605
f 7696/7692 7697/7693 3531/3527
f 7698/7694 7696/7692 3531/3527
f 3563/3559 3577/3573 3564/3560
f 7697/7693 7699/7695 3532/3528
f 3531/3527 7697/7693 3532/3528
f 7700/7696 7701/7697 7702/7698
f 7702/7698 7701/7697 7703/7699
f 7701/7697 7704/7700 7703/7699
f 7703/7699 7704/7700 3538/3534
f 7704/7700 7705/7701 3538/3534
f 3538/3534 7705/7701 7698/7694
f 3538/3534 7698/7694 3533/3529
f 3533/3529 7698/7694 3531/3527
f 7706/7702 7700/7696 7702/7698
f 7706/7702 7702/7698 7707/7703
f 3610/3606 7708/7704 3580/3576
f 3610/3606 3580/3576 3579/3575
f 7707/7703 7702/7698 3536/3532
f 7702/7698 7703/7699 3537/3533
f 3536/3532 7702/7698 3537/3533
f 3537/3533 7703/7699 3538/3534
f 3578/3574 3580/3576 3545/3541
f 3539/3535 7706/7702 7707/7703
f 3539/3535 7707/7703 3540/3536
f 3540/3536 7707/7703 3536/3532
f 3544/3540 3578/3574 3545/3541
f 3578/3574 3544/3540 3618/3614
f 7626/7622 7709/7705 7710/7706
f 7709/7705 7711/7707 7712/7708
f 7713/7709 7520/7516 7583/7579
f 7389/7385 7442/7438 7551/7547
f 7584/7580 7585/7581 7714/7710
f 7715/7711 7586/7582 7681/7677
f 7716/7712 3553/3549 7590/7586
f 7716/7712 7590/7586 7717/7713
f 7717/7713 7590/7586 7589/7585
f 7717/7713 7589/7585 7683/7679
f 7682/7678 7684/7680 7718/7714
f 7592/7588 3554/3550 3585/3581
f 7719/7715 7592/7588 3585/3581
f 7594/7590 7595/7591 7720/7716
f 7691/7687 7598/7594 7721/7717
f 7692/7688 7572/7568 7693/7689
f 7693/7689 7694/7690 7722/7718
f 7722/7718 7694/7690 7723/7719
f 7723/7719 7694/7690 7601/7597
f 7601/7597 7602/7598 7723/7719
f 7723/7719 7602/7598 7724/7720
f 7602/7598 7603/7599 7724/7720
f 7603/7599 7573/7569 7725/7721
f 7725/7721 7573/7569 7604/7600
f 7725/7721 7604/7600 7605/7601
f 3650/3646 7544/7540 3651/3647
f 7726/7722 7544/7540 7606/7602
f 7727/7723 7607/7603 7529/7525
f 3651/3647 7544/7540 7726/7722
f 3651/3647 7726/7722 7728/7724
f 7727/7723 7529/7525 7729/7725
f 7529/7525 7608/7604 7730/7726
f 7729/7725 7529/7525 7730/7726
f 7730/7726 7608/7604 3655/3651
f 3595/3591 3560/3556 3599/3595
f 3576/3572 3598/3594 3564/3560
f 3598/3594 3576/3572 3604/3600
f 7731/7727 7708/7704 3610/3606
f 7731/7727 3610/3606 7732/7728
f 7732/7728 3610/3606 3611/3607
f 3613/3609 3606/3602 3609/3605
f 3672/3668 3613/3609 3609/3605
f 7733/7729 3608/3604 3607/3603
f 7733/7729 3607/3603 3615/3611
f 7733/7729 3615/3611 3673/3669
f 3673/3669 3615/3611 3616/3612
f 3612/3608 3579/3575 3617/3613
f 3612/3608 3617/3613 7734/7730
f 3623/3619 3625/3621 3679/3675
f 3679/3675 3625/3621 3631/3627
f 3679/3675 3631/3627 3680/3676
f 3680/3676 3631/3627 3633/3629
f 3680/3676 3633/3629 3681/3677
f 7734/7730 3617/3613 7735/7731
f 3681/3677 3633/3629 3691/3687
f 3618/3614 3544/3540 3622/3618
f 3622/3618 3544/3540 7624/7620
f 7624/7620 7626/7622 7710/7706
f 7710/7706 7709/7705 7736/7732
f 7736/7732 7709/7705 7712/7708
f 7712/7708 7711/7707 7737/7733
f 7737/7733 7711/7707 7738/7734
f 7737/7733 7738/7734 7660/7656
f 7738/7734 7661/7657 7660/7656
f 7660/7656 7662/7658 7739/7735
f 7739/7735 7662/7658 7740/7736
f 7662/7658 7580/7576 7740/7736
f 7740/7736 7580/7576 7674/7670
f 7551/7547 3459/3455 3646/3642
f 7715/7711 7681/7677 7741/7737
f 7681/7677 7539/7535 7742/7738
f 7741/7737 7681/7677 7742/7738
f 7742/7738 7539/7535 7540/7536
f 7540/7536 7419/7415 7587/7583
f 3648/3644 3647/3643 7743/7739
f 3585/3581 3553/3549 7716/7712
f 7743/7739 3647/3643 7744/7740
f 7682/7678 7718/7714 7745/7741
f 7746/7742 3649/3645 3648/3644
f 7685/7681 7686/7682 7747/7743
f 7747/7743 7686/7682 7687/7683
f 7747/7743 7687/7683 7748/7744
f 7748/7744 7687/7683 7688/7684
f 7748/7744 7688/7684 7749/7745
f 7749/7745 7688/7684 7750/7746
f 7688/7684 7593/7589 7750/7746
f 7750/7746 7593/7589 7751/7747
f 7751/7747 7593/7589 7594/7590
f 7751/7747 7594/7590 7752/7748
f 7752/7748 7594/7590 7720/7716
f 7720/7716 7595/7591 7753/7749
f 7753/7749 7595/7591 7689/7685
f 7689/7685 7690/7686 7754/7750
f 7753/7749 7689/7685 7754/7750
f 7690/7686 7691/7687 7754/7750
f 7754/7750 7691/7687 7721/7717
f 7755/7751 7692/7688 7756/7752
f 7692/7688 7693/7689 7756/7752
f 7756/7752 7693/7689 7757/7753
f 7757/7753 7693/7689 7722/7718
f 7757/7753 7722/7718 7758/7754
f 7758/7754 7722/7718 7723/7719
f 7758/7754 7723/7719 7759/7755
f 7759/7755 7723/7719 7724/7720
f 7759/7755 7724/7720 7760/7756
f 7760/7756 7724/7720 7603/7599
f 7603/7599 7725/7721 7760/7756
f 7760/7756 7725/7721 7761/7757
f 7725/7721 7605/7601 7761/7757
f 7761/7757 7605/7601 7762/7758
f 7762/7758 7605/7601 7543/7539
f 7762/7758 7543/7539 3650/3646
f 7762/7758 3650/3646 7763/7759
f 3650/3646 3652/3648 7763/7759
f 3652/3648 3651/3647 7763/7759
f 7763/7759 3651/3647 7764/7760
f 3651/3647 7728/7724 7764/7760
f 7764/7760 7728/7724 7765/7761
f 7766/7762 7729/7725 7730/7726
f 7766/7762 7730/7726 7767/7763
f 7730/7726 3655/3651 3654/3650
f 7767/7763 7730/7726 3654/3650
f 7768/7764 3653/3649 3655/3651
f 7768/7764 3655/3651 3558/3554
f 3528/3524 3527/3523 3663/3659
f 3676/3672 3667/3663 3666/3662
f 3676/3672 3666/3662 3670/3666
f 3677/3673 3697/3693 3920/3916
f 3697/3693 3700/3696 3920/3916
f 3920/3916 3700/3696 3921/3917
f 3921/3917 3700/3696 3922/3918
f 3922/3918 3700/3696 3703/3699
f 3922/3918 3703/3699 3923/3919
f 3703/3699 3707/3703 3923/3919
f 3923/3919 3707/3703 3935/3931
f 3935/3931 3707/3703 3936/3932
f 3707/3703 3713/3709 3936/3932
f 3936/3932 3713/3709 3715/3711
f 3936/3932 3715/3711 3937/3933
f 3937/3933 3715/3711 3943/3939
f 7769/7765 3622/3618 7624/7620
f 7770/7766 7736/7732 7712/7708
f 7771/7767 7712/7708 7737/7733
f 7737/7733 7660/7656 7772/7768
f 7772/7768 7660/7656 7739/7735
f 3719/3715 3457/3453 3640/3636
f 4254/4250 7389/7385 7551/7547
f 4254/4250 7551/7547 3646/3642
f 3721/3717 3551/3547 7678/7674
f 7679/7675 7584/7580 7773/7769
f 7773/7769 7584/7580 7714/7710
f 3727/3723 3729/3725 4078/4074
f 3729/3725 3730/3726 4080/4076
f 4078/4074 3729/3725 4080/4076
f 4086/4082 3732/3728 3725/3721
f 7744/7740 7774/7770 7775/7771
f 7774/7770 7776/7772 7775/7771
f 7682/7678 7745/7741 7777/7773
f 7743/7739 7744/7740 7778/7774
f 7744/7740 7775/7771 7778/7774
f 7778/7774 7775/7771 7779/7775
f 7779/7775 7775/7771 7776/7772
f 7779/7775 7776/7772 7780/7776
f 3731/3727 3733/3729 4094/4090
f 4083/4079 3731/3727 4094/4090
f 3648/3644 7743/7739 7781/7777
f 7781/7777 7743/7739 7778/7774
f 3648/3644 7781/7777 7782/7778
f 7746/7742 3648/3644 7782/7778
f 7783/7779 7778/7774 7779/7775
f 7783/7779 7781/7777 7778/7774
f 3733/3729 3739/3735 4094/4090
f 7779/7775 7780/7776 7784/7780
f 7777/7773 7745/7741 7785/7781
f 7786/7782 7746/7742 7782/7778
f 7745/7741 7787/7783 7785/7781
f 7788/7784 7782/7778 7781/7777
f 7783/7779 7779/7775 7789/7785
f 7789/7785 7779/7775 7784/7780
f 7786/7782 7782/7778 7788/7784
f 7788/7784 7781/7777 7783/7779
f 4094/4090 3739/3735 7790/7786
f 7788/7784 7783/7779 7791/7787
f 7791/7787 7783/7779 7792/7788
f 7783/7779 7789/7785 7793/7789
f 7785/7781 7787/7783 7794/7790
f 7792/7788 7783/7779 7793/7789
f 7793/7789 7789/7785 7784/7780
f 7786/7782 7788/7784 7795/7791
f 7793/7789 7784/7780 7796/7792
f 7797/7793 7786/7782 7795/7791
f 7794/7790 7787/7783 7798/7794
f 7795/7791 7788/7784 7791/7787
f 3739/3735 3746/3742 7790/7786
f 7794/7790 7798/7794 7799/7795
f 7793/7789 7796/7792 7800/7796
f 7797/7793 7795/7791 7801/7797
f 7790/7786 3746/3742 7802/7798
f 7803/7799 7792/7788 7793/7789
f 7801/7797 7795/7791 7791/7787
f 7803/7799 7793/7789 7800/7796
f 7791/7787 7792/7788 7804/7800
f 7804/7800 7792/7788 7803/7799
f 7797/7793 7801/7797 7805/7801
f 7799/7795 7798/7794 7806/7802
f 7801/7797 7791/7787 7804/7800
f 7805/7801 7801/7797 7804/7800
f 7807/7803 7797/7793 7805/7801
f 7806/7802 7798/7794 7808/7804
f 7809/7805 7804/7800 7803/7799
f 7802/7798 3746/3742 3753/3749
f 7805/7801 7804/7800 7810/7806
f 7810/7806 7804/7800 7809/7805
f 7809/7805 7803/7799 7811/7807
f 7811/7807 7803/7799 7800/7796
f 7811/7807 7800/7796 7812/7808
f 7806/7802 7808/7804 7813/7809
f 7807/7803 7805/7801 7814/7810
f 7815/7811 7807/7803 7814/7810
f 7808/7804 7816/7812 7813/7809
f 7805/7801 7810/7806 7814/7810
f 7809/7805 7811/7807 7812/7808
f 7810/7806 7809/7805 7812/7808
f 7815/7811 7814/7810 7817/7813
f 7817/7813 7814/7810 7818/7814
f 7814/7810 7810/7806 7818/7814
f 7818/7814 7810/7806 7819/7815
f 7810/7806 7812/7808 7819/7815
f 7813/7809 7816/7812 7820/7816
f 7815/7811 7817/7813 7821/7817
f 7822/7818 7823/7819 7824/7820
f 7821/7817 7817/7813 7825/7821
f 7825/7821 7817/7813 7818/7814
f 7818/7814 7819/7815 7826/7822
f 7826/7822 7819/7815 7827/7823
f 7828/7824 3755/3751 3757/3753
f 3772/3768 3771/3767 7829/7825
f 7829/7825 3771/3767 7830/7826
f 7830/7826 7831/7827 7829/7825
f 7829/7825 7831/7827 7832/7828
f 7832/7828 7831/7827 7833/7829
f 7832/7828 7833/7829 7834/7830
f 7834/7830 7833/7829 7835/7831
f 7834/7830 7835/7831 7836/7832
f 7836/7832 7835/7831 7837/7833
f 7836/7832 7837/7833 7838/7834
f 7837/7833 7839/7835 7838/7834
f 7839/7835 7840/7836 7838/7834
f 7838/7834 7840/7836 7841/7837
f 7841/7837 7840/7836 7842/7838
f 7841/7837 7842/7838 7843/7839
f 7843/7839 7842/7838 7844/7840
f 7842/7838 7845/7841 7844/7840
f 7844/7840 7845/7841 7846/7842
f 7846/7842 7845/7841 7847/7843
f 7847/7843 7845/7841 7848/7844
f 7847/7843 7848/7844 7849/7845
f 7847/7843 7849/7845 7850/7846
f 7850/7846 7849/7845 7851/7847
f 7849/7845 7852/7848 7851/7847
f 7851/7847 7852/7848 7853/7849
f 7853/7849 7852/7848 4127/4123
f 7853/7849 4127/4123 7854/7850
f 4127/4123 7855/7851 4128/4124
f 4128/4124 7855/7851 7856/7852
f 4128/4124 7856/7852 7857/7853
f 4132/4128 3833/3829 3842/3838
f 3753/3749 3860/3856 7802/7798
f 7802/7798 3860/3856 7858/7854
f 7858/7854 3860/3856 7859/7855
f 7860/7856 3622/3618 7769/7765
f 7859/7855 3860/3856 3988/3984
f 7859/7855 3988/3984 7861/7857
f 7861/7857 3988/3984 3997/3993
f 7770/7766 7712/7708 7771/7767
f 7861/7857 3997/3993 4015/4011
f 3997/3993 4006/4002 4015/4011
f 4016/4012 4001/3997 4002/3998
f 4010/4006 4009/4005 4177/4173
f 4179/4175 7862/7858 7863/7859
f 7863/7859 7862/7858 7864/7860
f 7862/7858 7865/7861 7864/7860
f 4030/4026 4036/4032 4190/4186
f 4036/4032 4050/4046 4190/4186
f 7866/7862 7389/7385 4254/4250
f 4058/4054 4050/4046 4057/4053
f 7867/7863 7680/7676 7868/7864
f 7868/7864 7680/7676 7679/7675
f 7868/7864 7679/7675 7869/7865
f 7869/7865 7679/7675 7773/7769
f 7552/7548 7443/7439 7870/7866
f 7871/7867 7872/7868 7873/7869
f 7872/7868 7874/7870 7873/7869
f 7873/7869 7874/7870 7875/7871
f 7875/7871 7874/7870 7876/7872
f 7877/7873 7872/7868 7871/7867
f 4214/4210 7877/7873 7871/7867
f 7878/7874 7877/7873 4214/4210
f 7879/7875 4106/4102 7880/7876
f 7880/7876 4106/4102 7881/7877
f 4101/4097 4097/4093 4098/4094
f 7881/7877 4106/4102 7882/7878
f 4106/4102 4105/4101 7882/7878
f 7883/7879 7785/7781 7794/7790
f 7882/7878 4105/4101 4117/4113
f 7882/7878 4117/4113 7884/7880
f 4126/4122 7885/7881 7886/7882
f 7885/7881 7887/7883 7886/7882
f 7822/7818 7824/7820 4269/4265
f 4269/4265 7824/7820 7888/7884
f 4269/4265 7888/7884 7889/7885
f 7888/7884 4125/4121 4124/4120
f 7889/7885 7888/7884 4124/4120
f 7832/7828 7834/7830 7890/7886
f 7890/7886 7834/7830 7836/7832
f 7836/7832 7838/7834 7891/7887
f 7892/7888 7843/7839 7844/7840
f 7844/7840 7846/7842 7892/7888
f 7892/7888 7846/7842 7893/7889
f 7893/7889 7846/7842 7847/7843
f 7847/7843 7850/7846 7894/7890
f 7894/7890 7850/7846 7851/7847
f 7894/7890 7851/7847 7895/7891
f 7851/7847 7853/7849 7895/7891
f 7895/7891 7853/7849 7896/7892
f 7896/7892 7853/7849 7854/7850
f 7896/7892 7854/7850 7897/7893
f 7897/7893 7854/7850 4127/4123
f 7897/7893 4127/4123 7898/7894
f 7898/7894 4127/4123 4129/4125
f 4128/4124 7857/7853 7899/7895
f 4129/4125 4128/4124 7899/7895
f 7857/7853 7900/7896 4136/4132
f 7900/7896 4137/4133 4136/4132
f 7884/7880 4117/4113 4139/4135
f 7884/7880 4139/4135 7901/7897
f 7901/7897 4139/4135 7902/7898
f 7902/7898 4139/4135 4171/4167
f 7710/7706 7736/7732 7770/7766
f 7902/7898 4171/4167 7903/7899
f 4171/4167 4175/4171 7903/7899
f 7903/7899 4175/4171 7904/7900
f 4176/4172 4174/4170 4173/4169
f 7904/7900 4175/4171 4179/4175
f 7904/7900 4179/4175 7905/7901
f 7905/7901 4179/4175 7863/7859
f 7772/7768 7739/7735 7906/7902
f 7905/7901 7863/7859 7907/7903
f 7906/7902 7739/7735 7740/7736
f 7907/7903 7863/7859 7864/7860
f 7906/7902 7740/7736 7908/7904
f 7907/7903 7864/7860 7909/7905
f 7674/7670 7520/7516 7713/7709
f 7864/7860 7865/7861 7909/7905
f 7909/7905 7865/7861 7910/7906
f 7909/7905 7910/7906 7911/7907
f 7911/7907 7910/7906 4248/4244
f 4200/4196 3640/3636 4192/4188
f 7773/7769 7714/7710 7912/7908
f 7912/7908 7714/7710 7913/7909
f 7914/7910 7867/7863 7868/7864
f 7741/7737 7742/7738 7540/7536
f 7587/7583 7552/7548 7915/7911
f 7870/7866 7443/7439 7916/7912
f 7917/7913 7871/7867 7918/7914
f 7871/7867 7873/7869 7918/7914
f 7918/7914 7873/7869 7919/7915
f 7873/7869 7875/7871 7919/7915
f 7919/7915 7875/7871 7920/7916
f 7920/7916 7875/7871 7921/7917
f 7921/7917 7875/7871 7876/7872
f 7921/7917 7876/7872 7922/7918
f 4212/4208 4214/4210 7923/7919
f 4214/4210 7871/7867 7917/7913
f 7923/7919 4214/4210 7917/7913
f 7924/7920 7925/7921 7926/7922
f 7926/7922 7925/7921 7879/7875
f 7926/7922 7879/7875 7927/7923
f 4213/4209 7878/7874 4214/4210
f 7916/7912 7443/7439 7682/7678
f 7927/7923 7879/7875 7880/7876
f 7916/7912 7682/7678 7777/7773
f 7880/7876 7881/7877 7928/7924
f 7777/7773 7785/7781 7916/7912
f 7881/7877 7882/7878 7928/7924
f 7916/7912 7785/7781 7883/7879
f 7928/7924 7882/7878 7929/7925
f 7883/7879 7794/7790 7799/7795
f 7929/7925 7882/7878 7930/7926
f 7882/7878 7884/7880 7930/7926
f 7883/7879 7799/7795 7931/7927
f 7931/7927 7799/7795 7806/7802
f 7931/7927 7806/7802 7813/7809
f 7931/7927 7813/7809 7932/7928
f 7889/7885 4124/4120 7886/7882
f 4124/4120 4126/4122 7886/7882
f 7933/7929 7886/7882 7887/7883
f 7934/7930 3766/3762 7935/7931
f 7935/7931 3766/3762 3767/3763
f 3767/3763 3769/3765 7936/7932
f 7813/7809 7820/7816 7937/7933
f 7938/7934 7813/7809 7937/7933
f 4268/4264 7822/7818 4269/4265
f 7829/7825 7832/7828 7939/7935
f 7939/7935 7832/7828 7940/7936
f 7940/7936 7832/7828 7890/7886
f 7890/7886 7836/7832 7941/7937
f 7941/7937 7836/7832 7891/7887
f 7942/7938 7891/7887 7838/7834
f 4225/4221 4130/4126 4123/4119
f 7930/7926 7884/7880 7943/7939
f 7898/7894 4129/4125 7944/7940
f 4129/4125 7899/7895 7944/7940
f 7944/7940 7899/7895 7945/7941
f 7945/7941 7899/7895 7857/7853
f 7945/7941 7857/7853 4271/4267
f 4271/4267 7857/7853 4136/4132
f 4271/4267 4136/4132 4228/4224
f 7884/7880 7901/7897 7943/7939
f 7943/7939 7901/7897 7946/7942
f 7901/7897 7902/7898 7946/7942
f 4233/4229 4274/4270 4161/4157
f 4161/4157 4274/4270 4164/4160
f 7769/7765 7624/7620 7947/7943
f 7946/7942 7902/7898 7948/7944
f 7948/7944 7902/7898 7903/7899
f 7948/7944 7903/7899 7949/7945
f 7903/7899 7904/7900 7949/7945
f 7949/7945 7904/7900 7950/7946
f 7950/7946 7904/7900 7905/7901
f 7950/7946 7905/7901 7951/7947
f 7905/7901 7907/7903 7951/7947
f 7951/7947 7907/7903 7952/7948
f 7740/7736 7674/7670 7713/7709
f 7952/7948 7907/7903 7909/7905
f 7952/7948 7909/7905 7953/7949
f 7953/7949 7909/7905 7954/7950
f 7954/7950 7909/7905 7911/7907
f 7911/7907 4248/4244 4247/4243
f 4196/4192 4195/4191 4252/4248
f 7869/7865 7773/7769 7912/7908
f 7912/7908 7913/7909 7955/7951
f 7741/7737 7540/7536 7956/7952
f 7957/7953 7958/7954 7959/7955
f 7960/7956 7917/7913 7918/7914
f 7927/7923 7880/7876 7961/7957
f 7961/7957 7880/7876 7962/7958
f 7880/7876 7928/7924 7962/7958
f 7962/7958 7928/7924 7963/7959
f 7964/7960 7916/7912 7883/7879
f 7963/7959 7928/7924 7965/7961
f 7965/7961 7928/7924 7929/7925
f 7965/7961 7929/7925 7966/7962
f 7929/7925 7930/7926 7966/7962
f 7966/7962 7930/7926 7967/7963
f 7968/7964 7883/7879 7931/7927
f 7967/7963 7930/7926 7969/7965
f 7970/7966 7813/7809 7938/7934
f 4267/4263 4269/4265 7889/7885
f 7971/7967 7889/7885 7886/7882
f 7935/7931 3767/3763 7936/7932
f 7936/7932 3769/3765 3772/3768
f 3772/3768 7829/7825 7972/7968
f 7972/7968 7829/7825 7939/7935
f 7973/7969 7939/7935 7940/7936
f 7940/7936 7890/7886 7974/7970
f 7974/7970 7890/7886 7941/7937
f 7942/7938 7838/7834 7841/7837
f 7942/7938 7841/7837 7975/7971
f 7841/7837 7843/7839 7975/7971
f 7975/7971 7843/7839 7976/7972
f 7843/7839 7892/7888 7976/7972
f 7976/7972 7892/7888 7977/7973
f 7892/7888 7893/7889 7977/7973
f 7977/7973 7893/7889 7978/7974
f 7979/7975 7893/7889 7847/7843
f 7979/7975 7847/7843 7894/7890
f 7894/7890 7895/7891 7980/7976
f 7980/7976 7895/7891 7981/7977
f 7895/7891 7896/7892 7981/7977
f 7930/7926 7943/7939 7969/7965
f 7898/7894 7944/7940 7982/7978
f 7983/7979 7944/7940 7945/7941
f 7983/7979 7945/7941 7984/7980
f 7984/7980 7945/7941 4271/4267
f 4271/4267 4272/4268 7985/7981
f 7984/7980 4271/4267 7985/7981
f 7969/7965 7943/7939 7986/7982
f 7986/7982 7943/7939 7946/7942
f 7986/7982 7946/7942 7987/7983
f 7987/7983 7946/7942 7948/7944
f 7987/7983 7948/7944 7988/7984
f 7948/7944 7949/7945 7988/7984
f 7771/7767 7737/7733 7989/7985
f 7989/7985 7737/7733 7772/7768
f 7990/7986 7950/7946 7991/7987
f 7991/7987 7950/7946 7951/7947
f 7991/7987 7951/7947 7992/7988
f 7772/7768 7906/7902 7993/7989
f 7992/7988 7951/7947 7952/7948
f 7992/7988 7952/7948 7994/7990
f 7994/7990 7952/7948 7995/7991
f 7995/7991 7952/7948 7953/7949
f 7954/7950 7911/7907 7996/7992
f 7389/7385 7866/7862 7997/7993
f 7996/7992 7911/7907 4247/4243
f 4246/4242 4245/4241 7998/7994
f 7914/7910 7868/7864 7999/7995
f 7999/7995 7868/7864 7869/7865
f 7999/7995 7869/7865 8000/7996
f 8000/7996 7869/7865 7912/7908
f 8000/7996 7912/7908 7955/7951
f 7956/7952 7540/7536 7587/7583
f 4257/4253 4212/4208 7923/7919
f 4300/4296 4215/4211 4532/4528
f 8001/7997 7927/7923 7961/7957
f 4218/4214 4260/4256 4261/4257
f 7964/7960 7883/7879 7968/7964
f 4304/4300 4222/4218 4266/4262
f 4306/4302 4305/4301 8002/7998
f 7932/7928 7813/7809 7970/7966
f 4331/4327 4323/4319 4322/4318
f 8003/7999 4267/4263 7889/7885
f 8003/7999 7889/7885 8004/8000
f 7886/7882 7933/7929 7971/7967
f 8005/8001 7933/7929 7887/7883
f 8005/8001 7887/7883 3762/3758
f 8005/8001 3762/3758 3764/3760
f 8005/8001 3764/3760 7934/7930
f 7934/7930 3764/3760 3766/3762
f 7936/7932 3772/3768 7972/7968
f 7941/7937 7891/7887 7942/7938
f 7978/7974 7893/7889 7979/7975
f 7979/7975 7894/7890 8006/8002
f 8006/8002 7894/7890 7980/7976
f 7981/7977 7896/7892 7897/7893
f 7981/7977 7897/7893 8007/8003
f 8007/8003 7898/7894 7982/7978
f 7982/7978 7944/7940 8008/8004
f 7944/7940 7983/7979 8008/8004
f 7947/7943 7860/7856 7769/7765
f 7947/7943 7624/7620 8009/8005
f 8009/8005 7624/7620 7710/7706
f 7710/7706 7770/7766 8009/8005
f 7771/7767 7989/7985 8010/8006
f 7908/7904 7740/7736 7713/7709
f 7583/7579 7389/7385 8011/8007
f 4360/4356 4192/4188 4289/4285
f 7866/7862 4254/4250 4366/4362
f 8012/8008 7914/7910 7999/7995
f 7956/7952 7587/7583 8013/8009
f 7921/7917 7922/7918 8014/8010
f 4257/4253 7923/7919 8015/8011
f 8015/8011 7923/7919 7917/7913
f 8015/8011 7917/7913 7960/7956
f 8016/8012 7924/7920 7926/7922
f 8016/8012 7926/7922 8017/8013
f 7870/7866 7916/7912 7964/7960
f 8018/8014 7964/7960 7968/7964
f 7932/7928 7968/7964 7931/7927
f 4374/4370 4306/4302 8019/8015
f 4306/4302 8002/7998 8019/8015
f 4377/4373 4313/4309 4376/4372
f 4379/4375 4321/4317 4378/4374
f 4380/4376 4331/4327 4322/4318
f 7970/7966 7938/7934 8020/8016
f 8021/8017 4381/4377 4267/4263
f 8021/8017 4267/4263 8003/7999
f 7889/7885 7971/7967 8004/8000
f 8004/8000 7971/7967 8022/8018
f 8022/8018 7971/7967 7933/7929
f 8023/8019 7936/7932 7972/7968
f 7940/7936 7974/7970 8024/8020
f 8025/8021 7941/7937 7942/7938
f 8026/8022 7942/7938 7975/7971
f 8027/8023 7975/7971 7976/7972
f 7976/7972 7977/7973 8028/8024
f 7980/7976 7981/7977 8029/8025
f 4338/4334 4330/4326 4382/4378
f 7897/7893 7898/7894 8007/8003
f 8030/8026 7988/7984 8031/8027
f 8031/8027 7988/7984 7949/7945
f 8010/8006 7770/7766 7771/7767
f 7990/7986 7991/7987 8032/8028
f 8032/8028 7991/7987 8033/8029
f 7991/7987 7992/7988 8033/8029
f 8033/8029 7992/7988 7994/7990
f 7908/7904 7713/7709 8011/8007
f 8011/8007 7713/7709 7583/7579
f 7953/7949 7954/7950 8034/8030
f 8011/8007 7389/7385 7997/7993
f 7996/7992 4247/4243 4436/4432
f 7999/7995 8000/7996 8035/8031
f 8035/8031 8000/7996 8036/8032
f 8036/8032 8000/7996 7955/7951
f 8037/8033 7957/7953 8038/8034
f 8038/8034 7957/7953 7959/7955
f 8039/8035 7956/7952 8013/8009
f 8013/8009 7587/7583 7915/7911
f 7960/7956 7918/7914 8040/8036
f 7919/7915 7920/7916 8041/8037
f 8041/8037 7920/7916 8042/8038
f 8042/8038 7920/7916 7921/7917
f 7926/7922 7927/7923 8043/8039
f 8043/8039 7927/7923 8001/7997
f 4258/4254 4216/4212 4444/4440
f 7961/7957 7962/7958 8044/8040
f 7962/7958 7963/7959 8045/8041
f 7963/7959 7965/7961 8046/8042
f 7965/7961 7966/7962 8046/8042
f 7966/7962 7967/7963 8047/8043
f 8047/8043 7967/7963 8048/8044
f 8048/8044 7967/7963 7969/7965
f 4374/4370 8019/8015 8049/8045
f 4413/4409 4414/4410 4378/4374
f 4450/4446 4416/4412 4415/4411
f 8022/8018 7933/7929 8050/8046
f 8050/8046 7933/7929 8005/8001
f 8050/8046 8005/8001 7934/7930
f 8050/8046 7934/7930 8051/8047
f 8051/8047 7934/7930 7935/7931
f 8051/8047 7935/7931 8052/8048
f 8052/8048 7935/7931 8053/8049
f 7935/7931 7936/7932 8053/8049
f 8053/8049 7936/7932 8023/8019
f 7939/7935 7973/7969 7972/7968
f 7940/7936 8024/8020 7973/7969
f 7974/7970 7941/7937 8025/8021
f 8026/8022 7975/7971 8027/8023
f 8027/8023 7976/7972 8028/8024
f 7978/7974 7979/7975 8054/8050
f 8054/8050 7979/7975 8006/8002
f 8055/8051 8006/8002 7980/7976
f 4545/4541 7982/7978 8008/8004
f 7969/7965 7986/7982 8056/8052
f 7986/7982 7987/7983 8057/8053
f 8056/8052 7986/7982 8057/8053
f 4697/4693 7947/7943 8009/8005
f 8057/8053 7987/7983 7988/7984
f 7949/7945 7950/7946 8031/8027
f 8031/8027 7950/7946 8058/8054
f 8058/8054 7950/7946 7990/7986
f 8058/8054 7990/7986 8032/8028
f 7989/7985 7772/7768 7993/7989
f 8059/8055 7995/7991 7953/7949
f 8059/8055 7953/7949 8060/8056
f 8060/8056 7953/7949 8034/8030
f 7997/7993 7866/7862 4366/4362
f 4365/4361 4481/4477 4366/4362
f 8061/8057 8012/8008 7999/7995
f 8061/8057 7999/7995 8035/8031
f 8013/8009 7915/7911 8062/8058
f 8040/8036 7918/7914 8063/8059
f 8063/8059 7918/7914 7919/7915
f 8017/8013 7926/7922 8043/8039
f 8001/7997 7961/7957 8044/8040
f 8044/8040 7962/7958 8045/8041
f 8018/8014 7968/7964 8064/8060
f 7968/7964 7932/7928 8064/8060
f 8065/8061 4446/4442 4448/4444
f 4449/4445 4376/4372 8066/8062
f 8066/8062 4376/4372 4412/4408
f 4412/4408 4375/4371 8067/8063
f 4454/4450 4418/4414 4453/4449
f 8003/7999 8004/8000 8068/8064
f 8068/8064 8004/8000 8069/8065
f 8004/8000 8022/8018 8069/8065
f 8022/8018 8050/8046 8069/8065
f 8069/8065 8050/8046 8070/8066
f 8070/8066 8050/8046 8071/8067
f 8050/8046 8051/8047 8072/8068
f 8071/8067 8050/8046 8072/8068
f 8072/8068 8051/8047 8052/8048
f 8072/8068 8052/8048 8073/8069
f 8052/8048 8053/8049 8073/8069
f 8073/8069 8053/8049 8074/8070
f 8074/8070 8053/8049 8023/8019
f 8074/8070 8023/8019 8075/8071
f 8075/8071 8023/8019 8076/8072
f 8076/8072 8023/8019 7972/7968
f 8068/8064 8021/8017 8003/7999
f 7970/7966 8020/8016 8077/8073
f 7970/7966 8077/8073 8078/8074
f 8025/8021 8024/8020 7974/7970
f 8025/8021 7942/7938 8079/8075
f 8079/8075 7942/7938 8026/8022
f 8079/8075 8026/8022 4498/4494
f 4498/4494 8026/8022 4499/4495
f 8026/8022 8027/8023 4499/4495
f 4499/4495 8027/8023 8028/8024
f 4499/4495 8028/8024 8080/8076
f 8080/8076 8028/8024 8081/8077
f 8081/8077 8028/8024 7977/7973
f 8081/8077 7977/7973 8082/8078
f 8082/8078 7977/7973 7978/7974
f 8082/8078 7978/7974 8083/8079
f 8083/8079 7978/7974 8054/8050
f 8084/8080 8054/8050 8006/8002
f 8085/8081 7980/7976 8029/8025
f 8007/8003 7982/7978 8086/8082
f 8086/8082 7982/7978 4545/4541
f 8087/8083 7947/7943 4697/4693
f 8057/8053 7988/7984 8088/8084
f 7770/7766 8010/8006 8089/8085
f 7954/7950 7996/7992 8090/8086
f 8090/8086 7996/7992 4436/4432
f 7997/7993 4366/4362 4482/4478
f 4246/4242 7998/7994 8091/8087
f 4401/4397 4487/4483 4364/4360
f 8061/8057 8035/8031 8092/8088
f 8092/8088 8035/8031 8036/8032
f 8092/8088 8036/8032 8093/8089
f 8094/8090 8037/8033 8038/8034
f 8039/8035 8013/8009 8095/8091
f 7915/7911 7552/7548 8096/8092
f 8096/8092 7552/7548 7870/7866
f 8063/8059 7919/7915 8041/8037
f 7870/7866 7964/7960 8018/8014
f 8064/8060 7932/7928 8097/8093
f 4495/4491 4446/4442 4411/4407
f 4495/4491 4411/4407 4494/4490
f 4497/4493 4449/4445 8066/8062
f 4497/4493 8066/8062 8098/8094
f 8098/8094 8066/8062 4412/4408
f 8098/8094 4412/4408 8099/8095
f 8099/8095 4412/4408 8067/8063
f 8073/8069 8074/8070 8075/8071
f 7970/7966 8078/8074 8100/8096
f 8101/8097 8102/8098 8103/8099
f 8103/8099 8102/8098 8104/8100
f 8103/8099 8104/8100 8105/8101
f 8103/8099 8105/8101 8106/8102
f 8106/8102 8105/8101 8107/8103
f 8106/8102 8107/8103 8108/8104
f 8108/8104 8107/8103 8109/8105
f 8108/8104 8109/8105 8110/8106
f 8110/8106 8109/8105 8111/8107
f 8110/8106 8111/8107 8112/8108
f 8113/8109 8114/8110 8115/8111
f 8076/8072 7972/7968 7973/7969
f 8076/8072 7973/7969 8116/8112
f 8116/8112 7973/7969 8117/8113
f 8117/8113 7973/7969 8024/8020
f 8117/8113 8024/8020 8118/8114
f 8024/8020 8025/8021 8118/8114
f 8025/8021 8079/8075 8118/8114
f 8100/8096 8078/8074 8119/8115
f 8120/8116 8101/8097 8103/8099
f 8120/8116 8103/8099 8121/8117
f 8121/8117 8103/8099 8122/8118
f 8103/8099 8106/8102 8123/8119
f 8122/8118 8103/8099 8123/8119
f 8106/8102 8108/8104 8123/8119
f 8123/8119 8108/8104 8124/8120
f 4500/4496 4499/4495 8125/8121
f 8125/8121 4499/4495 8126/8122
f 8126/8122 4499/4495 8080/8076
f 8080/8076 8081/8077 8126/8122
f 8126/8122 8081/8077 8082/8078
f 8084/8080 8006/8002 8055/8051
f 8084/8080 8055/8051 8127/8123
f 8127/8123 8055/8051 8085/8081
f 8085/8081 8055/8051 7980/7976
f 8029/8025 7981/7977 8007/8003
f 8119/8115 8128/8124 8100/8096
f 8129/8125 8120/8116 8130/8126
f 8130/8126 8120/8116 8121/8117
f 8124/8120 8108/8104 8131/8127
f 7969/7965 8056/8052 8132/8128
f 8130/8126 8121/8117 8133/8129
f 8121/8117 8122/8118 8134/8130
f 8133/8129 8121/8117 8134/8130
f 8134/8130 8122/8118 8123/8119
f 8134/8130 8123/8119 8135/8131
f 8123/8119 8124/8120 8135/8131
f 8135/8131 8124/8120 8131/8127
f 8130/8126 8133/8129 8136/8132
f 8136/8132 8133/8129 8137/8133
f 8137/8133 8133/8129 8134/8130
f 8138/8134 8134/8130 8139/8135
f 8139/8135 8134/8130 8135/8131
f 8056/8052 8057/8053 8132/8128
f 4462/4458 4461/4457 4509/4505
f 4462/4458 4509/4505 4463/4459
f 8087/8083 4697/4693 8140/8136
f 8088/8084 7988/7984 8030/8026
f 8009/8005 7770/7766 8089/8085
f 8141/8137 8010/8006 7989/7985
f 8142/8138 7989/7985 7993/7989
f 8143/8139 8032/8028 8033/8029
f 8144/8140 7906/7902 7908/7904
f 8033/8029 7994/7990 7995/7991
f 7908/7904 8011/8007 8145/8141
f 8034/8030 7954/7950 8090/8086
f 4488/4484 4440/4436 8146/8142
f 8147/8143 8061/8057 8092/8088
f 8092/8088 8093/8089 8148/8144
f 8094/8090 8038/8034 8149/8145
f 8150/8146 8094/8090 8149/8145
f 8013/8009 8062/8058 8151/8147
f 8095/8091 8013/8009 8151/8147
f 8062/8058 7915/7911 8096/8092
f 8042/8038 7921/7917 8014/8010
f 4257/4253 8015/8011 8152/8148
f 8015/8011 7960/7956 8040/8036
f 8152/8148 8015/8011 8040/8036
f 8043/8039 8001/7997 8044/8040
f 8043/8039 8044/8040 8153/8149
f 8153/8149 8044/8040 8045/8041
f 8045/8041 7963/7959 8046/8042
f 8018/8014 8064/8060 8154/8150
f 4539/4535 4497/4493 8098/8094
f 4539/4535 8098/8094 8155/8151
f 8155/8151 8098/8094 8099/8095
f 8155/8151 8099/8095 8156/8152
f 8157/8153 7932/7928 7970/7966
f 8157/8153 7970/7966 8100/8096
f 8112/8108 8111/8107 8158/8154
f 8111/8107 8113/8109 8158/8154
f 8158/8154 8113/8109 8115/8111
f 8115/8111 8114/8110 8159/8155
f 8160/8156 8108/8104 8110/8106
f 8160/8156 8110/8106 8112/8108
f 8160/8156 8112/8108 8161/8157
f 8112/8108 8158/8154 8161/8157
f 8161/8157 8158/8154 8162/8158
f 8162/8158 8158/8154 8115/8111
f 8162/8158 8115/8111 8163/8159
f 8163/8159 8115/8111 8159/8155
f 8163/8159 8159/8155 8164/8160
f 8159/8155 8165/8161 8164/8160
f 8164/8160 8165/8161 8166/8162
f 8165/8161 8167/8163 8166/8162
f 8166/8162 8167/8163 8168/8164
f 8168/8164 8167/8163 8169/8165
f 8167/8163 8170/8166 8169/8165
f 8169/8165 8170/8166 8171/8167
f 8171/8167 8170/8166 8172/8168
f 8172/8168 8173/8169 8171/8167
f 8171/8167 8173/8169 8174/8170
f 8175/8171 8176/8172 8177/8173
f 8178/8174 8126/8122 8082/8078
f 8178/8174 8082/8078 8179/8175
f 8179/8175 8082/8078 8180/8176
f 8082/8078 8083/8079 8180/8176
f 8180/8176 8083/8079 8181/8177
f 8083/8079 8054/8050 8181/8177
f 8054/8050 8084/8080 8181/8177
f 8181/8177 8084/8080 8182/8178
f 8182/8178 8084/8080 8127/8123
f 8029/8025 8007/8003 8183/8179
f 8183/8179 8007/8003 8086/8082
f 8048/8044 7969/7965 8132/8128
f 8131/8127 8108/8104 8184/8180
f 8108/8104 8160/8156 8184/8180
f 8184/8180 8160/8156 8161/8157
f 8185/8181 8163/8159 8164/8160
f 8166/8162 8168/8164 8186/8182
f 8187/8183 8169/8165 8171/8167
f 8171/8167 8174/8170 8188/8184
f 8174/8170 8176/8172 8188/8184
f 8188/8184 8176/8172 8189/8185
f 8189/8185 8176/8172 8175/8171
f 8086/8082 4545/4541 4586/4582
f 8190/8186 8184/8180 8161/8157
f 8191/8187 8161/8157 8192/8188
f 8192/8188 8161/8157 8162/8158
f 8192/8188 8162/8158 8193/8189
f 8193/8189 8162/8158 8194/8190
f 8194/8190 8162/8158 8163/8159
f 8194/8190 8163/8159 4503/4499
f 8163/8159 8195/8191 4503/4499
f 8195/8191 8163/8159 8196/8192
f 8196/8192 8163/8159 8185/8181
f 4548/4544 8166/8162 8186/8182
f 8189/8185 8175/8171 8197/8193
f 8175/8171 8177/8173 8197/8193
f 8100/8096 8128/8124 8198/8194
f 8199/8195 8100/8096 8198/8194
f 8100/8096 8199/8195 4786/4782
f 8200/8196 8129/8125 8130/8126
f 8190/8186 8161/8157 8191/8187
f 8201/8197 8194/8190 4503/4499
f 8185/8181 8164/8160 8202/8198
f 8202/8198 8164/8160 8166/8162
f 4546/4542 8186/8182 8168/8164
f 4546/4542 8168/8164 8169/8165
f 8187/8183 8171/8167 8203/8199
f 8204/8200 8187/8183 8203/8199
f 8203/8199 8171/8167 8188/8184
f 8203/8199 8188/8184 8205/8201
f 8205/8201 8188/8184 8189/8185
f 8206/8202 8189/8185 8197/8193
f 8207/8203 8135/8131 8131/8127
f 8207/8203 8131/8127 8184/8180
f 8184/8180 8190/8186 8208/8204
f 8209/8205 8191/8187 8192/8188
f 8193/8189 8194/8190 8201/8197
f 4504/4500 4503/4499 8195/8191
f 8202/8198 8166/8162 4548/4544
f 4548/4544 8186/8182 4546/4542
f 8205/8201 8189/8185 8206/8202
f 8200/8196 8130/8126 8210/8206
f 8130/8126 8136/8132 8210/8206
f 8208/8204 8190/8186 8211/8207
f 4502/4498 8201/8197 4503/4499
f 8212/8208 8195/8191 8196/8192
f 8138/8134 8137/8133 8134/8130
f 8207/8203 8139/8135 8135/8131
f 8207/8203 8184/8180 8208/8204
f 8192/8188 8193/8189 8213/8209
f 8193/8189 8201/8197 8214/8210
f 8214/8210 8201/8197 4502/4498
f 8215/8211 4504/4500 8195/8191
f 8216/8212 8200/8196 8217/8213
f 8217/8213 8200/8196 8210/8206
f 8139/8135 8207/8203 8218/8214
f 8211/8207 8190/8186 8191/8187
f 8211/8207 8191/8187 8219/8215
f 8219/8215 8191/8187 8209/8205
f 8209/8205 8192/8188 8213/8209
f 8220/8216 8193/8189 8214/8210
f 8214/8210 4502/4498 8215/8211
f 8215/8211 4502/4498 4504/4500
f 8215/8211 8195/8191 8221/8217
f 8221/8217 8195/8191 8212/8208
f 8212/8208 8196/8192 8185/8181
f 8212/8208 8185/8181 8222/8218
f 8222/8218 8185/8181 8202/8198
f 8223/8219 8138/8134 8139/8135
f 8218/8214 8207/8203 8224/8220
f 8207/8203 8208/8204 8224/8220
f 8208/8204 8211/8207 8224/8220
f 8219/8215 8209/8205 8213/8209
f 8213/8209 8193/8189 8220/8216
f 8225/8221 8214/8210 8215/8211
f 8210/8206 8136/8132 8137/8133
f 8226/8222 8137/8133 8138/8134
f 8223/8219 8139/8135 8218/8214
f 8224/8220 8211/8207 8227/8223
f 8227/8223 8211/8207 8219/8215
f 8225/8221 8220/8216 8214/8210
f 8225/8221 8215/8211 8221/8217
f 8226/8222 8138/8134 8223/8219
f 8223/8219 8218/8214 8228/8224
f 8227/8223 8219/8215 8213/8209
f 8210/8206 8137/8133 8229/8225
f 8228/8224 8218/8214 8224/8220
f 8224/8220 8227/8223 8230/8226
f 8216/8212 8217/8213 8231/8227
f 8217/8213 8210/8206 8232/8228
f 8231/8227 8217/8213 8232/8228
f 8232/8228 8210/8206 8229/8225
f 8229/8225 8137/8133 8226/8222
f 8226/8222 8223/8219 8233/8229
f 8223/8219 8228/8224 8233/8229
f 8228/8224 8224/8220 8234/8230
f 8234/8230 8224/8220 8230/8226
f 8235/8231 8216/8212 8231/8227
f 8229/8225 8226/8222 8236/8232
f 8236/8232 8226/8222 8237/8233
f 8237/8233 8226/8222 8233/8229
f 8237/8233 8233/8229 8228/8224
f 8228/8224 8234/8230 8238/8234
f 8234/8230 8230/8226 8238/8234
f 8238/8234 8230/8226 8239/8235
f 8239/8235 8230/8226 8227/8223
f 4506/4502 8235/8231 8231/8227
f 8237/8233 8228/8224 8240/8236
f 8228/8224 8238/8234 8240/8236
f 4506/4502 8231/8227 4507/4503
f 8231/8227 8232/8228 4507/4503
f 8232/8228 8229/8225 4508/4504
f 4507/4503 8232/8228 4508/4504
f 4508/4504 8229/8225 8236/8232
f 4508/4504 8236/8232 8241/8237
f 8236/8232 8237/8233 8241/8237
f 8241/8237 8237/8233 8240/8236
f 8242/8238 8240/8236 8238/8234
f 8238/8234 8239/8235 8242/8238
f 8242/8238 8239/8235 8243/8239
f 4508/4504 8241/8237 8244/8240
f 8244/8240 8241/8237 8245/8241
f 8245/8241 8241/8237 8240/8236
f 8245/8241 8240/8236 8242/8238
f 8245/8241 8242/8238 8246/8242
f 8242/8238 8243/8239 8246/8242
f 4512/4508 4549/4545 4465/4461
f 8247/8243 8057/8053 8088/8084
f 8088/8084 8030/8026 8248/8244
f 8030/8026 8031/8027 8248/8244
f 8089/8085 8010/8006 8249/8245
f 8031/8027 8058/8054 8248/8244
f 8249/8245 8010/8006 8141/8137
f 8250/8246 8058/8054 8032/8028
f 8250/8246 8032/8028 8143/8139
f 8142/8138 7993/7989 8251/8247
f 8251/8247 7993/7989 7906/7902
f 8143/8139 8033/8029 8252/8248
f 8033/8029 7995/7991 8252/8248
f 8252/8248 7995/7991 8059/8055
f 4563/4559 4476/4472 4562/4558
f 8011/8007 7997/7993 4482/4478
f 4439/4435 4519/4515 4520/4516
f 4523/4519 8253/8249 4482/4478
f 4436/4432 4246/4242 8091/8087
f 8147/8143 8092/8088 8254/8250
f 8092/8088 8148/8144 8255/8251
f 8254/8250 8092/8088 8255/8251
f 8150/8146 8149/8145 8256/8252
f 8255/8251 8148/8144 8257/8253
f 8042/8038 8014/8010 8258/8254
f 8259/8255 8016/8012 8017/8013
f 8096/8092 7870/7866 8018/8014
f 8046/8042 7966/7962 8047/8043
f 4581/4577 4539/4535 8155/8151
f 8155/8151 8156/8152 8260/8256
f 4581/4577 8155/8151 8260/8256
f 8260/8256 8156/8152 8261/8257
f 4583/4579 4539/4535 4582/4578
f 8182/8178 8127/8123 8262/8258
f 8262/8258 8127/8123 8263/8259
f 8127/8123 8085/8081 8263/8259
f 8263/8259 8085/8081 8264/8260
f 8085/8081 8029/8025 8264/8260
f 8264/8260 8029/8025 8265/8261
f 8029/8025 8183/8179 8265/8261
f 8183/8179 8086/8082 8266/8262
f 8266/8262 8086/8082 4586/4582
f 8157/8153 8100/8096 4786/4782
f 8267/8263 8268/8264 8269/8265
f 8269/8265 8268/8264 8270/8266
f 8268/8264 8271/8267 8270/8266
f 8270/8266 8271/8267 8272/8268
f 8271/8267 8273/8269 8272/8268
f 8274/8270 8270/8266 8272/8268
f 8177/8173 8267/8263 8197/8193
f 8197/8193 8267/8263 8275/8271
f 8275/8271 8267/8263 8269/8265
f 8269/8265 8270/8266 8276/8272
f 8276/8272 8270/8266 8274/8270
f 4546/4542 8169/8165 8277/8273
f 8277/8273 8169/8165 8187/8183
f 8277/8273 8187/8183 8204/8200
f 8204/8200 8203/8199 8278/8274
f 8205/8201 8206/8202 8279/8275
f 8279/8275 8206/8202 8280/8276
f 8206/8202 8197/8193 8275/8271
f 8280/8276 8206/8202 8275/8271
f 8281/8277 8269/8265 8282/8278
f 8269/8265 8276/8272 8282/8278
f 8276/8272 8274/8270 8283/8279
f 8277/8273 8204/8200 8278/8274
f 8281/8277 8275/8271 8269/8265
f 8284/8280 8202/8198 4548/4544
f 8284/8280 4548/4544 4547/4543
f 4547/4543 4546/4542 8277/8273
f 8285/8281 8203/8199 8205/8201
f 8286/8282 8277/8273 8278/8274
f 8278/8274 8203/8199 8285/8281
f 8285/8281 8205/8201 8279/8275
f 8280/8276 8275/8271 8281/8277
f 8221/8217 8212/8208 8287/8283
f 8222/8218 8202/8198 8284/8280
f 8281/8277 8282/8278 8288/8284
f 8289/8285 8225/8221 8221/8217
f 8289/8285 8221/8217 8287/8283
f 8212/8208 8222/8218 8287/8283
f 8284/8280 4547/4543 8286/8282
f 8286/8282 4547/4543 8277/8273
f 8285/8281 8279/8275 8290/8286
f 8279/8275 8280/8276 8291/8287
f 8290/8286 8279/8275 8291/8287
f 4786/4782 8199/8195 8292/8288
f 8293/8289 8213/8209 8220/8216
f 8220/8216 8225/8221 8294/8290
f 8293/8289 8220/8216 8294/8290
f 8294/8290 8225/8221 8289/8285
f 8222/8218 8284/8280 8295/8291
f 8284/8280 8286/8282 8296/8292
f 8132/8128 8057/8053 8247/8243
f 8199/8195 8297/8293 8292/8288
f 8227/8223 8213/8209 8293/8289
f 8289/8285 8287/8283 8294/8290
f 8287/8283 8222/8218 8295/8291
f 8295/8291 8284/8280 8296/8292
f 8296/8292 8286/8282 8298/8294
f 8293/8289 8294/8290 8299/8295
f 8300/8296 8294/8290 8287/8283
f 8301/8297 8295/8291 8296/8292
f 8239/8235 8227/8223 8302/8298
f 8227/8223 8293/8289 8302/8298
f 8302/8298 8293/8289 8299/8295
f 8299/8295 8294/8290 8300/8296
f 8300/8296 8287/8283 8301/8297
f 8287/8283 8295/8291 8301/8297
f 8301/8297 8296/8292 8303/8299
f 8292/8288 8297/8293 8140/8136
f 8243/8239 8239/8235 8304/8300
f 8304/8300 8239/8235 8302/8298
f 8304/8300 8302/8298 8299/8295
f 8299/8295 8300/8296 8304/8300
f 8304/8300 8300/8296 8305/8301
f 8300/8296 8301/8297 8305/8301
f 8305/8301 8301/8297 8306/8302
f 8306/8302 8301/8297 8303/8299
f 8243/8239 8304/8300 8307/8303
f 8307/8303 8304/8300 8308/8304
f 8304/8300 8305/8301 8308/8304
f 8308/8304 8305/8301 8309/8305
f 8305/8301 8306/8302 8309/8305
f 8309/8305 8306/8302 8310/8306
f 8310/8306 8306/8302 8311/8307
f 4553/4549 4587/4583 4554/4550
f 4699/4695 8140/8136 4697/4693
f 8248/8244 8058/8054 8250/8246
f 8141/8137 7989/7985 8142/8138
f 8144/8140 7908/7904 8145/8141
f 8312/8308 8145/8141 8011/8007
f 4602/4598 4563/4559 4562/4558
f 8312/8308 8011/8007 4710/4706
f 4710/4706 8011/8007 4482/4478
f 4519/4515 4604/4600 4520/4516
f 8313/8309 4482/4478 8253/8249
f 4488/4484 8146/8142 8314/8310
f 4573/4569 4488/4484 8314/8310
f 8315/8311 8147/8143 8254/8250
f 8254/8250 8255/8251 8316/8312
f 8095/8091 8151/8147 8317/8313
f 8256/8252 8149/8145 8318/8314
f 8319/8315 8040/8036 8063/8059
f 8319/8315 8063/8059 8320/8316
f 8320/8316 8063/8059 8041/8037
f 4615/4611 4257/4253 8152/8148
f 8152/8148 8040/8036 8319/8315
f 8321/8317 8153/8149 8045/8041
f 8096/8092 8018/8014 8322/8318
f 8321/8317 8045/8041 8323/8319
f 8045/8041 8046/8042 8323/8319
f 8322/8318 8018/8014 8154/8150
f 8323/8319 8046/8042 8324/8320
f 8324/8320 8046/8042 8047/8043
f 8324/8320 8047/8043 8325/8321
f 8047/8043 8048/8044 8325/8321
f 4537/4533 4493/4489 4678/4674
f 8326/8322 8327/8323 8328/8324
f 8329/8325 8326/8322 8328/8324
f 8328/8324 8327/8323 8330/8326
f 4788/4784 8097/8093 7932/7928
f 4623/4619 4583/4579 4582/4578
f 8331/8327 8329/8325 8328/8324
f 8331/8327 8328/8324 8332/8328
f 8328/8324 8330/8326 8332/8328
f 7932/7928 8157/8153 4788/4784
f 4584/4580 4540/4536 4583/4579
f 8333/8329 8331/8327 8332/8328
f 8333/8329 8332/8328 8334/8330
f 8334/8330 8332/8328 8335/8331
f 4624/4620 4626/4622 8336/8332
f 8336/8332 4626/4622 8337/8333
f 4626/4622 8333/8329 8337/8333
f 8337/8333 8333/8329 8334/8330
f 8334/8330 8335/8331 8338/8334
f 8266/8262 8265/8261 8183/8179
f 8339/8335 4624/4620 8336/8332
f 8336/8332 8337/8333 4628/4624
f 4628/4624 8337/8333 8334/8330
f 4628/4624 8334/8330 8338/8334
f 8325/8321 8048/8044 8132/8128
f 8340/8336 8341/8337 8342/8338
f 8341/8337 8343/8339 8342/8338
f 8342/8338 8343/8339 8344/8340
f 8344/8340 8343/8339 8345/8341
f 8346/8342 8344/8340 8345/8341
f 8266/8262 4586/4582 8347/8343
f 8348/8344 4630/4626 8349/8345
f 4586/4582 4544/4540 8347/8343
f 8349/8345 4630/4626 8350/8346
f 8339/8335 8336/8332 4630/4626
f 8336/8332 4628/4624 4630/4626
f 8350/8346 4630/4626 4629/4625
f 4629/4625 4628/4624 8338/8334
f 8351/8347 4629/4625 8338/8334
f 8272/8268 8273/8269 8352/8348
f 8352/8348 8273/8269 8340/8336
f 8352/8348 8340/8336 8353/8349
f 8353/8349 8340/8336 8354/8350
f 8354/8350 8340/8336 8342/8338
f 8342/8338 8344/8340 8355/8351
f 8325/8321 8132/8128 8356/8352
f 8274/8270 8272/8268 8352/8348
f 8353/8349 8354/8350 8357/8353
f 8354/8350 8342/8338 8358/8354
f 8342/8338 8355/8351 8358/8354
f 8359/8355 8274/8270 8352/8348
f 8352/8348 8353/8349 8357/8353
f 8360/8356 8358/8354 8355/8351
f 8360/8356 8355/8351 8361/8357
f 8283/8279 8274/8270 8359/8355
f 8362/8358 8357/8353 8354/8350
f 8282/8278 8276/8272 8283/8279
f 8288/8284 8282/8278 8283/8279
f 8359/8355 8352/8348 8357/8353
f 8362/8358 8354/8350 8358/8354
f 8362/8358 8358/8354 8360/8356
f 8281/8277 8288/8284 8291/8287
f 8363/8359 8283/8279 8359/8355
f 8364/8360 8357/8353 8362/8358
f 8280/8276 8281/8277 8291/8287
f 8364/8360 8359/8355 8357/8353
f 8360/8356 8361/8357 8365/8361
f 8356/8352 8132/8128 8247/8243
f 8286/8282 8278/8274 8285/8281
f 8363/8359 8288/8284 8283/8279
f 8290/8286 8291/8287 8366/8362
f 8363/8359 8359/8355 8364/8360
f 8364/8360 8362/8358 8365/8361
f 8365/8361 8362/8358 8360/8356
f 8286/8282 8285/8281 8367/8363
f 8285/8281 8290/8286 8367/8363
f 8367/8363 8290/8286 8366/8362
f 8291/8287 8288/8284 8366/8362
f 8368/8364 8366/8362 8288/8284
f 8368/8364 8288/8284 8363/8359
f 8368/8364 8363/8359 8369/8365
f 8369/8365 8363/8359 8364/8360
f 8364/8360 8365/8361 8370/8366
f 8303/8299 8296/8292 8298/8294
f 8298/8294 8286/8282 8367/8363
f 8369/8365 8364/8360 8370/8366
f 8306/8302 8303/8299 8311/8307
f 8311/8307 8303/8299 8298/8294
f 8311/8307 8298/8294 8371/8367
f 8298/8294 8367/8363 8371/8367
f 8371/8367 8367/8363 8372/8368
f 8372/8368 8367/8363 8366/8362
f 8372/8368 8366/8362 8373/8369
f 8373/8369 8366/8362 8374/8370
f 8366/8362 8368/8364 8374/8370
f 8368/8364 8369/8365 8374/8370
f 8374/8370 8369/8365 8375/8371
f 8375/8371 8369/8365 8370/8366
f 8375/8371 8370/8366 8376/8372
f 4699/4695 8292/8288 8140/8136
f 8311/8307 8371/8367 8377/8373
f 8371/8367 8372/8368 8377/8373
f 8377/8373 8372/8368 8378/8374
f 8378/8374 8372/8368 8373/8369
f 8373/8369 8374/8370 8378/8374
f 8378/8374 8374/8370 8379/8375
f 8374/8370 8375/8371 8379/8375
f 8379/8375 8375/8371 8380/8376
f 8380/8376 8375/8371 8376/8372
f 8380/8376 8376/8372 8381/8377
f 8381/8377 8376/8372 8382/8378
f 8382/8378 8383/8379 8381/8377
f 8247/8243 8088/8084 8356/8352
f 4698/4694 4697/4693 8009/8005
f 8356/8352 8088/8084 8384/8380
f 8384/8380 8088/8084 8248/8244
f 8384/8380 8248/8244 8385/8381
f 8249/8245 8009/8005 8089/8085
f 8385/8381 8248/8244 8250/8246
f 8385/8381 8250/8246 8386/8382
f 8386/8382 8250/8246 8143/8139
f 8251/8247 7906/7902 8144/8140
f 8386/8382 8143/8139 8252/8248
f 8386/8382 8252/8248 8387/8383
f 8387/8383 8252/8248 8059/8055
f 8387/8383 8059/8055 8388/8384
f 8059/8055 8060/8056 8389/8385
f 8388/8384 8059/8055 8389/8385
f 8060/8056 8034/8030 8389/8385
f 8034/8030 8090/8086 8389/8385
f 8389/8385 8090/8086 8390/8386
f 8313/8309 4710/4706 4482/4478
f 8090/8086 4436/4432 8390/8386
f 4607/4603 8391/8387 4608/4604
f 8390/8386 4436/4432 8091/8087
f 4610/4606 4573/4569 8314/8310
f 4610/4606 8314/8310 8392/8388
f 8393/8389 8315/8311 8254/8250
f 8393/8389 8254/8250 8394/8390
f 8394/8390 8254/8250 8316/8312
f 8316/8312 8255/8251 8257/8253
f 8395/8391 8256/8252 8318/8314
f 8151/8147 8062/8058 8396/8392
f 8396/8392 8062/8058 8096/8092
f 8320/8316 8041/8037 8397/8393
f 8397/8393 8041/8037 8042/8038
f 8397/8393 8042/8038 8258/8254
f 4615/4611 8152/8148 8319/8315
f 4615/4611 8319/8315 8320/8316
f 8396/8392 8096/8092 8398/8394
f 8017/8013 8043/8039 8399/8395
f 8043/8039 8153/8149 8399/8395
f 8399/8395 8153/8149 8400/8396
f 8400/8396 8153/8149 8321/8317
f 8398/8394 8096/8092 8401/8397
f 8401/8397 8096/8092 8322/8318
f 8400/8396 8321/8317 8402/8398
f 8321/8317 8323/8319 8402/8398
f 4675/4671 4534/4530 4672/4668
f 8402/8398 8323/8319 8403/8399
f 8323/8319 8324/8320 8403/8399
f 8404/8400 8154/8150 8405/8401
f 8154/8150 8064/8060 8405/8401
f 8403/8399 8324/8320 8406/8402
f 8064/8060 8097/8093 8405/8401
f 8324/8320 8325/8321 8406/8402
f 8405/8401 8097/8093 4788/4784
f 4537/4533 4678/4674 4627/4623
f 8407/8403 8329/8325 8331/8327
f 4625/4621 8407/8403 8333/8329
f 8333/8329 8407/8403 8331/8327
f 4625/4621 8333/8329 4626/4622
f 4788/4784 8157/8153 4786/4782
f 8346/8342 8345/8341 8348/8344
f 8346/8342 8348/8344 8349/8345
f 8351/8347 8338/8334 8408/8404
f 8355/8351 8344/8340 8409/8405
f 8344/8340 8346/8342 8409/8405
f 8409/8405 8346/8342 8410/8406
f 8410/8406 8346/8342 8411/8407
f 8411/8407 8346/8342 8349/8345
f 8411/8407 8349/8345 8412/8408
f 8349/8345 8350/8346 8412/8408
f 8350/8346 4629/4625 8412/8408
f 8412/8408 4629/4625 8351/8347
f 8412/8408 8351/8347 8413/8409
f 8413/8409 8351/8347 8408/8404
f 8406/8402 8325/8321 8356/8352
f 8414/8410 8413/8409 8408/8404
f 8414/8410 8408/8404 8415/8411
f 8355/8351 8409/8405 8361/8357
f 8409/8405 8410/8406 8416/8412
f 8410/8406 8411/8407 8416/8412
f 8417/8413 8411/8407 8412/8408
f 8412/8408 8413/8409 8418/8414
f 8418/8414 8413/8409 8414/8410
f 8417/8413 8412/8408 8419/8415
f 8419/8415 8412/8408 8418/8414
f 8420/8416 8418/8414 8414/8410
f 8419/8415 8418/8414 8420/8416
f 8420/8416 8414/8410 8415/8411
f 8409/8405 8416/8412 8421/8417
f 8420/8416 8415/8411 8422/8418
f 8421/8417 8416/8412 8411/8407
f 8406/8402 8356/8352 8423/8419
f 4786/4782 8292/8288 4699/4695
f 8361/8357 8409/8405 8421/8417
f 8419/8415 8420/8416 8424/8420
f 8365/8361 8361/8357 8421/8417
f 8421/8417 8411/8407 8417/8413
f 8424/8420 8420/8416 8422/8418
f 8424/8420 8422/8418 8425/8421
f 8425/8421 8422/8418 8426/8422
f 8417/8413 8419/8415 8427/8423
f 8419/8415 8424/8420 8427/8423
f 8427/8423 8424/8420 8428/8424
f 8429/8425 8365/8361 8421/8417
f 8429/8425 8421/8417 8430/8426
f 8421/8417 8417/8413 8430/8426
f 8430/8426 8417/8413 8427/8423
f 8428/8424 8424/8420 8431/8427
f 8425/8421 8426/8422 8432/8428
f 8370/8366 8365/8361 8429/8425
f 8431/8427 8424/8420 8425/8421
f 8431/8427 8425/8421 8432/8428
f 8370/8366 8429/8425 8376/8372
f 8376/8372 8429/8425 8382/8378
f 8382/8378 8429/8425 8433/8429
f 8433/8429 8429/8425 8430/8426
f 8433/8429 8430/8426 8434/8430
f 8430/8426 8427/8423 8434/8430
f 8434/8430 8427/8423 8428/8424
f 8434/8430 8428/8424 8435/8431
f 8435/8431 8428/8424 8431/8427
f 8435/8431 8431/8427 8432/8428
f 8435/8431 8432/8428 8436/8432
f 8383/8379 8382/8378 8433/8429
f 8383/8379 8433/8429 8434/8430
f 8383/8379 8434/8430 8437/8433
f 8437/8433 8434/8430 8435/8431
f 8423/8419 8356/8352 8384/8380
f 8423/8419 8384/8380 8438/8434
f 8384/8380 8385/8381 8438/8434
f 8438/8434 8385/8381 8439/8435
f 8141/8137 8142/8138 8440/8436
f 8439/8435 8385/8381 8386/8382
f 8439/8435 8386/8382 8441/8437
f 8441/8437 8386/8382 8442/8438
f 8442/8438 8386/8382 8387/8383
f 8387/8383 8388/8384 8443/8439
f 8442/8438 8387/8383 8443/8439
f 4705/4701 4648/4644 4646/4642
f 8443/8439 8388/8384 8389/8385
f 8145/8141 8312/8308 4709/4705
f 8443/8439 8389/8385 8444/8440
f 8312/8308 4710/4706 4709/4705
f 4653/4649 8445/8441 4605/4601
f 4605/4601 8445/8441 8446/8442
f 4603/4599 4707/4703 8447/8443
f 8444/8440 8389/8385 8390/8386
f 4605/4601 8446/8442 4606/4602
f 4606/4602 8446/8442 4607/4603
f 4607/4603 8446/8442 4711/4707
f 4607/4603 4711/4707 4713/4709
f 4607/4603 4713/4709 8391/8387
f 8390/8386 8091/8087 8448/8444
f 4717/4713 4716/4712 8449/8445
f 4721/4717 4610/4606 8392/8388
f 4721/4717 8392/8388 8450/8446
f 8450/8446 8392/8388 8451/8447
f 8394/8390 8316/8312 8452/8448
f 8453/8449 8454/8450 8455/8451
f 8317/8313 8151/8147 8456/8452
f 8456/8452 8151/8147 8457/8453
f 8151/8147 8396/8392 8457/8453
f 8458/8454 8459/8455 8460/8456
f 8460/8456 8459/8455 8461/8457
f 8461/8457 8459/8455 8462/8458
f 8461/8457 8462/8458 8463/8459
f 4729/4725 8464/8460 8465/8461
f 4730/4726 4729/4725 8465/8461
f 8466/8462 4615/4611 8320/8316
f 8465/8461 8458/8454 8460/8456
f 8463/8459 8462/8458 8467/8463
f 8468/8464 8259/8255 8017/8013
f 8399/8395 8468/8464 8017/8013
f 8467/8463 8469/8465 8470/8466
f 8400/8396 8402/8398 8471/8467
f 4671/4667 4669/4665 4736/4732
f 8471/8467 8402/8398 8472/8468
f 8322/8318 8154/8150 8473/8469
f 8402/8398 8403/8399 8472/8468
f 4675/4671 4672/4668 4676/4672
f 8473/8469 8154/8150 8404/8400
f 8472/8468 8403/8399 8474/8470
f 8403/8399 8406/8402 8474/8470
f 4743/4739 4679/4675 4742/4738
f 8474/8470 8406/8402 8475/8471
f 8475/8471 8406/8402 8423/8419
f 4787/4783 4786/4782 4699/4695
f 8475/8471 8423/8419 8476/8472
f 4749/4745 4694/4690 4748/4744
f 8476/8472 8423/8419 8438/8434
f 8476/8472 8438/8434 8477/8473
f 8009/8005 8249/8245 4698/4694
f 4595/4591 4514/4510 4754/4750
f 8249/8245 8141/8137 8478/8474
f 8478/8474 8141/8137 8440/8436
f 8477/8473 8438/8434 8439/8435
f 4596/4592 4595/4591 4754/4750
f 8477/8473 8439/8435 8479/8475
f 4598/4594 4597/4593 4795/4791
f 8439/8435 8441/8437 8480/8476
f 8479/8475 8439/8435 8480/8476
f 4598/4594 4795/4791 4599/4595
f 8441/8437 8442/8438 8480/8476
f 8481/8477 8482/8478 8483/8479
f 8484/8480 8483/8479 8482/8478
f 8485/8481 8486/8482 8487/8483
f 8488/8484 4759/4755 4761/4757
f 4761/4757 8489/8485 8490/8486
f 8489/8485 8486/8482 8485/8481
f 8484/8480 8482/8478 8491/8487
f 4704/4700 4559/4555 4762/4758
f 4763/4759 4704/4700 4762/4758
f 8144/8140 8145/8141 8492/8488
f 8485/8481 8487/8483 8493/8489
f 8493/8489 8484/8480 8494/8490
f 8494/8490 8484/8480 8491/8487
f 8488/8484 4761/4757 8495/8491
f 8495/8491 4761/4757 8490/8486
f 8490/8486 8489/8485 8496/8492
f 8496/8492 8489/8485 8485/8481
f 8485/8481 8493/8489 8497/8493
f 8497/8493 8493/8489 8494/8490
f 8492/8488 8145/8141 4709/4705
f 8495/8491 8490/8486 8496/8492
f 8498/8494 8485/8481 8497/8493
f 8494/8490 8491/8487 8499/8495
f 8488/8484 8495/8491 8500/8496
f 8501/8497 8488/8484 8500/8496
f 8500/8496 8495/8491 8502/8498
f 8495/8491 8496/8492 8503/8499
f 8502/8498 8495/8491 8503/8499
f 8496/8492 8485/8481 8498/8494
f 4653/4649 4769/4765 8445/8441
f 8445/8441 4769/4765 8504/8500
f 8445/8441 8504/8500 8446/8442
f 8504/8500 8505/8501 8446/8442
f 8446/8442 8505/8501 4711/4707
f 8505/8501 8506/8502 4712/4708
f 4711/4707 8505/8501 4712/4708
f 4708/4704 8507/8503 4709/4705
f 8501/8497 8500/8496 8502/8498
f 8501/8497 8502/8498 8508/8504
f 8497/8493 8494/8490 8509/8505
f 8509/8505 8494/8490 8499/8495
f 8510/8506 8501/8497 8508/8504
f 8508/8504 8502/8498 8503/8499
f 8503/8499 8496/8492 8511/8507
f 8496/8492 8498/8494 8511/8507
f 8498/8494 8497/8493 8512/8508
f 8512/8508 8497/8493 8509/8505
f 8509/8505 8499/8495 8513/8509
f 8510/8506 8508/8504 8514/8510
f 8514/8510 8508/8504 8515/8511
f 8508/8504 8503/8499 8515/8511
f 8515/8511 8503/8499 8511/8507
f 8512/8508 8509/8505 4718/4714
f 4718/4714 8509/8505 8513/8509
f 8514/8510 8515/8511 8516/8512
f 8516/8512 8515/8511 8517/8513
f 8517/8513 8515/8511 8511/8507
f 8517/8513 8511/8507 8518/8514
f 8518/8514 8511/8507 8498/8494
f 8518/8514 8498/8494 4717/4713
f 4717/4713 8498/8494 8512/8508
f 4717/4713 8512/8508 4718/4714
f 8516/8512 8517/8513 8519/8515
f 8517/8513 8518/8514 8519/8515
f 8519/8515 8518/8514 8520/8516
f 8520/8516 8518/8514 4717/4713
f 8520/8516 4717/4713 8449/8445
f 4722/4718 4721/4717 8450/8446
f 8521/8517 8522/8518 8523/8519
f 8523/8519 8522/8518 8453/8449
f 8523/8519 8453/8449 8524/8520
f 8524/8520 8453/8449 8455/8451
f 8524/8520 8455/8451 8525/8521
f 8456/8452 8457/8453 8526/8522
f 4730/4726 8465/8461 8527/8523
f 8527/8523 8465/8461 8460/8456
f 8527/8523 8460/8456 8528/8524
f 8460/8456 8461/8457 8528/8524
f 8461/8457 8463/8459 8529/8525
f 8528/8524 8461/8457 8529/8525
f 8529/8525 8463/8459 8467/8463
f 8530/8526 4730/4726 8527/8523
f 8530/8526 8527/8523 8531/8527
f 8527/8523 8528/8524 8531/8527
f 8531/8527 8528/8524 8529/8525
f 8532/8528 8396/8392 8398/8394
f 4731/4727 4730/4726 8533/8529
f 8533/8529 4730/4726 8530/8526
f 8529/8525 8467/8463 8534/8530
f 8534/8530 8467/8463 8470/8466
f 4733/4729 4731/4727 8533/8529
f 8530/8526 8531/8527 8535/8531
f 8531/8527 8529/8525 8536/8532
f 8536/8532 8529/8525 8534/8530
f 4733/4729 8533/8529 8537/8533
f 8533/8529 8530/8526 8537/8533
f 8537/8533 8530/8526 8538/8534
f 8530/8526 8535/8531 8538/8534
f 8535/8531 8531/8527 8536/8532
f 8536/8532 8534/8530 8539/8535
f 8539/8535 8534/8530 8470/8466
f 8540/8536 8537/8533 8538/8534
f 8541/8537 8536/8532 8539/8535
f 4733/4729 8537/8533 8540/8536
f 8535/8531 8536/8532 8541/8537
f 8539/8535 8470/8466 8542/8538
f 4734/4730 4733/4729 8540/8536
f 8543/8539 8538/8534 8535/8531
f 4735/4731 4734/4730 8544/8540
f 8544/8540 4734/4730 8540/8536
f 8544/8540 8540/8536 8545/8541
f 8545/8541 8540/8536 8538/8534
f 8541/8537 8539/8535 8546/8542
f 8546/8542 8539/8535 8542/8538
f 8401/8397 8322/8318 8473/8469
f 8543/8539 8535/8531 8547/8543
f 8535/8531 8541/8537 8548/8544
f 8546/8542 8542/8538 8549/8545
f 8550/8546 4735/4731 8544/8540
f 8548/8544 8541/8537 8546/8542
f 8545/8541 8538/8534 8551/8547
f 8551/8547 8538/8534 8543/8539
f 8547/8543 8535/8531 8548/8544
f 8544/8540 8545/8541 8551/8547
f 8548/8544 8546/8542 8552/8548
f 8552/8548 8546/8542 8549/8545
f 8547/8543 8548/8544 8553/8549
f 8553/8549 8548/8544 8552/8548
f 8550/8546 8544/8540 8551/8547
f 8554/8550 8550/8546 8555/8551
f 8555/8551 8550/8546 8551/8547
f 8556/8552 8551/8547 8543/8539
f 8557/8553 8554/8550 8555/8551
f 8555/8551 8551/8547 8556/8552
f 8556/8552 8543/8539 8558/8554
f 8543/8539 8547/8543 8558/8554
f 8558/8554 8547/8543 8559/8555
f 8559/8555 8547/8543 8553/8549
f 4780/4776 4738/4734 4779/4775
f 4781/4777 4780/4776 4779/4775
f 8560/8556 8553/8549 8552/8548
f 8557/8553 8555/8551 8561/8557
f 8561/8557 8555/8551 8556/8552
f 8559/8555 8553/8549 8560/8556
f 8560/8556 8552/8548 8562/8558
f 8562/8558 8552/8548 8549/8545
f 8562/8558 8549/8545 8563/8559
f 8556/8552 8558/8554 8564/8560
f 8564/8560 8558/8554 8559/8555
f 8556/8552 8564/8560 8565/8561
f 8560/8556 8562/8558 8566/8562
f 8566/8562 8562/8558 8563/8559
f 8561/8557 8556/8552 8565/8561
f 8567/8563 8559/8555 8560/8556
f 8564/8560 8559/8555 8567/8563
f 8568/8564 8557/8553 8561/8557
f 8568/8564 8561/8557 8569/8565
f 8569/8565 8561/8557 8565/8561
f 8567/8563 8560/8556 8570/8566
f 8570/8566 8560/8556 8566/8562
f 8569/8565 8565/8561 8564/8560
f 8569/8565 8564/8560 8567/8563
f 8566/8562 8563/8559 8571/8567
f 8572/8568 8568/8564 8573/8569
f 8573/8569 8568/8564 8569/8565
f 8574/8570 8567/8563 8570/8566
f 8575/8571 8572/8568 8573/8569
f 8569/8565 8567/8563 8576/8572
f 8576/8572 8567/8563 8574/8570
f 8577/8573 8569/8565 8576/8572
f 8574/8570 8570/8566 8578/8574
f 8578/8574 8570/8566 8566/8562
f 8575/8571 8573/8569 8579/8575
f 8579/8575 8573/8569 8569/8565
f 8579/8575 8569/8565 8577/8573
f 8576/8572 8574/8570 8578/8574
f 8580/8576 8575/8571 8579/8575
f 8579/8575 8577/8573 8581/8577
f 8578/8574 8566/8562 8582/8578
f 8582/8578 8566/8562 8571/8567
f 8581/8577 8577/8573 8576/8572
f 8581/8577 8576/8572 8583/8579
f 8576/8572 8578/8574 8583/8579
f 8583/8579 8578/8574 8584/8580
f 8580/8576 8579/8575 8585/8581
f 8585/8581 8579/8575 8581/8577
f 8585/8581 8581/8577 8586/8582
f 8586/8582 8581/8577 8587/8583
f 8587/8583 8581/8577 8583/8579
f 4787/4783 4699/4695 8588/8584
f 8589/8585 8580/8576 8585/8581
f 8582/8578 8571/8567 8590/8586
f 8589/8585 8585/8581 8591/8587
f 8591/8587 8585/8581 8586/8582
f 8587/8583 8583/8579 8584/8580
f 8584/8580 8578/8574 8592/8588
f 8592/8588 8578/8574 8582/8578
f 8591/8587 8586/8582 8593/8589
f 8593/8589 8586/8582 8587/8583
f 8594/8590 8591/8587 8593/8589
f 8595/8591 8593/8589 8587/8583
f 8595/8591 8587/8583 8584/8580
f 8595/8591 8584/8580 8596/8592
f 8596/8592 8584/8580 8592/8588
f 8597/8593 8594/8590 8598/8594
f 8598/8594 8594/8590 8593/8589
f 8598/8594 8593/8589 8599/8595
f 8599/8595 8593/8589 8595/8591
f 8588/8584 4699/4695 8600/8596
f 8601/8597 8596/8592 8592/8588
f 4699/4695 4698/4694 8600/8596
f 8602/8598 8597/8593 8598/8594
f 8602/8598 8598/8594 8603/8599
f 8603/8599 8598/8594 8599/8595
f 8604/8600 8599/8595 8595/8591
f 8595/8591 8596/8592 8605/8601
f 8605/8601 8596/8592 8601/8597
f 8605/8601 8601/8597 8606/8602
f 8607/8603 8602/8598 8603/8599
f 8607/8603 8603/8599 8608/8604
f 8608/8604 8603/8599 8599/8595
f 8604/8600 8595/8591 8605/8601
f 8592/8588 8582/8578 8609/8605
f 8610/8606 8592/8588 8609/8605
f 8609/8605 8582/8578 8590/8586
f 8608/8604 8599/8595 8611/8607
f 8611/8607 8599/8595 8604/8600
f 8601/8597 8592/8588 8610/8606
f 8606/8602 8601/8597 8610/8606
f 8609/8605 8590/8586 8612/8608
f 8600/8596 4698/4694 8478/8474
f 8611/8607 8604/8600 8605/8601
f 8613/8609 8605/8601 8606/8602
f 8613/8609 8606/8602 8610/8606
f 8613/8609 8610/8606 8614/8610
f 8614/8610 8610/8606 8609/8605
f 8615/8611 8611/8607 8605/8601
f 8478/8474 4698/4694 8249/8245
f 8616/8612 8607/8603 8608/8604
f 8608/8604 8611/8607 8615/8611
f 8605/8601 8613/8609 8617/8613
f 8614/8610 8609/8605 8618/8614
f 8618/8614 8609/8605 8612/8608
f 8615/8611 8605/8601 8619/8615
f 8608/8604 8615/8611 8620/8616
f 8620/8616 8615/8611 8619/8615
f 8619/8615 8605/8601 8617/8613
f 8616/8612 8608/8604 8620/8616
f 8621/8617 8616/8612 8620/8616
f 8613/8609 8614/8610 8622/8618
f 8622/8618 8614/8610 8618/8614
f 8617/8613 8613/8609 8622/8618
f 8623/8619 8620/8616 8619/8615
f 8621/8617 8620/8616 8624/8620
f 8624/8620 8620/8616 8623/8619
f 8619/8615 8617/8613 8625/8621
f 8625/8621 8617/8613 8622/8618
f 8623/8619 8619/8615 8626/8622
f 8626/8622 8619/8615 8625/8621
f 8627/8623 8623/8619 8626/8622
f 8618/8614 8612/8608 8628/8624
f 8629/8625 8621/8617 8624/8620
f 8622/8618 8618/8614 8630/8626
f 8630/8626 8618/8614 8628/8624
f 8625/8621 8622/8618 8631/8627
f 8631/8627 8622/8618 8630/8626
f 8624/8620 8623/8619 8627/8623
f 8632/8628 8625/8621 8631/8627
f 8627/8623 8626/8622 8625/8621
f 8627/8623 8625/8621 8632/8628
f 8624/8620 8627/8623 8633/8629
f 8627/8623 8632/8628 8633/8629
f 8633/8629 8632/8628 8634/8630
f 8634/8630 8632/8628 8635/8631
f 8629/8625 8624/8620 8636/8632
f 8636/8632 8624/8620 8633/8629
f 8630/8626 8628/8624 8481/8477
f 8632/8628 8631/8627 8637/8633
f 8637/8633 8631/8627 8630/8626
f 8637/8633 8630/8626 8638/8634
f 8638/8634 8630/8626 8481/8477
f 8635/8631 8632/8628 8637/8633
f 8633/8629 8634/8630 8635/8631
f 8636/8632 8633/8629 8635/8631
f 4760/4756 8629/8625 8636/8632
f 8639/8635 8635/8631 8637/8633
f 4760/4756 8636/8632 8640/8636
f 8636/8632 8635/8631 8639/8635
f 8251/8247 8144/8140 8641/8637
f 8640/8636 8636/8632 8489/8485
f 8489/8485 8636/8632 8639/8635
f 8638/8634 8481/8477 8483/8479
f 8486/8482 8489/8485 8639/8635
f 8639/8635 8637/8633 8487/8483
f 8637/8633 8638/8634 8484/8480
f 8487/8483 8637/8633 8484/8480
f 8484/8480 8638/8634 8483/8479
f 4760/4756 8640/8636 4761/4757
f 4761/4757 8640/8636 8489/8485
f 8486/8482 8639/8635 8487/8483
f 8493/8489 8487/8483 8484/8480
f 8641/8637 8144/8140 8492/8488
f 8492/8488 4709/4705 8642/8638
f 4769/4765 4768/4764 8643/8639
f 4769/4765 8643/8639 8644/8640
f 8507/8503 8642/8638 4709/4705
f 4769/4765 8644/8640 8504/8500
f 8504/8500 8644/8640 8505/8501
f 8505/8501 8644/8640 8645/8641
f 8505/8501 8645/8641 8506/8502
f 4722/4718 8450/8446 8646/8642
f 8647/8643 8521/8517 8523/8519
f 8523/8519 8524/8520 8648/8644
f 8648/8644 8524/8520 8525/8521
f 4771/4767 4722/4718 8646/8642
f 8648/8644 8525/8521 8649/8645
f 8526/8522 8457/8453 8650/8646
f 8457/8453 8396/8392 8650/8646
f 8404/8400 8405/8401 8651/8647
f 8651/8647 8405/8401 4788/4784
f 4788/4784 4787/4783 8652/8648
f 8652/8648 4787/4783 8653/8649
f 4787/4783 8588/8584 8653/8649
f 8653/8649 8588/8584 8600/8596
f 8653/8649 8600/8596 8654/8650
f 8654/8650 8600/8596 8478/8474
f 8654/8650 8478/8474 8655/8651
f 8655/8651 8478/8474 8656/8652
f 8478/8474 8440/8436 8656/8652
f 8440/8436 8142/8138 8656/8652
f 8656/8652 8142/8138 8657/8653
f 8657/8653 8142/8138 8251/8247
f 8657/8653 8251/8247 4846/4842
f 4846/4842 8251/8247 8641/8637
f 4846/4842 8641/8637 4847/4843
f 8641/8637 8492/8488 4847/4843
f 4847/4843 8492/8488 8642/8638
f 8658/8654 8659/8655 8660/8656
f 8658/8654 8660/8656 8661/8657
f 8661/8657 8660/8656 8662/8658
f 8661/8657 8662/8658 8663/8659
f 8663/8659 8662/8658 4822/4818
f 8664/8660 4822/4818 4824/4820
f 8663/8659 4822/4818 8664/8660
f 8664/8660 4824/4820 8665/8661
f 8647/8643 8523/8519 8666/8662
f 8523/8519 8648/8644 8666/8662
f 8666/8662 8648/8644 8667/8663
f 8667/8663 8648/8644 8649/8645
f 8667/8663 8649/8645 8668/8664
f 4802/4798 4771/4767 8646/8642
f 8669/8665 8647/8643 8670/8666
f 8670/8666 8647/8643 8666/8662
f 8670/8666 8666/8662 8671/8667
f 8671/8667 8666/8662 8667/8663
f 8672/8668 8669/8665 8670/8666
f 8673/8669 8672/8668 8670/8666
f 8650/8646 8396/8392 8674/8670
f 8396/8392 8532/8528 8674/8670
f 8401/8397 8473/8469 8675/8671
f 8398/8394 8401/8397 8675/8671
f 8473/8469 8404/8400 8675/8671
f 8675/8671 8404/8400 8676/8672
f 8676/8672 8404/8400 8651/8647
f 8651/8647 4788/4784 8677/8673
f 4788/4784 8652/8648 8677/8673
f 8652/8648 8653/8649 8677/8673
f 8677/8673 8653/8649 8678/8674
f 8653/8649 8654/8650 8678/8674
f 8654/8650 8655/8651 8678/8674
f 8678/8674 8655/8651 8679/8675
f 8655/8651 8656/8652 8679/8675
f 8656/8652 8657/8653 8679/8675
f 8679/8675 8657/8653 8680/8676
f 8680/8676 8657/8653 4846/4842
f 4842/4838 4843/4839 8681/8677
f 8682/8678 4842/4838 8681/8677
f 8681/8677 4843/4839 8683/8679
f 8681/8677 8683/8679 8684/8680
f 8684/8680 8683/8679 8685/8681
f 8659/8655 8682/8678 8681/8677
f 8684/8680 8685/8681 8686/8682
f 8686/8682 8685/8681 8687/8683
f 8686/8682 8687/8683 4823/4819
f 8688/8684 4844/4840 4847/4843
f 8659/8655 8681/8677 8660/8656
f 8660/8656 8681/8677 8684/8680
f 8660/8656 8684/8680 8662/8658
f 8662/8658 8684/8680 8686/8682
f 8688/8684 4847/4843 8642/8638
f 8662/8658 8686/8682 4822/4818
f 4822/4818 8686/8682 4823/4819
f 8671/8667 8667/8663 8689/8685
f 8689/8685 8667/8663 8668/8664
f 8673/8669 8670/8666 8690/8686
f 8670/8666 8671/8667 8691/8687
f 8690/8686 8670/8666 8691/8687
f 8691/8687 8671/8667 8692/8688
f 8692/8688 8671/8667 8689/8685
f 8689/8685 8668/8664 8693/8689
f 8692/8688 8689/8685 8694/8690
f 8694/8690 8689/8685 8693/8689
f 8695/8691 8673/8669 8690/8686
f 8690/8686 8691/8687 8696/8692
f 8696/8692 8691/8687 8692/8688
f 8674/8670 8532/8528 8398/8394
f 8695/8691 8690/8686 8697/8693
f 8697/8693 8690/8686 8696/8692
f 4850/4846 8695/8691 8697/8693
f 8696/8692 8692/8688 8698/8694
f 8698/8694 8692/8688 8694/8690
f 8698/8694 8694/8690 8693/8689
f 8698/8694 8693/8689 8699/8695
f 8700/8696 8674/8670 8398/8394
f 4848/4844 4850/4846 8697/8693
f 8700/8696 8398/8394 8701/8697
f 8398/8394 8675/8671 8701/8697
f 8701/8697 8675/8671 8702/8698
f 8702/8698 8675/8671 8703/8699
f 8703/8699 8675/8671 8676/8672
f 8703/8699 8676/8672 8651/8647
f 8704/8700 8705/8701 8706/8702
f 8706/8702 8705/8701 8707/8703
f 4857/4853 4858/4854 8708/8704
f 4858/4854 8709/8705 8710/8706
f 8708/8704 4858/4854 8710/8706
f 8709/8705 8704/8700 8711/8707
f 8710/8706 8709/8705 8711/8707
f 8711/8707 8704/8700 8706/8702
f 8712/8708 4857/4853 8708/8704
f 8712/8708 8708/8704 8713/8709
f 8713/8709 8708/8704 8710/8706
f 8710/8706 8711/8707 8714/8710
f 8714/8710 8711/8707 8706/8702
f 8714/8710 8706/8702 8715/8711
f 8715/8711 8706/8702 8707/8703
f 8715/8711 8707/8703 8716/8712
f 8713/8709 8710/8706 8717/8713
f 8717/8713 8710/8706 8714/8710
f 8712/8708 8713/8709 8718/8714
f 8718/8714 8713/8709 8717/8713
f 8719/8715 8712/8708 8718/8714
f 8717/8713 8714/8710 8720/8716
f 8720/8716 8714/8710 8721/8717
f 8721/8717 8714/8710 8715/8711
f 8719/8715 8718/8714 8722/8718
f 8722/8718 8718/8714 8717/8713
f 8722/8718 8717/8713 8723/8719
f 8723/8719 8717/8713 8720/8716
f 8724/8720 8719/8715 8722/8718
f 8723/8719 8720/8716 8725/8721
f 8725/8721 8720/8716 8721/8717
f 8721/8717 8715/8711 8726/8722
f 8726/8722 8715/8711 8716/8712
f 8726/8722 8716/8712 8727/8723
f 8725/8721 8721/8717 8728/8724
f 8728/8724 8721/8717 8726/8722
f 8722/8718 8723/8719 8729/8725
f 8729/8725 8723/8719 8725/8721
f 8730/8726 8724/8720 8722/8718
f 8729/8725 8725/8721 8731/8727
f 8731/8727 8725/8721 8728/8724
f 8730/8726 8722/8718 8732/8728
f 8732/8728 8722/8718 8729/8725
f 8728/8724 8726/8722 8733/8729
f 8733/8729 8726/8722 8727/8723
f 8731/8727 8728/8724 8734/8730
f 8734/8730 8728/8724 8733/8729
f 8729/8725 8731/8727 8735/8731
f 8735/8731 8731/8727 8734/8730
f 8732/8728 8729/8725 8736/8732
f 8736/8732 8729/8725 8735/8731
f 8734/8730 8733/8729 8737/8733
f 8737/8733 8733/8729 8727/8723
f 8738/8734 8730/8726 8732/8728
f 8738/8734 8732/8728 8739/8735
f 8739/8735 8732/8728 8736/8732
f 8737/8733 8727/8723 8740/8736
f 8736/8732 8735/8731 8741/8737
f 8741/8737 8735/8731 8734/8730
f 8734/8730 8737/8733 8742/8738
f 8742/8738 8737/8733 8740/8736
f 8738/8734 8739/8735 8743/8739
f 8744/8740 8738/8734 8743/8739
f 8743/8739 8739/8735 8736/8732
f 8741/8737 8734/8730 8745/8741
f 8745/8741 8734/8730 8742/8738
f 8743/8739 8736/8732 8746/8742
f 8746/8742 8736/8732 8741/8737
f 8744/8740 8743/8739 8747/8743
f 8743/8739 8746/8742 8748/8744
f 8747/8743 8743/8739 8748/8744
f 8746/8742 8741/8737 8749/8745
f 8748/8744 8746/8742 8749/8745
f 8749/8745 8741/8737 8745/8741
f 4840/4836 8744/8740 8747/8743
f 8749/8745 8745/8741 8750/8746
f 8750/8746 8745/8741 8742/8738
f 8742/8738 8740/8736 8751/8747
f 8750/8746 8742/8738 8752/8748
f 8752/8748 8742/8738 8751/8747
f 8747/8743 8748/8744 8753/8749
f 8753/8749 8748/8744 8749/8745
f 8753/8749 8749/8745 8754/8750
f 8754/8750 8749/8745 8750/8746
f 4840/4836 8747/8743 8755/8751
f 8755/8751 8747/8743 8753/8749
f 8754/8750 8750/8746 8756/8752
f 8756/8752 8750/8746 8752/8748
f 4840/4836 8755/8751 8757/8753
f 8757/8753 8755/8751 8753/8749
f 8756/8752 8752/8748 8758/8754
f 8758/8754 8752/8748 8751/8747
f 4841/4837 4840/4836 8757/8753
f 8757/8753 8753/8749 8759/8755
f 8753/8749 8754/8750 8760/8756
f 8759/8755 8753/8749 8760/8756
f 8760/8756 8754/8750 8756/8752
f 4845/4841 8680/8676 4846/4842
f 8760/8756 8756/8752 8761/8757
f 8761/8757 8756/8752 8758/8754
f 4841/4837 8757/8753 4843/4839
f 4843/4839 8757/8753 8759/8755
f 4843/4839 8759/8755 8683/8679
f 8683/8679 8759/8755 8760/8756
f 8761/8757 8758/8754 8687/8683
f 8683/8679 8760/8756 8685/8681
f 8685/8681 8760/8756 8761/8757
f 8685/8681 8761/8757 8687/8683
f 8698/8694 8699/8695 8762/8758
f 4848/4844 8697/8693 8763/8759
f 4849/4845 4848/4844 8763/8759
f 8697/8693 8696/8692 8764/8760
f 8763/8759 8697/8693 8764/8760
f 8764/8760 8696/8692 8698/8694
f 8765/8761 8698/8694 8762/8758
f 8764/8760 8698/8694 8765/8761
f 8763/8759 8764/8760 8766/8762
f 8766/8762 8764/8760 8765/8761
f 8767/8763 8765/8761 8762/8758
f 8766/8762 8765/8761 8767/8763
f 8768/8764 8767/8763 8762/8758
f 4849/4845 8763/8759 8769/8765
f 8770/8766 4849/4845 8769/8765
f 8769/8765 8763/8759 8766/8762
f 8769/8765 8766/8762 8771/8767
f 8771/8767 8766/8762 8767/8763
f 8771/8767 8767/8763 8768/8764
f 8768/8764 8762/8758 8772/8768
f 8771/8767 8768/8764 8773/8769
f 8773/8769 8768/8764 8774/8770
f 8774/8770 8768/8764 8772/8768
f 4854/4850 8770/8766 8769/8765
f 8769/8765 8771/8767 8775/8771
f 8775/8771 8771/8767 8773/8769
f 4854/4850 8769/8765 8776/8772
f 8776/8772 8769/8765 8775/8771
f 8774/8770 8772/8768 8705/8701
f 8776/8772 8775/8771 8709/8705
f 8709/8705 8775/8771 8773/8769
f 8709/8705 8773/8769 8704/8700
f 8704/8700 8773/8769 8774/8770
f 4855/4851 4854/4850 8776/8772
f 8704/8700 8774/8770 8705/8701
f 4855/4851 8776/8772 4858/4854
f 4858/4854 8776/8772 8709/8705
# Vertices: 8776, normals: 0, texture coordinates: 8772, faces: 14422

